created_utc,uid,owner,sell_token,buy_token,sell_symbol,buy_symbol,kind,sell_amount,buy_amount,executed_sell,executed_buy,api_status,cause,solver,seconds_to_execution,tx_signature,sim_row,sim_step
2026-10-07T20:41:46.753971Z,0xc4dd1528b5b2d933866ec9d78e0f9fcf0f3da2c4da7df450e52d2260e6b9c30c,DoD7Kb5bE6Jr7Eq2JTdYwfLn7718RzpYxKyQen2rxiBQ,So11111111111111111111111111111111111111112,2u1tszSeqZ3qBWF3uNGPFc8TzMk2tdiwknnRMWGWjGWH,wSOL,USDG,sell,5000000,576499,5000000,579372,fulfilled,Executed,Grr6…x1jS,14,5QBVW3eea61EY5fzUySQaQujRWngNRbV84h1Q77cJ9i7aS8TS4M87PQZszaXmzTPNTsRKF8o4HhPNy1vu9SJfXPx,5,main
2026-10-07T20:41:47.044995Z,0x595942333d5273ebc00253a707c9f44e663085cb8910202f7da90e5ec6ecaa0b,3FHY6qZALHavE387YcUMyqFYdYCiR5PbLSxdQBpwR6JK,So11111111111111111111111111111111111111112,cbbtcf3aa214zXHbiAZQwf4122FBYbraNdFqgw4iMij,wSOL,cbBTC,sell,5000000,691,5000000,694,fulfilled,Executed,Grr6…x1jS,12,2vEJi7C7Sajae3zfYJeEMnsYBYBzTtczzk3tGLwhkb5cMjNpDXvEYiG48EyU5VK1AVa7asLnUnB6rJhV6r13XtdV,7,main
2026-10-07T20:41:47.145515Z,0x12c53410ece6acdf592e3d2a6f286d1474eadd5f315c21cc33c215ec1445ba77,7RqUGHCV2tngEBctNc8o58nPDy6AsYzsUHAW2JgA2XX9,So11111111111111111111111111111111111111112,2b1kV6DkPAnxd5ixfnxCpjxmKwqjjaYmCZfHsFu24GXo,wSOL,PYUSD,sell,5000000,576495,5000000,579368,fulfilled,Executed,Grr6…x1jS,14,abUdw6zeyLn4rX1bJVVoHr1UGn5i2bcT4zZ7MAsB1oH1Sraad2FmxMPgGJ8DvkhB4eCz8nJbWGWyY9mPFmoach8,11,main
2026-10-07T20:41:59.887337Z,0xcbbc27a2b9389bccc940e48798477bdbbcc1089bdf198fd74cdb9c4278a23950,AQHstwk1uwAEnz8JE41HEbbD1EaPBjBwtid2qbo1Q3KD,So11111111111111111111111111111111111111112,7vfCXTUXx5WJV5JADk17DUJ4ksgau7utNKj4b963voxs,wSOL,ETH,sell,5000000,22424,5000000,22533,fulfilled,Executed,Grr6…x1jS,5,3XKqPjB75jMAVSixsx9gohnrin6un4mx67knBj2xP8kQGdw9BTCRpm2xndS1TdkWwFdYERgGjKSpA7rrJgjaaGPy,23,main
2026-10-07T20:42:00.219427Z,0x39ba96d417e7b3d838187d8b763084c45bc8dcda8b5357e3e56756e361ad85f4,GikSpMABHu6MJERkF3N9GMmwPXfEBxABjChVkK1W9ji4,So11111111111111111111111111111111111111112,Ge87EtsjwRQbHaqQmKRno69RFTwh9bfSsm99XNxTpump,wSOL,Jimothy,sell,5000000,164798889,5000000,165627024,fulfilled,Executed,Grr6…x1jS,5,Dw35Ys6T8531kYknjbJsjEpQVqaYLQKLELW4qXyWoe4Ziy7ogAaTyC4HhPom8xmDw7nZhnEL7AfnJqvEYLjLsQS,45,main
2026-10-07T20:42:00.280093Z,0xf57894e7bc5e593f40198bb9f667154af6b3853bff42b16e3230a5b79f852c4d,4p3tgZxpw2gKnJnVwQ4Ah3av47HywcXfFaXTFGNU2aTT,So11111111111111111111111111111111111111112,EPjFWdd5AufqSSqeM2qN1xzybapC8G4wEGGkZwyTDt1v,wSOL,USDC,sell,5000000,576544,5000000,579392,fulfilled,Executed,Grr6…x1jS,3,6GZPzAQNqZ8WPWpFrSJC3uCjZ9P5UiSBpirX7P7AoSjpXXTweGjSKRt1U19Dzh4pxVGmGBoD77BgbmYsovDdgRZ,1,main
2026-10-07T20:42:00.935446Z,0xc3348061a38ebf6b75470357b63a8aaa04445f786583a1423798f42909b1f1b9,CDY1rvEes25vx7DZwxp5BRSgAewDQMgwBExfAMEymdMC,So11111111111111111111111111111111111111112,CASHx9KJUStyftLFWGvEVf59SGeG9sh5FfcnZMVPCASH,wSOL,CASH,sell,5000000,576683,5000000,579555,fulfilled,Executed,Grr6…x1jS,2,5LeBQb3S72XrWfnZNXVFLJVRv3bC5F9i78RjHgzv9vgx7YtGZQJWof9xZ9q3HMwKuXzQtctj473bWnn1xuQQP7Qu,25,main
2026-10-07T20:42:00.937049Z,0x3294dbc841834c58dc739b14ebf38473b30be8991a178691a05c797b6e5cdaeb,FjcXArDzUrBTJ1Lv6Yc8n9atjkNYaxKosVjn6VSxZTrK,So11111111111111111111111111111111111111112,6GmAFSYs4gk3FDao5FzzySQpPZaWsa4rUJHacpMpUNgx,wSOL,STONK,sell,5000000,3273288941,5000000,3277875806,fulfilled,Executed,Grr6…x1jS,10,2QhkmHKD78ZvfMG5pzgGbdBt4iU5L2E4R9XKRYzq52k9hDdFNaFCjGDNZEUqYndZ4HFxqLgzY8fYEbUYLKpJJ3fC,13,main
2026-10-07T20:42:01.004586Z,0x06d466516caadd304ba48767af025653c414c408eacdec870b3f351e3fb63f09,AEZeUZRrPrAJ94wX66QCy4hwNYQyM4SR9tzQzUjg7UPX,So11111111111111111111111111111111111111112,SKHYhSjuRWHgikq8eRKbtBbpABgJSkd7ytQV14i9EQ3,wSOL,SKHY,sell,5000000,3223,5000000,3239,fulfilled,Executed,Grr6…x1jS,4,3qycWz9RXJxXitMA5rHg5vxjFNRLzyCsKE2UQDiTFvivgYivW4RP9NjQuFHR62w5h4mjn7qayD3WixjjBpxz1iCQ,59,main
2026-10-07T20:42:01.028362Z,0x411274a8dfb036ae60049341613157c1808197efacf7068766447e4a6afeb478,Dy1CJYGtZBZBsAqe13BPSYqDy1pyrThHBi6g2zTVASd1,So11111111111111111111111111111111111111112,XsoCS1TfEyfFhfvj8EtZ528L3CaKBDBRqRapnBbDF2W,wSOL,SPYx,sell,5000000,73792,5000000,74158,fulfilled,Executed,Grr6…x1jS,2,2H9otFbKMyzHVqYAAsgPpYFU4o7SemtNtzzp3BMFjXMvqHr2a4phkBKsDYEQ5SL481RwUNcTAu7effZUaa3rroHv,51,main
2026-10-07T20:42:01.255752Z,0xc5467c2027fb4638c41f495bbf9c0ebfdd43695ea09d8c72d3b0208d3e45a7f0,HoWtt82mr4wqKqMDy4jFDRs1C9kt3kY6KtXH3i83fyn5,So11111111111111111111111111111111111111112,XsueG8BtpquVJX9LVLLEGuViXUungE6WmK5YZ3p3bd1,wSOL,CRCLx,sell,5000000,713542,5000000,717127,fulfilled,Executed,Grr6…x1jS,4,2GuPDU3xWQW2ebAJTvqJ45xWszBPL14AxVZp6XjjDAwxpfb2SpRyar45RH5v8RzHJXhyV3GEsnxwEie9Hux11meF,41,main
2026-10-07T20:42:01.529918Z,0x14232c868b85c8709017c7382ca06638c54ef9ab09dc494e5ac6bf5555345197,BQAD73uj3XftKnCB5ZB7P67b7AvEdfLefYbLiipch5oC,So11111111111111111111111111111111111111112,Es9vMFrzaCERmJfrF4H2FYD4KCoNkY11McCe8BenwNYB,wSOL,USDT,sell,5000000,576694,5000000,579586,fulfilled,Executed,Grr6…x1jS,5,NH1jwxe9seZbrXR67HNeXxurrMF7enRxB8j7hBMfvsLCTJpByj2ZD47H2ZjVWoWaKsespUV3yhUKQSMYq5LABJk,3,main
2026-10-07T20:42:02.256448Z,0xc885a1dcc089dfeae48487433642d9963af287fcc4fddb73061603c414322cac,CcQdkRAXeX7seuZLmiapfpM6CVBndVrsvMe38E4Uypyg,So11111111111111111111111111111111111111112,4k3Dyjzvzp8eMZWUXbBCjEvwSkkk59S5iCNLY3QrkX6R,wSOL,RAY,sell,5000000,229872,5000000,231059,fulfilled,Executed,Grr6…x1jS,6,zfZ1zscAGFYqs5HQSFHwkZVovDLMxTUaJyb7Hmzu3Fn4i8cQDyBMMQfCuvQC4HdUUw43SBdStfxZBUS5jNsiBoB,29,main
2026-10-07T20:42:03.193269Z,0x39ba0604369df337e4105f72921dd5a222ee81df00678df8aee2cffa1668c4d3,DoD7Kb5bE6Jr7Eq2JTdYwfLn7718RzpYxKyQen2rxiBQ,2u1tszSeqZ3qBWF3uNGPFc8TzMk2tdiwknnRMWGWjGWH,11111111111111111111111111111111,USDG,SOL (native),sell,523000,4482033,523000,4504585,fulfilled,Executed,Grr6…x1jS,7,3y1f25hjGD1a8ShUjspCjZdcpvJ1iZRdEzJAeCz9YFAPEnvkjxFHu8GLrjRcrEtpf9fManPZGT5AW3MaMBXsUKJ8,6,main
2026-10-07T20:42:03.567512Z,0x36340aa93e0caebd751563ac518e99abb04fc8b4032bd613a44e43c494aed021,3FHY6qZALHavE387YcUMyqFYdYCiR5PbLSxdQBpwR6JK,cbbtcf3aa214zXHbiAZQwf4122FBYbraNdFqgw4iMij,11111111111111111111111111111111,cbBTC,SOL (native),sell,628,4485531,628,4507979,fulfilled,Executed,Grr6…x1jS,19,2DR649KphyTYGsjWLfxtRh4jKWnPMqYKXWKUhuhQ2z1KSh6g8Gf1CtnkS9RzEvssqZGMQno5B55V91Yv7WAeE2HD,8,main
2026-10-07T20:42:03.593779Z,0x9c367f79206ddef61b0382655d3b227e9a0a516fbb2109e6a172b0878e52b0d6,7RqUGHCV2tngEBctNc8o58nPDy6AsYzsUHAW2JgA2XX9,2b1kV6DkPAnxd5ixfnxCpjxmKwqjjaYmCZfHsFu24GXo,11111111111111111111111111111111,PYUSD,SOL (native),sell,523000,4482076,523000,4504628,fulfilled,Executed,Grr6…x1jS,7,2LvyT8k1zti7ha1MXc2veoGMyc2Jbw393qz3efwDmxf1B7fVUFhkDvg1rFNFSNCa24fXyLupRgPMEuomquK9PmS5,12,main
2026-10-07T20:42:03.715492Z,0xc92e5e25209716c8679068183e53cbfc0d9a7ef1c992a3bc2b752778346dc28d,AM6Qwi3vwMCGpRbJ55zDatByeAtsbcfXvXBh77be8C9T,So11111111111111111111111111111111111111112,pumpCmXqMfrsAkQ5r49WcJnRayYRqmXz6ae8H7H9Dfn,wSOL,PUMP,sell,5000000,90662665,5000000,91116999,fulfilled,Executed,Grr6…x1jS,4,2ofMTpZsTyWBYbdjXc3xgAwWvrfGkEQsuoerKacH1ypz9xdsNG1u2u1Wav2mJQkV2Uj48HDSBxpFAyoss9eZwEGw,9,main
2026-10-07T20:42:04.806119Z,0xe4e9a041e91063318d65f7d4c8ac91de8a0d9bad92a901d3e3bb7596faffc0e5,4p3tgZxpw2gKnJnVwQ4Ah3av47HywcXfFaXTFGNU2aTT,EPjFWdd5AufqSSqeM2qN1xzybapC8G4wEGGkZwyTDt1v,11111111111111111111111111111111,USDC,SOL (native),sell,523000,4481683,523000,4504284,fulfilled,Executed,Grr6…x1jS,3,31bW3vn4SqtG2zABN7VhRxn7dG6TJzPNbJFto5U7UknAYe5bDXaqMynhiUUbM3jjhUmcifcdRkYf5JUJGneqHbbi,2,main
2026-10-07T20:42:05.419519Z,0x437e34dd3347bc72f27bed0a1789e77f763ed88c6be38dd8dea624260512448f,CDY1rvEes25vx7DZwxp5BRSgAewDQMgwBExfAMEymdMC,CASHx9KJUStyftLFWGvEVf59SGeG9sh5FfcnZMVPCASH,11111111111111111111111111111111,CASH,SOL (native),sell,523000,4480496,523000,4502983,fulfilled,Executed,Grr6…x1jS,6,38itj1AgT2AJgPvfL3k2DwTDnTqPzZhvYKgtQ2AuGFirhHKJYTngjb3Yknbc39QCrXsuMfgCBQt3QsrYuYHyPXhA,26,main
2026-10-07T20:42:05.922964Z,0xf0e790a79b8da7843bd03487974d217836e0aff9eb645980ddef0e70c6563f8a,Dy1CJYGtZBZBsAqe13BPSYqDy1pyrThHBi6g2zTVASd1,XsoCS1TfEyfFhfvj8EtZ528L3CaKBDBRqRapnBbDF2W,11111111111111111111111111111111,SPYx,SOL (native),sell,66900,4479733,66900,4501683,fulfilled,Executed,Grr6…x1jS,5,633bsdt1ddXcqaT8Xy1uGeeKDLsWM37ToPn8VxZp7cqVmy9p5oKPykYZ4ZsEjtUzrn3t112sHQNrbDVzGUeKAchi,52,main
2026-10-07T20:42:06.041945Z,0x04f8053c2afc991a47636574a97ba0bc0fac44daa5208703e62498790c0bde67,BPmy52DKPodqoSUirZUBedULujAZr6s778i4hc153r1X,So11111111111111111111111111111111111111112,A7bdiYdS5GjqGFtxf17ppRHtDKPkkRqbKtR27dxvQXaS,wSOL,ZEC,sell,5000000,43669,5000000,43886,fulfilled,Executed,Grr6…x1jS,2,43aDyrtb7B7ujDVUZw9tqwebsQCA2huSGyDBWVQ33sn7HdD61NYwc93JgqdyB44ufw4aEcCFBVZ8W72wUdPaTbg7,15,main
2026-10-07T20:42:06.188554Z,0x29ff64488b2e0ff898eefa8f83ec229c1788fcce40f8971e31eeaa6f90d10fac,5akdWDVyHEWgFASL9q18W1wvJcy546hL4EGfPF6Hiwrd,So11111111111111111111111111111111111111112,2zMMhcVQEXDtdE6vsFS7S7D5oUodfJHE8vd1gnBouauv,wSOL,PENGU,sell,5000000,67498188,5000000,67839012,fulfilled,Executed,Grr6…x1jS,2,39osH19wYMdn4WaZL1g21bzUntVwfLSyAaom6pCSXSAgef9AiSVA71bYqFuBPQHSri5euMwtTTi2Lno7akQV74rk,55,main
2026-10-07T20:42:06.792687Z,0xc776db7baab4cb035bcb41f531807faa6007ef0c0b4535c3291e06fa5ea07817,CaMSDEBp5zy2QxSYqDxqbk28qxFwzLXiNdFJiv9TKqhU,So11111111111111111111111111111111111111112,98sMhvDwXj1RQi5c5Mndm3vPe9cBqPrbLaufMXFNMh5g,wSOL,HYPE,sell,5000000,6565106,5000000,6598096,fulfilled,Executed,Grr6…x1jS,5,kScoWQy6jBr3da2xsQ5tYiWGwqV8W6KQ8idG265JjyXMNBkZGkQ9FmiYQCCc9kdTDgFsF73C1wyYhfP2m1PKmmw,21,main
2026-10-07T20:42:07.267528Z,0xc1c263299008307950750c0bf388e541ac79028b12ee88cdd5e57aabf7ef1db1,7wPqkLkFafKQZEkqFhbCP2c9vapCvxmbM7AcKRgMT8u6,So11111111111111111111111111111111111111112,9BB6NFEcjBCtnNLFko2FqVQBq8HHM13kCyYcdQbgpump,wSOL,Fartcoin,sell,5000000,3596983,5000000,3615051,fulfilled,Executed,Grr6…x1jS,5,5WfYrnmH7QKmcyhQbfYGMA4nemtosBM1E61cVCme4Lv934hVk5BEVf919yjBfGYo3ejk5JyZ2XBcE8Yvf3erTXAB,57,main
2026-10-07T20:42:07.683803Z,0x5fe2e45ec8877962c2b7ca6da2bb6b5ffb2d42f74225c92dc488b47a2f95b876,AQHstwk1uwAEnz8JE41HEbbD1EaPBjBwtid2qbo1Q3KD,7vfCXTUXx5WJV5JADk17DUJ4ksgau7utNKj4b963voxs,11111111111111111111111111111111,ETH,SOL (native),sell,20400,4493467,20400,4514402,fulfilled,Executed,Grr6…x1jS,62,2kyM7zygL5FPi2ihszEsijLdeqGvCk3LUQe9HSebaMmThPrMqCV9CBzpFCLBM6WxwGGVQR4PLkeqsKa5zxvm5BuV,24,main
2026-10-07T20:42:08.169267Z,0xbb325cc81cd1d9fc0fc3d04339a1f7d0780947eecfeeab01fcc889fafa58ed52,94bjVVSp8jgvP4ivAW3wFomkRpeE3xBouyCWErsR1ANz,So11111111111111111111111111111111111111112,CWZ6BsdnjkDVTGkmL6bGbJXXig6ceef12KvyGQW14cMt,wSOL,ANTFUN,sell,5000000,47623074,5000000,47860157,fulfilled,Executed,Grr6…x1jS,18,4J4Fwzz9mw9JQEWaAm2FSehemdr9WHYpDfPECdWVHzUH5QrTJAaY8cWaHYxxvFAivysYcLbf1arUd2J25Do4ZBtd,35,main
2026-10-07T20:42:08.516565Z,0xa9e438a2c22571ced28222df339241efbceda63e374f41224f6ea0183c17cb6a,9XSrZ8RkSZ3WDoGkrgWHrmMhixsoWZTLnPxBtQNWNK9c,So11111111111111111111111111111111111111112,DEkqHyPN7GMRJ5cArtQFAWefqbZb33Hyf6s5iCwjEonT,wSOL,USDe,sell,5000000,576608468,5000000,579479019,fulfilled,Executed,Grr6…x1jS,8,4Vb2fHFFVPyLYBtrPdH6WrbncPAKYLP7T9HtqjgdtcPpdHhUTrD7YpVwZGuH6UCPTPcmbEcuAwm4oMBQSeoYQwVJ,39,main
2026-10-07T20:42:08.773943Z,0x092daa1723357cb9e64bbf1d66c63caec11519dcb779f708d078ab52e8d4ad90,GikSpMABHu6MJERkF3N9GMmwPXfEBxABjChVkK1W9ji4,Ge87EtsjwRQbHaqQmKRno69RFTwh9bfSsm99XNxTpump,11111111111111111111111111111111,Jimothy,SOL (native),sell,151000000,4481715,151000000,4504236,fulfilled,Executed,Grr6…x1jS,3,4soDSUqmywGooQ9aqcjDoLT6ZAkvj6fTpeyAHTubxm2Xq1Gern3tMSrRXwVMsERdRUpJLw9pJZQf3sKRAHxVJRe,46,main
2026-10-07T20:42:09.040662Z,0x46c8aaab7651057136a06aec884b2d628fd940c4050442b478af1227800bb2ab,BsXAAY6SvTyWYjwKCa5SUs1kDBK6n7ia7qvRPVj5dFgz,So11111111111111111111111111111111111111112,USD1ttGY1N17NEEHLmELoaybftRBUSErhqYiQzvEmuB,wSOL,USD1,sell,5000000,576901,5000000,579755,fulfilled,Executed,Grr6…x1jS,8,3GQa2QZQZGHYBVifPT2RSwgXfaqpT2eMNnfQFWjNZ3R57L9fEswP51xu8zeyWQwwyw2R44FTCdebK2JHc1XfVfMm,33,main
2026-10-07T20:42:09.923072Z,0xe0ea0801efb76df9dd18c5c1acffb3d4e8958ec5bb72a93b0fb6b009837c3192,AEZeUZRrPrAJ94wX66QCy4hwNYQyM4SR9tzQzUjg7UPX,SKHYhSjuRWHgikq8eRKbtBbpABgJSkd7ytQV14i9EQ3,11111111111111111111111111111111,SKHY,SOL (native),sell,2920,4472370,2920,4495887,fulfilled,Executed,Grr6…x1jS,2,5NgYUwqZo8qs3LENY79RY8sFdn2vFhRZJtezXH62g1Hp6c4LHxvti233ymsC9njrhR6HKgRAtaGCe8mtLkCK5kEo,60,main
2026-10-07T20:42:10.166200Z,0x0c1a297ac9b913f12f346b35b163f1a56018394c550d87106cb348ed2f6a2d0f,91V7pVaQyARieyPXcNpxQZdqk5KoH7P1vgg2YHNBfSti,So11111111111111111111111111111111111111112,JuprjznTrTSp2UFa3ZBUFgwdAmtZCq4MQCwysN55USD,wSOL,JupUSD,sell,5000000,576833,5000000,579676,fulfilled,Executed,Grr6…x1jS,7,2JrQpioveZoDZoqkGt7KdxqpsRq1ZiGqkxJFEjU44T1CBN7vFVHnDAiWHmBJw1SoqgVVTyWR3WCPvWTj1nBjf8ux,27,main
2026-10-07T20:42:12.026003Z,0x027e11705dfa9893e2f56e94d80933f9ee4e574a59e1fa8375f0385790ee5c59,BQAD73uj3XftKnCB5ZB7P67b7AvEdfLefYbLiipch5oC,Es9vMFrzaCERmJfrF4H2FYD4KCoNkY11McCe8BenwNYB,11111111111111111111111111111111,USDT,SOL (native),sell,523000,4480327,523000,4503178,fulfilled,Executed,Grr6…x1jS,11,4k6FkeYn5F3QYZsVrepYUM25ZpP9acmPbVtdRPY1xm3GAdjBfr6BZczE7MbuAGAixhVHWsL3DyPyi4gKW24tPqTY,4,main
2026-10-07T20:42:35.884615Z,0x5af4f52c551f57308d891d72b89b05bcfc9b8267f21d6f1dc1ae7be3ef261418,BPmy52DKPodqoSUirZUBedULujAZr6s778i4hc153r1X,A7bdiYdS5GjqGFtxf17ppRHtDKPkkRqbKtR27dxvQXaS,11111111111111111111111111111111,ZEC,SOL (native),sell,40000,4525387,40000,4551061,fulfilled,Executed,Grr6…x1jS,2,dqdDduwrg4MduReY7XY1HyZiBxNP98E1A2KE84Vc2Sf4EGLyoS11pvyJZD6x6Y2TuMm81HDbojrEaJYhkaVMi19,16,main
2026-10-07T20:42:36.035827Z,0xc424ffa05eb5b4976903a0ba1e8a5f58e7f22e4e6c128ed5b2c9b67ea9ab0da7,CcQdkRAXeX7seuZLmiapfpM6CVBndVrsvMe38E4Uypyg,4k3Dyjzvzp8eMZWUXbBCjEvwSkkk59S5iCNLY3QrkX6R,11111111111111111111111111111111,RAY,SOL (native),sell,213000,4572386,213000,4594387,fulfilled,Executed,Grr6…x1jS,2,PcGZjkhUtEXN9iFeadusd6QQuiKa9pYUroMpW2Hus14hSdvfMsAv9oYPfmBAjAa6z3s4vijUu38psTo7fsNS8Tx,30,main
2026-10-07T20:42:37.420952Z,0x19b6b1fe4f5baf0e61c6891d7658dbb400959c4c13e13912ec5331d40bca2950,94bjVVSp8jgvP4ivAW3wFomkRpeE3xBouyCWErsR1ANz,CWZ6BsdnjkDVTGkmL6bGbJXXig6ceef12KvyGQW14cMt,11111111111111111111111111111111,ANTFUN,SOL (native),sell,43000000,4459328,43000000,4480899,fulfilled,Executed,Grr6…x1jS,10,3j2xxoxey39NDYvEoEoL8gB4Ez2zUcd4eLS5QV4yQhtkDhdqDdJnShEToHVTTwgM2xmUkUsVE1vRMUhRvrARaCR5,36,main
2026-10-07T20:42:37.911234Z,0x87b064f22aceedf454126a711aaaeef3df6719944f99c33d6da4a440bf6ea44c,GcY8jk3HeHLDmdPa8wRVnHkn8f77frWdZxRWr6rrdyus,So11111111111111111111111111111111111111112,6p6xgHyF7AeE6TZkSmFsko444wqoP15icUSqi2jfGiPN,wSOL,TRUMP,sell,5000000,311334,5000000,313044,fulfilled,Executed,Grr6…x1jS,9,7drsMi6X7nWLeCmKysqLw4pK22bLbpGupBSybqMgPS47k5UzVzfy9YaTzaJHFBU4ZdYmqUYV2JYaUH6sr3ckmBo,19,main
2026-10-07T20:42:40.197744Z,0x109251cd960344a616c7e351fb89bb3ca89ccf0546f74e5c5bedc3efa15a434d,CaMSDEBp5zy2QxSYqDxqbk28qxFwzLXiNdFJiv9TKqhU,98sMhvDwXj1RQi5c5Mndm3vPe9cBqPrbLaufMXFNMh5g,11111111111111111111111111111111,HYPE,SOL (native),sell,5960000,4488595,5960000,4510289,fulfilled,Executed,Grr6…x1jS,11,bTs3FyxCrc8EKWNTFjNsFStNoogCNiTTH2wa9AN4ARvPMPv7kXpzH5A54DEZC185x9UoKmYAb8h2vCcoXvtDExB,22,main
2026-10-07T20:42:50.718353Z,0x9f720455af8bb1146a920198228ee04389466322b0e3089d0577fa1a9c0b0ddc,AQtmpjmjjZTzzs5W2Ld4gPteDe1teLKMpwj3v5GAv7ef,So11111111111111111111111111111111111111112,CTPoyCwkjMvoJwU4xvZZqoD8tiYk6yDchySiN5gGpump,wSOL,fone,sell,5000000,142884883,5000000,143602897,fulfilled,Executed,Grr6…x1jS,1,Zw5YaMaw3c1xRb6NJjpAayYzAB1tcncbq9ii7SpHKkGuJcA7i5MjRQRvxj8bmvGDLDsrDZy2p6nW6mYKX6wsGvT,49,main
2026-10-07T20:42:51.070082Z,0xe10ad4004b594bf677c8e228c541a7f4a74c40fb9ce12300581bc64883a781ea,3FHY6qZALHavE387YcUMyqFYdYCiR5PbLSxdQBpwR6JK,So11111111111111111111111111111111111111112,Xsc9qvGR1efVDFGLrVsmkzv3qi45LTBjeUKSPmx9qEh,wSOL,NVDAx,sell,5000000,242262,5000000,243687,fulfilled,Executed,Grr6…x1jS,1,67SL4iTSfEewMK2L8JyzC632bjicknYFbVNY7KBh9jTABxXeLDdmRe4AvqDhpxHeKobiB7PNmtQ73CBY8qeyFU9P,67,main
2026-10-07T20:42:51.098426Z,0xaaa341b635e3928d1e1e5fb18602bf72b195866c4098ff068637b87de3feb1b9,91V7pVaQyARieyPXcNpxQZdqk5KoH7P1vgg2YHNBfSti,JuprjznTrTSp2UFa3ZBUFgwdAmtZCq4MQCwysN55USD,11111111111111111111111111111111,JupUSD,SOL (native),sell,523000,4480460,523000,4500370,fulfilled,Executed,Grr6…x1jS,1,5oj8Y9g89QPCk77QUNVDrrZvjpxWA4EGGX98N59o5mL9qeEoTSiXMcbavV8gXrFuYjYpFTDArdTkMR52EWAe2iwx,28,main
2026-10-07T20:42:51.726845Z,0xd05ad1c966d6d693755f49587215f63c6348e959d5d7efc50b1c62fde76144e0,BsXAAY6SvTyWYjwKCa5SUs1kDBK6n7ia7qvRPVj5dFgz,USD1ttGY1N17NEEHLmELoaybftRBUSErhqYiQzvEmuB,11111111111111111111111111111111,USD1,SOL (native),sell,523000,4479390,523000,4499666,fulfilled,Executed,Grr6…x1jS,5,aBqyvWBQWnh4dKVS1Vjz5UBuZSWKT3JJqYZD5owRowk2bjNMyXdzmX4XqpEG37y39XddTG2dHi5C1bcCfBJijwr,34,main
2026-10-07T20:42:51.746254Z,0xdaa46d573072d58b225a107ab9e95d8c331e34ac42d76414e65badd81def4596,BQAD73uj3XftKnCB5ZB7P67b7AvEdfLefYbLiipch5oC,So11111111111111111111111111111111111111112,METvsvVRapdj9cFLzq4Tr43xK4tAjQfwX76z3n6mWQL,wSOL,MET,sell,5000000,1327841,5000000,1335001,fulfilled,Executed,Grr6…x1jS,5,2P7VoRvxEyoswBataMZ2mpm4TkxpmSsRyq51Eq66wrZ2gDABQioYvSy2fEvyBhsHnLLCczWvhra1reEJN3GRvT23,63,main
2026-10-07T20:42:51.795745Z,0x012011bfe3bc2f675162b985a8e5e5e934853392f15a8898c6d2e38f3eec3593,Dy1CJYGtZBZBsAqe13BPSYqDy1pyrThHBi6g2zTVASd1,So11111111111111111111111111111111111111112,7VertkgF9KLhxxJXHX6uaWuoYZTP9LdGj2bWmVXVpump,wSOL,Agency,sell,5000000,84325779,5000000,84749526,fulfilled,Executed,Grr6…x1jS,5,4368vm9z1a7nZeD7b4MrVuVURKgFB6YAfp7FHs3TWBipT4PDhcaSEY7pLrcYsxWz3Lwd7oze9X1Hpe8xe68SqwUd,111,main
2026-10-07T20:42:51.844481Z,0x3e9040773d002d984ca2f1cf20ca80c8b8788c54d4df17118aa92cd4a792c67b,BPmy52DKPodqoSUirZUBedULujAZr6s778i4hc153r1X,So11111111111111111111111111111111111111112,MUxEsUKSMACyw5fZf68wxf5FLnZVhtU9CwH8uNNGay1,wSOL,MU,sell,5000000,531,5000000,533,fulfilled,Executed,Grr6…x1jS,5,35nZvd15o5HekboGBb9Y3ssnuZkgQjLSGgPKEZcc1qzzfFwzGmVjijchPJrL39U3RuLnSiNTGGGNGrvLQor7iKzo,75,main
2026-10-07T20:42:54.122634Z,0x81099433ab0a613cf4322a8b019f90749f1a565b35b6e9885a7b2513d9605901,GcY8jk3HeHLDmdPa8wRVnHkn8f77frWdZxRWr6rrdyus,6p6xgHyF7AeE6TZkSmFsko444wqoP15icUSqi2jfGiPN,11111111111111111111111111111111,TRUMP,SOL (native),sell,284000,4506500,284000,4529059,fulfilled,Executed,Grr6…x1jS,3,5kkmq6QRedZQHgbKNGEWdNoZfYSPEX6oBCoanheVVRgGnuY2z9EgMjJiQfjcWQSzbWMH1Lwyyr3mDQVmQmC3W3Wg,20,main
2026-10-07T20:42:54.262448Z,0xef81c3a62469c92217ddd90be70a8f80ae9bb221d255cf9faa131e3ad613f0a2,5akdWDVyHEWgFASL9q18W1wvJcy546hL4EGfPF6Hiwrd,2zMMhcVQEXDtdE6vsFS7S7D5oUodfJHE8vd1gnBouauv,11111111111111111111111111111111,PENGU,SOL (native),sell,61800000,4524912,61800000,4545636,fulfilled,Executed,Grr6…x1jS,7,5wBWrLejFTzycDMr7L3M1ZLdwWkGi81jiapvK2iZCPyqVVAATS1i1j7S7AHYeVEL3Mu5rgs1eHSXCM6Heh5M13eS,56,main
2026-10-07T20:42:54.273691Z,0x089ed9c88c4ca9397c2522345f0c35e2ad2ce013d3a74bb0ec6d40f632b2f543,7wPqkLkFafKQZEkqFhbCP2c9vapCvxmbM7AcKRgMT8u6,9BB6NFEcjBCtnNLFko2FqVQBq8HHM13kCyYcdQbgpump,11111111111111111111111111111111,Fartcoin,SOL (native),sell,3290000,4514455,3290000,4534139,fulfilled,Executed,Grr6…x1jS,3,tWhwV7z6W39Sk967Myf3H6ziYPEEHNFrpzMoEXsqsud1gB5jRWVCZjrBkm4JdiNisQH8yCNaKYr6FajNSKzZzZx,58,main
2026-10-07T20:42:55.121399Z,0x0621f8c9d50bf60470aa921fd7ef269a256ed37120d178ec80f87383826166e3,94bjVVSp8jgvP4ivAW3wFomkRpeE3xBouyCWErsR1ANz,So11111111111111111111111111111111111111112,ApZuxdpzMrbEYTGEzeY9afh5pj9d6qPRJCTgQYiipbKg,wSOL,CYBERLEEK,sell,5000000,417881798643,5000000,419981707178,fulfilled,Executed,Grr6…x1jS,2,2b2pKWb81hurrGJ3SQFvvpZnmoSmNs7tbEwwGM4QtchMotySXLK3MigA4g19ZRr8SGVhYexuRBDrojGQFamDyqJk,95,main
2026-10-07T20:42:56.029435Z,0xb3fbd30fd037a1b372338129c185df03ac94fa28d4e0a2045718ee43d690c222,AQtmpjmjjZTzzs5W2Ld4gPteDe1teLKMpwj3v5GAv7ef,CTPoyCwkjMvoJwU4xvZZqoD8tiYk6yDchySiN5gGpump,11111111111111111111111111111111,fone,SOL (native),sell,130000000,4482133,130000000,4499055,fulfilled,Executed,Grr6…x1jS,1,3D73DK1mtVtSGW3h1YJVMFp6vfc4iztsJEWEi6PTvppaNqGa74cq4yPncSxapdBssvgNu8HtptkkgKtpmi22FFTL,50,main
2026-10-07T20:42:56.032215Z,0xcff881023b11a7b66cd122b31ac1643c355866a6f5c7a4476de416351f3a461a,AM6Qwi3vwMCGpRbJ55zDatByeAtsbcfXvXBh77be8C9T,pumpCmXqMfrsAkQ5r49WcJnRayYRqmXz6ae8H7H9Dfn,11111111111111111111111111111111,PUMP,SOL (native),sell,84600000,4596603,84600000,4620196,fulfilled,Executed,Grr6…x1jS,5,5tT8eygnJ7F4nRimMCcJdoQfgagmPrGNom4p5kr4341zSkVibwE9JHW9Jp58zypAGqw7nfj8hLXoJ1P5Sa6jAx76,10,main
2026-10-07T20:42:56.076100Z,0x8276236c09ce568b531077510fadc81cfef75ff5238493e1ef70ea5dbbdb0b15,CcQdkRAXeX7seuZLmiapfpM6CVBndVrsvMe38E4Uypyg,So11111111111111111111111111111111111111112,Xs3oZwbHvqis4NYcf4YKWmEia2eC84wSiVrcYcTqpH8,wSOL,SPCXx,sell,5000000,343721,5000000,345437,fulfilled,Executed,Grr6…x1jS,1,2MMzttYNoXipGMhYQYdTTeku8bFyQbPgRvJUgpSMYGYQMLXaB9fiP9eweymRxeQnLzPNaR3CVxhtD2NK8KTuvqa3,89,main
2026-10-07T20:42:58.334100Z,0x5a93e9e756bdf1ee0c5953c50a5d9389364490cbf3ad4b8a847be63b35fb001e,91V7pVaQyARieyPXcNpxQZdqk5KoH7P1vgg2YHNBfSti,So11111111111111111111111111111111111111112,A13oRB9FFaiUjfi6LdCg6p9ka1u8SfGkUFs4SKvPpump,wSOL,TOAD,sell,5000000,345898003,5000000,347636183,fulfilled,Executed,Grr6…x1jS,4,5H31tvmH5KFZrGbewLQ8hmdKPYssK5rXrkgsRNGuAMGWiud49sCBurcDgRvRAhhva1JJWeZh87ndRe3MyApHhCGq,87,main
2026-10-07T20:42:58.359820Z,0x454147f2fd940f8a84753389024db95f5da3d7ed12f7afd5501602a6fb2a5219,CaMSDEBp5zy2QxSYqDxqbk28qxFwzLXiNdFJiv9TKqhU,So11111111111111111111111111111111111111112,SPCXxcqXj6e5dJDVNovHN8744zkbhM2bYudU45BimGb,wSOL,SPCX,sell,5000000,3435,5000000,3452,fulfilled,Executed,Grr6…x1jS,4,AEzCX6ZtA7SkqxeNfpoN9TkBQHyudXs9zsGnDhe3hQVhVVEgvex9n4jCi19xLpm9iFapbgMACPTFuhDWne2QurF,81,main
2026-10-07T20:42:59.240961Z,0xb01088a568db71b93a4c01c76bd7ff97a27fdc7cf6f52ad08e93ac4e25d41062,3FHY6qZALHavE387YcUMyqFYdYCiR5PbLSxdQBpwR6JK,Xsc9qvGR1efVDFGLrVsmkzv3qi45LTBjeUKSPmx9qEh,11111111111111111111111111111111,NVDAx,SOL (native),sell,220000,4481276,220000,4506157,fulfilled,Executed,Grr6…x1jS,5,4q1hHVrLMUCLSVeG56ZbnTDUJ4GGk5HqhA8wGRmHSphNhadtZeXyragWG6yowCSg65NPEvhRAK4nsCamRP3HnSHU,68,main
2026-10-07T20:42:59.609596Z,0xc479e9c3b146e1b00cac9312f73121783256dd529dd5973bff06ea129073a4cc,EDimKwHuMtcwxxbAfQPT3EaH9CPpyTLARxLRRwiZV26v,So11111111111111111111111111111111111111112,J1toso1uCk3RLmjorhTtrVwY9HJ7X8V9yYac6Y7kGCPn,wSOL,JitoSOL,sell,5000000,3810465,5000000,3829632,fulfilled,Executed,Grr6…x1jS,26,4X3hsCH5w8RVY1RQciYT2KkARRTpKirtFhPd3CaNoNXnYsS4XV1KpGRYrHmqdXtvSAgNKMKuai4G9zE982GrqPhs,47,main
2026-10-07T20:43:01.470621Z,0x2fd95a3f842e890d204e4e5880ad10d644c99d67c46b479f2d288276d08f5043,4p3tgZxpw2gKnJnVwQ4Ah3av47HywcXfFaXTFGNU2aTT,So11111111111111111111111111111111111111112,CARDSccUMFKoPRZxt5vt3ksUbxEFEcnZ3H2pd3dKxYjp,wSOL,CARDS,sell,5000000,2116645,5000000,2127347,fulfilled,Executed,Grr6…x1jS,25,5ot6xghZnBJb8E9rzVk7EjdAJLgv2gcJaB2pwQtRw2Wsnr8QWPy4AP4pg6k8UhngiNUKKEARU41XZtiHRXVcpMti,61,main
2026-10-07T20:43:01.502122Z,0x45322f9bbe4d2180855f0281068ac95f841df00dd22686d7980babc5044f042f,4SqtvDu46EtUmHrpwzvvzqUtA8FJD7tY3baar9XQU33g,So11111111111111111111111111111111111111112,JUPyiwrYJFskUPiHa7hkeR8VUtAeFoSYbKedZNsDvCN,wSOL,JUP,sell,5000000,1755087,5000000,1764068,fulfilled,Executed,Grr6…x1jS,24,31G3vwhetJk6DsEhRrwwZgHAk6M9vLEQGZvdWH3tV1SB6cobV8NpPa8frxGV7gan7LRqABuSeA3hdH4rMr6Qee6R,53,main
2026-10-07T20:43:01.621474Z,0x3ad2a7f337d559c6058f5762097f83a277350068a15fad9eca63fbd6bc071106,2kV12Qsin6Wfxr2Pr6M8bqUbjqMppw4gpqAbV18TiFfJ,So11111111111111111111111111111111111111112,3NZ9JMVBmGAqocybic2c7LQCJScmgsAZ6vQqTDzcqmJh,wSOL,WBTC,sell,5000000,692,5000000,696,fulfilled,Executed,Grr6…x1jS,9,3FnKr29VqQLhvrDRACaF2moZnTTH1r2RuWcQ32eEkPryNdaoJZf4yCPMZT54ZeHfvXBEuxnCAeJ2J1XHxtP6WG5p,37,main
2026-10-07T20:43:12.973323Z,0x2477ec3bc6f7bc863fbd0b4153bdac58332a9d09579a60cac9ce4d9bf1406166,HTsxGEXBSe8rdUJjtW7e4v4YChNXTVmLQXuqBvvQtJuF,So11111111111111111111111111111111111111112,27G8MtK7VtTcCHkpASjSDdkWWYfoqT6ggEuKidVJidD4,wSOL,JLP,sell,5000000,120714,5000000,121300,fulfilled,Executed,Grr6…x1jS,4,fGPrNvb9okrtDnWEMbfDZJXXZJHrbXMVG79sbLs14a8Zx3uoShszupguE4V4evqyitx95qBgrAwEZWgpTG82PXr,77,main
2026-10-07T20:43:21.546678Z,0xd0285f1aa6d129d6a7a6f9f818d48837d2b364c05035b50d562a1e7ba8f2912f,91V7pVaQyARieyPXcNpxQZdqk5KoH7P1vgg2YHNBfSti,A13oRB9FFaiUjfi6LdCg6p9ka1u8SfGkUFs4SKvPpump,11111111111111111111111111111111,TOAD,SOL (native),sell,317000000,4481619,317000000,4504139,fulfilled,Executed,Grr6…x1jS,1,ePTQjZbhntv5gALnZ9KwQ1uPxQxuCG6VCF8LFRh1hWHefUnHivij7kgxngyu1r2TK4NexZ58X6y35jMsqTREpjS,88,main
2026-10-07T20:43:21.596863Z,0xfd55f05079063e79061a6a64172aa699f6a38b6227bf57eb67a37e000282ee56,CaMSDEBp5zy2QxSYqDxqbk28qxFwzLXiNdFJiv9TKqhU,SPCXxcqXj6e5dJDVNovHN8744zkbhM2bYudU45BimGb,11111111111111111111111111111111,SPCX,SOL (native),sell,3140,4516102,3140,4537725,fulfilled,Executed,Grr6…x1jS,1,5vhUv2Rn8yuovjofprrpveYxBobtirRRAyRNPFMrz8ziRxPXK26pjxj2zryqZo5bcLy7ctcNtZLsngagi8n38ew8,82,main
2026-10-07T20:43:22.244976Z,0x2a754cc810b6d5d7d285c9c61a8138ba41f740894f093d2485dc49587d559bc1,AM6Qwi3vwMCGpRbJ55zDatByeAtsbcfXvXBh77be8C9T,So11111111111111111111111111111111111111112,3b8X44fLF9ooXaUm3hhSgjpmVs6rZZ3pPoGnGahc3Uu7,wSOL,PRIME,sell,5000000,542449,5000000,545275,fulfilled,Executed,Grr6…x1jS,12,31nh1pSokmRTHypKLRJKaQ1gPKeygrfQ5BkJLVyhdVhQxqzmusNrCpS9uQe6qcPxu4xLS9zmqi61UXYjp8uN3GRX,69,main
2026-10-07T20:43:24.734046Z,0x0831642c73800050f9bcc7370c1c5dc58b2237258727c3b49658b9d27d9a3063,GcY8jk3HeHLDmdPa8wRVnHkn8f77frWdZxRWr6rrdyus,So11111111111111111111111111111111111111112,5Y8NV33Vv7WbnLfq3zBcKSdYPrk7g2KoiQoe7M2tcxp5,wSOL,ONyc,sell,5000000,500744603,5000000,503304278,fulfilled,Executed,Grr6…x1jS,21,3UjAnWJECT34UbxY1CByAYTwvMscc5Vxq99BY3FjncWozVjn9WNs7PYTeYPnjHtXd6CLiK9a6CZf79qahQtohJkf,79,main
2026-10-07T20:43:24.757056Z,0x222e8b2051bc1ef6e6e6ecb83c8f1935e3781e0a96e26266a8139df7f6fb782d,3FHY6qZALHavE387YcUMyqFYdYCiR5PbLSxdQBpwR6JK,So11111111111111111111111111111111111111112,BCdwQBAn8dYB5YjTsoB6TdHAWokxv28k2oZUodERpump,wSOL,MANIFEST,sell,5000000,55242012,5000000,55537001,fulfilled,Executed,Grr6…x1jS,8,2hYj4bBH5SvBaZmvFQV5NGjWcEiv3secUCgzeMCPin5HzPdgWqA9MRZcXJtaDDUNi3XhoietZz6kKBbjeTeRYYvw,127,main
2026-10-07T20:43:25.385497Z,0xa9af018efc5f03e19dc7011bde06b0b1fc7fe601220cf4d1c9c0f574f8e9abb1,BPmy52DKPodqoSUirZUBedULujAZr6s778i4hc153r1X,MUxEsUKSMACyw5fZf68wxf5FLnZVhtU9CwH8uNNGay1,11111111111111111111111111111111,MU,SOL (native),sell,481,4473087,481,4496160,fulfilled,Executed,Grr6…x1jS,6,g4ZFa1R3d3amgRhKVvM4YKWU5sJeShAmh5VkygWQuGomqb2v1LaBiyFjs9YNeGasQPJzLmyDYs6zErstkudmcAk,76,main
2026-10-07T20:43:25.507856Z,0xef4e37a68df15b5685e54d95d844c39e72f05390bafcb402cdba29370ad545f5,EGXsUdM4HLc983jD276LHz87k5zBZSJrJc137qcokK8D,So11111111111111111111111111111111111111112,Dz9mQ9NzkBcCsuGPFJ3r1bS4wgqKMHBPiVuniW8Mbonk,wSOL,USELESS,buy,4443339,2530000,4421233,2530000,fulfilled,Executed,Grr6…x1jS,1,4upU1iAw37vAFS7o8d7oPt3PqerAADB21xXiS5goxFKdCvjRVYWTNSZVv2XESfJAzKvgpd833juh6Fq6yDGEg7s,32,acquire
2026-10-07T20:43:25.733259Z,0x139b4010d6cd2b4e40efe19b6f9a24ce408465675e22ad4efe5b6427a1ca723b,Dy1CJYGtZBZBsAqe13BPSYqDy1pyrThHBi6g2zTVASd1,7VertkgF9KLhxxJXHX6uaWuoYZTP9LdGj2bWmVXVpump,11111111111111111111111111111111,Agency,SOL (native),sell,67600000,3939912,67600000,3959976,fulfilled,Executed,Grr6…x1jS,1,43sNLFbqUZpoDhyDkQrfrRdbjk1oNNqTY6N8cKFPNn7q16Y9Qm9EqZTKokiHEWjs1EynWijoVEFfA8bJikLyJyXF,112,main
2026-10-07T20:43:27.579823Z,0x29009a821fafb21e8113039d2778a7ae38f0c004ec302cb63174ba1c94704732,BsXAAY6SvTyWYjwKCa5SUs1kDBK6n7ia7qvRPVj5dFgz,So11111111111111111111111111111111111111112,MukLDtJ8Cx9DxLbeyLRSWPSposTMWuwHANbuaudpump,wSOL,OTC,sell,5000000,73693421,5000000,74063739,fulfilled,Executed,Grr6…x1jS,6,bdZvb4GiyWg66CfdhBntUQ91wE3cb7wYunCjwcQGeWZARVGXYF18C5Xnohf3ZyMKooRZ1SocL2pabuXSCK1WgLv,93,main
2026-10-07T20:43:27.770809Z,0xa6c30b212141c61d2e18dfa1fa0ef5fff9c9002d2bd4bb6f345a513ee7559ac8,94bjVVSp8jgvP4ivAW3wFomkRpeE3xBouyCWErsR1ANz,ApZuxdpzMrbEYTGEzeY9afh5pj9d6qPRJCTgQYiipbKg,11111111111111111111111111111111,CYBERLEEK,SOL (native),sell,378000000000,4446429,378000000000,4468772,fulfilled,Executed,Grr6…x1jS,5,63kfeeuECe9aaakWSc38mhLvuF3yJ1yLYUZVdEcfasT3XQbA9aVN2LgVao3hmGqiyh1dZ7sC8muS3MD2Nwfw9pgv,96,main
2026-10-07T20:43:28.205800Z,0x4307c2ef2e17c849ae9088e8d52efea5a87b65ea8189f9f5ff27a1baf4ad47e5,AQHstwk1uwAEnz8JE41HEbbD1EaPBjBwtid2qbo1Q3KD,So11111111111111111111111111111111111111112,CbcyNo7m1amFWqEQm2m4PLv1UNvpcL3C1Ujm6AkzpKoU,wSOL,e/acc,sell,5000000,100574072,5000000,101079469,fulfilled,Executed,Grr6…x1jS,6,2xyySrp6B9ttFZB5Ggyf9tj5gGugcFU6yEY7ddsVyski2qwNnrFU2tPRkFQejoGyPsbZUx5Yz6pPyc3B2benKiCB,83,main
2026-10-07T20:43:31.388374Z,0xadf694f66afcb6a34f223b0aeb9a66d2b3f87bfaf9c6f4b8b80e1362221d0d71,EGXsUdM4HLc983jD276LHz87k5zBZSJrJc137qcokK8D,Dz9mQ9NzkBcCsuGPFJ3r1bS4wgqKMHBPiVuniW8Mbonk,11111111111111111111111111111111,USELESS,SOL (native),sell,2530000,4389031,2530000,4411449,fulfilled,Executed,Grr6…x1jS,26,4LkVkpy9HPiN1LKSpXi9VW2PLib3hbvqssqqSacyF9GgESmChisBu1NmFb49s9dAnggXXwQvKFzAfMWxEDsSEM4r,32,main
2026-10-07T20:43:32.086216Z,0xba5bc16a6d4c5d5107951f6be43e005e98aeb5a22d2c6b48d6d0e1d8a7c51234,FjcXArDzUrBTJ1Lv6Yc8n9atjkNYaxKosVjn6VSxZTrK,6GmAFSYs4gk3FDao5FzzySQpPZaWsa4rUJHacpMpUNgx,11111111111111111111111111111111,STONK,SOL (native),sell,3020000000,4567417,3020000000,4590008,fulfilled,Executed,Grr6…x1jS,25,5oo7v9GtA6mDrbjkhAz5M3twKwkNJmEHnUgBz3kNCZizTLwkRHALzW74bz2xtCLaoWT8cm84eKdP7m57ePDK8oX9,14,main
2026-10-07T20:43:34.259351Z,0x02d52f19f8b749d8cafae7dba63cff1807397bdaef799971ded08f9f015f3880,4SqtvDu46EtUmHrpwzvvzqUtA8FJD7tY3baar9XQU33g,JUPyiwrYJFskUPiHa7hkeR8VUtAeFoSYbKedZNsDvCN,11111111111111111111111111111111,JUP,SOL (native),sell,1650000,4644067,1650000,4667639,fulfilled,Executed,Grr6…x1jS,23,31asTFwCRzEVuUREAdS9fdu4spHuC12fiPQPAKkZsxdmEfPNqEKuHU1RVmrJ7V8VbqpQUK3nm3CQg5bS9Am4eezp,54,main
2026-10-07T20:43:35.257755Z,0x4c4f4073043f6c77fce0892027651f4c0a0afad2ad4ab71ded8cd84970995865,CaMSDEBp5zy2QxSYqDxqbk28qxFwzLXiNdFJiv9TKqhU,So11111111111111111111111111111111111111112,Ce2gx9KGXJ6C9Mp5b5x1sn9Mg87JwEbrQby4Zqo3pump,wSOL,neet,sell,5000000,16754901,5000000,16834711,fulfilled,Executed,Grr6…x1jS,13,5fk934iukeTE7j9vYQ8p1GrVmjnnP9sy9x5wbKK9d2qSjAE63K14PnBpLMwFbq1vFKA9BLnY1ZQRZdGc5HA6vB7L,141,main
2026-10-07T20:43:35.257774Z,0xcaadf9a63b980f0c04920df1809c88cf11719bdf3e2e575179be74c1d4386b93,EDimKwHuMtcwxxbAfQPT3EaH9CPpyTLARxLRRwiZV26v,J1toso1uCk3RLmjorhTtrVwY9HJ7X8V9yYac6Y7kGCPn,11111111111111111111111111111111,JitoSOL,SOL (native),sell,3450000,4472665,3450000,4495140,fulfilled,Executed,Grr6…x1jS,2,3e9yVDeXyjcTLYM7s6LpQZsR6kXpGf5oboxYDH3YBhevcdW65Wc6wkTSgQsKaJmbroKQv57wuosjdJrJmMDfbCN,48,main
2026-10-07T20:43:37.332626Z,0x5f8ec7d69c5ec05087632379ee1e20c59b6c558c8c70ca2a153cb10694cffc87,Dy1CJYGtZBZBsAqe13BPSYqDy1pyrThHBi6g2zTVASd1,So11111111111111111111111111111111111111112,Xsa62P5mvPszXL1krVUnU5ar38bBSVcWAB6fmPCo5Zu,wSOL,METAx,sell,5000000,79565,5000000,79958,fulfilled,Executed,Grr6…x1jS,16,3T9sJ4JqkkaZDVmEWcxDqPpHdFAv7qmKbS4S89qUHQ1BiXZn8yHyNYYA4vhPkbiVt997UqU1xvuYPyKAQmPsyhri,171,main
2026-10-07T20:43:37.773490Z,0xd2939bdba4f25d05209099a3231c73c3448988fc72b7a99f82409341183e2c79,HoWtt82mr4wqKqMDy4jFDRs1C9kt3kY6KtXH3i83fyn5,XsueG8BtpquVJX9LVLLEGuViXUungE6WmK5YZ3p3bd1,11111111111111111111111111111111,CRCLx,SOL (native),sell,647000,4477071,647000,4499695,fulfilled,Executed,Grr6…x1jS,19,2WEHVErM5fwa4KJygP9Ci8Lx158DR1yEUzDURwvEzagUra8opHzeEcsgVXfNQUbi96F2UbV6WcHFWibFUtHURDH7,42,main
2026-10-07T20:43:38.231632Z,0x9a46fa2c22aa984e4ea441da62a7c1740d176a0be286047bda53637b64d6a34e,7RqUGHCV2tngEBctNc8o58nPDy6AsYzsUHAW2JgA2XX9,So11111111111111111111111111111111111111112,5dvXTZ5qwgafnHtwu3Ls3QrWx1U4LQsFeCuJgkk4QEC6,wSOL,EMBER,sell,5000000,94055237,5000000,94523101,fulfilled,Executed,Grr6…x1jS,9,CH75aFA6zmWJGBtoDUpf85uTNGgJ3tuEcGQ4EsdFV6eD1Pm6kR1J5NB5cfT7MaJQYHifhb8XHNesv85Nq3tgYRt,71,main
2026-10-07T20:43:41.069008Z,0xb5244c297341450073fe7c73d7e4ab3f9472c0c3a19b8390a54d4390bed41b50,CagkCmsroJWAiUWrigym7vR9wGYV5aKWanTGu3ZARKqD,So11111111111111111111111111111111111111112,98kfF7rmsg1QDUEoCqNE7g7M1FdrTt92TEp2CLzypump,wSOL,PAID,sell,5000000,107105290,5000000,107643507,fulfilled,Executed,Grr6…x1jS,6,2Xq4mvPTWtX2rzDuusxRosv3MHLcTYvrrRhnRBQwXSyUUvHS1SVUxq4b7HBRWBGbSUY76pqzwwpRCnmK8pgiSVmF,43,main
2026-10-07T20:43:45.175201Z,0x34d97589a2f1b5563b61ae0558527ccb5b53b5e0993b1bac07c7badf434bd5da,4p3tgZxpw2gKnJnVwQ4Ah3av47HywcXfFaXTFGNU2aTT,CARDSccUMFKoPRZxt5vt3ksUbxEFEcnZ3H2pd3dKxYjp,11111111111111111111111111111111,CARDS,SOL (native),sell,1860000,4341255,1860000,4361632,fulfilled,Executed,Grr6…x1jS,12,5HKnuXesoVL8YDRmW8n5VPBJLuPvqvWBQdBjsyMwaH7JcaM7gujCHvEvZhvyNLhTTdQ3vBitgNDJhVSfdpaJme3F,62,main
2026-10-07T20:43:45.707101Z,0x19217b693d4b777e697d7d525ea004fb8b62b95830bd6d785eb45e29f57e725d,3FHY6qZALHavE387YcUMyqFYdYCiR5PbLSxdQBpwR6JK,BCdwQBAn8dYB5YjTsoB6TdHAWokxv28k2oZUodERpump,11111111111111111111111111111111,MANIFEST,SOL (native),sell,50900000,4514240,50900000,4536924,fulfilled,Executed,Grr6…x1jS,2,5Kgo9ekU1nU42Edcsu7JXhHGrcXRxHA6cfkzXxaPStnJuDWQt8YSfffG112YsaC4qrS5F8sTLSamL3uCZkYutRdn,128,main
2026-10-07T20:43:46.221483Z,0x0dcb116d78f5b5dc0b7b962a7423d2d75845d39d86a28f94dbe90cdb5f38550c,BsXAAY6SvTyWYjwKCa5SUs1kDBK6n7ia7qvRPVj5dFgz,MukLDtJ8Cx9DxLbeyLRSWPSposTMWuwHANbuaudpump,11111111111111111111111111111111,OTC,SOL (native),sell,67100000,4455774,67100000,4478164,fulfilled,Executed,Grr6…x1jS,2,4e5H3zGu8QbaxfjTnGktW1EnMEbUn5mvtCiGjfaFx2Bsd5jKGtTPuMUXZrCSrSX4HJVdHZ2BQZ1erSs1bQfbAepb,94,main
2026-10-07T20:43:46.861693Z,0xf66050492fa3ec842e9447bba5bb015ddef3f7be6301f079828a51a0fb32966d,AQtmpjmjjZTzzs5W2Ld4gPteDe1teLKMpwj3v5GAv7ef,So11111111111111111111111111111111111111112,orcaEKTdK7LKz57vaAYr9QeNsVEPfiu6QeMU1kektZE,wSOL,ORCA,sell,5000000,206783,5000000,207897,fulfilled,Executed,Grr6…x1jS,7,46dDZbrXLKmKrP1HZssLnKQpxiwzkio2iqMEecezpjwvaT7qDBo2ak43bW9VXqDBfMBKHkyM2BxyTvGsfU5fuULk,109,main
2026-10-07T20:43:47.317355Z,0x9b24cf975df070e67435fe2c3c20cf2d7c8bb93765b6fda994177c24356d2f9f,BPmy52DKPodqoSUirZUBedULujAZr6s778i4hc153r1X,So11111111111111111111111111111111111111112,EKpQGSJtjMFqKZ9KQanSqYXRcF8fBopzLHYxdM65zcjm,wSOL,$WIF,sell,5000000,2508899,5000000,2522497,fulfilled,Executed,Grr6…x1jS,7,4gYtax82myHnRv2Au3LFD5v97dRnTvAhwph9Zr3vzUVJVYHPTvYJHt56Gqx4ZxGzktU8g5nDT11ZKAsoE2odhYCu,135,main
2026-10-07T20:43:50.404742Z,0x2e709f7407bc466d3ef28a4492071aab2a8e2a9c5653a4c13878ce98891ff04a,AQHstwk1uwAEnz8JE41HEbbD1EaPBjBwtid2qbo1Q3KD,CbcyNo7m1amFWqEQm2m4PLv1UNvpcL3C1Ujm6AkzpKoU,11111111111111111111111111111111,e/acc,SOL (native),sell,93300000,4556191,93300000,4578523,fulfilled,Executed,Grr6…x1jS,7,iKwFpZEJpPf2ydrc1MNKqjne1aRhCjsSD3SBK1yRrN1M2NR63fCsmtZWnLyJfBLPXmi96S67yarHSWohQ22mLmM,84,main
2026-10-07T20:43:52.991190Z,0xf05f605e6b93527597f20258255f54313f511b8c9a7eb966fc336da62dd44828,EDimKwHuMtcwxxbAfQPT3EaH9CPpyTLARxLRRwiZV26v,So11111111111111111111111111111111111111112,XsDoVfqeBukxuZHWhdvWHBhgEHjGNst4MLodqsJHzoB,wSOL,TSLAx,sell,5000000,152821,5000000,153584,fulfilled,Executed,Grr6…x1jS,8,61fu7k8uqLmEgsWxjhRSmdgSddLh7yDWuhgz3NFN5VAZAjcUa7jUUZDxeA9HUGcp5upNFfpMtrLCjKADyWwZXRqT,107,main
2026-10-07T20:43:55.728109Z,0x6a3ef21be410f3d739a1b66846bce9fbea87325f28b3572ccc2fa5e770949da5,7RqUGHCV2tngEBctNc8o58nPDy6AsYzsUHAW2JgA2XX9,5dvXTZ5qwgafnHtwu3Ls3QrWx1U4LQsFeCuJgkk4QEC6,11111111111111111111111111111111,EMBER,SOL (native),sell,87500000,4580944,87500000,4601468,fulfilled,Executed,Grr6…x1jS,6,5HQVZnhvGxVaJbqTdru7HXjwxqAANg9Y7qZtsG5Rx8wzcecqWSisXvJ6P87jdviBV465hD7xMsEe14bv6BMYP1Pq,72,main
2026-10-07T20:43:55.999897Z,0x4a2d89e71e3d6a3f50671ed4d23ca57f27a047576b86f9892a8e1c3325e5224c,GcY8jk3HeHLDmdPa8wRVnHkn8f77frWdZxRWr6rrdyus,5Y8NV33Vv7WbnLfq3zBcKSdYPrk7g2KoiQoe7M2tcxp5,11111111111111111111111111111111,ONyc,SOL (native),sell,454000000,4478114,454000000,4500625,fulfilled,Executed,Grr6…x1jS,2,54gdHLeiCouv2fzGyCwW9ZnCXehEQSb4J1kTSBmDqtb9MWmnqQK1KyNhwRaoFyfPDBpZVr8pCza3tFhMZVSsN7mt,80,main
2026-10-07T20:43:56.232910Z,0x82f006fc359c643029066e807c94224176a58182364c25ea263e74bc2265340a,5akdWDVyHEWgFASL9q18W1wvJcy546hL4EGfPF6Hiwrd,So11111111111111111111111111111111111111112,FZqdw6oSDCbHtKYxmhnfbi97SnyVy8jaYpdCoMrrjKa2,wSOL,Pistacio,sell,5000000,2838118771,5000000,2852380674,fulfilled,Executed,Grr6…x1jS,5,4c2au9Z5ca9PRu5C6sxys7rYyF9AxbjrTx5QAchACQjKPoiqUbfuo5XnWQBiuQuEaekX1GLmgAkhbQ2fFgMnRugE,115,main
2026-10-07T20:43:59.445387Z,0x959d89a946c64ce2f3a970a3c82eba0c6a7d3e1aa731178aa4e9e567abb8ac82,AM6Qwi3vwMCGpRbJ55zDatByeAtsbcfXvXBh77be8C9T,3b8X44fLF9ooXaUm3hhSgjpmVs6rZZ3pPoGnGahc3Uu7,11111111111111111111111111111111,PRIME,SOL (native),sell,492000,4480199,492000,4504551,fulfilled,Executed,Grr6…x1jS,3,26r2fLN9NM6koRvB2nKawNpFggzcLVM5nHg6A1trhTCaQY18fYTDQyGZFPhp9MQh5szT3injKfLxPaRFnAakZUPm,70,main
2026-10-07T20:43:59.949442Z,0x27e09b6e4660d1ecabe06049f4181a2f0c480867b71fcaceece87bab5b51eb4a,CagkCmsroJWAiUWrigym7vR9wGYV5aKWanTGu3ZARKqD,98kfF7rmsg1QDUEoCqNE7g7M1FdrTt92TEp2CLzypump,11111111111111111111111111111111,PAID,SOL (native),sell,96600000,4422304,96600000,4441531,fulfilled,Executed,Grr6…x1jS,4,4NiupdJpJfRRMymG6YhBfmw34cyB7w16da3AeWe7FxToJUGPUEDHVfFqmZLzrgR7SNNqvs8YvQacUWGyKWXztXhv,44,main
2026-10-07T20:44:00.143964Z,0x70973b8115d498cbb634bb165a4719e6579ebf0c6939979970e842b9e2d1c37b,Dy1CJYGtZBZBsAqe13BPSYqDy1pyrThHBi6g2zTVASd1,Xsa62P5mvPszXL1krVUnU5ar38bBSVcWAB6fmPCo5Zu,11111111111111111111111111111111,METAx,SOL (native),sell,72000,4463044,72000,4487302,fulfilled,Executed,Grr6…x1jS,4,1h3pRYSYwandKBrTV8gkcatkdCHG9GoNo5BpSTeCbbzYhMGjRuU3az1AKaSNjudcYbuBR19F82BQK7RQH3Zz8Fz,172,main
2026-10-07T20:44:00.445199Z,0x62469f0d34db1c695997134ab65ae7e1f386797b1fab9065a9c0283724154627,BsXAAY6SvTyWYjwKCa5SUs1kDBK6n7ia7qvRPVj5dFgz,So11111111111111111111111111111111111111112,SKRbvo6Gf7GondiT3BbTfuRDPqLWei4j2Qy2NPGZhW3,wSOL,SKR,sell,5000000,35640361,5000000,35819458,fulfilled,Executed,Grr6…x1jS,2,4bnf83Dap2qXq6LtJ1iEXy5eMgcPmB6sSfka86tgPxGNvFHGdFTSva7CrokMJe9yhZk44pnLawtw769v36B8kqRu,153,main
2026-10-07T20:44:02.263838Z,0xb36d16bf69bc26daa2ad15827487e5f9c1ae2bf3fe2ed5b119a1df11ca1f5bcf,CaMSDEBp5zy2QxSYqDxqbk28qxFwzLXiNdFJiv9TKqhU,Ce2gx9KGXJ6C9Mp5b5x1sn9Mg87JwEbrQby4Zqo3pump,11111111111111111111111111111111,neet,SOL (native),sell,15000000,4417684,15000000,4440652,fulfilled,Executed,Grr6…x1jS,64,5sHEEpwh5R2Y7yw2MrRWiC8FLgqMkqhTAoKF9bqKEVFAVsd3Jj8NWWzk8iidoyb8hFyGMRNPapb8guXnajYkJcnk,142,main
2026-10-07T20:44:02.884949Z,0x6f2ae0c871ed5ab197b53f9edfc8d71b41a3d2b8010e8657c7d78b4beff23c5c,AQtmpjmjjZTzzs5W2Ld4gPteDe1teLKMpwj3v5GAv7ef,orcaEKTdK7LKz57vaAYr9QeNsVEPfiu6QeMU1kektZE,11111111111111111111111111111111,ORCA,SOL (native),sell,181000,4317636,181000,4346318,fulfilled,Executed,Grr6…x1jS,10,5jKXMRvr3mg16NiYBQ2DzUE1nEGawYQ75NmWrSA8DBA7xXcWToLcgUut6MjSxTU9ct3iKTtLyNSRk2CP1CwCcLCx,110,main
2026-10-07T20:44:02.906216Z,0x6cafe936914b729e7c35cc816d1099ded8896959da838e00614840bebf31635f,94bjVVSp8jgvP4ivAW3wFomkRpeE3xBouyCWErsR1ANz,So11111111111111111111111111111111111111112,Grass7B4RdKfBCjTKgSqnXkqjwiGvQyFbuSCUJr3XXjs,wSOL,GRASS,sell,5000000,897794692,5000000,902306223,fulfilled,Executed,Grr6…x1jS,4,3V7fxoe6EP1ra9W3o2xbpSRAT9TPUHbAj2o6JvuwQYPrKEBifyDqYcsJadBcH7VV34prXpa6pXucDUivZCWd1EK3,155,main
2026-10-07T20:44:03.151893Z,0x4baa171f7748be665e4044637e95b40600f92d5404c83b74ff6ec626e2e8b300,3FHY6qZALHavE387YcUMyqFYdYCiR5PbLSxdQBpwR6JK,So11111111111111111111111111111111111111112,DKu9kykSfbN5LBfFXtNNDPaX35o4Fv6vJ9FKk7pZpump,wSOL,AVA,sell,5000000,62501168,5000000,62815244,fulfilled,Executed,Grr6…x1jS,4,5pAKxV6jBXoTexE1J5sUaAJrYAW8aAe9RcJH7Ed9tDE75N4cLt4tgsBfHxjZ4Do34oo49zRvmj79sYZqVeekKDRG,187,main
2026-10-07T20:44:03.807492Z,0xa0b0ba9f0f1039c248813ff87e6afa073470e1c78690a723cb2a1fc4f399675e,BPmy52DKPodqoSUirZUBedULujAZr6s778i4hc153r1X,EKpQGSJtjMFqKZ9KQanSqYXRcF8fBopzLHYxdM65zcjm,11111111111111111111111111111111,$WIF,SOL (native),sell,2290000,4503821,2290000,4526453,fulfilled,Executed,Grr6…x1jS,3,5qcNt95G8HBhC69Yn35Nud4uWLDmN3WyckJbcseEoGyzaecycXnrUAWYh4PfZJhFtNPrGgVxqSxLB3apH19wtjpW,136,main
2026-10-07T20:44:28.765720Z,0xe07bc1fd518cb2e0d9a45c0e043ce3d8c7b499a42b252c44b84b539d8a5e20a7,EGXsUdM4HLc983jD276LHz87k5zBZSJrJc137qcokK8D,So11111111111111111111111111111111111111112,KMNo3nJsBXfcpJTVhZcXLW7RmTwTt4GVFE7suUBo9sS,wSOL,KMNO,sell,5000000,15591549,5000000,15669898,fulfilled,Executed,Grr6…x1jS,6,3gfEAbETgSaTebW96pcskms4UExAZaLj6SUFHqRQqaoHxUUrK8oWUEesnAw2yhZsRZ53ZgT2rcSU2dPDXLPrTRzS,91,main
2026-10-07T20:44:29.490389Z,0x6bc3fadb0c12a03ee05e1b4399615b4cc9483b795369ef2605b45f1ea151eaff,4p3tgZxpw2gKnJnVwQ4Ah3av47HywcXfFaXTFGNU2aTT,So11111111111111111111111111111111111111112,XSTuo1fV7HHMhs4BYiwtrWSLsMCJNrooH2AssWTYZqP,wSOL,XST,sell,5000000,271997183,5000000,273323689,fulfilled,Executed,Grr6…x1jS,11,3sgswBgJBUKETbixeDac2TbDbmfzWqv6ks93V4wx4RbVXMQki8H1MPgQJRjay9LpDdtp24VRS6YBC6WJRGRk5NJh,121,main
2026-10-07T20:44:34.829985Z,0x41ced67c0bd13f5396ad78137a6a33374f973c5004341fdc39c60957fbd5e351,3FHY6qZALHavE387YcUMyqFYdYCiR5PbLSxdQBpwR6JK,DKu9kykSfbN5LBfFXtNNDPaX35o4Fv6vJ9FKk7pZpump,11111111111111111111111111111111,AVA,SOL (native),sell,56600000,4452000,56600000,4474371,fulfilled,Executed,Grr6…x1jS,2,3bP9xkPVMXqLdHNjMapGcx3RWZ3tpqkvNAGbE9BUFwCYQbNedCWGUtXVWWhXAPw3JkwYGcuBiYf6iMZjagEcAhnw,188,main
2026-10-07T20:44:35.177640Z,0x7394fb219934ec8a3bb3f5f3448786860e3e2de5967878ac49136f2b1e9dca66,94bjVVSp8jgvP4ivAW3wFomkRpeE3xBouyCWErsR1ANz,Grass7B4RdKfBCjTKgSqnXkqjwiGvQyFbuSCUJr3XXjs,11111111111111111111111111111111,GRASS,SOL (native),sell,815000000,4470815,815000000,4493281,fulfilled,Executed,Grr6…x1jS,2,LUU6uFqFMFK6XmwUBHYxBBct9Q2mfp3hZFMAttAgFyNXz7toMfrLc1B1f3rfAbGANhCK9vx35vny177B1ukRYb9,156,main
2026-10-07T20:44:35.605546Z,0x8c81252c38456b557ebd7863809623278464da5e817dc3c1d621e7bb02c9aa49,EDimKwHuMtcwxxbAfQPT3EaH9CPpyTLARxLRRwiZV26v,XsDoVfqeBukxuZHWhdvWHBhgEHjGNst4MLodqsJHzoB,11111111111111111111111111111111,TSLAx,SOL (native),sell,139000,4494072,139000,4517245,fulfilled,Executed,Grr6…x1jS,1,sx5fwoKQchPFSQjcXwphLXDU68wZfJ5z5Yxsa5wNZJcSspxFfw3bzAU9ZUB4Qt4ze4tqgsHRJUr89o9kfpLZ6pW,108,main
2026-10-07T20:44:36.338847Z,0xc209a8d95fd9f14335650893c2f1329994c6f9da57a55762a9eb9defd7319ca5,4SqtvDu46EtUmHrpwzvvzqUtA8FJD7tY3baar9XQU33g,So11111111111111111111111111111111111111112,GTBxUiw6wJdmmkCGZgRHLyYxqu1vG4KtRpeox6yDpump,wSOL,JEANPHIL,sell,5000000,158341235,5000000,159111539,fulfilled,Executed,Grr6…x1jS,3,4YHiP16W7wpDY2E8ezKPgT35cqb1nNYD5mHgCY7uF8zHAHiGhbCusqnWojx8bMFCRxuuY37MzqR9QnwhX32dKx1T,113,main
2026-10-07T20:44:36.624085Z,0x1c7b650e5bc1f330198585d2e1377d5eb527dc80a0bdd0babda3efd537723344,AQtmpjmjjZTzzs5W2Ld4gPteDe1teLKMpwj3v5GAv7ef,So11111111111111111111111111111111111111112,C1mBfBoDkwWfd6uTFZp62ARHLjeVp3bDpCDMfMZtPngE,wSOL,HOOKED,sell,5000000,103324376,5000000,103843593,fulfilled,Executed,Grr6…x1jS,8,59VLPDqkmHnigdLaSKbXpMBUQo8B2b2TB5E33jUWzLWUyVDTah5e66jmK6LeKdEMxW1KRSUuj41LWGusxGTW45as,169,main
2026-10-07T20:44:36.903020Z,0x0cc662d1aab882803d57611ec1fe20ef94ac22a321821da81eb70db2b7ed05ef,9XSrZ8RkSZ3WDoGkrgWHrmMhixsoWZTLnPxBtQNWNK9c,So11111111111111111111111111111111111111112,HzwqbKZw8HxMN6bF2yFZNrht3c2iXXzpKcFu7uBEDKtr,wSOL,EURC,sell,5000000,514680,5000000,517266,fulfilled,Executed,Grr6…x1jS,7,3cCGs1mdiLCX8B4JXKMRz9FHzdhPi61eCDpLzbUYnnBVv46VxXdy77NXuyCB5HUUrJ2aqAtYu9HbqfdqVH7JTf8s,99,main
2026-10-07T20:44:39.871482Z,0x9360e15fbd31f984096374ec54bdd69187cac3a9f01705ff8f4e81bd014eefb3,CcQdkRAXeX7seuZLmiapfpM6CVBndVrsvMe38E4Uypyg,Xs3oZwbHvqis4NYcf4YKWmEia2eC84wSiVrcYcTqpH8,11111111111111111111111111111111,SPCXx,SOL (native),sell,314000,4514268,314000,4536946,fulfilled,Executed,Grr6…x1jS,3,2T73kU1stkFFhZ5PN6UpkEf4vrA1X4jGnqefFpp3BdLzBkhwZGDYvpwjrooYD48HxAYftXoKafv5JWATVYXLYBTp,90,main
2026-10-07T20:45:02.802721Z,0x297a252cb2f0f9109eeae93d65fbd436e65bb3fdc6cde8f17a369a7c969e1c3a,BPmy52DKPodqoSUirZUBedULujAZr6s778i4hc153r1X,So11111111111111111111111111111111111111112,DJTu7vi8norVzdVAffgvb39VP7wjKeTsgaMBJrzfxvoF,wSOL,DJT,sell,5000000,69991,5000000,70342,fulfilled,Executed,Grr6…x1jS,4,568fYfXjiYpXaJtyxv6DatzAZudAxhZ3vWWPD6URbZjUVk9hWN4u52kyDdMf4KsPL9km7CABRaECYuHuEFbgyNMS,195,main
2026-10-07T20:45:03.271528Z,0xf312559e15e1e3d449e9175fe03910651863b5fe256e54efb24d36d9c608ae79,3FHY6qZALHavE387YcUMyqFYdYCiR5PbLSxdQBpwR6JK,So11111111111111111111111111111111111111112,3BgwJ8b7b9hHX4sgfZ2KJhv9496CoVfsMK2YePevsBRw,wSOL,EPIK,sell,5000000,290387599,5000000,291846833,fulfilled,Executed,Grr6…x1jS,4,5EnqQEFwEusqtAZSb34Dp9mLFKp8FtTqBe2Lc9PsjHLsfPx7EwY9n3jsGtWJnRJVCTZgzqunWtT3xwze6VsdAj8Y,247,main
2026-10-07T20:45:03.672419Z,0x38567fa0308fb23f40c5096e8212ed3a2462ff7f95f2feac0735829f0e420bc7,GikSpMABHu6MJERkF3N9GMmwPXfEBxABjChVkK1W9ji4,6FrrzDk5mQARGc1TDYoyVnSyRdds1t4PbtohCD6p3tgG,11111111111111111111111111111111,USX,SOL (native),sell,523000,4480502,523000,4502327,fulfilled,Executed,Grr6…x1jS,3,5oy9AbxWYHoYAt1tTshjKA1jaBSm72fDTMNB6M1tpBxeCchXujZ8xTmTBQbv3Hwet9QcmxAUvWFwUrpjeMAetaJa,106,main
2026-10-07T20:45:03.674795Z,0x997a89f61260c63745738c9630a9690c7b7d296c3b0b17b9b7c2daccadf5ea28,HTsxGEXBSe8rdUJjtW7e4v4YChNXTVmLQXuqBvvQtJuF,So11111111111111111111111111111111111111112,J3NKxxXZcnNiMjKw9hYb2K4LUxgwB6t1FtPtQVsv3KFr,wSOL,SPX,sell,5000000,148516480,5000000,149262793,fulfilled,Executed,Grr6…x1jS,3,4T8sZDq4z2Vhdu2CS3cZKG3cXCS13snURH5tMbtjFM6gfAhbNqnaEfL6jxDK7fA1j1uwt4kDtF76dS8JDg6wDpnR,137,main
2026-10-07T20:45:06.354334Z,0x6524d582bc71d81a135a410d022c9b5146b545cb55060e31b44acaff9e04d252,BsXAAY6SvTyWYjwKCa5SUs1kDBK6n7ia7qvRPVj5dFgz,SKRbvo6Gf7GondiT3BbTfuRDPqLWei4j2Qy2NPGZhW3,11111111111111111111111111111111,SKR,SOL (native),sell,32300000,4468438,32300000,4490892,fulfilled,Executed,Grr6…x1jS,1,4ssDxb6eVCDSWnSzsnfJ9xTvdFT6vPsM6qvtN6CNYAvLE4TMmnmF71TcgihnLv5d7GwKkt7HnK6TLWtUjWdxnx1D,154,main
2026-10-07T20:45:06.372712Z,0xfd223cb33c66313370dc56f22c4235323d3414fdf04458f695930fb5b1d602cc,94bjVVSp8jgvP4ivAW3wFomkRpeE3xBouyCWErsR1ANz,So11111111111111111111111111111111111111112,BcHEaaTCvycPwwsJ9yQTXdHP9X2gCLkznDbZ8VySpump,wSOL,Jotchua,sell,5000000,388584694,5000000,390537380,fulfilled,Executed,Grr6…x1jS,1,GNL7Kgoq8Y6SuFcnkNHeeeZbphVTgsWpB2wMvyaxbpD5bEE2PtGK2CQDcaGi2gGBzqpryzka7fNdESGqj5yVg8L,215,main
2026-10-07T20:45:07.249817Z,0xed3f99316a63534718d36907b619d5781c4aa8a7cb50e44079fa61ce5837c46a,BQAD73uj3XftKnCB5ZB7P67b7AvEdfLefYbLiipch5oC,So11111111111111111111111111111111111111112,J8PSdNP3QewKq2Z1JJJFDMaqF7KcaiJhR7gbr5KZpump,wSOL,TripleT,sell,5000000,86563388,5000000,86998379,fulfilled,Executed,Grr6…x1jS,6,5EZj1VyfWHpmDqxF5NciC9nKudSXJ7Eg7GzXgtTqxwZVQZnkF7ohwXiVWZfX3bAM1dUcrsShUyGmZemRXADSMQ77,123,main
2026-10-07T20:45:07.269961Z,0x047381c6d954c2cd23afa12e151e85696eae5130d64299a0c08204cd6bbea736,EGXsUdM4HLc983jD276LHz87k5zBZSJrJc137qcokK8D,KMNo3nJsBXfcpJTVhZcXLW7RmTwTt4GVFE7suUBo9sS,11111111111111111111111111111111,KMNO,SOL (native),sell,14000000,4437146,14000000,4460562,fulfilled,Executed,Grr6…x1jS,6,4TUZEwxFu9R1pDhNWE5akRQx3qjKxwcU9jQX5xiCVn1BNbw8DDLhKBXCnZfc88oqf97DVRtnHUmXnhN711evb6jF,92,main
2026-10-07T20:45:07.282781Z,0x34232d810738a8e3ccb4f9b2d67f85b172ea557bf0debb1db052ef09bf9c95fc,EDimKwHuMtcwxxbAfQPT3EaH9CPpyTLARxLRRwiZV26v,So11111111111111111111111111111111111111112,BoTx8y9ynfdxf5ZjWtCoBVkff52qKA82ysaLU8ZM6d8T,wSOL,BOT,sell,5000000,19476,5000000,19574,fulfilled,Executed,Grr6…x1jS,17,foSfqrPy7hhdpY7XW393GUyeiZP6s5RtTF45Pyem2rzwSDr6qq6HFDeYVXnULskQhnsJKciJLscZHzBMQyWvAT3,167,main
2026-10-07T20:45:07.507283Z,0x586b31bd73cd9545fb17219cbc1b7757f0dddd0752ab375f3c8d72db19011051,4SqtvDu46EtUmHrpwzvvzqUtA8FJD7tY3baar9XQU33g,GTBxUiw6wJdmmkCGZgRHLyYxqu1vG4KtRpeox6yDpump,11111111111111111111111111111111,JEANPHIL,SOL (native),sell,120000000,3722759,120000000,3741385,fulfilled,Executed,Grr6…x1jS,53,2c333Gc7FvoJSo8KXVaQWZx3oTC2zd44uFCdBxpNoZfqNU3irEvetwXL34XarritTtFUqTtULFu6RE9nvurVrERu,114,main
2026-10-07T20:45:07.728391Z,0xcc37c6d071510cf0eb3bc00a6d16e34e31fcbbd11ece4881a749be7f9198c425,7wPqkLkFafKQZEkqFhbCP2c9vapCvxmbM7AcKRgMT8u6,So11111111111111111111111111111111111111112,9Pfync3ejPC9eHqVzq3nYQJAhyhjqpnB9UsaSfLxpump,wSOL,KET,sell,5000000,202481390,5000000,203498884,fulfilled,Executed,Grr6…x1jS,5,4hHv2XXAaxUKUQ84ktjcuENK7XQgeyWkqfdgGuzpP7bhSjU97rutCSgQTsnh5tf3g8gC4QyP5yaNsBJw8khfHwdf,177,main
2026-10-07T20:45:08.256453Z,0x1b9c11cf0228196914044153e2bc26fb5f139e5237752f009655cda63cbffdbf,4p3tgZxpw2gKnJnVwQ4Ah3av47HywcXfFaXTFGNU2aTT,XSTuo1fV7HHMhs4BYiwtrWSLsMCJNrooH2AssWTYZqP,11111111111111111111111111111111,XST,SOL (native),sell,229000000,4105979,229000000,4126420,fulfilled,Executed,Grr6…x1jS,53,4JKWKix8Gn7xjr3xip4mv8LmMsDHpPmCo9XcD1F48KSZYY7iK1jS4PjpUU36huubX51jZpV6eRYLGh4W4oWy2wxp,122,main
2026-10-07T20:45:10.410650Z,0xddc268350a2512e204b028e5d4f40975ac42e766f72cba9dc31de63cbda1591c,CcQdkRAXeX7seuZLmiapfpM6CVBndVrsvMe38E4Uypyg,So11111111111111111111111111111111111111112,jtojtomepa8beP8AuQc6eXt5FriJwfFMwQx2v2f9mCL,wSOL,JTO,sell,5000000,1112269731,5000000,1117859026,fulfilled,Executed,Grr6…x1jS,3,AKB6q3rQg3LwAiGdBJcbDZBvGSLRpRewfE8uxo3ZwiNVcBbVvt1vakPha4cfC1xrTFdPkfoCCSvS8jtsNxjLux3,149,main
2026-10-07T20:45:24.254597Z,0x6292a84a64c289a6584cb8ae67539eaf70788186d477056aba4e0edd6f4f4b93,HoWtt82mr4wqKqMDy4jFDRs1C9kt3kY6KtXH3i83fyn5,So11111111111111111111111111111111111111112,jupSoLaHXQiZZTSfEWMTRRgpnyFm8f6sZdosWBjx93v,wSOL,JupSOL,sell,5000000,4101014,5000000,4121622,fulfilled,Executed,Grr6…x1jS,5,5QGruF6i9J46L3sbjPhdyUuZmbj78UzLf2Y14tb9c2HC6kXmszjHTSPJpAJgW9By8CEQyP5YJi1qHHBM2jT95C5n,101,main
2026-10-07T20:45:24.412520Z,0x034b3771d1bf533311657c7768222a4efbc3d1e0dafe13dd953e6b380b315f7d,BPmy52DKPodqoSUirZUBedULujAZr6s778i4hc153r1X,DJTu7vi8norVzdVAffgvb39VP7wjKeTsgaMBJrzfxvoF,11111111111111111111111111111111,DJT,SOL (native),sell,64000,4513619,64000,4538035,fulfilled,Executed,Grr6…x1jS,4,RFCTSP9Dt7frcipjNQedD5f3fxKxXgDu2Y5EBhj2DmrQbUHb2FAnKDsfRYdutNmDmMpBrE7LRoFcE4phjjHfDtZ,196,main
2026-10-07T20:45:25.152606Z,0xd45b53ec741eb8b1d19c57f3dcd2a93c5413cf1ba44f5033fc02010e17fce20e,AQtmpjmjjZTzzs5W2Ld4gPteDe1teLKMpwj3v5GAv7ef,C1mBfBoDkwWfd6uTFZp62ARHLjeVp3bDpCDMfMZtPngE,11111111111111111111111111111111,HOOKED,SOL (native),sell,91500000,4348538,91500000,4356186,fulfilled,Executed,Grr6…x1jS,52,4vFqts2wnjqxCWvmq3qnRbKeWgdH3YDu8ofJQmJnyxsRSqfi1WtAdGVGKNu5mnVVM6mnUtSJan6P9NB7GCYPZmkR,170,main
2026-10-07T20:45:27.108675Z,0x2544ce5184b3115786ebd41879c2486d1a78c0c1b068b4178133bf3e83e5a65a,CaMSDEBp5zy2QxSYqDxqbk28qxFwzLXiNdFJiv9TKqhU,So11111111111111111111111111111111111111112,JDzPbXboQYWVmdxXS3LbvjM52RtsV1QaSv2AzoCiai2o,wSOL,FO,sell,5000000,4073578,5000000,4095460,fulfilled,Executed,Grr6…x1jS,27,3BfxLFcZx9ayfd6RKK39EcnARnd3JLNrccjUx9DvrKTdtLDQRqu328xBHgJkERCRSJSL6pps4VJRU71BP9Wez51Z,201,main
2026-10-07T20:45:27.765705Z,0x1265e6d7dda12f6dad469e256f9de637303188ebfdf940c858d81fb90f746293,7wPqkLkFafKQZEkqFhbCP2c9vapCvxmbM7AcKRgMT8u6,9Pfync3ejPC9eHqVzq3nYQJAhyhjqpnB9UsaSfLxpump,11111111111111111111111111111111,KET,SOL (native),sell,171000000,4156765,171000000,4177653,fulfilled,Executed,Grr6…x1jS,5,4zqaWgU8oNFNHufTSoLqp9RNVwc6hGhWFSwzc5D7JgYUUwoYfuUGkeuPQhRT3bqLfK71nP8sC7y8jZzemjgbwL58,178,main
2026-10-07T20:45:30.361065Z,0x76c517dfc95f8f176a8d4b8cac409696a65665d821fae195a607315745fdbeb5,EDimKwHuMtcwxxbAfQPT3EaH9CPpyTLARxLRRwiZV26v,BoTx8y9ynfdxf5ZjWtCoBVkff52qKA82ysaLU8ZM6d8T,11111111111111111111111111111111,BOT,SOL (native),sell,17900,4522445,17900,4539649,fulfilled,Executed,Grr6…x1jS,56,5RPoBBUMD872pTNcEjm8YTiJF5TaX4AJEGe7tk25bEbZ9JP64EFuPpaioMs7PLm45wK27AKpDqNrCCBDgWYkkECq,168,main
2026-10-07T20:45:30.472435Z,0x42f9aabe8b7954981e7480a1e5ee073a1deca19f5f44f16e277da6bd0d5c6c8b,BsXAAY6SvTyWYjwKCa5SUs1kDBK6n7ia7qvRPVj5dFgz,So11111111111111111111111111111111111111112,8x5VqbHA8D7NkD52uNuS5nnt3PwA8pLD34ymskeSo2Wn,wSOL,ZEREBRO,sell,5000000,19603084,5000000,19701591,fulfilled,Executed,Grr6…x1jS,3,52KHwBu7M6qfKSLP8jry5NU5Ft6kAJCMD7BUyyrLGLyxkaXGD2bRKDxmismVdKHRps56tN1RxWjXYAi4JvS3dkNV,213,main
2026-10-07T20:45:30.665117Z,0xc1e4be09958d501f3dabbfd5f657822e51a83e0b1cefe2f3f9456a11e93fcf6d,CagkCmsroJWAiUWrigym7vR9wGYV5aKWanTGu3ZARKqD,So11111111111111111111111111111111111111112,5UUH9RTDiSpq6HKS6bp4NdU9PNJpXRXuiw6ShBTBhgH2,wSOL,TROLL,sell,5000000,14358752,5000000,14430906,fulfilled,Executed,Grr6…x1jS,2,38FGxREgHs84x32yLi7QstcMffPiZE5hetJ9cWSCKxK4fobM3dcTd59PN5XFZqDC7k39odD75T7672Z62T8hXCbs,103,main
2026-10-07T20:45:31.872464Z,0x5c1b66f60a3607b56cd61a3e642e21d60cbb6dff2252ac3ccf3de2dea9d9bd2d,CcQdkRAXeX7seuZLmiapfpM6CVBndVrsvMe38E4Uypyg,jtojtomepa8beP8AuQc6eXt5FriJwfFMwQx2v2f9mCL,11111111111111111111111111111111,JTO,SOL (native),sell,1060000000,4698744,1060000000,4725534,fulfilled,Executed,Grr6…x1jS,54,3HxGjApuHNoqibQbpASehZBCnAhbw3mpnJJNRmjU5FGGhZbwH6YnxsB26ayxn4FB36fL9aPg4JjVus6oC4xZt6HN,150,main
2026-10-07T20:45:33.390854Z,0x34482ba2dd6e2f57bfb232afdcfaf0548cf296d9047b6a750643f4fb5611a3c0,94bjVVSp8jgvP4ivAW3wFomkRpeE3xBouyCWErsR1ANz,BcHEaaTCvycPwwsJ9yQTXdHP9X2gCLkznDbZ8VySpump,11111111111111111111111111111111,Jotchua,SOL (native),sell,355000000,4468234,355000000,4601191,fulfilled,Executed,Grr6…x1jS,59,3c3mYDAW4GUvM4BVGfScW7MasMFbsyEUEdJJL933vp1GLBnvtGr5BAD2rSqcxR5w5W59F6gNQhLoKxkMHp88avke,216,main
2026-10-07T20:45:33.725745Z,0xc88945f62fa0c04224a5a8090c6cc6ed5b8707a8f4c173129117ad17ba094e24,AQHstwk1uwAEnz8JE41HEbbD1EaPBjBwtid2qbo1Q3KD,So11111111111111111111111111111111111111112,Xs7ZdzSHLU9ftNJsii5fCeJhoRWSC32SQGzGQtePxNu,wSOL,COINx,sell,5000000,322310,5000000,324002,fulfilled,Executed,Grr6…x1jS,11,4tkcwMp3oBHSJxcigMGfbrTpPf7oYDGPQKe8MtYTbKYdexYkZfPbs8smd7rNmMALT551kH81ADMVeCG4Axg3dKmc,203,main
2026-10-07T20:45:34.222576Z,0x239b4a410d2fc2396acb14abe6cc469e073535248bccd4ed113a371b0f3d1412,EGXsUdM4HLc983jD276LHz87k5zBZSJrJc137qcokK8D,So11111111111111111111111111111111111111112,zj1jpp7QMveWHLs61vL9KMZf254KvW7j4AAmBF8ry2k,wSOL,BULLSHIT,sell,5000000,773211041,5000000,783435577,fulfilled,Executed,Grr6…x1jS,3,5WBtrCnWitpAm7j4zEgFZNkc6nV8axsin9PpbNjZuoYD5XnmjUhcw6U9iH72CUM5ybcp9zB9txKA3ssHNmm85Sim,151,main
2026-10-07T20:45:34.345839Z,0xe88b3d48ccf45cfa53fbc9215ff6130c8c59cc9fca639378d70ba9bdc279f61c,GikSpMABHu6MJERkF3N9GMmwPXfEBxABjChVkK1W9ji4,So11111111111111111111111111111111111111112,4ko5tSr5o3H4v1sFtjTSd9MPUW7yx5AFCpkNPoL6pump,wSOL,febu,sell,5000000,10483392689,5000000,10536073054,fulfilled,Executed,Grr6…x1jS,3,2FfeRSQFXgscyDqchubHLFsUS8taTCjB9rKMQo4tmF1fvF5WksFUK6oRMrj8rBHrwLkBzPeE6dVBu6jKdwSBf86x,165,main
2026-10-07T20:45:36.926648Z,0x01a43dcf71a6c638bb19c07bb8cecc58c839774e2cbd8052e5b84c0c145ebc9d,2kV12Qsin6Wfxr2Pr6M8bqUbjqMppw4gpqAbV18TiFfJ,3NZ9JMVBmGAqocybic2c7LQCJScmgsAZ6vQqTDzcqmJh,11111111111111111111111111111111,WBTC,SOL (native),sell,629,4489128,629,4509368,fulfilled,Executed,Grr6…x1jS,9,3HGpyon5rzXBbjNNBqXosT96cxxYZPDdCA6GvXqix6C5rx1ZACNsvmXGZkyqMxu9213treNS3byq87VdjLfygfWD,38,main
2026-10-07T20:45:37.438024Z,0xd0c5517281b9be6e91e70d7c10049c668d763979c166d56c5663b357f2be2629,3FHY6qZALHavE387YcUMyqFYdYCiR5PbLSxdQBpwR6JK,3BgwJ8b7b9hHX4sgfZ2KJhv9496CoVfsMK2YePevsBRw,11111111111111111111111111111111,EPIK,SOL (native),sell,255000000,4316534,255000000,4338225,fulfilled,Executed,Grr6…x1jS,5,WQ4VXnQGJfyQ7tbvQut6md8NZhd8QQG52JYV4FZ1RKKvbxC1oGSjXBK6ns2eHoN4oc5v7h8giwoN1646KKqLEEF,248,main
2026-10-07T20:45:37.610714Z,0x2f4745cb6f8532c94bef72c27fdc383b0b257b919c676f31c742d27c4006e866,91V7pVaQyARieyPXcNpxQZdqk5KoH7P1vgg2YHNBfSti,So11111111111111111111111111111111111111112,GY9mZfyPpxXxBXBxS2hB2XjhP3kfUsywTvgveozxpump,wSOL,ELON,sell,5000000,1536659723,5000000,1544381631,fulfilled,Executed,Grr6…x1jS,7,3ejj4E8kjxR9XVUWAYynj7MiHpoZG6x2mY1ESojsX11SYbHLgCztDX8J15uvSEt9agJkgHX7qfQwihEMTdrRVo5d,147,main
2026-10-07T20:45:39.967069Z,0x496db541ae356bf859e5935c57cb1b9d00cb9cbe80b51837f2f777ca811ca7f1,FjcXArDzUrBTJ1Lv6Yc8n9atjkNYaxKosVjn6VSxZTrK,So11111111111111111111111111111111111111112,BPxxfRCXkUVhig4HS1Lh7kZqV6SPJhzfEk4x6fVBjPCy,wSOL,BP,sell,5000000,528702060,5000000,532614256,fulfilled,Executed,Grr6…x1jS,4,4qLBG5Vbsmj5VvahUhCSxRAZNnScwBoGNE2BzM9X7WAKXXuXskskLnPWoEngLRtfLnUKCLwmQ8LTYwAsebi2qYVe,73,main
2026-10-07T20:45:40.236987Z,0x8b1f74e65f61f1bf6fd805c5d7df1bf976be4a0ac800cc0c73217ec590bc66ca,AM6Qwi3vwMCGpRbJ55zDatByeAtsbcfXvXBh77be8C9T,So11111111111111111111111111111111111111112,HZ1JovNiVvGrGNiiYvEozEVgZ58xaU3RKwX8eACQBCt3,wSOL,PYTH,sell,5000000,7932523,5000000,7972384,fulfilled,Executed,Grr6…x1jS,4,3ynjYe9fbkhvkTyRSRGajYaj9ZCJT9UFG7EYNWD1nPMYdKqTFqA2ntVpNtavMcMVYfyztaSxsoTuTtzpdqSR1DQ9,129,main
2026-10-07T20:45:43.894552Z,0xf6370a992c078f1412aa89f407bbd02b8b4f86a9012116bde77db9cd180abb1f,CagkCmsroJWAiUWrigym7vR9wGYV5aKWanTGu3ZARKqD,5UUH9RTDiSpq6HKS6bp4NdU9PNJpXRXuiw6ShBTBhgH2,11111111111111111111111111111111,TROLL,SOL (native),sell,12600000,4321380,12600000,4343095,fulfilled,Executed,Grr6…x1jS,3,65BxNhZd9rCpzzvE1aYTrtW6xYaw6gsVMNfdFvtLp3aWe1D7KHm3DENM28RJqtM5Hq9Urpc2AcCue63DftKfJjch,104,main
2026-10-07T20:45:46.138942Z,0xaf5efdbbee1feb684bf80a1a47aebda5cef93af6c19f07d4908cc5f007ca7ca7,GikSpMABHu6MJERkF3N9GMmwPXfEBxABjChVkK1W9ji4,4ko5tSr5o3H4v1sFtjTSd9MPUW7yx5AFCpkNPoL6pump,11111111111111111111111111111111,febu,SOL (native),sell,9510000000,4375251,9510000000,4397237,fulfilled,Executed,Grr6…x1jS,1,2XPNp7BeYXVEzyiG69vChCbLdfVvFo11nfV2SJhgsBbbWFdpfEHHxLnDCWZUVeJMzQUJhgSSZa1Eh9emCw3F22xa,166,main
2026-10-07T20:45:46.653606Z,0x07af13930668063f60a16af41a195324b4bbf4fd88ef444bccbd10aa52d2ad36,BPmy52DKPodqoSUirZUBedULujAZr6s778i4hc153r1X,So11111111111111111111111111111111111111112,6ehEcTMCc85aNF4x9CWx8HuvWGhxQtvKdhKVf2HDpump,wSOL,TOESCOIN,sell,5000000,2999521098,5000000,3014594068,fulfilled,Executed,Grr6…x1jS,7,613tte6Gu8hgYhAc2vDcNraJ42yuaRAdanfwPnB451vsby3SChWkQtU8cLqR2duXR2A3axv223HtaMH76U1N1yRj,255,main
2026-10-07T20:45:46.888129Z,0x20cb7e5c75f4604aa97fd70fb68a1789831542f71bf8ada9309986d320adf25e,HoWtt82mr4wqKqMDy4jFDRs1C9kt3kY6KtXH3i83fyn5,jupSoLaHXQiZZTSfEWMTRRgpnyFm8f6sZdosWBjx93v,11111111111111111111111111111111,JupSOL,SOL (native),sell,3710000,4473376,3710000,4491737,fulfilled,Executed,Grr6…x1jS,6,2D8eBfpzP6Fi3jcEqzA2Fy4Fam3NuBtHAVUnvKUMMWmyoNn38AMU4DxebKUw2RdZdNH7VXRYsrVz62dqsNCXAVWS,102,main
2026-10-07T20:45:47.164557Z,0x293164a09137ab1da633353a677142d71203bff017fbb7a3a14599f49a928ce4,BsXAAY6SvTyWYjwKCa5SUs1kDBK6n7ia7qvRPVj5dFgz,8x5VqbHA8D7NkD52uNuS5nnt3PwA8pLD34ymskeSo2Wn,11111111111111111111111111111111,ZEREBRO,SOL (native),sell,17900000,4495176,17900000,4517764,fulfilled,Executed,Grr6…x1jS,7,2cY1L4LzAKGSp44YfkPUfhZYhbM5sz5vdq4qTHy25yn1nX24KTkxDpASeudTLjfFAmhAaN3trTQDcq37EgZVmnDQ,214,main
2026-10-07T20:45:47.391951Z,0x3b2076163d21bdf0bd67ebfce02e8bf041c01ef8b0608fd206e104a82b94d227,EGXsUdM4HLc983jD276LHz87k5zBZSJrJc137qcokK8D,zj1jpp7QMveWHLs61vL9KMZf254KvW7j4AAmBF8ry2k,11111111111111111111111111111111,BULLSHIT,SOL (native),sell,678000000,4259738,678000000,4281143,fulfilled,Executed,Grr6…x1jS,6,5vpbyHttEsbppGcaoSSmSZrrLFWtzHwLVkj8wFKD5iqgnVWVKa5eFC2UDheE1pg332zaG8WQ9wVS1QWUy3VpY3TR,152,main
2026-10-07T20:45:50.737945Z,0x18effb2d7b1b4a2e7460f1b49dbfc62891a5969a623ec5fa9a28feb28aa02edd,3FHY6qZALHavE387YcUMyqFYdYCiR5PbLSxdQBpwR6JK,So11111111111111111111111111111111111111112,6oGuFDbEeaSzTcvrmmd2MqfNYwHKXFoN7regcR22pump,wSOL,NEEGY,sell,5000000,7722159063,5000000,7760963882,fulfilled,Executed,Grr6…x1jS,3,4j65NLmu82BALjLcUUF2BMqAG2NNYMMACJgvMxD1oJRkTSsZjfKksH4zqc5drseHyHymcgBb84U87oYFF9qUPzXX,307,main
2026-10-07T20:45:50.741707Z,0xcb20bbe0af0a11c20ed97d70e41425f1ace177458567ea80f1452e67da6aca32,HTsxGEXBSe8rdUJjtW7e4v4YChNXTVmLQXuqBvvQtJuF,J3NKxxXZcnNiMjKw9hYb2K4LUxgwB6t1FtPtQVsv3KFr,11111111111111111111111111111111,SPX,SOL (native),sell,135000000,4476262,135000000,4498755,fulfilled,Executed,Grr6…x1jS,3,2ve928GrxdLTxBkzo9j6motGqL1ZmjuJcE4b58BmGLZtY3JAme57HFirkYXaTvgvR7w3Vuw4JYGE37YX8Kd8ZpRJ,138,main
2026-10-07T20:45:50.742858Z,0x784ea31187dad3c501a7234552ab5cb4092a0196cfc13d14f6deea19dbd5e223,5akdWDVyHEWgFASL9q18W1wvJcy546hL4EGfPF6Hiwrd,FZqdw6oSDCbHtKYxmhnfbi97SnyVy8jaYpdCoMrrjKa2,11111111111111111111111111111111,Pistacio,SOL (native),sell,2570000000,4429525,2570000000,4451783,fulfilled,Executed,Grr6…x1jS,2,5MykMdmsJfkZN4cYh8d3LKgwjd44ynnUmdxQeyPkWpaz4FoyMyZGEDtbnYzJKuwVdNkfeRJqDj7yLchG9fA1wxWn,116,main
2026-10-07T20:45:53.912087Z,0x4e38699d2edfba5c4acc36865208301971294f92b1d0fc29b064e6c978058716,AM6Qwi3vwMCGpRbJ55zDatByeAtsbcfXvXBh77be8C9T,HZ1JovNiVvGrGNiiYvEozEVgZ58xaU3RKwX8eACQBCt3,11111111111111111111111111111111,PYTH,SOL (native),sell,7370000,4589025,7370000,4612085,fulfilled,Executed,Grr6…x1jS,3,iJPfcJGhgX7FXV63rc7uC53xNwpnZWbD5X4T6TEddajLGhzXR9k9F2d1hSjZQLyAF9mSfNHym2JcXZS8GM3Nq5w,130,main
2026-10-07T20:45:56.051528Z,0xc5ff57da389a19d57fcd7832fb912aba4e9a1b206d29812e2a1ebb6512788158,GikSpMABHu6MJERkF3N9GMmwPXfEBxABjChVkK1W9ji4,So11111111111111111111111111111111111111112,DpBzjtgGLF7QA9Ug3eUVGbnqa6j3jvYBn1XuQuktvfhm,wSOL,DOGE-1,sell,5000000,7992800777309,5000000,8032965605335,fulfilled,Executed,Grr6…x1jS,1,31r2SVhgJP2jHeHrFk3pLVXAskMK2VK58gkviXhZ4ARBUaieSx2BbeubZsmvx9Xr85T6fho5qtSAbS3Z6KKEAA2C,225,main
2026-10-07T20:45:56.987837Z,0xd3bd6be122e10863cfa63e1723f8e6b64a3c9d37a78eb631afce0211d5b658b4,91V7pVaQyARieyPXcNpxQZdqk5KoH7P1vgg2YHNBfSti,GY9mZfyPpxXxBXBxS2hB2XjhP3kfUsywTvgveozxpump,11111111111111111111111111111111,ELON,SOL (native),sell,1280000000,4025549,1280000000,4045777,fulfilled,Executed,Grr6…x1jS,5,3chACQ2VXDZg8KbtBtCTuhMhzpMakziNYR6fpPt8fzKmmwxSQ8rY1nEtveRGu85iX7bjEVQbox61uhY8HfvGW94U,148,main
2026-10-07T20:45:57.508410Z,0x123bb2f2aaf5762849cda7e91c58d96e85556e968aa3ad8b7d31d60152b90e0b,FjcXArDzUrBTJ1Lv6Yc8n9atjkNYaxKosVjn6VSxZTrK,BPxxfRCXkUVhig4HS1Lh7kZqV6SPJhzfEk4x6fVBjPCy,11111111111111111111111111111111,BP,SOL (native),sell,502000000,4676202,502000000,4700799,fulfilled,Executed,Grr6…x1jS,4,fherTVVAQe2Bq1S5fvDM6DdoCaWrCvmHv52175sPT86Fo9PVwuR2VuWd2o2VwTdj7zQR4RHSAd78teJrEeXovCn,74,main
2026-10-07T20:46:17.856871Z,0x3ea09592dbdb2c0ba774163726ba33a7c128b228d7070245ce7c7b6c97584295,AQHstwk1uwAEnz8JE41HEbbD1EaPBjBwtid2qbo1Q3KD,Xs7ZdzSHLU9ftNJsii5fCeJhoRWSC32SQGzGQtePxNu,11111111111111111111111111111111,COINx,SOL (native),sell,294000,4499791,294000,4522104,fulfilled,Executed,Grr6…x1jS,5,4pG3GML4XUB7KNFt5KizwbWTLuNEArKWYKRqitv1nhhYM45fRks4dXZLL3jJ1pSYQSjkanbXz7nhaxipnW56jT2E,204,main
2026-10-07T20:46:19.308270Z,0xf64c849b754810b4abafbf06e9c8074f9e66cfcfdcdb5e9f5fa9c183228d3d8b,5akdWDVyHEWgFASL9q18W1wvJcy546hL4EGfPF6Hiwrd,So11111111111111111111111111111111111111112,4sWNB8zGWHkh6UnmwiEtzNxL4XrN7uK9tosbESbJFfVs,wSOL,xSOL,sell,5000000,6693457,5000000,6725515,fulfilled,Executed,Grr6…x1jS,29,521nELUsouodCEr8Mba4W84ozmKoNaEc5eogrMmSeBNjCSjqGxmKorwyAzf6pTwu8xRVgSoz7fMbtspivLkCuJtn,175,main
2026-10-07T20:46:30.359870Z,0xd29e5e930c3cea69805717fbe1d9c39b3510d46c621acadcda10d7d55b559b98,Dy1CJYGtZBZBsAqe13BPSYqDy1pyrThHBi6g2zTVASd1,So11111111111111111111111111111111111111112,HmJDgky11u77hpBss6D8sjNpYPD5B6fWgSVDj58jpump,wSOL,SOLCAT,sell,5000000,6690922184,5000000,6724544908,fulfilled,Executed,Grr6…x1jS,4,uDGcevZJoEd5GqRrL56TAXGcA223pEAWktKKcfHnygKYyWqzoZsiYQNMDe2szjQn7NM1StsAHJsnVdVWqvrEMRQ,231,main
2026-10-07T20:46:44.442570Z,0xf6f0104be6d06a815ab064ea7b4ac86f14415d01ea570d7f18a9902326aa715e,BsXAAY6SvTyWYjwKCa5SUs1kDBK6n7ia7qvRPVj5dFgz,So11111111111111111111111111111111111111112,rndrizKT3MK1iimdxRdWabcF7Zg7AR5T4nud4EkHBof,wSOL,RENDER,sell,5000000,28413902,5000000,28556685,fulfilled,Executed,Grr6…x1jS,4,4j9VkBfD7tyekKDWT1RQXn8TeaMggeASCnuYba1QWSJPWpShYdTxbRbqjZ1NV9JdLr2kSvNyakeQUTqsH8xXGghY,273,main
2026-10-07T20:46:44.719730Z,0x465b48b3353dc5380204c51dd7ad900a00dfca883ca8c00eaef6c15ba440d17e,AQtmpjmjjZTzzs5W2Ld4gPteDe1teLKMpwj3v5GAv7ef,So11111111111111111111111111111111111111112,Dfh5DzRgSvvCFDoYc2ciTkMrbDfRKybA4SoFbPmApump,wSOL,pippin,sell,5000000,33060317,5000000,33226449,fulfilled,Executed,Grr6…x1jS,3,5fX3ss1hXAhJL8juLeZ7YJpuVf9RckzAxjv4LJKN8CBTpYWb1evVgj88XokHpu9p3RnPWfL2i6KSjsauiY27pXPz,229,main
2026-10-07T20:46:45.069156Z,0x39f7caf4305d06c9ad41a36adb8231ad654f81ce383525cf61be08732dc07492,EDimKwHuMtcwxxbAfQPT3EaH9CPpyTLARxLRRwiZV26v,So11111111111111111111111111111111111111112,E3i7sTY5QYEBh3itepnomZQt7Eh5kzmHFk1vkm2pump,wSOL,cc,sell,5000000,2232980354,5000000,2244201360,fulfilled,Executed,Grr6…x1jS,3,5uV8K7XVZzwcbt5q6SHRoRaCjTSRwqYu7UPmV4aQCN8o1dUwN1C9svGYqBzdsdAfeZAi8n15HseCL4aBuJEno8MZ,227,main
2026-10-07T20:46:45.180077Z,0xa4e1dc4f34e123121779eba3d32485659dc4ed98af639c2729bfd4de5bef3c07,AQHstwk1uwAEnz8JE41HEbbD1EaPBjBwtid2qbo1Q3KD,So11111111111111111111111111111111111111112,AyYNfPtftg2zDP4ZbgcoQMggQtwLh4zpfVVmUJs2thto,wSOL,Tilcayo,sell,5000000,2024484048,5000000,2034657334,fulfilled,Executed,Grr6…x1jS,3,58FWyKjSgeNCiYZ64MMm6p9NNF8qdFe4YXVYtAA2LV3QnN3HXnvnz6spCQN4AU3SMnDn3kS2XiMPb2G8tcX1TNPG,263,main
2026-10-07T20:46:45.534235Z,0x0a98efd615e1cc960cdfa5a5b48769f5087f926607b1ae150ba635552a25171f,CaMSDEBp5zy2QxSYqDxqbk28qxFwzLXiNdFJiv9TKqhU,JDzPbXboQYWVmdxXS3LbvjM52RtsV1QaSv2AzoCiai2o,11111111111111111111111111111111,FO,SOL (native),sell,3640000,4412546,3640000,4433475,fulfilled,Executed,Grr6…x1jS,35,2d3Psf6epmb9v8i4rcZdEoCQVthCy3rDQFLmawiP7HYejR8LxW7srM3DifLQedwwwX7Jadv1LWBkjz8fLayKCmdS,202,main
2026-10-07T20:46:47.869519Z,0x62207603ae24b9fc65e18bd59a63918c5fe5f1b45827030605eb26662be63f43,CcQdkRAXeX7seuZLmiapfpM6CVBndVrsvMe38E4Uypyg,So11111111111111111111111111111111111111112,7GCihgDB8fe6KNjn2MYtkzZcRjQy3t9GHdC8uHYmW2hr,wSOL,POPCAT,sell,5000000,11861691476,5000000,11921297965,fulfilled,Executed,Grr6…x1jS,7,2KhCJKY5BLunjsf2gzmmSfSnQ2wnLtUMUyiac718EpStKGDRtc1ZB2w6QuXNHZjWA41UJ3wtaMGp7dDBqeDV6F8y,209,main
2026-10-07T20:46:48.389479Z,0x4fc97d0bdd483d100d06b5e538cb34bc9b34655d109e5c032ef32100d72f1f97,AEZeUZRrPrAJ94wX66QCy4hwNYQyM4SR9tzQzUjg7UPX,So11111111111111111111111111111111111111112,oreoU2P8bN6jkk3jbaiVxYnG1dCXcYxwhwyK9jSybcp,wSOL,ORE,sell,5000000,494129856,5000000,496612920,fulfilled,Executed,Grr6…x1jS,8,5rXojr56saYvhC3CMAxj2sJ7TDcGWm2r4zV5WZGb9dyvRmJES32KkGy9RN5ZsHz34cictBMVSd2ChwYaui6isvg2,179,main
2026-10-07T20:46:48.616979Z,0xe0f6807afbeffd7fdf0979e34261b73c8148d777e02c16dd328f2133484d0227,Dy1CJYGtZBZBsAqe13BPSYqDy1pyrThHBi6g2zTVASd1,HmJDgky11u77hpBss6D8sjNpYPD5B6fWgSVDj58jpump,11111111111111111111111111111111,SOLCAT,SOL (native),sell,6090000000,4389908,6090000000,4411967,fulfilled,Executed,Grr6…x1jS,4,2JVUNfhsRGTcPgKkpqcnDgJtWQyHvwKjxP8Ny2WgRacF4375CE5KfUDqTZj3YUfG6e75k5RqBAC2TUzELYPUUYtq,232,main
2026-10-07T20:46:48.772791Z,0x942e14407a2df8938ebf986cfc06f4dbd58a1b31b8937697a2041e4ac14aece0,94bjVVSp8jgvP4ivAW3wFomkRpeE3xBouyCWErsR1ANz,So11111111111111111111111111111111111111112,DtR4D9FtVoTX2569gaL837ZgrB6wNjj6tkmnX9Rdk9B2,wSOL,aura,sell,5000000,67372050,5000000,67659048,fulfilled,Executed,Grr6…x1jS,4,21ejJEzba9TjgHN6WenymoA2Ney8nimUYLtorpghu1uLan9pgGr71qh9vR3q9m16mRFgdmAk9K18MNZusSusshbC,275,main
2026-10-07T20:46:49.113759Z,0xeb6ac9a5732f357bc8ce8200dd02ff52d4bb88664b6675d58c817a32e54343f1,7wPqkLkFafKQZEkqFhbCP2c9vapCvxmbM7AcKRgMT8u6,So11111111111111111111111111111111111111112,AVBN6kXdaw27ySuvMevKYzNTL8d39b7sGQFDCmsvpump,wSOL,PINK,sell,5000000,3618906584,5000000,3637092044,fulfilled,Executed,Grr6…x1jS,4,2Wn9qUCXxkHrWZRXr4KqMxGhd1kpAjJN3QGkcv2enffENug4KUiRboA9giUPSSD9r1yne3CryTzv5vJNvNwv1xoC,237,main
2026-10-07T20:46:51.059775Z,0x599aa10c0a8129888aeff750642a3d9db9ef8e12a0fa31bf1c4967283d32e2ae,DoD7Kb5bE6Jr7Eq2JTdYwfLn7718RzpYxKyQen2rxiBQ,So11111111111111111111111111111111111111112,XsP7xzNPvEHS1m6qfanPUGjNmdnmsLKEoNAnHjdxxyZ,wSOL,MSTRx,sell,5000000,373579,5000000,375294,fulfilled,Executed,Grr6…x1jS,2,2sMoZjRAoCUYBHowmZfPdu7AkBnXLQx3FbRAaxk9reh7iAzGoW2GQHv7xEfDD1vwrnD5R4Faaprpk6BkfQ5fvwVq,125,main
2026-10-07T20:46:51.184439Z,0xc566c02c6a916fb5e680ef3f5696879c19381be9a095951cb4c52d8eb42a0620,HTsxGEXBSe8rdUJjtW7e4v4YChNXTVmLQXuqBvvQtJuF,So11111111111111111111111111111111111111112,7V6Sk63y8Rr1MvcN5mYNp61wgFhy4EeQg5gUASk9pump,wSOL,HBULL,sell,5000000,4818557833,5000000,4842771691,fulfilled,Executed,Grr6…x1jS,8,2s4swPYySjLoyQczKfR3f5CtD1wbXKQYTmmTnfqzNsyvyb3SF9tvFBbnLcXY91JJYQuStrMHdoj3NRHtbGU6x322,197,main
2026-10-07T20:46:52.112979Z,0x3de0bbca9431ac233954b5a7dc122c4c2c69e8f8988f4b75371fc6ea633736f7,CagkCmsroJWAiUWrigym7vR9wGYV5aKWanTGu3ZARKqD,So11111111111111111111111111111111111111112,RmtMAYVTTFv2iK9muMrXEoAnSSsZPPgRPbqZCKwNDYk,wSOL,EYE,sell,5000000,7169319300,5000000,7205346030,fulfilled,Executed,Grr6…x1jS,8,4hp9hWdXB4t2k3Bwk9FDnceij34SZSeTbEN4pLXzM7osKwR9dfmNykpDLgi4oatwrGpJ86nx4hVUjyBWLU5mq3bH,163,main
2026-10-07T20:46:54.113051Z,0xfd14782243a58e84ca4d01b27fc79fe5afd6b441067e309a6f96479b7c2861c5,5akdWDVyHEWgFASL9q18W1wvJcy546hL4EGfPF6Hiwrd,4sWNB8zGWHkh6UnmwiEtzNxL4XrN7uK9tosbESbJFfVs,11111111111111111111111111111111,xSOL,SOL (native),sell,6050000,4458832,6050000,4481238,fulfilled,Executed,Grr6…x1jS,6,2XhB7L2rFr81EBDB8VZNgDEmkW94jL9rPiK54Yb3xJggqusaHCUwyxMAzHRMsY5bhiT11MEM8oNoUmehMwpZ9QMc,176,main
2026-10-07T20:46:54.362278Z,0x19da3fce3245e05b5903d9d80a03439083877d0f2c38e8954a8454f507ce2bc2,BQAD73uj3XftKnCB5ZB7P67b7AvEdfLefYbLiipch5oC,J8PSdNP3QewKq2Z1JJJFDMaqF7KcaiJhR7gbr5KZpump,11111111111111111111111111111111,TripleT,SOL (native),sell,77800000,4417055,77800000,4439251,fulfilled,Executed,Grr6…x1jS,6,3hJwYAkfLaKFxdhQYYa2LGnbeCeZQK6pZ9ufj1FSFBL6g8TeqKYj5ik65TsvdNNn69kRKn4cAhfyHS88HHXPaAx4,124,main
2026-10-07T20:46:54.485926Z,0x757d9e3b20440daccf9a39b7071f60be89054cb9ce2b74552db197076a601446,BsXAAY6SvTyWYjwKCa5SUs1kDBK6n7ia7qvRPVj5dFgz,rndrizKT3MK1iimdxRdWabcF7Zg7AR5T4nud4EkHBof,11111111111111111111111111111111,RENDER,SOL (native),sell,25800000,4481907,25800000,4506503,fulfilled,Executed,Grr6…x1jS,7,4yWQMqUH84eBzMqrkwdWDpqnQ2twXhZnrH45TS3r8RJN3jvwsr5yuErTx9aBCn6Xq8W9AYGaze2gkTmWCVuFLbZi,274,main
2026-10-07T20:46:55.131497Z,0xad56acc87c66f3c260daec9b575615ae00b2efb7f72a960dd993aec914ca638a,AQHstwk1uwAEnz8JE41HEbbD1EaPBjBwtid2qbo1Q3KD,AyYNfPtftg2zDP4ZbgcoQMggQtwLh4zpfVVmUJs2thto,11111111111111111111111111111111,Tilcayo,SOL (native),sell,1860000000,4445830,1860000000,4468170,fulfilled,Executed,Grr6…x1jS,5,46UCUVtJYaduQ42pP9pCEBqQLp9B1hEUHsb4uDM3vvhiCdfHrKKyr4vkRHTjMbmqVQe8tSgMAwvuw52vqaPBqGSY,264,main
2026-10-07T20:46:55.336501Z,0xc10e105e9adb29a46694f477b4107ac68b03337a40eec419d007538c8aff3017,GikSpMABHu6MJERkF3N9GMmwPXfEBxABjChVkK1W9ji4,DpBzjtgGLF7QA9Ug3eUVGbnqa6j3jvYBn1XuQuktvfhm,11111111111111111111111111111111,DOGE-1,SOL (native),sell,7350000000000,4363007,7350000000000,4384931,fulfilled,Executed,Grr6…x1jS,5,4Eeo9wXYgdfUuevHEfHFhMG63eNVukNhhiiAPwBiagcMLbUqi5wmFNbnSaZLSH9CBZzSYGKbALiaeGyMyyqyXZZN,226,main
2026-10-07T20:46:55.355660Z,0x36904442d73b60e951565638f55174bcc3421ad874da6b73eca74b2eabec033b,FjcXArDzUrBTJ1Lv6Yc8n9atjkNYaxKosVjn6VSxZTrK,So11111111111111111111111111111111111111112,5YMkXAYccHSGnHn9nob9xEvv6Pvka9DZWH7nTbotTu9E,wSOL,hyUSD,sell,5000000,577782,5000000,580520,fulfilled,Executed,Grr6…x1jS,5,61CBYWam248fYagVoagn4J1WfXUHBTq7suRb2ERRTq3zMwwbCGATrmLBuyeRczp129FWgpnmcJMfLPtDPWTVFEHe,133,main
2026-10-07T20:46:55.484999Z,0x56c7f513ae08c700ad0da143e65735d48a0fca53e65ccee46bedb9f05ca664c0,AQtmpjmjjZTzzs5W2Ld4gPteDe1teLKMpwj3v5GAv7ef,Dfh5DzRgSvvCFDoYc2ciTkMrbDfRKybA4SoFbPmApump,11111111111111111111111111111111,pippin,SOL (native),sell,30100000,4484175,30100000,4506708,fulfilled,Executed,Grr6…x1jS,5,5SwQAZdnmxCSEP1bPWFSaADSQoCBo8ZXsPdiJ1Cjgo3CMxK5WPhsjw9p2nohXpqDKAkxP6GNG724u4NbtBD9PeLT,230,main
2026-10-07T20:46:55.829974Z,0xe8391e76595134b7142c9432c168bdfb085b3ba175dead8194da6c9cbfed7caa,AM6Qwi3vwMCGpRbJ55zDatByeAtsbcfXvXBh77be8C9T,So11111111111111111111111111111111111111112,Cm6fNnMk7NfzStP9CZpsQA2v3jjzbcYGAxdJySmHpump,wSOL,Buttcoin,sell,5000000,68844570,5000000,69190522,fulfilled,Executed,Grr6…x1jS,4,2ivzepTBX5dsZF6bBBAQK7VCjGkKfwrcdNvwKa6QeXHJugpsCdadWRGWJjxaEw1jsmY4CwJZjnrt1H7inUJRL8xx,189,main
2026-10-07T20:46:58.436910Z,0x0a8582eea4f912b2a3d576b3e1e092a90ceb18f77d082b4c71c595af19600422,EDimKwHuMtcwxxbAfQPT3EaH9CPpyTLARxLRRwiZV26v,E3i7sTY5QYEBh3itepnomZQt7Eh5kzmHFk1vkm2pump,11111111111111111111111111111111,cc,SOL (native),sell,1830000000,3956625,1830000000,3976507,fulfilled,Executed,Grr6…x1jS,4,5eizMhrABKhXQFo7sg3TvgsDjvo8hBL7zUVf2DHzUTvYo6D5qRHkyvfFMhSP64Sv5zbx5KoAivz4ychijcxeQPDj,228,main
2026-10-07T20:47:00.577103Z,0x19a348af5cbc2187cd927ceb0a769ec36702372409c0030cff7d023fe369af03,3FHY6qZALHavE387YcUMyqFYdYCiR5PbLSxdQBpwR6JK,6oGuFDbEeaSzTcvrmmd2MqfNYwHKXFoN7regcR22pump,11111111111111111111111111111111,NEEGY,SOL (native),sell,7040000000,4396911,7040000000,4419006,fulfilled,Executed,Grr6…x1jS,1,b62HC1EMwm1Cjsx4LumYPUtkY1PRuBBjKcYAYPoND47aWkhnbznnyEaP1DSp6V1fKy5nmBmPrM8CCUp6kMXM3qX,308,main
2026-10-07T20:47:00.703411Z,0xbdf1cf174637c0facc2c5082bfcfbeb64a4ff6418d5329aa8d020a8bf762cdce,7wPqkLkFafKQZEkqFhbCP2c9vapCvxmbM7AcKRgMT8u6,AVBN6kXdaw27ySuvMevKYzNTL8d39b7sGQFDCmsvpump,11111111111111111111111111111111,PINK,SOL (native),sell,3200000000,4264781,3200000000,4286212,fulfilled,Executed,Grr6…x1jS,1,3bvob8rWzGr3xRv5FBCNCiF7B6WkaKBresLqQunmvQsuHLaTr3raVNLv9J8uPk6gLK72ZimzG5sqHgPFru6JoCRt,238,main
2026-10-07T20:47:00.948991Z,0x7717e8492be415fe4cc0fe2795c6e96a7fe5ada7e3d591ad6ceaa99e0c433051,Dy1CJYGtZBZBsAqe13BPSYqDy1pyrThHBi6g2zTVASd1,So11111111111111111111111111111111111111112,CortexFv3fRcLKTgACr7aLqckGh5eP7TP3z9JHoKqMc6,wSOL,CX,sell,5000000,16877270028,5000000,16962080430,fulfilled,Executed,Grr6…x1jS,1,43VeQJ55DSrvNkgrj46aZi7Q7VJXdoVvmY7wmFG6pUB6Ss5YncGVt73NAzTSeDzDpmNcg64dkmNw1xYpPmuhegyJ,291,main
2026-10-07T20:47:03.285200Z,0xea78bf90160747a50d49ead7e364f18bc380aef9086032268c86c518da86499d,CcQdkRAXeX7seuZLmiapfpM6CVBndVrsvMe38E4Uypyg,7GCihgDB8fe6KNjn2MYtkzZcRjQy3t9GHdC8uHYmW2hr,11111111111111111111111111111111,POPCAT,SOL (native),sell,10900000000,4535196,10900000000,4557985,fulfilled,Executed,Grr6…x1jS,4,3bgUqe2bJpbXCWWpDcK8co8Q9zwDfCa7xQkaCQdN23wmTqUuzSfLtWHyQGc1KznvxbdGzHMDJWaPrWa26bWYJT8N,210,main
2026-10-07T20:47:23.576323Z,0xfeaef1140e353c66ec1824e42c0dd80087a14628a603d77e62e630c1ef24df95,4p3tgZxpw2gKnJnVwQ4Ah3av47HywcXfFaXTFGNU2aTT,So11111111111111111111111111111111111111112,Xsv9hRk1z5ystj9MhnA7Lq4vjSsLwzL2nxrwmwtD3re,wSOL,GLDx,sell,5000000,153209,5000000,153968,fulfilled,Executed,Grr6…x1jS,3,uvAddPJxwSLdY36QxDVP23FzLUaBQrFxRxzrpiPekazpy8x1CWTLgc3pQJXjwjvnHU2Bkd7WKBycH66z5tSEwsd,181,main
2026-10-07T20:47:24.822945Z,0x0d1b7076ecf5c7c6d60269c450631c6ffe6ea3d0d3190a7884077b586768d0eb,AM6Qwi3vwMCGpRbJ55zDatByeAtsbcfXvXBh77be8C9T,Cm6fNnMk7NfzStP9CZpsQA2v3jjzbcYGAxdJySmHpump,11111111111111111111111111111111,Buttcoin,SOL (native),sell,64500000,4615278,64500000,4638642,fulfilled,Executed,Grr6…x1jS,2,4KMaNHcctoQoi5DsP3A6Q3GTNQopUMjuXi4so9UfQrEBowzfsAD3uohfvmDx7Dtsp9SHiVThSjEYVQqfw5qYpRwW,190,main
2026-10-07T20:47:25.068779Z,0x8f50f737fd9df8aba4029919caceacee49951efaa55db2371baeb774c4c6b157,CagkCmsroJWAiUWrigym7vR9wGYV5aKWanTGu3ZARKqD,RmtMAYVTTFv2iK9muMrXEoAnSSsZPPgRPbqZCKwNDYk,11111111111111111111111111111111,EYE,SOL (native),sell,6450000000,4339165,6450000000,4360969,fulfilled,Executed,Grr6…x1jS,2,XSoaUPjbByw1tLv9yxh3NHrJwBVTrcLvmb2b37TMV3XkYi2wv3YyhyjMhx7hMBtA5Nhv1PfF4ba9voaSxL9sjjn,164,main
2026-10-07T20:47:28.058041Z,0xdc1a708a5761ddeaf0fe30cd78916e735dc7e8c31d3e079ade3eb321c66eded8,AQtmpjmjjZTzzs5W2Ld4gPteDe1teLKMpwj3v5GAv7ef,So11111111111111111111111111111111111111112,7fDdLy2rmQKsPCkqUXEd1mN7yDfEzArc4VrctWmfkJBK,wSOL,Z500,sell,5000000,15335772486,5000000,15412836669,fulfilled,Executed,Grr6…x1jS,4,4d7Gu3mFjkRjtoS75EhjuN7HMjcB2NgHRudyUvMgZnUmBkFpLHyoAjTA7G7zLDrpHTrL38sA5DBzSW76GG6NLQ69,289,main
2026-10-07T20:47:28.631083Z,0x337fac48df513ce0fb9acba558d553c0016f39ccaa555a8a5f150469236f0ea0,BQAD73uj3XftKnCB5ZB7P67b7AvEdfLefYbLiipch5oC,So11111111111111111111111111111111111111112,G7vQWurMkMMm2dU3iZpXYFTHT9Biio4F4gZCrwFpKNwG,wSOL,BIRB,sell,5000000,9782132,5000000,9831458,fulfilled,Executed,Grr6…x1jS,3,3tv8CLVXYDUcCjhgYG67VpGWJYQA6MDFLVdRMdKLTYe51P4DMBUivF2ajSwnGKcUpoh4dvzgWz7Uba7ASFqR89BG,183,main
2026-10-07T20:47:41.320242Z,0x3ab2ba29ddc3fa643e045811da07c793c3d8aa6c94070449ca0cc01997499198,AQtmpjmjjZTzzs5W2Ld4gPteDe1teLKMpwj3v5GAv7ef,7fDdLy2rmQKsPCkqUXEd1mN7yDfEzArc4VrctWmfkJBK,11111111111111111111111111111111,Z500,SOL (native),sell,13900000000,4367167,13900000000,4389112,fulfilled,Executed,Grr6…x1jS,2,GSYCqz1urUwzJDz8b6MvHrePbuUxZaRssg91e8G1UCn9TLNJBeR37tqQh2h5CZaYdynQgCS23CwNqfogtvkuXtE,290,main
2026-10-07T20:47:48.331017Z,0x6fc4947605cb09ffc7303d54d57cedaad7cf6b2be7de4b0332294568c556285a,EDimKwHuMtcwxxbAfQPT3EaH9CPpyTLARxLRRwiZV26v,So11111111111111111111111111111111111111112,EkcTa8n14fXcHdfvZqCg72cTCutJnnKb19vcHwKTpump,wSOL,Qenis,sell,5000000,3009760377,5000000,3024884801,fulfilled,Executed,Grr6…x1jS,4,5eZCGVE8ukYomhmuT3ns76NtCKqPqWh8TtDZrCijJkb5Feucci9xJ8jhPvLJtos8PFrFKJ1DGNC7Amfh7d8YbD43,287,main
2026-10-07T20:47:49.087351Z,0x5fe674c4935d0278c70bb795aa94cb03d20d434659972cd87ec2db9d09ab2f31,GcY8jk3HeHLDmdPa8wRVnHkn8f77frWdZxRWr6rrdyus,So11111111111111111111111111111111111111112,61V8vBaqAGMpgDQi4JcAwo1dmBGHsyhzodcPqnEVpump,wSOL,arc,buy,4488992,8030000,4466659,8030000,fulfilled,Executed,Grr6…x1jS,3,3TF6TLwbuZji9EXW7rDSFq6yqcsZ5eqw1Gynmnoj2r8Xi4AnJ7onqX6QmDddW8otopNEMjcpqGkrx98nGCkkiXtH,140,acquire
2026-10-07T20:47:49.344104Z,0x726a19c70bc8168f57408612ea24d3b15215ca14da0f8a15203b4467e9544aa4,BQAD73uj3XftKnCB5ZB7P67b7AvEdfLefYbLiipch5oC,G7vQWurMkMMm2dU3iZpXYFTHT9Biio4F4gZCrwFpKNwG,11111111111111111111111111111111,BIRB,SOL (native),sell,8900000,4494508,8900000,4517181,fulfilled,Executed,Grr6…x1jS,8,4iMmG2mQYNgLDTV2CNdNLNc7gConBPcz5UdmaNS7wFwqAcLxjZZ9EVAxSuQv7JpgHXh5bviy8Y9AMWRwfA2TQutK,184,main
2026-10-07T20:47:49.462143Z,0x3dd9872990431bd3c5278527ee49fabdd072c0937536ef45421686c3d82a7a74,CaMSDEBp5zy2QxSYqDxqbk28qxFwzLXiNdFJiv9TKqhU,So11111111111111111111111111111111111111112,Df6yfrKC8kZE3KNkrHERKzAetSxbrWeniQfyJY4Jpump,wSOL,CHILLGUY,sell,5000000,48465462,5000000,48709007,fulfilled,Executed,Grr6…x1jS,3,62gk1gvDxaST4s3T17it7EN6ygFhLgGpBHvJw2QLDJSw9xf5Vucffq9FihXnH3Zhz9XJMhbECzZecCb3SZbddCkQ,261,main
2026-10-07T20:47:49.844347Z,0xadc581340f07449e53591d089d2bcc134388227094e7f6c214a7c940047cebb0,Dy1CJYGtZBZBsAqe13BPSYqDy1pyrThHBi6g2zTVASd1,CortexFv3fRcLKTgACr7aLqckGh5eP7TP3z9JHoKqMc6,11111111111111111111111111111111,CX,SOL (native),sell,15300000000,4456174,15300000000,4478566,fulfilled,Executed,Grr6…x1jS,2,3Kww6ckfa4Ff3iFo5myPGq3epbwZxxfgqyGXqyJkqF57KxBXyZhKSx9Lyqwra1RTMECpwPhdkNHFgyfCZnJhdaiU,292,main
2026-10-07T20:47:50.095216Z,0xf1be23563078bbed4fe1ca7eec59bd8e0a448a9e6968f1b9ee2a740449a272ae,4p3tgZxpw2gKnJnVwQ4Ah3av47HywcXfFaXTFGNU2aTT,Xsv9hRk1z5ystj9MhnA7Lq4vjSsLwzL2nxrwmwtD3re,11111111111111111111111111111111,GLDx,SOL (native),sell,139000,4480937,139000,4503149,fulfilled,Executed,Grr6…x1jS,2,4b13K3HxFBJRmgpbFAvsDQePZ5xDDuT1iSWPHduz8ZFYYZ7YMnaTfdtHQ3tvYajuQxrrsn5aWXmsew65M5UXRzj1,182,main
2026-10-07T20:47:50.189348Z,0x3c4a6599881d1ced34809690a0bc564a7fe6f86e9d31d9bbab6be1ee753f20ab,CcQdkRAXeX7seuZLmiapfpM6CVBndVrsvMe38E4Uypyg,So11111111111111111111111111111111111111112,5tCju6YNxHq5zrA6tGndr6F7TK42mpUFmeE31cSFpump,wSOL,swordcat,sell,5000000,382621786,0,0,expired,Winner too late: creation blockhash expired,,,,269,main
2026-10-07T20:47:53.073060Z,0x2a90b9bcd298f0e029d08ce5f2c7d30094633a3ef8ba7577136de01b7c4ce3fa,HoWtt82mr4wqKqMDy4jFDRs1C9kt3kY6KtXH3i83fyn5,So11111111111111111111111111111111111111112,7JA5eZdCzztSfQbJvS8aVVxMFfd81Rs9VvwnocV1mKHu,wSOL,GEOD,buy,4536052,1760000000,4513485,1760000000,fulfilled,Executed,Grr6…x1jS,4,3wMYrX5hoeTk8D9XhCsFhtiKBwapoL1RMsZpz9V3ADUWoPV3nhBYwvUTYym22JSkAncVak8WjevWqBYb3PNAdEBU,162,acquire
2026-10-07T20:47:53.440586Z,0xfcd29e3996e63c9226f75499b63f93d7319e278d46cc6c7dbcc8cc801a4b5612,EGXsUdM4HLc983jD276LHz87k5zBZSJrJc137qcokK8D,So11111111111111111111111111111111111111112,HNg5PYJmtqcmzXrv6S9zP1CDKk5BgDuyFBxbvNApump,wSOL,ALCH,sell,5000000,12774827,5000000,12839022,fulfilled,Executed,Grr6…x1jS,4,4VYZkt1GCPHWb9wyuZTaT5QK1wMnG5jHfXhMDrYRpDQFvJ4UHT2YHxLBEuUuuJFf6fpvT4jYZZ3uBc2qsNbZq99R,211,main
2026-10-07T20:47:53.845954Z,0xb11d6f177af37639eeb756e07fc3628813beb921637bc063df1bd55eff433523,BsXAAY6SvTyWYjwKCa5SUs1kDBK6n7ia7qvRPVj5dFgz,So11111111111111111111111111111111111111112,jLz71QZfjnZZMLjUaCBw7KmUyftkkNq8NkWi2u9dyap,wSOL,YAP,sell,5000000,25003092618,5000000,25128736299,fulfilled,Executed,Grr6…x1jS,3,5Lp25AxcPNoyq71kpcMtKLrmpkRe2ERRZVXFozcVjrh4QbYmSE7UhhKpG2Rk1TLPB7TjNmr1BLXKSG6CecYRMckc,333,main
2026-10-07T20:47:56.070846Z,0xce84ab5ef500eba0fec9110c533e8c4f4591c7e24937c341fee5525625c214bf,AQtmpjmjjZTzzs5W2Ld4gPteDe1teLKMpwj3v5GAv7ef,So11111111111111111111111111111111111111112,Eg2ymQ2aQqjMcibnmTt8erC6Tvk9PVpJZCxvVPJz2agu,wSOL,PUMPCADE,sell,5000000,42301470,5000000,42514040,fulfilled,Executed,Grr6…x1jS,1,Nfkcjj1M1fhHhCpBrLwhdnhaj9ZQ79Ew1nhQjWydRaXZt6nMdmYTRy6KcgaEyjp4o1WnwsoY6hH8tKWGVdn8Erv,349,main
2026-10-07T20:47:56.571423Z,0x9afae012e9dab5fe3891593a7438e265a392fae67b8a48e298b14e73ca851fe6,4SqtvDu46EtUmHrpwzvvzqUtA8FJD7tY3baar9XQU33g,So11111111111111111111111111111111111111112,mSoLzYCxHdYgdzU16g5QSh3i5K3z3KZK7ytfqcJm7So,wSOL,mSOL,sell,5000000,3530350,5000000,3548090,fulfilled,Executed,Grr6…x1jS,0,psKx4jx4TWkJqrP3Y6BNjqVXZzU3HZ6ecFgK5DA1dL5gioiVUwGVKwXgXhfCLB5cUK1XdsiJcG9USdMB92YpxZg,173,main
2026-10-07T20:47:56.795533Z,0x4e7333df0679a0b4e7ca39184a76d13be701de38204767758d5214d825fb1066,GikSpMABHu6MJERkF3N9GMmwPXfEBxABjChVkK1W9ji4,So11111111111111111111111111111111111111112,Tqj8yFmagrg7oorpQkVGYR52r96RFTamvWfth9bpump,wSOL,KINS,sell,5000000,893752575,5000000,898243793,fulfilled,Executed,Grr6…x1jS,6,3bXMNyE4t9MG8XhCEXfUoLw8ki1h1UDMnnhBXVsXqx1KiNzYiPJxtNnnm2B1WaiUvQ7ucsFVnGRpP5qa3XsDo7GU,285,main
2026-10-07T20:47:56.850778Z,0xdfae94a98e4befea434bf528f72b35e4af00dcec17324e194f0c13b8b60f6c47,GcY8jk3HeHLDmdPa8wRVnHkn8f77frWdZxRWr6rrdyus,61V8vBaqAGMpgDQi4JcAwo1dmBGHsyhzodcPqnEVpump,11111111111111111111111111111111,arc,SOL (native),sell,8030000,4421262,8030000,4443479,fulfilled,Executed,Grr6…x1jS,6,4REGdJPnkRQNXPzPDiQdweTujgNb4DLissBj9B7kw8HpMm3QTkpF4rvNLGtuA7vCMxzgR7BdmCgzoJDvqdF3SZtj,140,main
2026-10-07T20:47:57.198124Z,0x9300a92b1278b74eb016344e5deb4583183624bb1d2181f4b04b5984b15b491f,5akdWDVyHEWgFASL9q18W1wvJcy546hL4EGfPF6Hiwrd,So11111111111111111111111111111111111111112,8XtRWb4uAAJFMP4QQhoYYCWR6XXb7ybcCdiqPwz9s5WS,wSOL,ALON,sell,5000000,125593609,5000000,126245549,fulfilled,Executed,Grr6…x1jS,6,2ngVgmdDWWuGspwoTxwf1L2nwWLUv9LKpAJ5Yz4RnAM2cuqQDxpUBs5oMuYwaQYmxWr26r4kX41UddZDFCny8Tke,235,main
2026-10-07T20:47:59.148749Z,0x2cf2e6034b12441cffd8deaafa13edd161d7c941e03bdd844d66e5b002ea45b2,CaMSDEBp5zy2QxSYqDxqbk28qxFwzLXiNdFJiv9TKqhU,Df6yfrKC8kZE3KNkrHERKzAetSxbrWeniQfyJY4Jpump,11111111111111111111111111111111,CHILLGUY,SOL (native),sell,44200000,4482939,44200000,4505466,fulfilled,Executed,Grr6…x1jS,4,2X1hnHtEJXL9vLg9A1FBeiZ6NQCgVXxSk39WfGrxRBTrMzoo79WcnRumV7QfzjC8UQNfG3ZhbCxdsAK5QK2RAnmy,262,main
2026-10-07T20:47:59.520334Z,0x99c499bc7bc88f00f46018fde0c3a2ca6d36ae776308d250e55a7ad15da069ee,EDimKwHuMtcwxxbAfQPT3EaH9CPpyTLARxLRRwiZV26v,EkcTa8n14fXcHdfvZqCg72cTCutJnnKb19vcHwKTpump,11111111111111111111111111111111,Qenis,SOL (native),sell,2320000000,3721490,2320000000,3740190,fulfilled,Executed,Grr6…x1jS,3,yKgAyqdfX5mey9QXyY1j5NwdQykPpSKaATWB8XTNUTvgNcHcKs7okcTSFuWGvbba1jP66CgJQKGKicFeniMm8t2,288,main
2026-10-07T20:47:59.871934Z,0x0d5932158eb750f4e5817a48ca877c86a76df0d7749a0234d97c22d46e52e109,FjcXArDzUrBTJ1Lv6Yc8n9atjkNYaxKosVjn6VSxZTrK,5YMkXAYccHSGnHn9nob9xEvv6Pvka9DZWH7nTbotTu9E,11111111111111111111111111111111,hyUSD,SOL (native),sell,524000,4480766,524000,4503193,fulfilled,Executed,Grr6…x1jS,3,3DqA2QAVjut3XbeM5mhud8eTzq6Rztp85VzSwcDVpgRoWMcymLgJuoXABgZB1r9QvB5hCskTjP4jF5JSfdrvsF6f,134,main
2026-10-07T20:48:00.133229Z,0x67724ffbf4a1064746082d514ece33f55b46b2d61b64000d3d6c80b732a080d3,4p3tgZxpw2gKnJnVwQ4Ah3av47HywcXfFaXTFGNU2aTT,So11111111111111111111111111111111111111112,3ThdFZQKM6kRyVGLG48kaPg5TRMhYMKY1iCRa9xop1WC,wSOL,eUSX,sell,5000000,550711,5000000,553450,fulfilled,Executed,Grr6…x1jS,18,49vzLNxawV82pvugM3jiHG5VnME3edPMZVds7vZvtRLnKPHmjjyqDV9oDYP8F3XKv7utpVcQJtKD6zoAM9wviTXQ,241,main
2026-10-07T20:48:03.410304Z,0xfe0e7a85f1237faaf2b41a7794e47aa27348f7917fc7303fe477b1646b0733d9,HoWtt82mr4wqKqMDy4jFDRs1C9kt3kY6KtXH3i83fyn5,7JA5eZdCzztSfQbJvS8aVVxMFfd81Rs9VvwnocV1mKHu,11111111111111111111111111111111,GEOD,SOL (native),sell,1760000000,4477424,1760000000,4499923,fulfilled,Executed,Grr6…x1jS,5,5EG5cFwPyMeNh7wv4u2bZ2LSoPSb3tyjskF9G7VbF6jcjnYK7RjkqM74Smfwpa5tsq3EiXYRMWsbfrW8iLc6RjTE,162,main
2026-10-07T20:48:05.866516Z,0x2cad9d4d9816a7fde5f5d124ff0e2c469f1c2db80c9792f1b663e809f284dbd8,EGXsUdM4HLc983jD276LHz87k5zBZSJrJc137qcokK8D,HNg5PYJmtqcmzXrv6S9zP1CDKk5BgDuyFBxbvNApump,11111111111111111111111111111111,ALCH,SOL (native),sell,11700000,4501981,11700000,4524604,fulfilled,Executed,Grr6…x1jS,2,3JzhdE8xZkeYsPBr5NJJUcHVCn1V3aYeBRXWkcFu9XKxUD4q5uC4TQTnCiZUhXCvN1g6EPF7TiTJqWXXSk52HCd7,212,main
2026-10-07T20:48:05.921668Z,0x584442df7d2011a1f8156208b5cc25be36ac552c48bd56241ad1fde102b3fe5d,AQHstwk1uwAEnz8JE41HEbbD1EaPBjBwtid2qbo1Q3KD,So11111111111111111111111111111111111111112,ED5nyyWEzpPPiWimP8vYm7sD7TD3LAt3Q3gRTWHzPJBY,wSOL,MOODENG,sell,5000000,13498007,5000000,13565836,fulfilled,Executed,Grr6…x1jS,2,dD3JzhM79bqgJ3LZAGdpvwNDvB4u5ApNn2gBRAiXMCDoAfFcNwwxnuUdXcaFMpfnaTbu7o4Qz6dcXbHLrLbiU5q,323,main
2026-10-07T20:48:06.171725Z,0xed2811b51c0cf07c8d2ade82017db4f47ccafbbd8ab02f77d164205f60edc34d,Dy1CJYGtZBZBsAqe13BPSYqDy1pyrThHBi6g2zTVASd1,So11111111111111111111111111111111111111112,pSo1f9nQXWgXibFtKf7NWYxb5enAM4qfP6UJSiXRQfL,wSOL,PSOL,sell,5000000,4520041,5000000,4542754,fulfilled,Executed,Grr6…x1jS,2,nhybypdKp7ZSNBf7X9Fw7zXddA8JUE48biJfAFt5QkYW3r4gD7Bu6AGdcDCciyTpbz9ZFvgYHwDanSiyRmjd7Bp,351,main
2026-10-07T20:48:06.526904Z,0x86835a7ba35dfe0c2bd8504908728614aa154ac6decb0e1353e304e2d4c69f97,HTsxGEXBSe8rdUJjtW7e4v4YChNXTVmLQXuqBvvQtJuF,7V6Sk63y8Rr1MvcN5mYNp61wgFhy4EeQg5gUASk9pump,11111111111111111111111111111111,HBULL,SOL (native),sell,4500000000,4504216,4500000000,4526850,fulfilled,Executed,Grr6…x1jS,1,2j79UhUrPd41SrqmEZPRG1m6NaNR2g7KFtQ1AhD35VtHoVhheLVMwnuHTLiG8shkkrodjpeZD78Fjf388HrBLTHC,198,main
2026-10-07T20:48:24.422802Z,0x9c287857b72064c1ef664339f3fe038c9ab9bf3d956c3ba53de5753c918c7bc9,4SqtvDu46EtUmHrpwzvvzqUtA8FJD7tY3baar9XQU33g,mSoLzYCxHdYgdzU16g5QSh3i5K3z3KZK7ytfqcJm7So,11111111111111111111111111111111,mSOL,SOL (native),sell,3190000,4463921,3190000,4486352,fulfilled,Executed,Grr6…x1jS,7,SqfpYocN4Px5wsub2a3C4acrqsa1e9LoheLw6SimL7JnRT2cYTGk2qQYACzogShHGbGBD689yGoQrWyHmae2Bsm,174,main
2026-10-07T20:48:25.149521Z,0xabca135f6284535184ff5a995c336bac9fc64a994c72783ef3f5c91b3bbc0794,5akdWDVyHEWgFASL9q18W1wvJcy546hL4EGfPF6Hiwrd,8XtRWb4uAAJFMP4QQhoYYCWR6XXb7ybcCdiqPwz9s5WS,11111111111111111111111111111111,ALON,SOL (native),sell,117000000,4591860,117000000,4614934,fulfilled,Executed,Grr6…x1jS,6,2GHxxNyzU8P9GSrjRpukriLYEfhAJ43ct78G7pDGjzqCzbTb3gcuenypvcePfJ9DQ8rupz8EcqT3E739KgxWiDTZ,236,main
2026-10-07T20:48:32.255459Z,0xca7b24fd70d8bdefceb3719f15a5c704e674b9842d3c985d90b3299336c3aaad,GikSpMABHu6MJERkF3N9GMmwPXfEBxABjChVkK1W9ji4,Tqj8yFmagrg7oorpQkVGYR52r96RFTamvWfth9bpump,11111111111111111111111111111111,KINS,SOL (native),sell,754000000,4126163,754000000,4146897,fulfilled,Executed,Grr6…x1jS,7,5b91YMzeiChBbBSapLuPk1JEfjFHANtKJuxVZUxvniqSQfbfPeSw3LXUvESgtechkFmpWXKLzp3FetvAu8V6dPyB,286,main
2026-10-07T20:48:34.623234Z,0x12c2a25b628cb1d98bd22da3a66991941d15931c2f467c33ffa0c7aa1080fb80,EGXsUdM4HLc983jD276LHz87k5zBZSJrJc137qcokK8D,So11111111111111111111111111111111111111112,KENJSUYLASHUMfHyy5o4Hp2FdNqZg1AsUPhfH2kYvEP,wSOL,GRIFFAIN,sell,5000000,33505890,5000000,33581804,fulfilled,Executed,Grr6…x1jS,4,4LYSGQHtDcjJ5urz2gHgqaS1N5fDfZpeypKmnmbqv5mEom5G4hQkcy8WnWwL6Ezjjjxqwo1ebFQG5XSUYetgBKgJ,271,main
2026-10-07T20:48:36.061283Z,0xa1e9b0a36b581658caf277e88634ae589fe38d9f2431aacabf51c7fa93186229,4p3tgZxpw2gKnJnVwQ4Ah3av47HywcXfFaXTFGNU2aTT,3ThdFZQKM6kRyVGLG48kaPg5TRMhYMKY1iCRa9xop1WC,11111111111111111111111111111111,eUSX,SOL (native),sell,500000,4484215,500000,4506812,fulfilled,Executed,Grr6…x1jS,3,pCacpSrqH9pJcZnrmdRD6KYMso3EhF6bQNN95d7aV6hHypQaJKdS45vwrZtBZYF1F5MPsPuZkZNfW8poDUMdS8f,242,main
2026-10-07T20:48:36.399521Z,0xd4797d06bc283309cf5b707a5793f2049afde6c0210cbb8f69f232b2f665a898,CaMSDEBp5zy2QxSYqDxqbk28qxFwzLXiNdFJiv9TKqhU,So11111111111111111111111111111111111111112,CVhWiQ2SBhpTJ3xAR3ekf3uf8Ns2tNzj3mEtzKSpump,wSOL,WINGIT,sell,5000000,108256189792,5000000,108800190745,fulfilled,Executed,Grr6…x1jS,3,5UDvp3oGQMH5Jg2G8w7u9JWzqhKK8ccqtcTHmkf6cnkTUGgKwWBcWP5XvMRYcfjmobzwNd3k1ibMFg9P4amQSgz5,321,main
2026-10-07T20:48:37.759505Z,0x98553dae6d21e2ae94c09ff9542bbcdaab8d8f80bd472c878e1af0b89589ff12,7RqUGHCV2tngEBctNc8o58nPDy6AsYzsUHAW2JgA2XX9,So11111111111111111111111111111111111111112,7Y7V1a4m2nWK7BMgbka5B4vR1pDvCK7yva3Hnrqkraze,wSOL,NASDUCK,sell,5000000,3768953772,5000000,3787893238,fulfilled,Executed,Grr6…x1jS,4,33r9HrxZmHFV4cx9xGKySbywrxGYYzNH8jukfa9iD3XZyh3AhnXtToJPWZXXGz2NuxwyMYM43KnjUeCeg7MD99sD,191,main
2026-10-07T20:48:43.551484Z,0xaf49521c5a59a3df25944b89770e752a6e2ddac0114b27c72cf6c9de41cc56cd,AEZeUZRrPrAJ94wX66QCy4hwNYQyM4SR9tzQzUjg7UPX,oreoU2P8bN6jkk3jbaiVxYnG1dCXcYxwhwyK9jSybcp,11111111111111111111111111111111,ORE,SOL (native),sell,467000000,4655713,467000000,4679762,fulfilled,Executed,Grr6…x1jS,6,4U2GXohaX7xkNeyY88gEZaptgwd8CFFycvmAKUwvYMAAXzPjoTm7GibUvb5TathLX11QP6obGLD2mADK57r81YEr,180,main
2026-10-07T20:48:44.448396Z,0xc700e3e8065e7b56974a7d12ad889d03c6c7f8fecf8774dfab40bafc13163542,CcQdkRAXeX7seuZLmiapfpM6CVBndVrsvMe38E4Uypyg,So11111111111111111111111111111111111111112,7nLukVng5teXze14rum9v57juXLjUp7JJnCveko1pump,wSOL,Martians,sell,5000000,4185763745,5000000,4206797733,fulfilled,Executed,Grr6…x1jS,6,4SQWvb5Zczi7ptjM22FMfSi62H3exMP44Th9ARtCs9WHvfRcjdGNHBUYeGwZCv7bds6GaMkJkAaoj779k6h4j7y5,329,main
2026-10-07T20:48:46.629112Z,0x3e7852d30585be5ac5e6670876450ef2e65489206a4ebe47e96196acdcebdebb,BQAD73uj3XftKnCB5ZB7P67b7AvEdfLefYbLiipch5oC,So11111111111111111111111111111111111111112,VJdpSDDLof7HuZiNmsRUSL4YCncsk1FGiVoHyAJpump,wSOL,BREAKING,sell,5000000,98062216695,5000000,98554991653,fulfilled,Executed,Grr6…x1jS,3,FSxMYj5GbKg7oxRpn2a3P8wXQ9P27hNjzabcKPxRF4tyKF692C5hwC5s1WMsduKEadEi7gPeQffryQ5NHaGR6sx,243,main
2026-10-07T20:48:54.158304Z,0x8e89cebc65d61d50671cbd400cd8792cbbd5a946f152aa3d8f97df6b1e43402f,HoWtt82mr4wqKqMDy4jFDRs1C9kt3kY6KtXH3i83fyn5,So11111111111111111111111111111111111111112,EEpng77ZPn9FbgbT4xsRjwuxNCcMBYq3HTwEscyTpump,wSOL,HeeHaw,sell,5000000,4647202622,5000000,4670555398,fulfilled,Executed,Grr6…x1jS,3,2ghd3ULzzgRcrXQfrf3LubZCmua68cGPVhR9gnzkGtaDnStLJ3G1sWSNFLpfJcQUiatu8UMVCbYi6hsbB6bnQkh2,221,main
2026-10-07T20:48:54.200282Z,0x6e27f7ec1ff146bb698f6e58932a8f021fb44ce83669f53d8fdbeb896e30dab4,CaMSDEBp5zy2QxSYqDxqbk28qxFwzLXiNdFJiv9TKqhU,CVhWiQ2SBhpTJ3xAR3ekf3uf8Ns2tNzj3mEtzKSpump,11111111111111111111111111111111,WINGIT,SOL (native),sell,98600000000,4388520,98600000000,4410572,fulfilled,Executed,Grr6…x1jS,4,5AmZYN2qzEhzQou1tn1kPADeAMFBavuLYccTChrdJ6ipth3x6aSqqVW8KUJpBKqc1UA8qzb3BQZnWTDra7sASLot,322,main
2026-10-07T20:48:54.560158Z,0x8b57a4bc5f635e3401af5f06ee2c2345bd2badb30a7e2e9669d8ae80bdc248ed,4SqtvDu46EtUmHrpwzvvzqUtA8FJD7tY3baar9XQU33g,So11111111111111111111111111111111111111112,2bpT3ksMdwdZ6DuHyq3FDUr7HDwvZ5DRZoT1fUPALJaH,wSOL,RIV,sell,5000000,144239183,5000000,144964003,fulfilled,Executed,Grr6…x1jS,2,2M5gh8vPzjXcHGtAjiPALYe9MUFc53JAnXZMpnvLUx4tusDT2KxWLnMhNBhqznCFyJpZ2H1FkTbQQNEDsz9xkE93,233,main
2026-10-07T20:48:55.064463Z,0x5ffc59adc8aeff8f3f26f313183822d4e011c42cf175eb061639049f91dda988,7RqUGHCV2tngEBctNc8o58nPDy6AsYzsUHAW2JgA2XX9,7Y7V1a4m2nWK7BMgbka5B4vR1pDvCK7yva3Hnrqkraze,11111111111111111111111111111111,NASDUCK,SOL (native),sell,3310000000,4235759,3310000000,4257044,fulfilled,Executed,Grr6…x1jS,3,4Uo55kdRwcu8Jq3qwWXEMmitg5mzLkbvZrB4KvSW5U7fq7UGMB7Dmr3uALX6vxaVekfCC51y3stDbc1oSNFSZh2a,192,main
2026-10-07T20:48:57.871596Z,0xf1bf297da0a43c86ccb57d3d88d4bc2fac3354a7a8afc829202c69e965fa45b5,EGXsUdM4HLc983jD276LHz87k5zBZSJrJc137qcokK8D,KENJSUYLASHUMfHyy5o4Hp2FdNqZg1AsUPhfH2kYvEP,11111111111111111111111111111111,GRIFFAIN,SOL (native),sell,28600000,4207381,28600000,4228523,fulfilled,Executed,Grr6…x1jS,4,4TxvUBXQipQiDwSVgwW5bgStUrKcEiNR7r8DeWvS61SQC1R85fNfY9CEUXkBAevbz9BnZByL5cu3Afjv4kTAVqpx,272,main
2026-10-07T20:49:01.100322Z,0x55bcbe4a05d144f90c33fcb8955d649ab3d50384cbeaa864dccddb88b5a07ff2,CcQdkRAXeX7seuZLmiapfpM6CVBndVrsvMe38E4Uypyg,7nLukVng5teXze14rum9v57juXLjUp7JJnCveko1pump,11111111111111111111111111111111,Martians,SOL (native),sell,3930000000,4528368,3930000000,4551123,fulfilled,Executed,Grr6…x1jS,1,2up3w2kUyhJMKjsTVn9YRMEf3je2hMCkhAuSvjDcx7geAgdzCaqqzMV5Cs5LzK82SEdHjjDKV1NaC6D5mTNyjtPo,330,main
2026-10-07T20:49:08.528533Z,0x1b06e2ba907eb7a685ee07811d6a45e6fd04707cbf3a18a5e70b22d59b9901c5,4SqtvDu46EtUmHrpwzvvzqUtA8FJD7tY3baar9XQU33g,2bpT3ksMdwdZ6DuHyq3FDUr7HDwvZ5DRZoT1fUPALJaH,11111111111111111111111111111111,RIV,SOL (native),sell,133000000,4532537,133000000,4555313,fulfilled,Executed,Grr6…x1jS,3,4FufGPUvNnQ6QC5jcPrvq8C96NUwrbbS8A8beYu6qCXLv3By9ANCMM78Nz8cRZrGzWA9VEmJ1U7PrsZALYMyPijF,234,main
2026-10-07T20:49:14.056603Z,0xeaa151f6a2896adc64250f83eb2353836f276515902f4a456f6578b42cf53740,5akdWDVyHEWgFASL9q18W1wvJcy546hL4EGfPF6Hiwrd,So11111111111111111111111111111111111111112,8k4sBtEeK4pf26noKqApv8NBTnuSJcbdwpKYknk5PbAA,wSOL,CALI,sell,5000000,495412752,5000000,497902263,fulfilled,Executed,Grr6…x1jS,3,3vk15cEHZ1d1NZgiX8FgHvctBbcurpR2ttW5t918P1CEJPva1UrNoixgKDkQaqDsYqnCvQGJoknr6BHQgXKhdkaV,295,main
2026-10-07T20:49:16.752605Z,0xbec54c28fc8a8895d0488325c4243f050c907567d8bf88c86aa854bafdcd8862,4p3tgZxpw2gKnJnVwQ4Ah3av47HywcXfFaXTFGNU2aTT,So11111111111111111111111111111111111111112,ZBCNpuD7YMXzTHB2fhGkGi78MNsHGLRXUhRewNRm9RU,wSOL,ZBCN,sell,5000000,238714133,0,0,expired,Winner too late: creation blockhash expired,,,,301,main
2026-10-07T20:49:30.032120Z,0x67c6c407ff391d58867bc464e3fb4e8c23cfd4a77977a23b6eabce169fce1c97,5akdWDVyHEWgFASL9q18W1wvJcy546hL4EGfPF6Hiwrd,8k4sBtEeK4pf26noKqApv8NBTnuSJcbdwpKYknk5PbAA,11111111111111111111111111111111,CALI,SOL (native),sell,392000000,3837709,392000000,3856993,fulfilled,Executed,Grr6…x1jS,2,6DTbazuSc1u7wejcxwyxYBCNXWsMTWkKmjcAVrE81yJuWZ7goftJDNDcsTpCfGVdYPgbjuKh4ksqns6JHrRnATy,296,main
2026-10-07T20:49:33.921353Z,0x5f4405855c6ad0707d849728c9d885439dcee5c923b8e55cbef992ba44286f62,BQAD73uj3XftKnCB5ZB7P67b7AvEdfLefYbLiipch5oC,VJdpSDDLof7HuZiNmsRUSL4YCncsk1FGiVoHyAJpump,11111111111111111111111111111111,BREAKING,SOL (native),sell,89200000000,4382854,89200000000,4404878,fulfilled,Executed,Grr6…x1jS,7,4z6zZmRMa7BVsK1btiZBednD1ZvvUzkGw1UoCKAqTmsRz9r4nPdBKPnQxtCPHPp6yntVrDv5vtznCVgC8CpGjgQq,244,main
2026-10-07T20:49:35.232391Z,0xd87e45d5178046d360ec9fd0c04fd76fe593dbcc800d6da3711cdbfc7ba5cfc3,3FHY6qZALHavE387YcUMyqFYdYCiR5PbLSxdQBpwR6JK,So11111111111111111111111111111111111111112,CLoUDKc4Ane7HeQcPpE3YHnznRxhMimJ4MyaUqyHFzAu,wSOL,SANC,buy,4598724,8490000000,4574804,8490000000,fulfilled,Executed,Grr6…x1jS,27,2ChPTKFDgto4KpQH5zi2P1r5B5NNU5sURnMwvDSMfWXyhQEhppJq3fY9q2kyxPW77QhWWJ96yx46gcxJxpnijmiJ,368,acquire
2026-10-07T20:49:35.367590Z,0xfc9db842fc9e1ec1fe87945a81422322384d2d2323be4a9f38d714b893be380a,7RqUGHCV2tngEBctNc8o58nPDy6AsYzsUHAW2JgA2XX9,So11111111111111111111111111111111111111112,XsbEhLAtcf6HdfpFZ5xEMdqW8nfAvcsP5bdudRLJzJp,wSOL,AAPLx,sell,5000000,170747,5000000,171675,fulfilled,Executed,Grr6…x1jS,7,tvQLiHHZ6PeBpwQoztdb46dBv633kqW97zQEvi6Zo4s25MDJeqL3hbRedXxYMEYtXmybzjBdNwfHZDvYqnEHsqt,251,main
2026-10-07T20:49:35.479356Z,0x8e4e4efce1458cd3911574efbc426d7bc4edd8940a17e328cc36067c53fc6d63,91V7pVaQyARieyPXcNpxQZdqk5KoH7P1vgg2YHNBfSti,So11111111111111111111111111111111111111112,91ryaCo5yGpYZM3bs6GUPs97VWJQj7RozBmqPULgpump,wSOL,TIGRINO,sell,5000000,16622702233,5000000,16706233399,fulfilled,Executed,Grr6…x1jS,7,5bjqVJPUwQeLr3X7KSi1VeLMS9gNMFZQpwkwiYQVWdfPV4LAWBYV4GpdajGRe4NLpXP71mvX9AbXekRKQZHpohpf,267,main
2026-10-07T20:49:35.810812Z,0x4db33449ba4361537dcf2d51567407d854ee8a54b905943800a772edec1f908b,CaMSDEBp5zy2QxSYqDxqbk28qxFwzLXiNdFJiv9TKqhU,So11111111111111111111111111111111111111112,FPfi9q1AixdUeWQVPFHJMJQ7a43S78dm6UZ4fzN4pump,wSOL,nosis,sell,5000000,11004661705,5000000,11059961512,fulfilled,Executed,Grr6…x1jS,6,5bjdCuJiucoj9EwGTzZfDWjAgikfW3k9ssk7ngpWjS7czpfvVUgknGarov3J88WjjJnoUBB72pKBUfWaYG1J2Dpu,381,main
2026-10-07T20:49:38.567870Z,0xaac673d5ce073dd64f8a882b680e8569a89b61f458889558789207fdad28b769,AEZeUZRrPrAJ94wX66QCy4hwNYQyM4SR9tzQzUjg7UPX,So11111111111111111111111111111111111111112,hntyVP6YFm1Hg25TN9WGLqM12b8TQmcknKrdu1oxWux,wSOL,HNT,sell,5000000,109365571,5000000,109915146,fulfilled,Executed,Grr6…x1jS,3,5MkveYkzExz9nGhKZ2r58JxnCeyB1Eq1vzRvkDDMh9Z4DFSWBCik7qHXaPXfTGV83qLxAKMsrm85sNc6Eurjx3id,239,main
2026-10-07T20:49:39.051321Z,0xdbe4b01c1e81456281e9b0aad27f8fe89269c2b2b61681e0f3963e80ac7cb14a,AQHstwk1uwAEnz8JE41HEbbD1EaPBjBwtid2qbo1Q3KD,ED5nyyWEzpPPiWimP8vYm7sD7TD3LAt3Q3gRTWHzPJBY,11111111111111111111111111111111,MOODENG,SOL (native),sell,12300000,4479282,12300000,4501790,fulfilled,Executed,Grr6…x1jS,3,2iSo1YfjJvcM6yCZNz5bS2HAdP6JhrRzzTfEJaHzU755D47f8EgmqA4mAQ35A5UEGAxJ6QeBpmZ3hRS8Q75vC8ee,324,main
2026-10-07T20:49:41.383178Z,0xed952ed41f5d64c75590535a4812560d5392ee50ffa74b02020c60a6b89db54e,Dy1CJYGtZBZBsAqe13BPSYqDy1pyrThHBi6g2zTVASd1,pSo1f9nQXWgXibFtKf7NWYxb5enAM4qfP6UJSiXRQfL,11111111111111111111111111111111,PSOL,SOL (native),sell,4090000,4470165,4090000,4492628,fulfilled,Executed,Grr6…x1jS,1,4D5wyLpNBnvzXwcvKDdxyScbnSkDh5YV2XKk9PhpaJDx8pfKvY814cUbR9tHb3UifsMVagqanmHVEamaggjQVCcz,352,main
2026-10-07T20:49:41.887610Z,0x42b43e6d8cf51a018562ca1dca2c0585adab6ce99f5b896b8888d13587c1607e,GikSpMABHu6MJERkF3N9GMmwPXfEBxABjChVkK1W9ji4,So11111111111111111111111111111111111111112,LBTCgU4b3wsFKsPwBn1rRZDx5DoFutM6RPiEt1TPDsY,wSOL,LBTC,sell,5000000,689,5000000,692,fulfilled,Executed,Grr6…x1jS,9,39RNsTXveBP3dK2hstc1ygYW1zayCEHBKTdT6oqG8SXHt5iTBnvokoFo1cti7yuFatUUhdWh4Q8bbzGKK3FNkxED,345,main
2026-10-07T20:49:42.396905Z,0x0831f2ffd7160eb77ef141d73a01f4d9b35e1049fcb99569406f8beeb2aea7e1,CDY1rvEes25vx7DZwxp5BRSgAewDQMgwBExfAMEymdMC,So11111111111111111111111111111111111111112,B4ptaVsUe6YbtBwAS38WFeweSrVNfQLCcj9JRrtjU8vn,wSOL,SOLdiers,sell,5000000,14349800703,5000000,14421910254,fulfilled,Executed,Grr6…x1jS,9,2CkJzupALKJaxXbZFTDQ1VB8yoCsReqfFHAW9DSeZDrpQWz1xtpupMouZv4TitEyjfvgRpqMKbAyUkBGDc6m1Pi7,205,main
2026-10-07T20:49:48.055487Z,0x92ccc1d0cfb02ed096870296bf0550ec83c9826699048cca6f4bb3959b566e2f,2kV12Qsin6Wfxr2Pr6M8bqUbjqMppw4gpqAbV18TiFfJ,So11111111111111111111111111111111111111112,USDSwr9ApdHk5bvJKMjzff41FfuX8bSxdKcR81vTwcA,wSOL,USDS,sell,5000000,577146,5000000,580053,fulfilled,Executed,Grr6…x1jS,4,5DmW1Z92SEsJRVaEYzXx7qyNYLU9ijy86QJeG3Eb8v3hTHQTPVaHfe9bb3iLTgJZHEvDaCDQ863VCb2aaaGqEb1S,157,main
2026-10-07T20:49:48.180813Z,0x6594853e6293248c3ff0da6dea9676d1d42beb014de28bf231a1de47a9966fd0,5akdWDVyHEWgFASL9q18W1wvJcy546hL4EGfPF6Hiwrd,So11111111111111111111111111111111111111112,gF2fSfar4x1BiZ9n2MLMAVYVWQYzxpsrXC6hGV7pump,wSOL,CAGE,sell,5000000,121830075300,5000000,122442286733,fulfilled,Executed,Grr6…x1jS,4,5tSjNLy7sS9BF1iMtFniBzN3oY4LCoTCFru5HiV9FV7T9yrRCrL4jjaMUR4NduVZJj1Zo3hFP8QVKn5UW1EHRTP4,355,main
2026-10-07T20:49:50.755310Z,0xd06bbf75cd8a333118bda728fa8c91668f4993f2c898172b24f7dbb9a86aa0f7,91V7pVaQyARieyPXcNpxQZdqk5KoH7P1vgg2YHNBfSti,91ryaCo5yGpYZM3bs6GUPs97VWJQj7RozBmqPULgpump,11111111111111111111111111111111,TIGRINO,SOL (native),sell,14200000000,4139504,14200000000,4160305,fulfilled,Executed,Grr6…x1jS,1,5yomg8ofWtrz4xLJ35CSVjrRczfat4vfVEApn2bST78zm8hCRfsXjEFfk7tUURXnsCWHeSF5VdjyGj5CEAp7QeHT,268,main
2026-10-07T20:50:01.516956Z,0x103118621eed68d169b3f2c3d8e2e872e3c39e5a2771d582f9e7bd3d99aad5e4,BQAD73uj3XftKnCB5ZB7P67b7AvEdfLefYbLiipch5oC,So11111111111111111111111111111111111111112,XsqE9cRRpzxcGKDXj1BJ7Xmg4GRhZoyY1KpmGSxAWT2,wSOL,MCDx,sell,5000000,244566,5000000,245778,fulfilled,Executed,Grr6…x1jS,0,S5Lc8scmjEVLyan7VaWDnxcmQD8U5C5o7W2jMHHdNkniLwMqwG7eNNCid9Cf34L8GGj7qmcFWhijXGPqYGbxSSA,303,main
2026-10-07T20:50:09.296634Z,0x607f7fff24b055a52467751d47f1b22f5f2ec7ceb8882ee92e721d653bfad0b8,3FHY6qZALHavE387YcUMyqFYdYCiR5PbLSxdQBpwR6JK,CLoUDKc4Ane7HeQcPpE3YHnznRxhMimJ4MyaUqyHFzAu,11111111111111111111111111111111,SANC,SOL (native),sell,8490000000,4524231,8490000000,4546225,fulfilled,Executed,Grr6…x1jS,6,wL9yq1cgcib8WAg8ZqFG78zHPSMLKKf8EFVJYXBrwAtadF65fbwXLohnxJrSWfNJuDgeDVZVknxiQaUR4dHYWNS,368,main
2026-10-07T20:50:09.350307Z,0xf4c229ab2c8d23c257722437fc9fdc5d2f13d62d6efb0e8800f47fce6bfc8f88,7RqUGHCV2tngEBctNc8o58nPDy6AsYzsUHAW2JgA2XX9,XsbEhLAtcf6HdfpFZ5xEMdqW8nfAvcsP5bdudRLJzJp,11111111111111111111111111111111,AAPLx,SOL (native),sell,155000,4474555,155000,4496640,fulfilled,Executed,Grr6…x1jS,6,3DoGBoCagayaqXCSCKmTkmPxrvaUix3AdVAJ5dcmDF6qo4YjYePM368GRqDHtumjhv59p6RvgVduBSMQP8b6e7Tz,252,main
2026-10-07T20:50:09.679005Z,0xdd88597f0712afe073130c13c57f0b176d8f4abff1c104f48b3e5d6041c64731,CDY1rvEes25vx7DZwxp5BRSgAewDQMgwBExfAMEymdMC,B4ptaVsUe6YbtBwAS38WFeweSrVNfQLCcj9JRrtjU8vn,11111111111111111111111111111111,SOLdiers,SOL (native),sell,13000000000,4365035,13000000000,4386969,fulfilled,Executed,Grr6…x1jS,5,4cawLsiHt1BGbXPh66B3RGxbUK1tNfdUtbG7LFzkVujRUKZMvbYccRexFrGf5XNajAWFRmT9AygAV6zxcswxHuzb,206,main
2026-10-07T20:50:09.804239Z,0x4d7a43c508193e23f3f9c24809ad36f86ac371389b219939511273fb35e43b92,GikSpMABHu6MJERkF3N9GMmwPXfEBxABjChVkK1W9ji4,LBTCgU4b3wsFKsPwBn1rRZDx5DoFutM6RPiEt1TPDsY,11111111111111111111111111111111,LBTC,SOL (native),sell,626,4466396,626,4487921,fulfilled,Executed,Grr6…x1jS,11,4Nd2VBWNjbmyxiw76JFZigkKcxK8LxKYVBnbELrSkrcB24nnT4iQcvS3CXRitKaeGd1unNPZHHB3mpgr1oze4f4X,346,main
2026-10-07T20:50:14.047933Z,0x0438c817a6687fc4f0521af6b317022552594f812d9f75aad69014a8de6fd0f6,BQAD73uj3XftKnCB5ZB7P67b7AvEdfLefYbLiipch5oC,XsqE9cRRpzxcGKDXj1BJ7Xmg4GRhZoyY1KpmGSxAWT2,11111111111111111111111111111111,MCDx,SOL (native),sell,221000,4462165,221000,4484587,fulfilled,Executed,Grr6…x1jS,3,33epSojQvMrkKz7xzyxqN7yVedME5UncqvLDSgwkm8zqGTBttFFWy1oGK9tR8jYyDhqqhQUUW7mCYZrSqhaky4oa,304,main
2026-10-07T20:50:14.555150Z,0x5cbd04d4f054c0871d6dd947f35873bdf7859fcf19534633fb9dda53c6ba33e8,EGXsUdM4HLc983jD276LHz87k5zBZSJrJc137qcokK8D,So11111111111111111111111111111111111111112,METAewgxyPbgwsseH8T16a39CQ5VyVxZi9zXiDPY18m,wSOL,MPLX,sell,5000000,10706134,5000000,10760044,fulfilled,Executed,Grr6…x1jS,16,56R6KHNzN6hLuAMfWhLXcS6rtukb2d6cQdCSMHGZSqcXpzQBebvJymfUDoyddj3Jko4xQF67w3JWNWfjr4rpTszx,331,main
2026-10-07T20:50:16.469065Z,0x64d722b2b2a938cfdf553c4c9660530f7d63170c90ffb8df7b4958d1bbfa9c7b,91V7pVaQyARieyPXcNpxQZdqk5KoH7P1vgg2YHNBfSti,So11111111111111111111111111111111111111112,42cXQvAAr7hcPBPWAS4ocVtDyeJ4Fa6gRR2uG4gppump,wSOL,TBB,sell,5000000,73023652,5000000,73390605,fulfilled,Executed,Grr6…x1jS,1,4m4KJzgUYd37uuHwmuXXfpsrhSp7XHM84gzWvAX5P5dkVGDvCwhyHeNLLF8KY3dbjPWVptaJebMnNPmKmz5jTw5U,327,main
2026-10-07T20:50:16.822127Z,0xa6ccac7ade532fb90ec2d57396f09a4756f12bd712b556284512ffbc3b4af126,5akdWDVyHEWgFASL9q18W1wvJcy546hL4EGfPF6Hiwrd,gF2fSfar4x1BiZ9n2MLMAVYVWQYzxpsrXC6hGV7pump,11111111111111111111111111111111,CAGE,SOL (native),sell,111000000000,4389982,111000000000,4412042,fulfilled,Executed,Grr6…x1jS,5,yXT4foLL5EhUBGfBpLVfd5HFwEfXEAuBroPdQpr85ZuN49WAn21nfdBw9NoHJpqnBpxvt7TPQjxcNGoyFg3gox9,356,main
2026-10-07T20:50:16.945238Z,0xeb34f38580f19a64b2d6524b50c64b1c0e0ee4e9b8687cddd648cac9e611813d,Dy1CJYGtZBZBsAqe13BPSYqDy1pyrThHBi6g2zTVASd1,So11111111111111111111111111111111111111112,EjD5Y9NVhXmtEqU7wYvAyZvDWZFQeEuHXFatJmTbpump,wSOL,lickingcat,sell,5000000,39739630372,5000000,39939327007,fulfilled,Executed,Grr6…x1jS,5,4QNDqgD4gpxSRC3uWyw97m1rDMcntQUzkFAyG6VD35P3bq6LVcvtvoJWXLaNSFxwTWcQNQCxQbktsrc8REuC34St,411,main
2026-10-07T20:50:17.542375Z,0x71c5ec625b9a0426040fc1439a8f412d993ed984a0945b07bbe1fd33887f641b,4p3tgZxpw2gKnJnVwQ4Ah3av47HywcXfFaXTFGNU2aTT,So11111111111111111111111111111111111111112,ZBCNpuD7YMXzTHB2fhGkGi78MNsHGLRXUhRewNRm9RU,wSOL,ZBCN,buy,4563375,218000000,0,0,expired,Winner too late: creation blockhash expired,,,,302,acquire
2026-10-07T20:50:32.257903Z,0x934f5ee2d2bc49f30a9d60c7668052ae4c2e688922235ccbf27d91d776378414,9XSrZ8RkSZ3WDoGkrgWHrmMhixsoWZTLnPxBtQNWNK9c,So11111111111111111111111111111111111111112,GbbesPbaYh5uiAZSYNXTc7w9jty1rpg3P9L4JeN4LkKc,wSOL,TRX,buy,4533607,1560000,4511289,1560000,fulfilled,Executed,Grr6…x1jS,10,LPxt5VKXJbamhRWGLZZYzkEp1BbBfCZWLLKvtogfkQmrV5qmdE8s9dWQe6Ut3xMqheC3HHT5UkPRtxpSTZ6u9wv,160,acquire
2026-10-07T20:50:47.226803Z,0x22bd03220243a02e326c88e97be3561b4c8dd71f46b11bb32580806f8b8d2617,9XSrZ8RkSZ3WDoGkrgWHrmMhixsoWZTLnPxBtQNWNK9c,GbbesPbaYh5uiAZSYNXTc7w9jty1rpg3P9L4JeN4LkKc,11111111111111111111111111111111,TRX,SOL (native),sell,1560000,4475858,1560000,4498059,fulfilled,Executed,Grr6…x1jS,5,4CcBTGNbKmmC1Aam5UzrtQhuu71kw49F6t7Lzyn62FuA1L6AzCRqJn5Yt15FkM3eHMYyfFoymTRNdPbVq6GvPMpp,160,main
2026-10-07T20:51:01.907993Z,0x1fa25d031082a29085f1fffcc0aef5624820e0c2eb8fb693e02556fef90095a7,91V7pVaQyARieyPXcNpxQZdqk5KoH7P1vgg2YHNBfSti,42cXQvAAr7hcPBPWAS4ocVtDyeJ4Fa6gRR2uG4gppump,11111111111111111111111111111111,TBB,SOL (native),sell,68700000,4647663,68700000,4671018,fulfilled,Executed,Grr6…x1jS,5,3sDJeN1bFxjgP1x4xw6h9LxYm8W1FaRSRtpsFh8SqfBQcH1eTS3jDHHutoPj5Az2aaTQhtQtZY4r1Dn8EkipbRCB,328,main
2026-10-07T20:51:05.205683Z,0xbb66fca3716f0c71048de4da32c144d66ccc10b5988b86a70c4900e5b95a530e,BPmy52DKPodqoSUirZUBedULujAZr6s778i4hc153r1X,So11111111111111111111111111111111111111112,FeMbDoX7R1Psc4GEcvJdsbNbZA3bfztcyDCatJVJpump,wSOL,three,sell,5000000,1334362560,5000000,1341067899,fulfilled,Executed,Grr6…x1jS,2,5zCVk3P78CN2tEM84etQAsVMoEWsSqn5xJmZ6AQcRJUmbaVYaCBgrhkenpsCDT6Zwc3UeZLFgBhY3ZagLZLGwP6G,315,main
2026-10-07T20:51:05.461352Z,0x7d923dcd0955a2e047575be0b32cae3f19a15cf94f14571898944f2b77fdec68,AM6Qwi3vwMCGpRbJ55zDatByeAtsbcfXvXBh77be8C9T,So11111111111111111111111111111111111111112,3kmygWKZBkCYrgZHKfiuB9UFKTcDLTFFsKo3BWpmpump,wSOL,PARASITE,sell,5000000,5817129494,5000000,5846361300,fulfilled,Executed,Grr6…x1jS,2,5Aq1aFVFUAHz6hRhKMEShCxf9n5U16382eGr9Lrhs2zqWMQYX9XRgAi93KZPbgZkKysNTHcibqxeSm3veZrdmbv3,309,main
2026-10-07T20:51:08.830999Z,0xf77332f76b3d15ec2c726df6de0314ec4b5f939bf80a37a702b8233885876470,BsXAAY6SvTyWYjwKCa5SUs1kDBK6n7ia7qvRPVj5dFgz,So11111111111111111111111111111111111111112,NKEda5nHhNGgjrE9nDdMvaEmkmJ96qqxzBVZEcKmjSg,wSOL,NKE,sell,5000000,16791,5000000,16874,fulfilled,Executed,Grr6…x1jS,3,3so2Kgm7T68xLpbwNWK3i6Ea1FNhjCHgmyw5rxQBksMZppCXiutC9qTNVWnL5byKaRvv43wAbb4Cf8pXQ1N1yw5h,453,main
2026-10-07T20:51:09.070180Z,0x705657b3805399f1f5ebed5a4ee350e3fd7547768c9364e0bf24bb88340abdfc,9XSrZ8RkSZ3WDoGkrgWHrmMhixsoWZTLnPxBtQNWNK9c,So11111111111111111111111111111111111111112,BXoHJddsWJLHtAopeiSbKUSELsu8hSFMs8baGMDkpump,wSOL,CRAWL,sell,5000000,204168811,5000000,205194784,fulfilled,Executed,Grr6…x1jS,3,4VAb57Huvu4AqTT3W3gWLQ2G7jogBDbLRhgqBrZrke2qtpUEHkD2s38U2dePXVH8mr88A2cRAhKPniYpArSDWUeq,219,main
2026-10-07T20:51:09.206151Z,0xaf921774bd702851a6366d82192ed8591f48a0e5c7e425a8309d0ff29e150f8b,7wPqkLkFafKQZEkqFhbCP2c9vapCvxmbM7AcKRgMT8u6,So11111111111111111111111111111111111111112,TTWofwAge91oFhZs7kpQdyrVRkmevgM88xijGvQFbKo,wSOL,TTWO,sell,5000000,2823,5000000,2837,fulfilled,Executed,Grr6…x1jS,3,2s74F2s9hgjsWS7PEJVKtX6J7Qi3gSoarXn6Vtg9WEJZ9yaZrffjEpX8CduJp4QUdYwWG9Dx2bpwpMm2pDRGi7QT,357,main
2026-10-07T20:51:09.739756Z,0x46ff6fd219ec3781a14fcf5a980515d07f47aae81db6bf56efff7b992b085446,CaMSDEBp5zy2QxSYqDxqbk28qxFwzLXiNdFJiv9TKqhU,So11111111111111111111111111111111111111112,9PR7nCP9DpcUotnDPVLUBUZKu5WAYkwrCUx9wDnSpump,wSOL,Ban,sell,5000000,8815469,5000000,8859767,fulfilled,Executed,Grr6…x1jS,2,2aHe9PXL7tXdKH4zSfTzxkuxrQzYxs4pJtRyby5erZ5T2K2dgRyaHJm45kuCKUReUdFdXngM6LQw4DaVFwod1xDQ,441,main
2026-10-07T20:51:11.750092Z,0xc8d4406107c29dd2e9d3a8165c0b1fb3b91d54568787daa611598d52f234d792,94bjVVSp8jgvP4ivAW3wFomkRpeE3xBouyCWErsR1ANz,So11111111111111111111111111111111111111112,CrJPSvj625TnPdWS42aG5ybMcHeFvnNqq5AExVespump,wSOL,Momota,sell,5000000,19061080476,0,0,expired,Winner too late: creation blockhash expired,,,,335,main
2026-10-07T20:51:16.137807Z,0x384aabf5138b51faaa79a95b0c7daae2efae12a5d0d9759eb59d4aa840153b47,FjcXArDzUrBTJ1Lv6Yc8n9atjkNYaxKosVjn6VSxZTrK,So11111111111111111111111111111111111111112,PerPsCe2SJ7Q25CN4R5TTX4fmBdmknE2hQmqCt96fHL,wSOL,PERPSPAD,sell,5000000,235086840,0,0,expired,Winner too late: creation blockhash expired,,,,253,main
2026-10-07T20:51:16.267566Z,0x098c0a27c3e090a6a2a30f92002f72d32c033461cc01184ba0267c47024f84a3,BPmy52DKPodqoSUirZUBedULujAZr6s778i4hc153r1X,FeMbDoX7R1Psc4GEcvJdsbNbZA3bfztcyDCatJVJpump,11111111111111111111111111111111,three,SOL (native),sell,1190000000,4357899,1190000000,4379797,fulfilled,Executed,Grr6…x1jS,1,2ep2CiSZoiV2gnobzhWyUvLTCpSHFtiyevWtxidbYjJJuqbNXRzsfmJnhgU9eYxVSFH5sNHMYkdMZtapQbT1v6Ww,316,main
2026-10-07T20:51:16.890209Z,0x42628efc950b04bcc331414c4f36f17a0280c6c2e2a7a863c07dabb16250a9d2,AM6Qwi3vwMCGpRbJ55zDatByeAtsbcfXvXBh77be8C9T,3kmygWKZBkCYrgZHKfiuB9UFKTcDLTFFsKo3BWpmpump,11111111111111111111111111111111,PARASITE,SOL (native),sell,4640000000,3847114,4640000000,3866446,fulfilled,Executed,Grr6…x1jS,5,5xsuYF6icYqLDaG3HCGihCWdvHTp7YnhXTyvkPeKGkgsP3kPtHEwe72VyjLEW1w3icnQbtof68ycKMZVpM94V625,310,main
2026-10-07T20:51:23.892455Z,0xa4837bed3d0c3366d3c5f8dc25db6d5e9d7ad0f6462eb9036c9223f716018a12,GcY8jk3HeHLDmdPa8wRVnHkn8f77frWdZxRWr6rrdyus,So11111111111111111111111111111111111111112,D1YZZg9dBZ7AbfknZVbaeVLto36eySwoFYEVhZrD4F4n,wSOL,GO,sell,5000000,2017295723,0,0,expired,Winner too late: creation blockhash expired,,,,259,main
2026-10-07T20:51:38.016490Z,0x6a87d38f3292080ff697abdb7589d7432e8a441c2c13670dd706b161c3856f49,HTsxGEXBSe8rdUJjtW7e4v4YChNXTVmLQXuqBvvQtJuF,So11111111111111111111111111111111111111112,5mH155ePpNWJb2GktpftLJbcTvoxFaUrv7XkZPDtpump,wSOL,catalyst,sell,5000000,29365150178,0,0,expired,Winner too late: creation blockhash expired,,,,317,main
2026-10-07T20:51:39.024719Z,0x1c40a029b160c3d153938fcd433d954719754e89c82b7daa8a8c391186e9aa9c,AQtmpjmjjZTzzs5W2Ld4gPteDe1teLKMpwj3v5GAv7ef,So11111111111111111111111111111111111111112,C8fU5GdfAt5mnw2RK7HE6XJGFNxHpaskZMkXxdm88888,wSOL,CTM,sell,5000000,2607413914,0,0,expired,Winner too late: creation blockhash expired,,,,409,main
2026-10-07T20:51:41.307839Z,0x674fc2ac97b80ca907ee154e9bace7555029df01cf8912d152c1b18016011fe5,91V7pVaQyARieyPXcNpxQZdqk5KoH7P1vgg2YHNBfSti,So11111111111111111111111111111111111111112,GJAFwWjJ3vnTsrQVabjBVK2TYB1YtRCQXRDfDgUnpump,wSOL,ACT,sell,5000000,56256682,0,0,expired,Winner too late: creation blockhash expired,,,,387,main
2026-10-07T20:51:41.566448Z,0x0d3a3430e6ac7e666eb8d5ca157e1e32c265fe7485187793c0cb9dc7fe46f8f0,9XSrZ8RkSZ3WDoGkrgWHrmMhixsoWZTLnPxBtQNWNK9c,BXoHJddsWJLHtAopeiSbKUSELsu8hSFMs8baGMDkpump,11111111111111111111111111111111,CRAWL,SOL (native),sell,186000000,4454290,186000000,4476673,fulfilled,Executed,Grr6…x1jS,0,59QWUPQutD71z8mN33Vt2rh3zKRWdo8KR3UPSqGpNBpy2B4GrUQk6Nkzz7BcteN6EUtqZnDY93cKZGkodokbzo6E,220,main
2026-10-07T20:51:42.051687Z,0xc5289a776528da0b4aac31f99c11f7c4040ae2571af12677accf2c706535ae73,GikSpMABHu6MJERkF3N9GMmwPXfEBxABjChVkK1W9ji4,So11111111111111111111111111111111111111112,AqoPZcUumKUBHrnfBsNtoNuneYEjoimaiWYq8GH8gpX9,wSOL,STONK10,sell,5000000,3344772548,0,0,expired,Winner too late: creation blockhash expired,,,,405,main
2026-10-07T20:51:42.064647Z,0x461476a7abd7e9a6ccc85d3551a3ed06f901e17a654957d70e166591e5f6ca60,7wPqkLkFafKQZEkqFhbCP2c9vapCvxmbM7AcKRgMT8u6,TTWofwAge91oFhZs7kpQdyrVRkmevgM88xijGvQFbKo,11111111111111111111111111111111,TTWO,SOL (native),sell,2570,4496370,2570,4515711,fulfilled,Executed,Grr6…x1jS,8,2hwKoVLEKionhDr9PXBoA8BmDEoa2n9MYcNnF2tKeFU65Qk2vjbSy9P7pLCALogPxcjXuC8X6RAnDfHgG6A1JwVB,358,main
2026-10-07T20:51:42.423352Z,0x0983fdae7f6c06e025dd68f8a3fc5e123d7394dc0b3a8f14955157040c7c3582,4SqtvDu46EtUmHrpwzvvzqUtA8FJD7tY3baar9XQU33g,So11111111111111111111111111111111111111112,CNWxmoBSQZo2Sgp5KSAK5m9FwSqDbXQRP4CNMuoe78Gm,wSOL,TWINE,sell,5000000,34162606152,0,0,expired,Winner too late: creation blockhash expired,,,,353,main
2026-10-07T20:51:42.447108Z,0xe467677aecac2e2ba6a988d8e8bb44c2cab7d86a4d2583e69fab7aaee458e5b5,AM6Qwi3vwMCGpRbJ55zDatByeAtsbcfXvXBh77be8C9T,So11111111111111111111111111111111111111112,J6pQQ3FAcJQeWPPGppWRb4nM8jU3wLyYbRrLh7feMfvd,wSOL,2Z,sell,5000000,1493781929,0,0,expired,Winner too late: creation blockhash expired,,,,369,main
2026-10-07T20:51:43.030647Z,0xd9629d6dbf200e52a714925e539a2c3829d917b80c91330b4856a42add3bad77,BPmy52DKPodqoSUirZUBedULujAZr6s778i4hc153r1X,So11111111111111111111111111111111111111112,6Hebn672FvMSq61mo4HYq86QgLHgBUm6y8A9bXGppump,wSOL,BATON,sell,5000000,41366184792,0,0,expired,Winner too late: creation blockhash expired,,,,375,main
2026-10-07T20:51:45.204863Z,0xd77633eda0de1e2eddd8eddb929072fb1b4fc3f56d53a6e0ee2829d8a8177b26,CaMSDEBp5zy2QxSYqDxqbk28qxFwzLXiNdFJiv9TKqhU,9PR7nCP9DpcUotnDPVLUBUZKu5WAYkwrCUx9wDnSpump,11111111111111111111111111111111,Ban,SOL (native),sell,7940000,4427391,7940000,4449639,fulfilled,Executed,Grr6…x1jS,5,Jrg6UimTAZoJqMio52Su9aDZVivFAZ9guJHFSQyP3zt6tTKNMj19AC2GcMy18mEAJt2ajMsD4NgkyQ9gWfHm5PV,442,main
2026-10-07T20:51:45.272291Z,0x857ff5708689d59b63c99c33bd9b645b499b1cda2966e779fccf7ba55b226605,CagkCmsroJWAiUWrigym7vR9wGYV5aKWanTGu3ZARKqD,So11111111111111111111111111111111111111112,6UpQcMAb5xMzxc7ZfPaVMgx3KqsvKZdT5U718BzD5We2,wSOL,wXRP,buy,4526217,364000,0,0,expired,Winner too late: creation blockhash expired,,,,224,acquire
2026-10-07T20:51:45.351515Z,0x610fe7c8e47da36148fd9dfcfd85742bb4a224a2dfa56ac645111c89fb0e8bbd,BsXAAY6SvTyWYjwKCa5SUs1kDBK6n7ia7qvRPVj5dFgz,NKEda5nHhNGgjrE9nDdMvaEmkmJ96qqxzBVZEcKmjSg,11111111111111111111111111111111,NKE,SOL (native),sell,15300,4495227,15300,4518480,fulfilled,Executed,Grr6…x1jS,4,5oNy7LbqjCvzjuncUjp4bwHQv3iJewXzdqPmVfT75nGb3zWf75vMuNMSke2CQQZ5pvmNiw2JZoT4G4QWxtWCEMAK,454,main
2026-10-07T20:51:45.909235Z,0xd93625986647a3935852bc125731b5f2a055c4f855d89cf32711388c4a52a73b,CDY1rvEes25vx7DZwxp5BRSgAewDQMgwBExfAMEymdMC,So11111111111111111111111111111111111111112,MEW1gQWJ3nEXg2qgERiKu7FAFj79PHvQVREQUzScPP5,wSOL,MEW,sell,5000000,117723823,0,0,expired,Winner too late: creation blockhash expired,,,,265,main
2026-10-07T20:52:10.419236Z,0xc6d667032b01799116d63e7f00a30a995d1f09ab84db895de23d0dbf8631028d,EDimKwHuMtcwxxbAfQPT3EaH9CPpyTLARxLRRwiZV26v,So11111111111111111111111111111111111111112,CreiuhfwdWCN5mJbMJtA9bBpYQrQF2tCBuZwSPWfpump,wSOL,PYTHIA,sell,5000000,480430685,0,0,expired,Winner too late: creation blockhash expired,,,,407,main
2026-10-07T20:52:11.166535Z,0x481531f817704f0df3ccefbab31739f6c74ebd86bad48b608cde5a00f3608b79,GcY8jk3HeHLDmdPa8wRVnHkn8f77frWdZxRWr6rrdyus,So11111111111111111111111111111111111111112,D1YZZg9dBZ7AbfknZVbaeVLto36eySwoFYEVhZrD4F4n,wSOL,GO,buy,194833998,1950000000,0,0,expired,Winner too late: creation blockhash expired,,,,260,acquire
2026-10-07T20:52:14.260577Z,0xfdacb50321937829f2116c9d269ff320de85623bcf5dd0e84c73d9d42a624bcc,94bjVVSp8jgvP4ivAW3wFomkRpeE3xBouyCWErsR1ANz,So11111111111111111111111111111111111111112,2PENPmfgJfq6CG3k4byj4oWwHf8SerqakmYHMkUupump,wSOL,familiars,sell,5000000,30474642581,0,0,expired,Winner too late: creation blockhash expired,,,,395,main
2026-10-07T20:52:14.788141Z,0x2fedd23496e95a3e21f897d01f59766245dbe59561cc1bd101b93279890e09a6,FjcXArDzUrBTJ1Lv6Yc8n9atjkNYaxKosVjn6VSxZTrK,So11111111111111111111111111111111111111112,PerPsCe2SJ7Q25CN4R5TTX4fmBdmknE2hQmqCt96fHL,wSOL,PERPSPAD,buy,5331469,245000000,0,0,expired,Winner too late: creation blockhash expired,,,,254,acquire
2026-10-07T20:52:15.016221Z,0x95846315e96e3a21cf682d31281f321a45e29fd047723d4135a224e443d799e5,9XSrZ8RkSZ3WDoGkrgWHrmMhixsoWZTLnPxBtQNWNK9c,So11111111111111111111111111111111111111112,METAwkXcqyXKy1AtsSgJ8JiUHwGCafnZL38n3vYmeta,wSOL,META,sell,5000000,96608,0,0,expired,Winner too late: creation blockhash expired,,,,279,main
2026-10-07T20:52:17.347750Z,0x6f526da3f05e69365735ba3e080140a47ccbd2633dcb5da16b9ddc161da9623e,7RqUGHCV2tngEBctNc8o58nPDy6AsYzsUHAW2JgA2XX9,So11111111111111111111111111111111111111112,LFEJTxJ9yi6ojGDFpjbGfABLbH55Fc3oEK8syJJpump,wSOL,DPG,sell,5000000,96652107563,0,0,expired,Winner too late: creation blockhash expired,,,,371,main
2026-10-07T20:52:17.637848Z,0xa19e36af20328a5447329731d3bb088ed2e669d308ea5df30afe724f5cc9b2d1,3FHY6qZALHavE387YcUMyqFYdYCiR5PbLSxdQBpwR6JK,So11111111111111111111111111111111111111112,AA3VLt3muGJiXedDaMnkcst3pfjrg1JBxgHVSdSbpump,wSOL,TINYTANK,sell,5000000,66530856357,0,0,expired,Winner too late: creation blockhash expired,,,,487,main
2026-10-07T20:52:17.663478Z,0xed4c27715eb6eae9a140ededac68683569807e8f217bb8abf0072eadcd8b81d7,AEZeUZRrPrAJ94wX66QCy4hwNYQyM4SR9tzQzUjg7UPX,So11111111111111111111111111111111111111112,AymATz4TCL9sWNEEV9Kvyz45CHVhDZ6kUgjTJPzLpU9P,wSOL,XAUt0,sell,5000000,140,0,0,expired,Winner too late: creation blockhash expired,,,,299,main
2026-10-07T20:52:18.286899Z,0xfab05a37d566bd0202ef1bc4c5b15bb78ebf67385c5a2263631dde0c7b0df118,2kV12Qsin6Wfxr2Pr6M8bqUbjqMppw4gpqAbV18TiFfJ,So11111111111111111111111111111111111111112,PEAQjk7SRS6rXHVFFmpRr7zrC4g5ZuEebpwTxvaLr3b,wSOL,PEAQ,sell,5000000,14518999821,0,0,expired,Winner too late: creation blockhash expired,,,,217,main
2026-10-07T20:52:18.412579Z,0x39001e414b4a6fae201d9b26d22529afade4ef301a3d6e11d33cb5c6d93bcdc1,7wPqkLkFafKQZEkqFhbCP2c9vapCvxmbM7AcKRgMT8u6,So11111111111111111111111111111111111111112,3dQTr7ror2QPKQ3GbBCokJUmjErGg8kTJzdnYjNfvi3Z,wSOL,BORG,sell,5000000,3418266385,0,0,expired,Winner too late: creation blockhash expired,,,,417,main
2026-10-07T20:52:20.291748Z,0x32738b84deae3db1faea14302275889918ae62e16ff7564a9d69c79f035f735d,BQAD73uj3XftKnCB5ZB7P67b7AvEdfLefYbLiipch5oC,So11111111111111111111111111111111111111112,23e4CNuJxvBQ7RjNLc8Bh3yN3pQq6jeiTbyzJGXYPgme,wSOL,Remus,sell,5000000,21625828082,0,0,expired,Winner too late: creation blockhash expired,,,,363,main
2026-10-07T20:52:20.415167Z,0x2e1060b225b996ac224592fe5a427f96c29e2d438f047b05f0276d1d786fb83f,HTsxGEXBSe8rdUJjtW7e4v4YChNXTVmLQXuqBvvQtJuF,So11111111111111111111111111111111111111112,3Dgwn5E7H5a8k6iGrz3qirkaJqUaJrKHEZ2xPcLRpump,wSOL,knightcat,sell,5000000,560957737,0,0,expired,Winner too late: creation blockhash expired,,,,377,main
2026-10-07T20:52:21.174260Z,0x75ee5e4eebb3a20bb2449f148d60b538804ec0d4a452308891376ada10aad07a,EGXsUdM4HLc983jD276LHz87k5zBZSJrJc137qcokK8D,METAewgxyPbgwsseH8T16a39CQ5VyVxZi9zXiDPY18m,11111111111111111111111111111111,MPLX,SOL (native),sell,9810000,4523522,9810000,4546380,fulfilled,Executed,Grr6…x1jS,6,4BzjfHr5btxJRimVg4USMa9aXbAxZ2tFUR9xCQWpn4r8B16NSDxtetigkDJomWEyYU2kEzTUCrWJmippwndSBuDa,332,main
2026-10-07T20:52:21.792944Z,0x742c7ee2b4d211873283bd2bc4327da6ad643ba659ada76cfc7d4a8ccd354332,AQHstwk1uwAEnz8JE41HEbbD1EaPBjBwtid2qbo1Q3KD,So11111111111111111111111111111111111111112,H74CYmXgMkYHYuSRsZt6RJb4NYp2u72Vw8BS5huApump,wSOL,LMAO!,sell,5000000,238058132,0,0,expired,Winner too late: creation blockhash expired,,,,443,main
2026-10-07T20:52:23.041151Z,0xa8ef1c215f8f30c30df37c1b160eb9b6f03cfd7c427c7234b5220eba42cf56f2,AQtmpjmjjZTzzs5W2Ld4gPteDe1teLKMpwj3v5GAv7ef,So11111111111111111111111111111111111111112,69LjZUUzxj3Cb3Fxeo1X4QpYEQTboApkhXTysPpbpump,wSOL,CODEC,sell,5000000,76981082,0,0,expired,Winner too late: creation blockhash expired,,,,469,main
2026-10-07T20:52:24.040657Z,0xf237952b846df33a765a16d9a41cecb24d70b9d1288acd9a47535f3c123d30aa,91V7pVaQyARieyPXcNpxQZdqk5KoH7P1vgg2YHNBfSti,So11111111111111111111111111111111111111112,GJAFwWjJ3vnTsrQVabjBVK2TYB1YtRCQXRDfDgUnpump,wSOL,ACT,buy,4523766,50900000,0,0,expired,Winner too late: creation blockhash expired,,,,388,acquire
2026-10-07T20:52:25.292977Z,0xe29f8835a72650279456c4547e1fbbdc0637704ebb5ed9e6c193fe12cc0648ed,4p3tgZxpw2gKnJnVwQ4Ah3av47HywcXfFaXTFGNU2aTT,So11111111111111111111111111111111111111112,HBrfYZgeLKdSvBBGnGkvAK4563pq8oBGpgNFAaespump,wSOL,OnlyMarms,sell,5000000,12777950733,0,0,expired,Winner too late: creation blockhash expired,,,,361,main
2026-10-07T20:52:26.293185Z,0x950b99751742b34b44a6a381cdd850339b04bc0637b02753f8ad288e001097eb,GikSpMABHu6MJERkF3N9GMmwPXfEBxABjChVkK1W9ji4,So11111111111111111111111111111111111111112,CZJfrAmMs5Cz4H22PWzfqTJu5FkP7Q2Vvx1oPVL9pump,wSOL,AGENTCAT,sell,5000000,80032460395,0,0,expired,Winner too late: creation blockhash expired,,,,465,main
2026-10-07T20:52:27.541261Z,0x94ce7dc87c2e98bcc0daaf147705372e4ce52c3881274292a7a1bfaa09e0b958,AM6Qwi3vwMCGpRbJ55zDatByeAtsbcfXvXBh77be8C9T,So11111111111111111111111111111111111111112,J6pQQ3FAcJQeWPPGppWRb4nM8jU3wLyYbRrLh7feMfvd,wSOL,2Z,buy,4584807,1370000000,0,0,expired,Winner too late: creation blockhash expired,,,,370,acquire
2026-10-07T20:52:28.168940Z,0x6302365701c8017d3bbd3bc50921adca7e7e2bd42b36ead2635e8610187808c8,4SqtvDu46EtUmHrpwzvvzqUtA8FJD7tY3baar9XQU33g,So11111111111111111111111111111111111111112,GkyPYa7NnCFbduLknCfBfP7p8564X1VZhwZYJ6CZpump,wSOL,CHILLHOUSE,sell,5000000,412071139,0,0,expired,Winner too late: creation blockhash expired,,,,413,main
2026-10-07T20:52:28.295489Z,0x6af93fb81667dc8f98eb17d2d514ee5cfeeabec8db942a12970ad79aaa880fa8,BPmy52DKPodqoSUirZUBedULujAZr6s778i4hc153r1X,So11111111111111111111111111111111111111112,3VFnDoACa991DYe987w354sbvmhqjjzC4Z31SoZepump,wSOL,Fauci,sell,5000000,54421740279,0,0,expired,Winner too late: creation blockhash expired,,,,435,main
2026-10-07T20:52:29.789381Z,0xa4cbda6825a30d239134b988b77506452193092b6020227feada74ae94b0fdf6,EGXsUdM4HLc983jD276LHz87k5zBZSJrJc137qcokK8D,So11111111111111111111111111111111111111112,FtateF34Xzawa91bpbVNdX72hZYo9cymRDYqBreHHbJi,wSOL,PANTS,sell,5000000,8200418435,0,0,expired,Winner too late: creation blockhash expired,,,,391,main
2026-10-07T20:52:30.170254Z,0xe2583047c12c1e3f182d114a21b4dcaaeffde682220b322fcbed83f285937f6b,CDY1rvEes25vx7DZwxp5BRSgAewDQMgwBExfAMEymdMC,So11111111111111111111111111111111111111112,MEW1gQWJ3nEXg2qgERiKu7FAFj79PHvQVREQUzScPP5,wSOL,MEW,buy,4586889,108000000,0,0,expired,Winner too late: creation blockhash expired,,,,266,acquire
2026-10-07T20:52:31.415258Z,0x0447f6995afbe3e6ee9ef0a9f9d7517370620d7cdcd415b0d2dd9b8bacaa615d,HoWtt82mr4wqKqMDy4jFDRs1C9kt3kY6KtXH3i83fyn5,So11111111111111111111111111111111111111112,9sfCHMLWSVy6MD6zr7pR1gD3qbT7C6K1E3dMf2ZBpump,wSOL,LAYOOO,sell,5000000,1742919963,0,0,expired,Winner too late: creation blockhash expired,,,,281,main
2026-10-07T20:52:31.921721Z,0xffec396736dca7182defa9d201df80b33ceeb498fa39bd7a6394f6264dc24d12,CagkCmsroJWAiUWrigym7vR9wGYV5aKWanTGu3ZARKqD,So11111111111111111111111111111111111111112,SLXdx4BUt2v9uJQNzWqSfzTJ9UKLUDsvxHFMEEdrfgq,wSOL,SLX,sell,5000000,9660565,0,0,expired,Winner too late: creation blockhash expired,,,,283,main
2026-10-07T20:52:33.547626Z,0xc19a42c731bbe2feb50bb0f1b5dc60063c3a6b3b46c9adfcdbee385e8795eab8,Dy1CJYGtZBZBsAqe13BPSYqDy1pyrThHBi6g2zTVASd1,EjD5Y9NVhXmtEqU7wYvAyZvDWZFQeEuHXFatJmTbpump,11111111111111111111111111111111,lickingcat,SOL (native),sell,35900000000,4352736,35900000000,4374609,fulfilled,Executed,Grr6…x1jS,3,3frAyKAMFSK5a4AazUz4zvWSnkkMdpAGN2upr3ghodbyGqjHeJhsadQYSRP1ypB3hzhCXoL6ZyojbkFArnt1UdAV,412,main
2026-10-07T20:52:33.836078Z,0x494645a3c392acf6af6484cbcdb5dd0cb460d52a04e188258f4b6bee8fefe159,DoD7Kb5bE6Jr7Eq2JTdYwfLn7718RzpYxKyQen2rxiBQ,So11111111111111111111111111111111111111112,4D8qUHm334fxqeTauPvF8gQ7fYgrD4Mpmb1Wy6ftUSWR,wSOL,USWR,sell,5000000,1315504907011,0,0,expired,Winner too late: creation blockhash expired,,,,305,main
2026-10-07T20:52:34.693468Z,0xf4727afbd7b4928142ccf4b70c682a8240adec07f04f239daebdb77fb61bb9bb,CcQdkRAXeX7seuZLmiapfpM6CVBndVrsvMe38E4Uypyg,So11111111111111111111111111111111111111112,Xs78JED6PFZxWc2wCEPspZW9kL3Se5J7L5TChKgsidH,wSOL,STRCx,sell,5000000,530608,0,0,expired,Winner too late: creation blockhash expired,,,,449,main
2026-10-07T20:52:37.172712Z,0x0418066e420a891742b9d1986fe9b40f2c43fd8b1aabd8dbb861cf238b227873,5akdWDVyHEWgFASL9q18W1wvJcy546hL4EGfPF6Hiwrd,So11111111111111111111111111111111111111112,GRehQKv9E3fVuNJGQTwAAjYpcixRCYKkzAXAb5kGpump,wSOL,BOIÚNA,sell,5000000,51839655377,0,0,expired,Winner too late: creation blockhash expired,,,,415,main
2026-10-07T20:52:42.748804Z,0xba01f27bcc24901fa8af6acc2d24e355c6fa6f644e948aa4e36da4693c6648d0,Dy1CJYGtZBZBsAqe13BPSYqDy1pyrThHBi6g2zTVASd1,So11111111111111111111111111111111111111112,BCNT4t3rv5Hva8RnUtJUJLnxzeFAabcYp8CghC1SmWin,wSOL,BC,sell,5000000,15166315,0,0,expired,Winner too late: creation blockhash expired,,,,471,main
2026-10-07T20:52:54.547550Z,0xcb054eaf25f6409f448e986e1e6540eef9d18dfd5be01abc5c8bcbd6ab0b9a5c,GcY8jk3HeHLDmdPa8wRVnHkn8f77frWdZxRWr6rrdyus,So11111111111111111111111111111111111111112,FeR8VBqNRSUD5NtXAj2n3j1dAHkZHfyDktKuLXD4pump,wSOL,jellyjelly,sell,5000000,10604796,0,0,expired,Winner too late: creation blockhash expired,,,,319,main
2026-10-07T20:52:57.167103Z,0x9386fdf98bd863f512c79d8e57a23dda857a28910cb083a3465d29655cf9f909,EDimKwHuMtcwxxbAfQPT3EaH9CPpyTLARxLRRwiZV26v,So11111111111111111111111111111111111111112,CreiuhfwdWCN5mJbMJtA9bBpYQrQF2tCBuZwSPWfpump,wSOL,PYTHIA,buy,4412592,424000000,0,0,expired,Winner too late: creation blockhash expired,,,,408,acquire
2026-10-07T20:52:59.003288Z,0x381d9bc8a7fcf1841bf1de899b658438b610e714519a0f0510892956c9740c59,94bjVVSp8jgvP4ivAW3wFomkRpeE3xBouyCWErsR1ANz,So11111111111111111111111111111111111111112,SATqS9DYpLQsM2z51P4QCoqJRHa5wboV4qjJerJRUSH,wSOL,RUSH,sell,5000000,8047021,0,0,expired,Winner too late: creation blockhash expired,,,,455,main
2026-10-07T20:53:00.245883Z,0x470a6f5aeb46dc93535a86b730c10ec4b96cd1ead0970f5f7b2fcaf3fba7ff9c,FjcXArDzUrBTJ1Lv6Yc8n9atjkNYaxKosVjn6VSxZTrK,So11111111111111111111111111111111111111112,CtzPWv73Sn1dMGVU3ZtLv9yWSyUAanBni19YWDaznnkn,wSOL,xBTC,sell,5000000,692,0,0,expired,Winner too late: creation blockhash expired,,,,313,main
2026-10-07T20:53:00.791420Z,0xaee97a2413c2bb2febb073ad2479d12cf860b628d55b5fb669078d193f0441cf,9XSrZ8RkSZ3WDoGkrgWHrmMhixsoWZTLnPxBtQNWNK9c,So11111111111111111111111111111111111111112,METAwkXcqyXKy1AtsSgJ8JiUHwGCafnZL38n3vYmeta,wSOL,META,buy,4529521,87500,0,0,expired,Winner too late: creation blockhash expired,,,,280,acquire
2026-10-07T20:53:02.794066Z,0xf644464b88c200fc3aca43343918d1bd176532bd2250ed64169c1f2710c16bb3,7RqUGHCV2tngEBctNc8o58nPDy6AsYzsUHAW2JgA2XX9,So11111111111111111111111111111111111111112,63LfDmNb3MQ8mw9MtZ2To9bEA2M71kZUUGq5tiJxcqj9,wSOL,GIGA,sell,5000000,28027234,0,0,expired,Winner too late: creation blockhash expired,,,,431,main
2026-10-07T20:53:03.641649Z,0x392906a0363b2a090d49a078a36cea59d592c7ad9e94579cb025bd4e1c5419f4,AEZeUZRrPrAJ94wX66QCy4hwNYQyM4SR9tzQzUjg7UPX,So11111111111111111111111111111111111111112,AymATz4TCL9sWNEEV9Kvyz45CHVhDZ6kUgjTJPzLpU9P,wSOL,XAUt0,buy,4487407,126,0,0,expired,Winner too late: creation blockhash expired,,,,300,acquire
2026-10-07T20:53:04.542635Z,0xcfdde055558bc3a67043acd08d63802523881bf541abb0d41ed8da09646feaa5,7wPqkLkFafKQZEkqFhbCP2c9vapCvxmbM7AcKRgMT8u6,So11111111111111111111111111111111111111112,3dQTr7ror2QPKQ3GbBCokJUmjErGg8kTJzdnYjNfvi3Z,wSOL,BORG,buy,4519719,3090000000,0,0,expired,Winner too late: creation blockhash expired,,,,418,acquire
2026-10-07T20:53:04.915407Z,0x60c5199e4288cc79f44506373133cba25f42ccd0e7e04e90c5fb213349bcf7ad,2kV12Qsin6Wfxr2Pr6M8bqUbjqMppw4gpqAbV18TiFfJ,So11111111111111111111111111111111111111112,PEAQjk7SRS6rXHVFFmpRr7zrC4g5ZuEebpwTxvaLr3b,wSOL,PEAQ,buy,4519686,12900000000,0,0,expired,Winner too late: creation blockhash expired,,,,218,acquire
2026-10-07T20:53:07.167477Z,0x26e0941f4266795a7d5dccb126ce0d3f2992b0a4866411d3d2a06ac159f54af5,HTsxGEXBSe8rdUJjtW7e4v4YChNXTVmLQXuqBvvQtJuF,So11111111111111111111111111111111111111112,59obFNBzyTBGowrkif5uK7ojS58vsuWz3ZCvg6tfZAGw,wSOL,PST,sell,5000000,507524,0,0,expired,Winner too late: creation blockhash expired,,,,437,main
2026-10-07T20:53:07.416455Z,0x22fef028935264aa679113fbb454dfd60f640656d154385e3a9246f0e72b6a0f,BQAD73uj3XftKnCB5ZB7P67b7AvEdfLefYbLiipch5oC,So11111111111111111111111111111111111111112,BRZ5aeJCDuruA42V1CntqKvofa2G7DS3yyxx1pZEpump,wSOL,moonkey,sell,5000000,1612983462,0,0,expired,Winner too late: creation blockhash expired,,,,423,main
2026-10-07T20:53:07.539899Z,0x24197b42c0c25d61cc5d84d21e27b95d2c5e2b73cc5d1bc8d9aae331a905317c,91V7pVaQyARieyPXcNpxQZdqk5KoH7P1vgg2YHNBfSti,So11111111111111111111111111111111111111112,94Sm8joZMSRzpQmcNVn5zZpgnRLN2DBesJYDXwuNpump,wSOL,omo,sell,5000000,46629094390,0,0,expired,Winner too late: creation blockhash expired,,,,447,main
2026-10-07T20:53:11.043614Z,0x393ac7100896b2d5398311b402f8d5dcc76bcd3161403c85da2db32d15b7054d,4SqtvDu46EtUmHrpwzvvzqUtA8FJD7tY3baar9XQU33g,So11111111111111111111111111111111111111112,G9j8WWDeJXZdvwQgP82ooDuHmpc3Gy8NCSins71Lpump,wSOL,BULLCAT,sell,5000000,43380653994,0,0,expired,Winner too late: creation blockhash expired,,,,473,main
2026-10-07T20:53:11.890793Z,0x26e66497b3e1b67a50c7bf436ffa05b26611c2deb296cac59aef1f099effe8ee,4p3tgZxpw2gKnJnVwQ4Ah3av47HywcXfFaXTFGNU2aTT,So11111111111111111111111111111111111111112,68Nq68CrtLVpyvK5Un7UADiNczaGf39hBbj3diRsYj6D,wSOL,NEST,sell,5000000,305230898032,0,0,expired,Winner too late: creation blockhash expired,,,,421,main
2026-10-07T20:53:13.541508Z,0x138b16388064a5ffb71985507b8d531b9d9abc7b0120b40ff65dba59e6920284,CDY1rvEes25vx7DZwxp5BRSgAewDQMgwBExfAMEymdMC,So11111111111111111111111111111111111111112,B62socheoeJVqiKnihcR96g61tzALYwcMsE91Sw6pump,wSOL,BOP,sell,5000000,32494410195,0,0,expired,Winner too late: creation blockhash expired,,,,325,main
2026-10-07T20:53:14.042404Z,0x8e8d57cf318ed72d000a11cd616f756013ba097578652dd7142e7f1a7c431bc2,AM6Qwi3vwMCGpRbJ55zDatByeAtsbcfXvXBh77be8C9T,So11111111111111111111111111111111111111112,HcfnJxLov6tY8i1dq9uYRRZKCvxADPpovcfkyXzdpump,wSOL,Chonketha,sell,5000000,189605142,0,0,expired,Winner too late: creation blockhash expired,,,,429,main
2026-10-07T20:53:15.291871Z,0x3749cf47773d79a044fce2ffa4934c37530e99ff61c930171b7ff0271d8b81fc,CagkCmsroJWAiUWrigym7vR9wGYV5aKWanTGu3ZARKqD,So11111111111111111111111111111111111111112,SLXdx4BUt2v9uJQNzWqSfzTJ9UKLUDsvxHFMEEdrfgq,wSOL,SLX,buy,4634898,8950000,0,0,expired,Winner too late: creation blockhash expired,,,,284,acquire
2026-10-07T20:53:15.542427Z,0x22c7aeb7254082f741a7863b1268f50c038df4ed719646040db548f2b33898a5,BPmy52DKPodqoSUirZUBedULujAZr6s778i4hc153r1X,So11111111111111111111111111111111111111112,EUB1eZBt4m3X4FbperWnKGJdvLsuLMu2YmJix5yjpump,wSOL,K-HOME,sell,5000000,45847623032,0,0,expired,Winner too late: creation blockhash expired,,,,495,main
2026-10-07T20:53:16.423532Z,0x7694bf4d32c6fb8065c18dadd6ab4c576b567fe03658d3ec78ae7f2bb5700cc9,EGXsUdM4HLc983jD276LHz87k5zBZSJrJc137qcokK8D,So11111111111111111111111111111111111111112,FLk6FKAN26m1FT4ucguwy3uHBMzLKcEu8KMTYD2Zpump,wSOL,Stunk,sell,5000000,122922251664,0,0,expired,Winner too late: creation blockhash expired,,,,451,main
2026-10-07T20:53:18.416153Z,0x784eb702194dddfc0f3962bd4fe0f60cdbb65080e13aa86a47f90cf9b338f2a3,HoWtt82mr4wqKqMDy4jFDRs1C9kt3kY6KtXH3i83fyn5,So11111111111111111111111111111111111111112,HKJHsYJHMVK5VRyHHk5GhvzY9tBAAtPvDkZfDH6RLDTd,wSOL,READY,sell,5000000,108514709657,0,0,expired,Winner too late: creation blockhash expired,,,,341,main
2026-10-07T20:53:19.916058Z,0xca378e23fc456046d890fe8d4fdec287a5c3721fe7e8deabd5e9560d6c9008a9,DoD7Kb5bE6Jr7Eq2JTdYwfLn7718RzpYxKyQen2rxiBQ,So11111111111111111111111111111111111111112,DRAMjSWR7HRfJKjRkvQWYL2bcaejaVhuxEcjf4pAY4Cw,wSOL,DRAM,sell,5000000,9608,0,0,expired,Winner too late: creation blockhash expired,,,,365,main
2026-10-07T20:53:22.592786Z,0x29a83aff174f5f09517f36c33199f3f9dbed30bc5af608f1b59be8b593207721,5akdWDVyHEWgFASL9q18W1wvJcy546hL4EGfPF6Hiwrd,So11111111111111111111111111111111111111112,DdPrHYqM8Ueovnk9kAnAgoGhswkuaTqmxcoZzU3Zpump,wSOL,manlet,sell,5000000,17520544421,0,0,expired,Winner too late: creation blockhash expired,,,,475,main
2026-10-07T20:53:27.312875Z,0x5c37400b6b5b10ce469aad58910b01b22e4edd2c7ee7d1a4b202557ee4feba35,Dy1CJYGtZBZBsAqe13BPSYqDy1pyrThHBi6g2zTVASd1,So11111111111111111111111111111111111111112,BCNT4t3rv5Hva8RnUtJUJLnxzeFAabcYp8CghC1SmWin,wSOL,BC,buy,4549439,13800000,0,0,expired,Winner too late: creation blockhash expired,,,,472,acquire
2026-10-07T20:53:41.351612Z,0x9f268733f4c82a44380eb5a44eacd7ef0a67182d5d10e6f3b3e7a4e13652c616,EDimKwHuMtcwxxbAfQPT3EaH9CPpyTLARxLRRwiZV26v,So11111111111111111111111111111111111111112,XsoBhf2ufR8fTyNSjqfU71DYGaE6Z3SUGAidpzriAA4,wSOL,PLTRx,sell,5000000,298008,0,0,expired,Winner too late: creation blockhash expired,,,,467,main
2026-10-07T20:53:41.832122Z,0x0b862e0d3a109f615a0e6edce66e3ce7e742165c15a485fd1b95e896c2eaf1fb,GcY8jk3HeHLDmdPa8wRVnHkn8f77frWdZxRWr6rrdyus,So11111111111111111111111111111111111111112,FeR8VBqNRSUD5NtXAj2n3j1dAHkZHfyDktKuLXD4pump,wSOL,jellyjelly,buy,4587430,9730000,0,0,expired,Winner too late: creation blockhash expired,,,,320,acquire
2026-10-07T20:53:41.858Z,0xfda8b3bbf428e64dd6b843107d8acfc5b3c519609ed25436b4797710d2b202bc,94bjVVSp8jgvP4ivAW3wFomkRpeE3xBouyCWErsR1ANz,So11111111111111111111111111111111111111112,SATqS9DYpLQsM2z51P4QCoqJRHa5wboV4qjJerJRUSH,wSOL,RUSH,buy,4867801,7830000,0,0,expired,Winner too late: creation blockhash expired,,,,456,acquire
2026-10-07T20:53:43.952849Z,0x34ab30f46dd6e54e5252ae8198d0fdbd32e2a9b1363bd7eb36b3c88fd0ea445d,FjcXArDzUrBTJ1Lv6Yc8n9atjkNYaxKosVjn6VSxZTrK,So11111111111111111111111111111111111111112,CtzPWv73Sn1dMGVU3ZtLv9yWSyUAanBni19YWDaznnkn,wSOL,xBTC,buy,4549162,628,0,0,expired,Winner too late: creation blockhash expired,,,,314,acquire
2026-10-07T20:53:44.473899Z,0x86190092663343894772e422feae39e2d1b5f4a23fb2af93892e649e83645405,9XSrZ8RkSZ3WDoGkrgWHrmMhixsoWZTLnPxBtQNWNK9c,So11111111111111111111111111111111111111112,6AJcP7wuLwmRYLBNbi825wgguaPsWzPBEHcHndpRpump,wSOL,VINE,sell,5000000,73330635,0,0,expired,Winner too late: creation blockhash expired,,,,339,main
2026-10-07T20:53:46.722999Z,0xdddd26f06ca521ea13d825a01ad9875dc0e7d0485a88940dbffda2a28a532c64,AEZeUZRrPrAJ94wX66QCy4hwNYQyM4SR9tzQzUjg7UPX,So11111111111111111111111111111111111111112,7GUnr7krtQhJwd6ASY2VUprd9t4c64zcgCsjdmZepump,wSOL,NPC,sell,5000000,9404407738,0,0,expired,Winner too late: creation blockhash expired,,,,359,main
2026-10-07T20:53:48.098801Z,0x07a85b336e348466bab7f7a393317446e507d83ea783d02390a55a2dc5fd902f,7RqUGHCV2tngEBctNc8o58nPDy6AsYzsUHAW2JgA2XX9,So11111111111111111111111111111111111111112,63LfDmNb3MQ8mw9MtZ2To9bEA2M71kZUUGq5tiJxcqj9,wSOL,GIGA,buy,4513351,25300000,0,0,expired,Winner too late: creation blockhash expired,,,,432,acquire
2026-10-07T20:53:52.018929Z,0x7a76586df5c4d2eaa8df607910c2cda6c737f302856ba2131534c9e394304fd5,7wPqkLkFafKQZEkqFhbCP2c9vapCvxmbM7AcKRgMT8u6,So11111111111111111111111111111111111111112,4cvZwC17oMiUA7peKX5GhbaUWv4U5Lwrd8118xnFpump,wSOL,CATALORIAN,sell,5000000,114571269173,0,0,expired,Winner too late: creation blockhash expired,,,,477,main
2026-10-07T20:53:52.310894Z,0x61a0ce80bf25c5b2be4f45d35348ceffc80480e32d8efc5ea1b55af4a8af4c2f,2kV12Qsin6Wfxr2Pr6M8bqUbjqMppw4gpqAbV18TiFfJ,So11111111111111111111111111111111111111112,7ga6rtE9qSb3wdEiDCpTu2kHqoGVfT52jD8ign1rYTvx,wSOL,xHYPE,sell,5000000,256950,0,0,expired,Winner too late: creation blockhash expired,,,,277,main
2026-10-07T20:53:53.015122Z,0x0556a8fc744958514d9d5206f7ba7f8337812499b0759a27c84c6929b077bc2c,HTsxGEXBSe8rdUJjtW7e4v4YChNXTVmLQXuqBvvQtJuF,So11111111111111111111111111111111111111112,59obFNBzyTBGowrkif5uK7ojS58vsuWz3ZCvg6tfZAGw,wSOL,PST,buy,4534746,460000,0,0,expired,Winner too late: creation blockhash expired,,,,438,acquire
2026-10-07T20:53:53.888380Z,0x4b86c43cc04f08eff38d13c73f5fd7e9396eca565736a42ad0457fe94e9607b3,BQAD73uj3XftKnCB5ZB7P67b7AvEdfLefYbLiipch5oC,So11111111111111111111111111111111111111112,DvNcJZTiSMD1RBCtZ2J31mh7s42CVCwrzGapv1Lypump,wSOL,MICRO,sell,5000000,7490231989,0,0,expired,Winner too late: creation blockhash expired,,,,483,main
2026-10-07T20:53:55.513268Z,0xb19b2e00c0aba930ef5f1946288de8efa5f0683b6a63b8c8989872ec8ac95c6c,CDY1rvEes25vx7DZwxp5BRSgAewDQMgwBExfAMEymdMC,So11111111111111111111111111111111111111112,Hos282xmdMJHwMjhni91fNqdjDsgWjgSckxuGc1Bpump,wSOL,Token,sell,5000000,5370693845,0,0,expired,Winner too late: creation blockhash expired,,,,385,main
2026-10-07T20:53:57.625186Z,0x275d4b42873d8d10e5b86e0cf354c652bd70a1a2372c6535f795371faf264eb9,4p3tgZxpw2gKnJnVwQ4Ah3av47HywcXfFaXTFGNU2aTT,So11111111111111111111111111111111111111112,nosXBVoaCTtYdLvKY6Csb4AC8JCdQKKAaWYtx2ZMoo7,wSOL,NOS,sell,5000000,976461,0,0,expired,Winner too late: creation blockhash expired,,,,481,main
2026-10-07T20:53:58.127471Z,0x78fa77c09cdab45ad1a95719c611ee6fffb8ae042c6a830e9ab7521fc510af1e,CagkCmsroJWAiUWrigym7vR9wGYV5aKWanTGu3ZARKqD,So11111111111111111111111111111111111111112,7n8kRipxAQBfpGQtcGA2AbkM2HASSVCzqZ5F3QEopump,wSOL,Zoe,sell,5000000,8091814411,0,0,expired,Winner too late: creation blockhash expired,,,,343,main
2026-10-07T20:53:59.374205Z,0x030ca4d13f7d21f4138a317c5156fbee562452c20b6bfdbe5e38b33a11fc295b,AM6Qwi3vwMCGpRbJ55zDatByeAtsbcfXvXBh77be8C9T,So11111111111111111111111111111111111111112,B4iCqVsAZv9dBiBVv58GJiBxWGmwkwbtPTn4sUQTpump,wSOL,Polycat,sell,5000000,38025751821,0,0,expired,Winner too late: creation blockhash expired,,,,489,main
2026-10-07T20:54:02.442969Z,0x0c338b3ab991311aeaf3515757f3c2cc3ac8a1ff76212067126514971bcb1b82,HoWtt82mr4wqKqMDy4jFDRs1C9kt3kY6KtXH3i83fyn5,So11111111111111111111111111111111111111112,bSo13r4TkiE4KumL71LsHTPpL2euBYLFx6h9HP3piy1,wSOL,bSOL,sell,5000000,3770497,0,0,expired,Winner too late: creation blockhash expired,,,,401,main
2026-10-07T20:54:04.316832Z,0xf3326d2854bcb5a7629b9e45e27e716e10e38f6c2354ee49c61c65ef4b04dea2,DoD7Kb5bE6Jr7Eq2JTdYwfLn7718RzpYxKyQen2rxiBQ,So11111111111111111111111111111111111111112,ARXwZkNAtzPfdcoqQiduJn8EPv9fKiDfGn2KyggyDrFs,wSOL,ARX,sell,5000000,2134002995,0,0,expired,Winner too late: creation blockhash expired,,,,425,main
2026-10-07T20:54:26.750399Z,0xf865643f718318d5db748cbf0ec45f9f515d9922f3a7ebf5b0d35af67fd9fca8,GcY8jk3HeHLDmdPa8wRVnHkn8f77frWdZxRWr6rrdyus,So11111111111111111111111111111111111111112,A9AHYeqb7nQk7LZUraw7rBCzYRjy2DRvE6NqWfFHKRdH,wSOL,HUHCAT,sell,5000000,10096202791,0,0,expired,Winner too late: creation blockhash expired,,,,379,main
2026-10-07T20:54:28.393877Z,0x279f444280bc1b8284580772858e865ef99644ac22abd0cb0eaca0487ff5c56c,9XSrZ8RkSZ3WDoGkrgWHrmMhixsoWZTLnPxBtQNWNK9c,So11111111111111111111111111111111111111112,6AJcP7wuLwmRYLBNbi825wgguaPsWzPBEHcHndpRpump,wSOL,VINE,buy,4602324,67500000,0,0,expired,Winner too late: creation blockhash expired,,,,340,acquire
2026-10-07T20:54:28.654219Z,0xb404855663361042dfcf12bf1dfdda1d8372c18ba29578b1f528a7425f6be968,FjcXArDzUrBTJ1Lv6Yc8n9atjkNYaxKosVjn6VSxZTrK,So11111111111111111111111111111111111111112,CREDBHvVqREBCAxMihzr8D1nepHMr2gmQoZWpmgGmeta,wSOL,CRED,sell,5000000,732116,0,0,expired,Winner too late: creation blockhash expired,,,,373,main
2026-10-07T20:54:31.468634Z,0x7c1df635a5cfff77a135c58e59e4f617a173012dc0f65f93cf02ada69c068f32,7RqUGHCV2tngEBctNc8o58nPDy6AsYzsUHAW2JgA2XX9,So11111111111111111111111111111111111111112,3f9LEP4RNM1yq5VnCD1LYMvq7FZis5tfGqyZMsiRpump,wSOL,YOTS,sell,5000000,43853997061,0,0,expired,Winner too late: creation blockhash expired,,,,491,main
2026-10-07T20:54:33.772600Z,0x6ba0b798fb0954f434f5c4d62d34317fa7465087903d2c0532439198adcefa5a,AEZeUZRrPrAJ94wX66QCy4hwNYQyM4SR9tzQzUjg7UPX,So11111111111111111111111111111111111111112,Xs3eBt7uRfJX8QUs4suhyU8p2M6DoUDrJyWBa8LLZsg,wSOL,AMZNx,sell,5000000,222040,0,0,expired,Winner too late: creation blockhash expired,,,,419,main
2026-10-07T20:54:34.731876Z,0xfbf5ade3f917f0b161a529f206292e276732d03eb41d6fd8f4a4aaa678bff700,2kV12Qsin6Wfxr2Pr6M8bqUbjqMppw4gpqAbV18TiFfJ,So11111111111111111111111111111111111111112,7ga6rtE9qSb3wdEiDCpTu2kHqoGVfT52jD8ign1rYTvx,wSOL,xHYPE,buy,4514097,232000,0,0,expired,Winner too late: creation blockhash expired,,,,278,acquire
2026-10-07T20:54:39.750699Z,0x00639d67fd93ebce40d1b20de491d91f8335c3ef55a91566322e3d4849539901,HTsxGEXBSe8rdUJjtW7e4v4YChNXTVmLQXuqBvvQtJuF,So11111111111111111111111111111111111111112,5XZw2LKTyrfvfiskJ78AMpackRjPcyCif1WhUsPDuVqQ,wSOL,WBTC,sell,5000000,690,0,0,expired,Winner too late: creation blockhash expired,,,,497,main
2026-10-07T20:54:40.717640Z,0xed6b4a29b714571cd1ccd6397a7ab68c11f88412bd004a53ba8a24ac3c3881f0,CDY1rvEes25vx7DZwxp5BRSgAewDQMgwBExfAMEymdMC,So11111111111111111111111111111111111111112,Am8iBffqgaedfdK5XhtorbcRrKzwH9nyL3ySikQfpump,wSOL,Kimchi,sell,5000000,1648326935,0,0,expired,Winner too late: creation blockhash expired,,,,445,main
2026-10-07T20:54:42.831066Z,0x25bd1c5429130812cf128c9acc82d0840084db6c28974c4dd9430f2c661e0b2e,4p3tgZxpw2gKnJnVwQ4Ah3av47HywcXfFaXTFGNU2aTT,So11111111111111111111111111111111111111112,nosXBVoaCTtYdLvKY6Csb4AC8JCdQKKAaWYtx2ZMoo7,wSOL,NOS,buy,4913914,962000,0,0,expired,Winner too late: creation blockhash expired,,,,482,acquire
2026-10-07T20:54:43.429156Z,0xefc8754f8c105d86775f68c03b141258842e6834f3c22a15d06e68701c26ded4,CagkCmsroJWAiUWrigym7vR9wGYV5aKWanTGu3ZARKqD,So11111111111111111111111111111111111111112,Ab1sTFNv2tV5DX1XpriwNehXgiJhdq2RQ5LtD5BXpump,wSOL,DOPAMEME,sell,5000000,1042940520,0,0,expired,Winner too late: creation blockhash expired,,,,403,main
2026-10-07T20:54:47.529748Z,0x66af93c6779b5cc5e976b4f0058a87958c03dc82303713cc4d47ab3891bdef71,HoWtt82mr4wqKqMDy4jFDRs1C9kt3kY6KtXH3i83fyn5,So11111111111111111111111111111111111111112,bSo13r4TkiE4KumL71LsHTPpL2euBYLFx6h9HP3piy1,wSOL,bSOL,buy,4521832,3410000,0,0,expired,Winner too late: creation blockhash expired,,,,402,acquire
2026-10-07T20:54:49.976892Z,0x4025075e8ba168b76d034ebad49e35f05d26085165e7ad5b6d662d506bd07ab8,DoD7Kb5bE6Jr7Eq2JTdYwfLn7718RzpYxKyQen2rxiBQ,So11111111111111111111111111111111111111112,8SkfuQkYNTskoQUbbjr2JbZQeqQV9egnJXgfMXf5bonk,wSOL,fih,sell,5000000,23797911676,0,0,expired,Winner too late: creation blockhash expired,,,,485,main
2026-10-07T20:55:09.594944Z,0x8259fa5c12e5e2ee10a71e8bcf4120b56739638eba4967dce3a78fbab8949218,GcY8jk3HeHLDmdPa8wRVnHkn8f77frWdZxRWr6rrdyus,So11111111111111111111111111111111111111112,8J69rbLTzWWgUJziFY8jeu5tDwEPBwUz4pKBMr5rpump,wSOL,WOJAK,sell,5000000,346671320,0,0,expired,Winner too late: creation blockhash expired,,,,439,main
2026-10-07T20:55:14.186741Z,0x1ec4e0c53b531f4b8eca47a748bf78be0e45a2c9f7e41c22afd871b2466562fb,FjcXArDzUrBTJ1Lv6Yc8n9atjkNYaxKosVjn6VSxZTrK,So11111111111111111111111111111111111111112,CREDBHvVqREBCAxMihzr8D1nepHMr2gmQoZWpmgGmeta,wSOL,CRED,buy,5916050,684000,0,0,expired,Winner too late: creation blockhash expired,,,,374,acquire
2026-10-07T20:55:14.334631Z,0x82fe1b39c66b7056cc2b3f9ba023c6f660b20d3e8e7e10b3e25f3bdcd88e12be,9XSrZ8RkSZ3WDoGkrgWHrmMhixsoWZTLnPxBtQNWNK9c,So11111111111111111111111111111111111111112,DLYQBXkRo43Ct96fd9Cr7y5tZP5yQKUBLMTZU92epump,wSOL,67coin,sell,5000000,56511277940,0,0,expired,Winner too late: creation blockhash expired,,,,399,main
2026-10-07T20:55:16.781438Z,0x4787e2417047d641a8229af92453ca2b10480fa5d7328698e3f843c28bb33bf9,2kV12Qsin6Wfxr2Pr6M8bqUbjqMppw4gpqAbV18TiFfJ,So11111111111111111111111111111111111111112,2qEHjDLDLbuBgRYvsxhc5D6uDWAivNFZGan56P1tpump,wSOL,Pnut,sell,5000000,11736639,0,0,expired,Winner too late: creation blockhash expired,,,,337,main
2026-10-07T20:55:18.730790Z,0x1280cd8e91d16a7270edba87cec76d8960cb6820929c2fedd2210198fde9f8be,AEZeUZRrPrAJ94wX66QCy4hwNYQyM4SR9tzQzUjg7UPX,So11111111111111111111111111111111111111112,4ChT49V1iazP2XUGtycGkEsS6pRMqvGfUbqvRC9Z91ZT,wSOL,MOS,sell,5000000,3206555241457,0,0,expired,Winner too late: creation blockhash expired,,,,479,main
2026-10-07T20:55:24.520037Z,0xf9edfaeccaf53ed06004ad1becb6d72132910ca9d6b992c5ab96ba556d6721d1,HTsxGEXBSe8rdUJjtW7e4v4YChNXTVmLQXuqBvvQtJuF,So11111111111111111111111111111111111111112,5XZw2LKTyrfvfiskJ78AMpackRjPcyCif1WhUsPDuVqQ,wSOL,WBTC,buy,4533913,626,0,0,expired,Winner too late: creation blockhash expired,,,,498,acquire
2026-10-07T20:55:26.269190Z,0x284c9c17de46b8bbfdbdbb93d26ffe0e1412cafed6f070361ef204e018198cf7,CagkCmsroJWAiUWrigym7vR9wGYV5aKWanTGu3ZARKqD,So11111111111111111111111111111111111111112,purpFPo5voy6fEu8jxSCwVdMs1zyYEYAH6FBQvTYCZK,wSOL,PURPS,sell,5000000,2043911218,0,0,expired,Winner too late: creation blockhash expired,,,,463,main
2026-10-07T20:55:29.552575Z,0x67e8d097a798042cb61aacd243760af92990b33e072d92a4c14cdd8ffb2845d4,HoWtt82mr4wqKqMDy4jFDRs1C9kt3kY6KtXH3i83fyn5,So11111111111111111111111111111111111111112,2yu92oYzBWLAdVpu8BoaLzmM1oxPsHoboay2BXmeDDZr,wSOL,FROINK,sell,5000000,30726916530,0,0,expired,Winner too late: creation blockhash expired,,,,461,main
2026-10-07T20:55:54.666851Z,0x01334071fdd0aa59c9cfe750aa734e05048e6cec3263da0c02bf3b6dda0b372d,GcY8jk3HeHLDmdPa8wRVnHkn8f77frWdZxRWr6rrdyus,So11111111111111111111111111111111111111112,7C94RweVKZtBhA291WpXW7pkYEnbqhGvCFTU8nPoBTFY,wSOL,BOTIFY,sell,5000000,1332315420,0,0,expired,Winner too late: creation blockhash expired,,,,499,main
2026-10-07T20:55:55.915977Z,0xab092faf01c867096dcd5feb547c7333ca2705a83a9a8e44b5a375123223200e,FjcXArDzUrBTJ1Lv6Yc8n9atjkNYaxKosVjn6VSxZTrK,So11111111111111111111111111111111111111112,nDZknLvfFRp5rgUHdzTrQsmSY5NKzoavqdLjSHVpump,wSOL,COLLECT,sell,5000000,17090480820,0,0,expired,Winner too late: creation blockhash expired,,,,433,main
2026-10-07T20:55:56.373795Z,0x1b3a0f0c2b8ac1b1b790e829843826d3937f89f1785092b886340af8899d0c48,9XSrZ8RkSZ3WDoGkrgWHrmMhixsoWZTLnPxBtQNWNK9c,So11111111111111111111111111111111111111112,HiMSSzzwkZkrXJ4PGVJRdtfLaANeAztjjcgk5Dxe7Lwx,wSOL,HIMS,sell,5000000,19545,0,0,expired,Winner too late: creation blockhash expired,,,,459,main
2026-10-07T20:56:00.882328Z,0x3ef49d79ca3a3fc892f66ee2add6ba05e6d25aa5028d401932baeed0f108c1ee,2kV12Qsin6Wfxr2Pr6M8bqUbjqMppw4gpqAbV18TiFfJ,So11111111111111111111111111111111111111112,2qEHjDLDLbuBgRYvsxhc5D6uDWAivNFZGan56P1tpump,wSOL,Pnut,buy,4558257,10700000,0,0,expired,Winner too late: creation blockhash expired,,,,338,acquire
2026-10-07T20:56:41.055402Z,0x1648e3f62a91c123cdea31f21ef6bc74918d7aedfe4d2713770346072c6df5a6,FjcXArDzUrBTJ1Lv6Yc8n9atjkNYaxKosVjn6VSxZTrK,So11111111111111111111111111111111111111112,2NffKvfZTcFj2tyoY1Ev84PkqxA7DZnstyv6EwELpump,wSOL,Sue,sell,5000000,36998147091,0,0,expired,Winner too late: creation blockhash expired,,,,493,main
2026-10-07T20:56:43.179314Z,0x520bbf025ac24608724c2558eea635484d545efab6453055e64b9c5fdcdc2cea,2kV12Qsin6Wfxr2Pr6M8bqUbjqMppw4gpqAbV18TiFfJ,So11111111111111111111111111111111111111112,3aqXuwp6HuVXs9vdD9Gpg4dzJaUx443RjK7GXzphpump,wSOL,FRANK,sell,5000000,57374006579,0,0,expired,Winner too late: creation blockhash expired,,,,397,main
2026-10-07T20:57:28.057136Z,0x11e603c86e9d7b3a735bef09b1ecfd8e90e261c857672ff915857fa1be88a0ed,2kV12Qsin6Wfxr2Pr6M8bqUbjqMppw4gpqAbV18TiFfJ,So11111111111111111111111111111111111111112,4oWhtcmBBsMG1bLZCLKusmq4t9fxdVVfbyJLevsYg5Ct,wSOL,CRIMECAT,sell,5000000,43388669809,0,0,expired,Winner too late: creation blockhash expired,,,,457,main
2026-10-07T20:58:13.610625Z,0x6e877e847ee27ea4b084617bac1c4fe971f051c7190991be2b50b5b5dec4326c,BQAD73uj3XftKnCB5ZB7P67b7AvEdfLefYbLiipch5oC,METvsvVRapdj9cFLzq4Tr43xK4tAjQfwX76z3n6mWQL,11111111111111111111111111111111,MET,SOL (native),sell,1335001,4958613,1335001,4981180,fulfilled,Executed,Grr6…x1jS,8,4y68Dabmnah8PfeH18Vx1HG8gdPW1bmZSYH2eB42xKZJvkg5hNEbc6xwRDEkwTKStwfUfKfcb5j6nfZhDLD7k8Ms,,cleanup
2026-10-07T20:58:14.386765Z,0xcabe732628cd370062d40c0d3375ecb6139ae919a0da1896fdaa82d0485bb49f,DoD7Kb5bE6Jr7Eq2JTdYwfLn7718RzpYxKyQen2rxiBQ,XsP7xzNPvEHS1m6qfanPUGjNmdnmsLKEoNAnHjdxxyZ,11111111111111111111111111111111,MSTRx,SOL (native),sell,375294,4958340,375294,4984718,fulfilled,Executed,Grr6…x1jS,137,669b6gAL3m9xKCbkt3FHFYo85qBYZxWigvBd2uULy7DkDyYQScJspCUH33Nsb1sP3BXVU97Yz6N7Joxx2aAHGAEK,,cleanup
2026-10-07T20:58:59.456717Z,0x24c5cf63931970374bc856eef9ba6e0ab9e77cebdc9102c7d7d18a7cf5adee2f,HTsxGEXBSe8rdUJjtW7e4v4YChNXTVmLQXuqBvvQtJuF,27G8MtK7VtTcCHkpASjSDdkWWYfoqT6ggEuKidVJidD4,11111111111111111111111111111111,JLP,SOL (native),sell,121300,4961152,121300,4986133,fulfilled,Executed,Grr6…x1jS,3,e8Rfz3cEYyYmaQ8Z61iY4AYfDokDjLn28ud9xBYSYk1R4pPaTcE44JHjMv8FTwYSSGJV6xVWdnjGohJ7qLXSUM6,,cleanup
2026-10-07T21:00:55.147124Z,0x8a03ba151ec22b894e0dd43d8284aa508d40f444b1907a9caff01a4627f1309c,BsXAAY6SvTyWYjwKCa5SUs1kDBK6n7ia7qvRPVj5dFgz,jLz71QZfjnZZMLjUaCBw7KmUyftkkNq8NkWi2u9dyap,11111111111111111111111111111111,YAP,SOL (native),sell,25128736299,4841380,25128736299,4865708,fulfilled,Executed,Grr6…x1jS,2,5u9riNHD6X3UeyPmi378Zojq6v1qHGDNA5jCxNtdoRGZAP1L85LzMBd8ZoBEFogKgd6JRiwxxzz4o15tRH8HfzSE,,cleanup
2026-10-07T21:01:01.646892Z,0x74b496a302f30ab0f6a694caa1a5f02d11fbd6e4ef945a9bfb3180ea49f367e4,94bjVVSp8jgvP4ivAW3wFomkRpeE3xBouyCWErsR1ANz,DtR4D9FtVoTX2569gaL837ZgrB6wNjj6tkmnX9Rdk9B2,11111111111111111111111111111111,aura,SOL (native),sell,67659048,4939971,67659048,4964794,fulfilled,Executed,Grr6…x1jS,-1,5dAKNabFXGH45zzSRwuQVFaNuiQ8pu8P3yt7BQJFrPzyRFn7qG4S6oKtmPKSWifZZuRHWckoADd1R5dNbjjPBqad,,cleanup
2026-10-07T21:01:01.865748Z,0x78fedaffbe433f628f89aa2f876bcb34f5a7c17dc10a2d458d757562c77825ec,2kV12Qsin6Wfxr2Pr6M8bqUbjqMppw4gpqAbV18TiFfJ,3NZ9JMVBmGAqocybic2c7LQCJScmgsAZ6vQqTDzcqmJh,11111111111111111111111111111111,WBTC,SOL (native),sell,1390,9914934,1390,9964768,fulfilled,Executed,Grr6…x1jS,29,4JCosfebdcjsMNNBCMuZaK6k1E6CLKNA5DPrjpauy1tyLgWQ22CecdBsC3JbWRivKacj86jNyU3e9fLG1A7mSrsm,,cleanup
2026-10-07T21:01:01.865748Z,0x3355b58fbf4a7904b7712c9836735da7516424b9cf4543e08a2a806da7295674,2kV12Qsin6Wfxr2Pr6M8bqUbjqMppw4gpqAbV18TiFfJ,USDSwr9ApdHk5bvJKMjzff41FfuX8bSxdKcR81vTwcA,11111111111111111111111111111111,USDS,SOL (native),sell,580053,4965072,0,0,expired,Expired without a fill,,,,,cleanup
2026-10-07T21:01:37.822341Z,0x745474b3a915319b80628b19a069719ab48903460397549c1b48730d9addbf1e,HoWtt82mr4wqKqMDy4jFDRs1C9kt3kY6KtXH3i83fyn5,EEpng77ZPn9FbgbT4xsRjwuxNCcMBYq3HTwEscyTpump,11111111111111111111111111111111,HeeHaw,SOL (native),sell,4670555398,4720806,0,0,expired,Expired without a fill,,,,,cleanup
2026-10-07T21:01:38.681444Z,0x01418ca59d1b38f4c0dd98ddeb4fc69a073af62ad9f874d3d67cfd416e3fe98e,HoWtt82mr4wqKqMDy4jFDRs1C9kt3kY6KtXH3i83fyn5,A2khRbhRJNrAEHj95htivC4cR4VbJwfssDH5FPPbP4m9,11111111111111111111111111111111,duk,SOL (native),sell,18600000000,3442352,0,0,expired,Expired without a fill,,,,,cleanup
2026-10-07T21:02:05.168928Z,0x5ad7c44d07f34c71858ca8ef7f8ae39816aadeb71e139cffdb4dc1bb11e39de1,CagkCmsroJWAiUWrigym7vR9wGYV5aKWanTGu3ZARKqD,5UUH9RTDiSpq6HKS6bp4NdU9PNJpXRXuiw6ShBTBhgH2,11111111111111111111111111111111,TROLL,SOL (native),sell,16261818,5550407,0,0,expired,Expired without a fill,,,,,cleanup
2026-10-07T21:02:05.168928Z,0x6737229a2c9d6b89ae9293bae6350999253e1c881e63a8e357cd4b853630af3c,CagkCmsroJWAiUWrigym7vR9wGYV5aKWanTGu3ZARKqD,RmtMAYVTTFv2iK9muMrXEoAnSSsZPPgRPbqZCKwNDYk,11111111111111111111111111111111,EYE,SOL (native),sell,8130799930,5488075,0,0,expired,Expired without a fill,,,,,cleanup
2026-10-07T21:02:05.168928Z,0x2fda58150b7a8dad11fb1050c254948f69c893dd03863296946d3c4c6a786050,CagkCmsroJWAiUWrigym7vR9wGYV5aKWanTGu3ZARKqD,98kfF7rmsg1QDUEoCqNE7g7M1FdrTt92TEp2CLzypump,11111111111111111111111111111111,PAID,SOL (native),sell,120967996,5529554,0,0,expired,Expired without a fill,,,,,cleanup
2026-10-07T21:02:22.149737Z,0xdd0616b1f0223da525b4074441be63bfc3f0ca0c075a55f757930ae5473a52e5,GikSpMABHu6MJERkF3N9GMmwPXfEBxABjChVkK1W9ji4,8wXtPeU6557ETkp9WHFY1n1EcU6NxDvbAggHGsMYiHsB,11111111111111111111111111111111,GME,SOL (native),sell,799000000000,3426480,0,0,expired,Expired without a fill,,,,,cleanup
2026-10-07T21:02:35.016989Z,0xfd2192655cb779ca3ebf0f73651c6b7252c30e40f121ccf81b343a8c67a58314,EDimKwHuMtcwxxbAfQPT3EaH9CPpyTLARxLRRwiZV26v,XsDoVfqeBukxuZHWhdvWHBhgEHjGNst4MLodqsJHzoB,11111111111111111111111111111111,TSLAx,SOL (native),sell,168042,5428235,0,0,expired,Expired without a fill,,,,,cleanup
2026-10-07T21:03:06.634909Z,0x1e4bfeff9b42a94a77f60ac460a8615601e873f54de921673df6769e1c3365a6,AQtmpjmjjZTzzs5W2Ld4gPteDe1teLKMpwj3v5GAv7ef,Eg2ymQ2aQqjMcibnmTt8erC6Tvk9PVpJZCxvVPJz2agu,11111111111111111111111111111111,PUMPCADE,SOL (native),sell,42514040,4934919,0,0,expired,Expired without a fill,,,,,cleanup
2026-10-07T21:03:13.985970Z,0xdb5251fc1777ca0bc8f078cb00ca2ae438380237844ff96b7ed6455d5f2a1ddd,Dy1CJYGtZBZBsAqe13BPSYqDy1pyrThHBi6g2zTVASd1,XsoCS1TfEyfFhfvj8EtZ528L3CaKBDBRqRapnBbDF2W,11111111111111111111111111111111,SPYx,SOL (native),sell,81403,5450494,0,0,expired,Expired without a fill,,,,,cleanup
2026-10-07T21:03:58.544302Z,0x0bfb9579370c54140ee141e1166d5dc302334e078f5936aa30c3f2a75865608b,5akdWDVyHEWgFASL9q18W1wvJcy546hL4EGfPF6Hiwrd,2zMMhcVQEXDtdE6vsFS7S7D5oUodfJHE8vd1gnBouauv,11111111111111111111111111111111,PENGU,SOL (native),sell,74106465,5436570,0,0,expired,Expired without a fill,,,,,cleanup
2026-10-07T21:04:46.628055Z,0xba4d55a416f2797358633bdf4bf52bb104fe1e51d86ba0f03a967f0b84993235,7wPqkLkFafKQZEkqFhbCP2c9vapCvxmbM7AcKRgMT8u6,9BB6NFEcjBCtnNLFko2FqVQBq8HHM13kCyYcdQbgpump,11111111111111111111111111111111,Fartcoin,SOL (native),sell,7247783,9936337,0,0,expired,Expired without a fill,,,,,cleanup
2026-10-07T21:04:49.288737Z,0xa74cd2233eb6f6d0accc8d3b1349c94b61ebd0d5f5c41cd2bec15a4fb6c3de59,AEZeUZRrPrAJ94wX66QCy4hwNYQyM4SR9tzQzUjg7UPX,hntyVP6YFm1Hg25TN9WGLqM12b8TQmcknKrdu1oxWux,11111111111111111111111111111111,HNT,SOL (native),sell,109915146,4977760,0,0,expired,Expired without a fill,,,,,cleanup
