created_utc,uid,owner,sell_token,buy_token,sell_symbol,buy_symbol,kind,sell_amount,buy_amount,executed_sell,executed_buy,api_status,cause,solver,seconds_to_execution,tx_signature,sim_row,sim_step
2026-10-09T11:30:44.459470Z,0x414ff362521c8245f19e02cbdf87245320479b37ebaa6655ef9374a2c1dc5021,GikSpMABHu6MJERkF3N9GMmwPXfEBxABjChVkK1W9ji4,So11111111111111111111111111111111111111112,4k3Dyjzvzp8eMZWUXbBCjEvwSkkk59S5iCNLY3QrkX6R,wSOL,RAY,sell,5000000,224623,5000000,225751,fulfilled,Executed,Grr6…x1jS,5,2Nqywe5Yhattbm4sYNtJ6yyRxyNE5CX5tJgfU2vb8qvwt9qxoVsmKZowHnM5vuw9D68zipUcj86TMcyJPdUaYJbd,45,main
2026-10-09T11:30:44.965061Z,0x21c0ee93afb35ec47adc6db7567d706745fcec0ab0fa8b37ecc1ff0c1ae8878c,HoWtt82mr4wqKqMDy4jFDRs1C9kt3kY6KtXH3i83fyn5,So11111111111111111111111111111111111111112,3NZ9JMVBmGAqocybic2c7LQCJScmgsAZ6vQqTDzcqmJh,wSOL,WBTC,sell,5000000,663,5000000,666,fulfilled,Executed,Grr6…x1jS,4,2BTaCjpjunXGyWpaMe7WiHGS46LaPAf9mVTPitsFgd6WozTLzihZb4sRqABmKXD5drTSDTsriFYWwFi7Ua2T8HWa,41,main
2026-10-09T11:30:45.265791Z,0x9495e54559916fbf4287175504b4e9cf3bafc3caa930713a9c22d53b343832c2,AQHstwk1uwAEnz8JE41HEbbD1EaPBjBwtid2qbo1Q3KD,So11111111111111111111111111111111111111112,98kfF7rmsg1QDUEoCqNE7g7M1FdrTt92TEp2CLzypump,wSOL,PAID,sell,5000000,114299834,5000000,114867658,fulfilled,Executed,Grr6…x1jS,4,3PciRgAa6XM47PKS1YKpaGYnVVvHLbVdyA6zoJSi6jEi3979Rj5wRJEtKCJb3teb5fiZqraxkpbodSsH4yJEpySu,23,main
2026-10-09T11:30:47.522445Z,0x2d1073429a5755dc3b9a47bc92e69658927b26ffae005fdf0f1b08d119e3d50e,AQtmpjmjjZTzzs5W2Ld4gPteDe1teLKMpwj3v5GAv7ef,So11111111111111111111111111111111111111112,CWZ6BsdnjkDVTGkmL6bGbJXXig6ceef12KvyGQW14cMt,wSOL,ANTFUN,sell,5000000,46578489,5000000,46809744,fulfilled,Executed,Grr6…x1jS,5,2vHoiYh4SAexUgVyh13G8W53D6nHdcvoVKkkBgxux22nREXEnAmCWm4V2UYW2rAGtgbXEWCnSUXi3LDRiaW5t8Xj,49,main
2026-10-09T11:30:47.687182Z,0x1a6c76df089b1100cdaab4c206c52b1a8d24bfe9db37baf4face855b3d332bf8,CcQdkRAXeX7seuZLmiapfpM6CVBndVrsvMe38E4Uypyg,So11111111111111111111111111111111111111112,Ai66LHZG9MCzg1WKdawwqduVAXpNDUuV8M3uyq5ppump,wSOL,CATE,sell,5000000,10001364,5000000,10051622,fulfilled,Executed,Grr6…x1jS,5,z1C1yrveCkWCtrh3Juq3zaQGc2wh8FGjy92uL81pdX8Q8ZgGAFEWoZyoJSom69VQvSHgurDzN8Qe7VUpRKGit4N,29,main
2026-10-09T11:30:47.944977Z,0x689c7bfde8cea5ff813e9baa3f33c5b91f068043dc39f423d6b67b7f9cf682ae,CaMSDEBp5zy2QxSYqDxqbk28qxFwzLXiNdFJiv9TKqhU,So11111111111111111111111111111111111111112,7vfCXTUXx5WJV5JADk17DUJ4ksgau7utNKj4b963voxs,wSOL,ETH,sell,5000000,21941,5000000,22049,fulfilled,Executed,Grr6…x1jS,28,3wSPqpeJrUTbRHC4Cyj8MyFRFHAKfstK8o9VQ3k5KwhB1NP8wHJpjrABbMZ1Mopo1BvmwPjstyJcuNjtX3fCUaUb,21,main
2026-10-09T11:30:48.763464Z,0x3474f002e36c060cc674178d13132fe7653b3e255def5e028cad22612df71942,BPmy52DKPodqoSUirZUBedULujAZr6s778i4hc153r1X,So11111111111111111111111111111111111111112,DEkqHyPN7GMRJ5cArtQFAWefqbZb33Hyf6s5iCwjEonT,wSOL,USDe,sell,5000000,546838575,5000000,549483579,fulfilled,Executed,Grr6…x1jS,7,3mbMryahu85yMLqM9Mx4uDVgo3gDQoCQchUrZxC1N8cLi6AoeR2Jsi1jne8WcXzzoHFZnXzAZsqpX2YPqbH5dcti,15,main
2026-10-09T11:31:09.601194Z,0xa1d380d0fab2b721b331d30f931d28703dea86a39c91f5e5df6c0e64ca3e4e85,BPmy52DKPodqoSUirZUBedULujAZr6s778i4hc153r1X,DEkqHyPN7GMRJ5cArtQFAWefqbZb33Hyf6s5iCwjEonT,11111111111111111111111111111111,USDe,SOL (native),sell,494000000,4465048,494000000,4486958,fulfilled,Executed,Grr6…x1jS,1,3p6XguBa9HJ9K3TfTMrK3xYNH1whLx5bWkKSSY566joxdrK8iABzD2oh4JdpqwS1tXfunab7oEkhT583c9RTDo3a,16,main
2026-10-09T11:31:19.842404Z,0x7f60928f5e70a33dc5b9ea42d813963827918494ec8013e0268a22e6e52862bb,CcQdkRAXeX7seuZLmiapfpM6CVBndVrsvMe38E4Uypyg,Ai66LHZG9MCzg1WKdawwqduVAXpNDUuV8M3uyq5ppump,11111111111111111111111111111111,CATE,SOL (native),sell,9070000,4466754,9070000,4489545,fulfilled,Executed,Grr6…x1jS,2,3Dz7qKMPusxeiM3KULfBUP4t44yaJcmnSNYWoUsWYJgpcoQU2Q3cmzBjzWWrnGwaYxUxtNFtNxKWp3GrPGMbVGha,30,main
2026-10-09T11:31:20.377489Z,0x35f2d2ee9c9c4d2b965db55da731df7aa1c2b6461825b4b321a7dd6ef323afcd,AEZeUZRrPrAJ94wX66QCy4hwNYQyM4SR9tzQzUjg7UPX,So11111111111111111111111111111111111111112,Xsc9qvGR1efVDFGLrVsmkzv3qi45LTBjeUKSPmx9qEh,wSOL,NVDAx,sell,5000000,232929,5000000,234280,fulfilled,Executed,Grr6…x1jS,7,3Q6tAeZ92cGDKSV7NxTksdSSLLT1qrDoQz9zSwEBSEHtqz4nPWVboEURsSm46Ljrj4wSrqo5Zf85D7G9kVoLE41d,59,main
2026-10-09T11:31:20.596240Z,0x1f5aaa0e1b89db5bd889445f1d9c5d8cc21ab861d06c3cfe8b615c337f930ada,7wPqkLkFafKQZEkqFhbCP2c9vapCvxmbM7AcKRgMT8u6,So11111111111111111111111111111111111111112,Xs3oZwbHvqis4NYcf4YKWmEia2eC84wSiVrcYcTqpH8,wSOL,SPCXx,sell,5000000,326708,5000000,328686,fulfilled,Executed,Grr6…x1jS,6,3QBTYnXwnAjsMZym7ZQm5pmRNyGpYAFXumLtktfom3NRZ6uoLfZQjWUWBbRf4gzs1AjFTahJ2VD7fhFghJbfQcae,57,main
2026-10-09T11:31:23.133896Z,0x1e2f8319d0a1268d47698ba4eae76e30c5889a0bb620ea0a68bf1e8034a9320d,FjcXArDzUrBTJ1Lv6Yc8n9atjkNYaxKosVjn6VSxZTrK,So11111111111111111111111111111111111111112,2b1kV6DkPAnxd5ixfnxCpjxmKwqjjaYmCZfHsFu24GXo,wSOL,PYUSD,sell,5000000,546782,5000000,549759,fulfilled,Executed,Grr6…x1jS,4,7ibpaQ9MS25soaGneYwTRXNHK5gzHkfLVWQ11o4gH7KsKFZjJkLfFrgshhCZZ7oUu7DqmHsD6csZPa3EuhPBDki,13,main
2026-10-09T11:31:23.254507Z,0xc804e7007ed192b0d579cfaa7ce9ce53d98dbc6fc7ecf65d4191a2bbb50e351c,CaMSDEBp5zy2QxSYqDxqbk28qxFwzLXiNdFJiv9TKqhU,7vfCXTUXx5WJV5JADk17DUJ4ksgau7utNKj4b963voxs,11111111111111111111111111111111,ETH,SOL (native),sell,19800,4458395,19800,4482057,fulfilled,Executed,Grr6…x1jS,15,3iRjWdDzLWwWJ8cqLdsEob4bnoq7Qf2oYDVYzFs8JVU58eHhjPLhMzMzX18PH3Bf8VcALC1uUkzW9PNZNQ1REngH,22,main
2026-10-09T11:31:23.964535Z,0xccb84719e9f5808b0d5061723fdf30c312252608e0feca25b9cf2f3baeaf569b,3FHY6qZALHavE387YcUMyqFYdYCiR5PbLSxdQBpwR6JK,So11111111111111111111111111111111111111112,6GmAFSYs4gk3FDao5FzzySQpPZaWsa4rUJHacpMpUNgx,wSOL,STONK,sell,5000000,3710322341,5000000,3727275512,fulfilled,Executed,Grr6…x1jS,3,5P7EQh8QophBFiqc7gsqdRb1wpdoeRNcKCvkACiU9kXfmNyTgYVdAeK8EX9QQPSzJn94PfDpivX2CGHdAosgGvsz,7,main
2026-10-09T11:31:24.015179Z,0xcb4ae84cb4db4780112b4ec6da70b939dbbd8257191fd354c0dbfae1e73b2616,DoD7Kb5bE6Jr7Eq2JTdYwfLn7718RzpYxKyQen2rxiBQ,So11111111111111111111111111111111111111112,2u1tszSeqZ3qBWF3uNGPFc8TzMk2tdiwknnRMWGWjGWH,wSOL,USDG,sell,5000000,546987,5000000,549803,fulfilled,Executed,Grr6…x1jS,3,2icyHfse4ez1xj1RZbK2KQ8pPu1NqfHSZL9kCvFwagK9usz6nKYoXBUFzwQrrYwWQmuBLSe4Juv3osT9mtyfsjd9,5,main
2026-10-09T11:31:24.600568Z,0x0fd44afb2f3bceb7618fb8bf2da1530f328083e3bb73fee68bfa175e81bf5d6e,Dy1CJYGtZBZBsAqe13BPSYqDy1pyrThHBi6g2zTVASd1,So11111111111111111111111111111111111111112,JUPyiwrYJFskUPiHa7hkeR8VUtAeFoSYbKedZNsDvCN,wSOL,JUP,buy,4508893,1360000,4487571,1360000,fulfilled,Executed,Grr6…x1jS,3,2vr6BbthPYpk7mAtPE1sXbyQgJ23iLGysk9xk6JqFeTdrniBAtzZHnm7yi5xUGwQHLRJZ8ibiS32kywtchp1D86m,52,acquire
2026-10-09T11:31:24.747878Z,0x0102381baade112b2a8c6cf37ec998f27c65acaef8d0c645cc5109c5846c567e,BPmy52DKPodqoSUirZUBedULujAZr6s778i4hc153r1X,So11111111111111111111111111111111111111112,MukLDtJ8Cx9DxLbeyLRSWPSposTMWuwHANbuaudpump,wSOL,OTC,sell,5000000,74401206,5000000,74775081,fulfilled,Executed,Grr6…x1jS,2,5fAeWmiqDugQLhDANkBBZqfU42t1gskjYz2WGNyhX1aVNTVAeJUw3dArMTpooRpcSSba4cpAp62bRXksVEZEJkB8,75,main
2026-10-09T11:31:25.049096Z,0x04cd974553fe42bc66ed98b3285dddba22bd7cde6a546229a2074fc1763dd715,GcY8jk3HeHLDmdPa8wRVnHkn8f77frWdZxRWr6rrdyus,So11111111111111111111111111111111111111112,cbbtcf3aa214zXHbiAZQwf4122FBYbraNdFqgw4iMij,wSOL,cbBTC,sell,5000000,662,5000000,665,fulfilled,Executed,Grr6…x1jS,2,2GZHTWjHhqghjHLKxHAyejFq9raKDUEWGJdv6LgUMGRYSK9zv6tCWX6RXGKdN12b62eWjY7fFhjDk6cHepwLGLyi,19,main
2026-10-09T11:31:25.314233Z,0x937b1eee213c159d77e17103660206df6f0a37d63204c55865cfc8e4b54b278a,BsXAAY6SvTyWYjwKCa5SUs1kDBK6n7ia7qvRPVj5dFgz,So11111111111111111111111111111111111111112,CASHx9KJUStyftLFWGvEVf59SGeG9sh5FfcnZMVPCASH,wSOL,CASH,sell,5000000,547120,5000000,549947,fulfilled,Executed,Grr6…x1jS,2,4y68jZNWunvS7bk3rtwTzDwSyVtFy7uUA5TVnTU6YLK8NZKKW1RTRT9QG1y6pLL639jA8e5QsFJXV7gLV7PGubL,33,main
2026-10-09T11:31:25.694967Z,0xe36d7de14079486fb93162d74f33b1cb7848923738484f4404d8ec6228dfa221,4p3tgZxpw2gKnJnVwQ4Ah3av47HywcXfFaXTFGNU2aTT,So11111111111111111111111111111111111111112,EPjFWdd5AufqSSqeM2qN1xzybapC8G4wEGGkZwyTDt1v,wSOL,USDC,sell,5000000,546970,5000000,549808,fulfilled,Executed,Grr6…x1jS,1,5eVMWAT8pxof5haGxebWgjMB8vQbJ89oFymZKpmtPvymqgVM9oFiFAzBBe7PSJNP41wP9oRYdZJjddgdPQNh7S6J,1,main
2026-10-09T11:31:27.133710Z,0x1e7a5687e6ebbb4f8dac4e6eba151d26c1b9325c3093e577fef42c1191f88cd0,EDimKwHuMtcwxxbAfQPT3EaH9CPpyTLARxLRRwiZV26v,So11111111111111111111111111111111111111112,USD1ttGY1N17NEEHLmELoaybftRBUSErhqYiQzvEmuB,wSOL,USD1,sell,5000000,547355,5000000,550230,fulfilled,Executed,Grr6…x1jS,11,2SenAi6MtfSZqq3UmsXHvd8kND5Gn28swtmQhgKWS1d3Vcmn572zF5V68cq6jQZmHFFeuJyh5diPhxJRHEntDv1W,47,main
2026-10-09T11:31:29.496221Z,0xc4ad744655b7b860ba30084154e8bac2b3fef27d9050509c87b3cd1b45c0eeeb,HTsxGEXBSe8rdUJjtW7e4v4YChNXTVmLQXuqBvvQtJuF,So11111111111111111111111111111111111111112,pumpCmXqMfrsAkQ5r49WcJnRayYRqmXz6ae8H7H9Dfn,wSOL,PUMP,sell,5000000,95325605,5000000,95854961,fulfilled,Executed,Grr6…x1jS,12,3YLVh9BcUentL1CsBy38q6En8yvhfRP8aYAV6b4NcyVJD81qeNhi5mCHTKwEPejYqViWMH4LPd5zSCxU5mA9mYfE,17,main
2026-10-09T11:31:29.741334Z,0x8a61a1a15da537060551f5c26936ea7117173d8785512a881729125d132b016a,CcQdkRAXeX7seuZLmiapfpM6CVBndVrsvMe38E4Uypyg,So11111111111111111111111111111111111111112,sUSDai6Y3GxysDEtA9BVcEFTaog6UZpYUVxJiMhAKYE,wSOL,sUSDai,sell,5000000,489642,5000000,492979,fulfilled,Executed,Grr6…x1jS,58,4Tv6uTps3sFaX5r8n7guDmKVT5N2ur9DfHaS6WTYjXJ9h9TvWnxk3NvRtaAw7RPY1DKD49ZijR53MH6SYiAshPdF,89,main
2026-10-09T11:31:30.086160Z,0x9ba4f152b39bb3416c0331b09f9d3990481ec2eaa43ceba8f1e6153e6f5b3de4,AQtmpjmjjZTzzs5W2Ld4gPteDe1teLKMpwj3v5GAv7ef,CWZ6BsdnjkDVTGkmL6bGbJXXig6ceef12KvyGQW14cMt,11111111111111111111111111111111,ANTFUN,SOL (native),sell,42000000,4451233,42000000,4480433,fulfilled,Executed,Grr6…x1jS,7,4cc9xzbUV37EB26Hezw2NugPCfb7eD4jRLKamRiMkT1oALKWg8McjPfHmgoeX5aCm5WWumpDeVXwuDpSMuWbTGjR,50,main
2026-10-09T11:31:32.588719Z,0x3df3e44615ea4ee5394bfff54380ee08f1c296087df53b360aed2f6d0c73678a,HoWtt82mr4wqKqMDy4jFDRs1C9kt3kY6KtXH3i83fyn5,3NZ9JMVBmGAqocybic2c7LQCJScmgsAZ6vQqTDzcqmJh,11111111111111111111111111111111,WBTC,SOL (native),sell,599,4461459,599,4482358,fulfilled,Executed,Grr6…x1jS,5,5vSBieVpxjsL8T9Tp8eQTKHXRkdMUhFiGBtJ8MikXSB64qibr8ztgmQNY8bPAo4fN7bjQJ4APvmZ2yzbsXaz6CmC,42,main
2026-10-09T11:31:32.782323Z,0xb2ba2bf424d768589ad926b0fa44a239203e8c4bff0c21ece0160a8dae6e0465,4p3tgZxpw2gKnJnVwQ4Ah3av47HywcXfFaXTFGNU2aTT,EPjFWdd5AufqSSqeM2qN1xzybapC8G4wEGGkZwyTDt1v,11111111111111111111111111111111,USDC,SOL (native),sell,494000,4462346,494000,4484276,fulfilled,Executed,Grr6…x1jS,5,3Dq3d8KVp1E5iyvJJhgSZSFJ6KokHrUnrsRVC2cTBzPugRUozex1miK4QtwQamh3swtGD9KBdobx84gGvTyzBFuh,2,main
2026-10-09T11:31:32.969182Z,0x872730510a724e63d4377a1f54517e7ca2f3b62c894f7807fd999d5ea1a89165,4SqtvDu46EtUmHrpwzvvzqUtA8FJD7tY3baar9XQU33g,So11111111111111111111111111111111111111112,XsoCS1TfEyfFhfvj8EtZ528L3CaKBDBRqRapnBbDF2W,wSOL,SPYx,sell,5000000,70044,5000000,70409,fulfilled,Executed,Grr6…x1jS,16,4SMhMUVp7UcTtJAFHNoKnRitZwMNb4tDnMtR27VfuYCeAUahb5EuYt8yFmC4gd49JtYEjmbmctqiBL9T6m7YkFhM,53,main
2026-10-09T11:31:33.067012Z,0x2f1c5aae6bb9fbbec9110f8db5eeacd30ab640c20c8b130667bb0054d230163d,FjcXArDzUrBTJ1Lv6Yc8n9atjkNYaxKosVjn6VSxZTrK,2b1kV6DkPAnxd5ixfnxCpjxmKwqjjaYmCZfHsFu24GXo,11111111111111111111111111111111,PYUSD,SOL (native),sell,494000,4462681,494000,4484676,fulfilled,Executed,Grr6…x1jS,5,nBEDfTgy9QpYsnBjFqa5411o6TFRy4LEKyEZLSZeebyq7EmVfS8u7M73eqUZuXdUFUenjzxRMpNVmMKGoXt9Ln2,14,main
2026-10-09T11:31:43.820415Z,0xa903a49911b66302ea97ec929d0962fa9d71688ef385990ed70bf0854ccabcaf,3FHY6qZALHavE387YcUMyqFYdYCiR5PbLSxdQBpwR6JK,6GmAFSYs4gk3FDao5FzzySQpPZaWsa4rUJHacpMpUNgx,11111111111111111111111111111111,STONK,SOL (native),sell,3380000000,4503839,0,0,expired,Winner too late: creation blockhash expired,,,,8,main
2026-10-09T11:31:44.325353Z,0x4173f0a5e918c0425e28cbefc6455eb1ebfb7a201e188b70d3a789c7f94902a0,GikSpMABHu6MJERkF3N9GMmwPXfEBxABjChVkK1W9ji4,4k3Dyjzvzp8eMZWUXbBCjEvwSkkk59S5iCNLY3QrkX6R,11111111111111111111111111111111,RAY,SOL (native),sell,207000,4550109,207000,4578755,fulfilled,Executed,Grr6…x1jS,8,3KBALTaV3SYyzKiXT9JeZqT5CcEvywtPh3Tg6JViyWtmDdHuVFhXDxqMduARsKAGf8iZsRhDcF5VUZGCZykPt7TT,46,main
2026-10-09T11:31:48.146361Z,0x76bd06af83b245e2f2c390426d83154e5e502265c87ee2af7f990e242ec73d05,AEZeUZRrPrAJ94wX66QCy4hwNYQyM4SR9tzQzUjg7UPX,Xsc9qvGR1efVDFGLrVsmkzv3qi45LTBjeUKSPmx9qEh,11111111111111111111111111111111,NVDAx,SOL (native),sell,211000,4472059,211000,4494320,fulfilled,Executed,Grr6…x1jS,4,5D9U4daxknYLukiFT6gPNqVpLJ4WSosZaqDawo8Qw6zpZB1KEEMSVaHjU6fFo24VmDSqBfMzeDmXDTrqwFeD2ith,60,main
2026-10-09T11:31:52.107711Z,0x38b7dda9ef95e0691279d15e1a22d8f657060d19a39dbb30e7de301db1c1d4b3,HTsxGEXBSe8rdUJjtW7e4v4YChNXTVmLQXuqBvvQtJuF,pumpCmXqMfrsAkQ5r49WcJnRayYRqmXz6ae8H7H9Dfn,11111111111111111111111111111111,PUMP,SOL (native),sell,86500000,4484931,86500000,4509988,fulfilled,Executed,Grr6…x1jS,5,67ewz15Xusx88xd7U6hwUNwxtTfsmBVoqZ1P7LV3oPZQLawA8iyqFR1zY6SB5YvDpEwNzKvfRq5aHey9zrZA4n9Y,18,main
2026-10-09T11:31:52.869663Z,0xf2fca15f65f0183217c43339ddeaa8a3f2bb6494109c9bbb87f9ae8b14a775c7,Dy1CJYGtZBZBsAqe13BPSYqDy1pyrThHBi6g2zTVASd1,JUPyiwrYJFskUPiHa7hkeR8VUtAeFoSYbKedZNsDvCN,11111111111111111111111111111111,JUP,SOL (native),sell,1360000,4457239,1360000,4485841,fulfilled,Executed,Grr6…x1jS,4,3xh3PkjySdZYSGNG8QXhY4kUY2dXQMK4GsBQpLfnwWwJgQedx6ikDAnzZtfZ173h6BEXJNMhrfBD3eEKKfLuCtj1,52,main
2026-10-09T11:31:52.981368Z,0x8c64b0af4f378570a4c25acdaf71105f03043ae8ed5eeb22bbbdb69d0b75a2f4,HoWtt82mr4wqKqMDy4jFDRs1C9kt3kY6KtXH3i83fyn5,So11111111111111111111111111111111111111112,7JA5eZdCzztSfQbJvS8aVVxMFfd81Rs9VvwnocV1mKHu,wSOL,GEOD,sell,5000000,1866013485,5000000,1876521452,fulfilled,Executed,Grr6…x1jS,4,t9SAjCU9N8gnS2UhzQrX8umeGB4Vcq6UMKdW5zHpPMKE9ewP6GKm5EC5CJtmnLRLGZfut6q2sG94y299HWJzPg8,101,main
2026-10-09T11:31:53.191292Z,0xf1e8303a903917d136c0f11314b42c14918d047aa39fdd12756e37566fa80206,GcY8jk3HeHLDmdPa8wRVnHkn8f77frWdZxRWr6rrdyus,cbbtcf3aa214zXHbiAZQwf4122FBYbraNdFqgw4iMij,11111111111111111111111111111111,cbBTC,SOL (native),sell,598,4460501,598,4482282,fulfilled,Executed,Grr6…x1jS,4,5zFVD6myEceFUbtEqTVHAnxYWWj5yJvSm5cvsMUDPJbPsbXxi8gUjTB1JrkzkPaM1raBL2Y1pGRJpvxUKWHMJoe3,20,main
2026-10-09T11:31:53.286703Z,0xaddf8cc4399ae5835ede8a889a8c90a817e353f5c9b1648f01e82ecbe866018b,CaMSDEBp5zy2QxSYqDxqbk28qxFwzLXiNdFJiv9TKqhU,So11111111111111111111111111111111111111112,7VertkgF9KLhxxJXHX6uaWuoYZTP9LdGj2bWmVXVpump,wSOL,Agency,sell,5000000,95020111,5000000,98043063,fulfilled,Executed,Grr6…x1jS,29,2T5egoQiuLM9kJwBwKe599Y3DPB2D3voBYPvSmd6CHsnofWaegbS9FjWKBLnVbPcxtFJ47bNQTCeFEjUWA9uMiAW,81,main
2026-10-09T11:31:53.484830Z,0x2fbe92ffa7c884a64ee694300796d842c265a776651e53fb09d0644913e02c71,FjcXArDzUrBTJ1Lv6Yc8n9atjkNYaxKosVjn6VSxZTrK,So11111111111111111111111111111111111111112,WXMRyRZhsa19ety5erZhHg4N3xj3EVN92u94422teJp,wSOL,XMR,sell,5000000,1011060290,5000000,1017147492,fulfilled,Executed,Grr6…x1jS,30,3rty5WdqpHZjE7KnPtdySGQRSnGVPmzHhQUqS42QkFU9kuQ6LL31D8LBMs482yc2FLYgMLGzrPtXnkvNGkT5pttz,73,main
2026-10-09T11:31:56.058114Z,0xd7cba84c536a98c2a16a10b9cfff8887d974e022b5a1d45edcbf0083cd183e24,4p3tgZxpw2gKnJnVwQ4Ah3av47HywcXfFaXTFGNU2aTT,So11111111111111111111111111111111111111112,2zMMhcVQEXDtdE6vsFS7S7D5oUodfJHE8vd1gnBouauv,wSOL,PENGU,sell,5000000,68231595,5000000,68547323,fulfilled,Executed,Grr6…x1jS,27,54tFffePACFzgHpUTYaDuN6Z5AHZvxyLXBkwtUZEv3TmG8iRWd91YMDcHh91uKLpkWBxuaXyvbuurLEc5jDk6Uff,61,main
2026-10-09T11:31:56.108009Z,0x06fb036f2a1add1451cde91a1b0b18843e591fd4a80860404d64294f15f533ac,4SqtvDu46EtUmHrpwzvvzqUtA8FJD7tY3baar9XQU33g,XsoCS1TfEyfFhfvj8EtZ528L3CaKBDBRqRapnBbDF2W,11111111111111111111111111111111,SPYx,SOL (native),sell,63300,4463671,63300,4484701,fulfilled,Executed,Grr6…x1jS,6,26ZjKe3xaTC8Zci2tfN85rA5BWV74GzqfGP8MUyvx6jMGjQQxWb2R8YMmDu3wgJnautFugMjzM8UBcR87AF3JJq1,54,main
2026-10-09T11:31:56.784758Z,0x9dffd118232d8cf33036725c25e666d07706e7921d61c3ba3a65f71d7a2bca07,BsXAAY6SvTyWYjwKCa5SUs1kDBK6n7ia7qvRPVj5dFgz,CASHx9KJUStyftLFWGvEVf59SGeG9sh5FfcnZMVPCASH,11111111111111111111111111111111,CASH,SOL (native),sell,494000,4459317,494000,4479810,fulfilled,Executed,Grr6…x1jS,5,4awdJ3XZkGXkEzJFNpcFpPEEwMMFiVuXRvyscGEs7yy9516fTxgNmNsEGpDhA8RoLFrtxB3J5zu5ZZ3ezysPd9Pe,34,main
2026-10-09T11:31:57.155354Z,0x7f03bcb60e4ad019e379049ebebf5988503750f3fd9dbc11ae9ebd22ed2c18de,EDimKwHuMtcwxxbAfQPT3EaH9CPpyTLARxLRRwiZV26v,USD1ttGY1N17NEEHLmELoaybftRBUSErhqYiQzvEmuB,11111111111111111111111111111111,USD1,SOL (native),sell,494000,4457121,494000,4477584,fulfilled,Executed,Grr6…x1jS,5,5DiejeEdh7XmJF4FK39vFKghdi9CaL74B2dN8kYEUgtv8ZKRFmLeqJYmEx9PcPqoJg7N3ZWcjGwNvTxjxRHg8psC,48,main
2026-10-09T11:31:59.999057Z,0xde46cd922efc2e36f09ddad336291c1024e63f6d6e8fab28c3882450b205a39c,7wPqkLkFafKQZEkqFhbCP2c9vapCvxmbM7AcKRgMT8u6,Xs3oZwbHvqis4NYcf4YKWmEia2eC84wSiVrcYcTqpH8,11111111111111111111111111111111,SPCXx,SOL (native),sell,296000,4471629,296000,4490128,fulfilled,Executed,Grr6…x1jS,2,5T16gpXZsQoGpZH8pywuaoB7akJWFVpVLRzxPv7SxEpdXm1hRyAvmFh8YVfT8bLVBVCaerVuUmvHjTk7PcHP9hcK,58,main
2026-10-09T11:32:16.095865Z,0x74e01d178a2566ec96857e4cbe824729693d8d2c6eceb8a131e43d0f091c7ce2,HoWtt82mr4wqKqMDy4jFDRs1C9kt3kY6KtXH3i83fyn5,7JA5eZdCzztSfQbJvS8aVVxMFfd81Rs9VvwnocV1mKHu,11111111111111111111111111111111,GEOD,SOL (native),sell,1690000000,4475538,0,0,expired,Winner too late: creation blockhash expired,,,,102,main
2026-10-09T11:32:17.420557Z,0x0ad8c7408fab1c11a43b8ea0e803084010f5bd833633cf93808991dca9397615,BsXAAY6SvTyWYjwKCa5SUs1kDBK6n7ia7qvRPVj5dFgz,So11111111111111111111111111111111111111112,PEPEqnuuCDbBC89p1u9vpnP1KQ2oj1xTcQBsjt9X55m,wSOL,PEPE,sell,5000000,1399376678,5000000,1406408721,fulfilled,Executed,Grr6…x1jS,6,611ckpkp1koQpLSNSCrkPbZxcPY3AhPASmPT7JFN4NfsSpqtXNCLiZUce61XunNGo1wMkCcDBaNeKkWsdXGNzk9E,93,main
2026-10-09T11:32:20.008956Z,0xb7ed102ebd5b31155957244c76b9d4d6c059c7dbbe0869ce0b3d8af43fa4d831,EGXsUdM4HLc983jD276LHz87k5zBZSJrJc137qcokK8D,So11111111111111111111111111111111111111112,3ZLekZYq2qkZiSpnSvabjit34tUkjSwD1JFuW9as9wBG,wSOL,wNEAR,buy,4552396,103000000,4529748,103000000,fulfilled,Executed,Grr6…x1jS,3,Jg6NeW6MGNBcdsmJJX5NuTTxLmkwYCWEChZCZyHQhBM2MxZMx8rpqRHLfCVegKPq4wb8zEuoG97ssquAWoB6mNk,32,acquire
2026-10-09T11:32:20.126675Z,0x4aba98cfdd684633b411c80d7f36da68e1a1277a67a809056543a5baa732404c,CagkCmsroJWAiUWrigym7vR9wGYV5aKWanTGu3ZARKqD,So11111111111111111111111111111111111111112,Dz9mQ9NzkBcCsuGPFJ3r1bS4wgqKMHBPiVuniW8Mbonk,wSOL,USELESS,buy,4519763,2580000,4497277,2580000,fulfilled,Executed,Grr6…x1jS,3,5YSGh4TKAk2nzEpduevJjSsUeUTvMggGCwmgid9Xju4UY5nAQmCLmQGko7oJ6BErXCpq2wNXFpEAY6o7BMhCj3Lj,44,acquire
2026-10-09T11:32:20.127895Z,0x03f205a9802a510b9a412579c2d71c8beeafe41cd161b995ee59dd1a01ce88c9,7wPqkLkFafKQZEkqFhbCP2c9vapCvxmbM7AcKRgMT8u6,So11111111111111111111111111111111111111112,6p6xgHyF7AeE6TZkSmFsko444wqoP15icUSqi2jfGiPN,wSOL,TRUMP,sell,5000000,296810,5000000,298061,fulfilled,Executed,Grr6…x1jS,3,46hwEAiwAH68wYAWtnfzsmo9Sk8hocMgPXTNvbgEFBjvxwYzb2oN3E5jREc1U2GqxejQQbLzF9LtxhnNRhnHT2jh,117,main
2026-10-09T11:32:23.064373Z,0xc619c6057ec8ca995311049bc70ac4037bfcc7aeb6fe1f86c0ec77370cd3d6e1,4SqtvDu46EtUmHrpwzvvzqUtA8FJD7tY3baar9XQU33g,So11111111111111111111111111111111111111112,9BB6NFEcjBCtnNLFko2FqVQBq8HHM13kCyYcdQbgpump,wSOL,Fartcoin,sell,5000000,3356791,5000000,3373659,fulfilled,Executed,Grr6…x1jS,6,56dZADWZhP5KU2YXS9kUDGhQf7e3x2Ag2pUKwdfmyQv65EWEsQKFM2Cpze6vNeaiAmT7CHzUxuDBRVabP4PxL913,113,main
2026-10-09T11:32:23.258228Z,0xa172f3ef7c014b613135a605f49f45ab6c646facd24458084b8057230a776d5e,AM6Qwi3vwMCGpRbJ55zDatByeAtsbcfXvXBh77be8C9T,So11111111111111111111111111111111111111112,27G8MtK7VtTcCHkpASjSDdkWWYfoqT6ggEuKidVJidD4,wSOL,JLP,sell,5000000,117683,5000000,118176,fulfilled,Executed,Grr6…x1jS,58,2H1XuTSRWFZygNtAfms6b61ev6gnz2Xf9L9neQcEV4VxPMuz6Uy6f3Y7PN33HCnDDMAKPLJKDSRTJjaWb9cZz1nJ,69,main
2026-10-09T11:32:42.639732Z,0x0f68055cf679623501617138e6b86afb7b30b8fbbf5a47057ab9a438614496e2,CagkCmsroJWAiUWrigym7vR9wGYV5aKWanTGu3ZARKqD,Dz9mQ9NzkBcCsuGPFJ3r1bS4wgqKMHBPiVuniW8Mbonk,11111111111111111111111111111111,USELESS,SOL (native),sell,2580000,4461730,2580000,4477937,fulfilled,Executed,Grr6…x1jS,10,2bQZQ5EG7PfNoY9agkErU446Dhj2NwKQXKDk912zXKojPfxRJ87fFbMmFTV3KNZHgJb1VUduNzAfh97FbbFB4Dgh,44,main
2026-10-09T11:32:42.949694Z,0x48ee0e8d20ac6defe5aa4965c46f863a4e84207ec60697fef358a543d5ad8207,2kV12Qsin6Wfxr2Pr6M8bqUbjqMppw4gpqAbV18TiFfJ,So11111111111111111111111111111111111111112,5dvXTZ5qwgafnHtwu3Ls3QrWx1U4LQsFeCuJgkk4QEC6,wSOL,EMBER,sell,5000000,91634161,5000000,91919860,fulfilled,Executed,Grr6…x1jS,5,4dhU67WM1JL5SxnpADnTkjJZ8PLNChaLQNfKNSXStYvq3usW65LKk5BvxUGYPTya2nhLCrf2yRr9aku4YVYsgJM3,37,main
2026-10-09T11:32:43.610346Z,0xcf1736b5799650a1d30c48a34469965aa926dfbad56f44f3abd1e176ba84a7f7,EDimKwHuMtcwxxbAfQPT3EaH9CPpyTLARxLRRwiZV26v,So11111111111111111111111111111111111111112,4sWNB8zGWHkh6UnmwiEtzNxL4XrN7uK9tosbESbJFfVs,wSOL,xSOL,sell,5000000,7395463,5000000,7426988,fulfilled,Executed,Grr6…x1jS,9,5YP7t9k2pVwuz87HgfQ76nqqYSeWK1bEWBxt2GDrf4vgf1AZLXeuvKdVEkuX1QUvxNnJeQPD81aXCodUnyjye9XF,107,main
2026-10-09T11:32:45.210018Z,0xa7cbb66d854623ea65b4675526937e64b02e7e6154557d85c9a37da36e5a1a5f,4SqtvDu46EtUmHrpwzvvzqUtA8FJD7tY3baar9XQU33g,9BB6NFEcjBCtnNLFko2FqVQBq8HHM13kCyYcdQbgpump,11111111111111111111111111111111,Fartcoin,SOL (native),sell,3040000,4472882,3040000,4492403,fulfilled,Executed,Grr6…x1jS,8,MZ1u5uGWWdZNpFx2HYbvPhPduKTc3rdxHRKKV6YfJ6mqZqkDgq3p6EN9tbafuBbEdFfUodzkdyJHwaZpaSPFVAX,114,main
2026-10-09T11:32:46.332265Z,0x544835b7db30e8b5f86988e81a661995a70507be39407b37d1e43248b1509663,GikSpMABHu6MJERkF3N9GMmwPXfEBxABjChVkK1W9ji4,So11111111111111111111111111111111111111112,oreoU2P8bN6jkk3jbaiVxYnG1dCXcYxwhwyK9jSybcp,wSOL,ORE,sell,5000000,540020749,5000000,542743663,fulfilled,Executed,Grr6…x1jS,55,5KRw1wVUxDAhjsq4zvCd4Dv7Z32jg5xD8Bo9RCnd8xJ2bSjCJEB4mmddeTgfBu1aGv9FtNigoNVLpYtbYGedASLr,105,main
2026-10-09T11:32:46.498550Z,0xa38deedeba086a4239be08d39cb5eea02a429041bbf96b61b46e6f27c0a30e8b,FjcXArDzUrBTJ1Lv6Yc8n9atjkNYaxKosVjn6VSxZTrK,WXMRyRZhsa19ety5erZhHg4N3xj3EVN92u94422teJp,11111111111111111111111111111111,XMR,SOL (native),sell,913000000,4453914,913000000,4476016,fulfilled,Executed,Grr6…x1jS,7,6jUmwCNdXiQoCAuA79M59GCqonQvDE2R4p5X3MPCYREaehtKha2Mgi9Fo9csJqyYyVg8jQv6FyjS82eEiNCh775,74,main
2026-10-09T11:32:46.721918Z,0x6846482bf89aae49dbe97bac068c4c1aa5a26954a08e76e0eaa95cbfb31ecc24,CDY1rvEes25vx7DZwxp5BRSgAewDQMgwBExfAMEymdMC,So11111111111111111111111111111111111111112,BPxxfRCXkUVhig4HS1Lh7kZqV6SPJhzfEk4x6fVBjPCy,wSOL,BP,sell,5000000,446967969,0,0,expired,Expired without a fill,,,,25,main
2026-10-09T11:32:49.546666Z,0x7a87aa2637b7f42f5bba3645bc36a4f62d6a01cd75222d1cf57b83404016a058,DoD7Kb5bE6Jr7Eq2JTdYwfLn7718RzpYxKyQen2rxiBQ,2u1tszSeqZ3qBWF3uNGPFc8TzMk2tdiwknnRMWGWjGWH,11111111111111111111111111111111,USDG,SOL (native),sell,494000,4455034,494000,4477004,fulfilled,Executed,Grr6…x1jS,3,3nTjSQqiA8gP55gGzZw7Gm8NptQBVCVGDSi2xF4XCGsR2Umtnk3jPgYJgxj7wTdFHRqbjEpsPdpBG8YeWosGPDMj,6,main
2026-10-09T11:32:49.580645Z,0x418c94d2078d630d5562fce68f67c3caa519a4d168b45cf1804580d2f8e90745,3FHY6qZALHavE387YcUMyqFYdYCiR5PbLSxdQBpwR6JK,So11111111111111111111111111111111111111112,J1toso1uCk3RLmjorhTtrVwY9HJ7X8V9yYac6Y7kGCPn,wSOL,JitoSOL,sell,5000000,3809767,5000000,3828911,fulfilled,Executed,Grr6…x1jS,3,4aG5ZmxHhnMgcSuVgpUPqz41891zxpSQZSfaTs3v5GXn8ySvcCS1WbVXha3LxbmAsJgB6qGRWDTE8tQXtdui4GJE,67,main
2026-10-09T11:32:49.654238Z,0x7734b8d0993819b3ddeee078fbba739049f24b7819ea34a16a87b0f197fceb79,GcY8jk3HeHLDmdPa8wRVnHkn8f77frWdZxRWr6rrdyus,So11111111111111111111111111111111111111112,METvsvVRapdj9cFLzq4Tr43xK4tAjQfwX76z3n6mWQL,wSOL,MET,sell,5000000,1294346,5000000,1300850,fulfilled,Executed,Grr6…x1jS,3,54n1UYg15b8wba8nbiknpYUCDvZU8B9gCSbk4sJWnnENEcgPeHMS383JaDQJU7xLFkfp2n1EUiNT3uSnPJqxzRmR,79,main
2026-10-09T11:32:53.062438Z,0xc0fc2f4b0d74b284c00f2693a34cf12239bdbf3f0dfd1770a426007d456218a9,CaMSDEBp5zy2QxSYqDxqbk28qxFwzLXiNdFJiv9TKqhU,7VertkgF9KLhxxJXHX6uaWuoYZTP9LdGj2bWmVXVpump,11111111111111111111111111111111,Agency,SOL (native),sell,83900000,4209203,83900000,4230354,fulfilled,Executed,Grr6…x1jS,5,5XnDrBFLgsiHQmfiR1zrdjxD6PpvKQTofXfGTdRCqL71Vxv6mB2uDcbYYELYBj94ZNKPTCdwogNTsiqvdWtSBu35,82,main
2026-10-09T11:32:53.222909Z,0x3020b08095b1ecc190c7ca0a5416f6aa87e466517027c4d0e393c42a3743a316,2kV12Qsin6Wfxr2Pr6M8bqUbjqMppw4gpqAbV18TiFfJ,5dvXTZ5qwgafnHtwu3Ls3QrWx1U4LQsFeCuJgkk4QEC6,11111111111111111111111111111111,EMBER,SOL (native),sell,83700000,4507112,83700000,4530264,fulfilled,Executed,Grr6…x1jS,5,5w7Mj7vKGD4fwaT3XP7YY3mACpoSPkzMzuEYSYrbRqHiH2X5MNpxYxhj9MUjAUhMQjNoqHC8o9qoZvW7v4Vk1kjA,38,main
2026-10-09T11:32:53.370356Z,0x1b386a39a3f217076d0ae3d94b95b0211c16e7f43bfa2dbe21da6a8eec4adc36,BsXAAY6SvTyWYjwKCa5SUs1kDBK6n7ia7qvRPVj5dFgz,PEPEqnuuCDbBC89p1u9vpnP1KQ2oj1xTcQBsjt9X55m,11111111111111111111111111111111,PEPE,SOL (native),sell,1270000000,4475323,1270000000,4497812,fulfilled,Executed,Grr6…x1jS,5,3HgeKF54Ne6Yn8zENZos7xjfwi3UBoZTKbZdJ1ENqgm2j4qKskzR8YRB149X6b8jJMXEUN1vDtseZfP86AMq9cRh,94,main
2026-10-09T11:32:53.425521Z,0xcad9408500f3926b37b696c9b6e61194d22d354fbdfaaa81c663036337028cce,91V7pVaQyARieyPXcNpxQZdqk5KoH7P1vgg2YHNBfSti,So11111111111111111111111111111111111111112,98sMhvDwXj1RQi5c5Mndm3vPe9cBqPrbLaufMXFNMh5g,wSOL,HYPE,sell,5000000,6379620,5000000,6410315,fulfilled,Executed,Grr6…x1jS,9,3VKTzchiP78BZGhSTQfX2u6pejaGnSEJRptzhZNYx3GYHSLBjw1Cu38Qx6egC48NdSKF34jYwudUPnq4ZzVNQD8R,27,main
2026-10-09T11:32:53.467813Z,0x0a8fc897d480b857b0e2ed7ec5a59dcd9c83d54b13b404e402265a6eb3a33267,CcQdkRAXeX7seuZLmiapfpM6CVBndVrsvMe38E4Uypyg,So11111111111111111111111111111111111111112,Ax5dAamJPeuaLpFUzs9FdcpoUhHDcxyjPzxCJQidjups,wSOL,MINI,sell,5000000,246459345,5000000,247758189,fulfilled,Executed,Grr6…x1jS,5,2H3iXUwFitRCBr467VYcC2eH13TNaR3ybNejsGt19FWSB6XQKeycf6KPw1ocxHcuZEiddFrXPTmGbrQa5v8Cw9cz,149,main
2026-10-09T11:32:53.514868Z,0xb377940ffd9d3ddcc7b305f06741a55eebc48d36fe6e4f5f770c2599200e511e,EGXsUdM4HLc983jD276LHz87k5zBZSJrJc137qcokK8D,3ZLekZYq2qkZiSpnSvabjit34tUkjSwD1JFuW9as9wBG,11111111111111111111111111111111,wNEAR,SOL (native),sell,103000000,4487485,103000000,4506896,fulfilled,Executed,Grr6…x1jS,4,2tMzvxqPCuiyuLAQADnsJyE7YHPj8qpxBpPWZjqDgap2nLzxsV8NcdGuMviQ3irujSD6VMT7Hs4yVxU2mT5aucNh,32,main
2026-10-09T11:32:54.196272Z,0x13767f24bbc61f5e57ab32f2d61ff0181b144e806d3bfe0847e5cd045819f1e2,94bjVVSp8jgvP4ivAW3wFomkRpeE3xBouyCWErsR1ANz,So11111111111111111111111111111111111111112,CARDSccUMFKoPRZxt5vt3ksUbxEFEcnZ3H2pd3dKxYjp,wSOL,CARDS,buy,4540578,1740000,4526300,1740000,fulfilled,Executed,Grr6…x1jS,25,3Gb5BzgvTem6vNmLgQxSjkUT7yha6Vr3QXsntx8sBMBJnRs33bAKpUjbUuphDF2YCj2raGsmsCUAxozogF6QYdGb,36,acquire
2026-10-09T11:32:56.185826Z,0xdfffd2bff40c2131abb280ae2f93905da2b46b1f61952ecc493bdcf1d372c0c5,9XSrZ8RkSZ3WDoGkrgWHrmMhixsoWZTLnPxBtQNWNK9c,So11111111111111111111111111111111111111112,Ce2gx9KGXJ6C9Mp5b5x1sn9Mg87JwEbrQby4Zqo3pump,wSOL,neet,sell,5000000,16637936,5000000,16721543,fulfilled,Executed,Grr6…x1jS,2,2HamUk4j8mSZx8iwHp4v8x2DJRGFdH7AiVsuVJsvwEBcvcKSZSjCN3UgCGAzF7utnxMRNCRixwhSf4egEZ3fUnFj,99,main
2026-10-09T11:32:56.465984Z,0xc99558325f797d5fcf5f8b8f55b9016bfe556ba714412d89bc39c2a0140a1aa9,7wPqkLkFafKQZEkqFhbCP2c9vapCvxmbM7AcKRgMT8u6,6p6xgHyF7AeE6TZkSmFsko444wqoP15icUSqi2jfGiPN,11111111111111111111111111111111,TRUMP,SOL (native),sell,268000,4469469,268000,4491443,fulfilled,Executed,Grr6…x1jS,2,4cyiqunpvad88nMimJp395aheHVAos9z2y55BE5qLGuBDg3AkNezY7SbEydV5TBE4hZkVgTrg2qi4hxWbK37UB2A,118,main
2026-10-09T11:32:56.577589Z,0x84ed393e0a98fcb10b3acb2c67f8d38be548deb6d300bdba80db8248194e68e1,4p3tgZxpw2gKnJnVwQ4Ah3av47HywcXfFaXTFGNU2aTT,2zMMhcVQEXDtdE6vsFS7S7D5oUodfJHE8vd1gnBouauv,11111111111111111111111111111111,PENGU,SOL (native),sell,61700000,4468552,61700000,4491253,fulfilled,Executed,Grr6…x1jS,1,2gMCNG8u2TGQ3zvUVvs4fj7VJPrXhma1wEK1j7TtBzjJaxXmbDGLbJnQxye2L1WfovTBMCN99ERRvMp7W6XG5XSQ,62,main
2026-10-09T11:33:00.140533Z,0xe386dd4996326551bcac21fc060d1ae9cc4362f8ea7e2dfbf07adb20249c2cb6,7RqUGHCV2tngEBctNc8o58nPDy6AsYzsUHAW2JgA2XX9,So11111111111111111111111111111111111111112,JuprjznTrTSp2UFa3ZBUFgwdAmtZCq4MQCwysN55USD,wSOL,JupUSD,buy,4507311,494000,4484887,494000,fulfilled,Executed,Grr6…x1jS,4,4CMh1wa4do1ZFsNSkunsMJae6DGmzwgHuKF776KC3bg1LHd2Mc1EvxjaR2iu5H6FNyYMwKzgPVWzQzFFbRvdcXP3,12,acquire
2026-10-09T11:33:16.686630Z,0x4b1ae8e64985479f03d4abe148fecadfcf56fbff277a97ae6b34afcb7d6179b0,7RqUGHCV2tngEBctNc8o58nPDy6AsYzsUHAW2JgA2XX9,JuprjznTrTSp2UFa3ZBUFgwdAmtZCq4MQCwysN55USD,11111111111111111111111111111111,JupUSD,SOL (native),sell,494000,4456535,494000,4477820,fulfilled,Executed,Grr6…x1jS,5,4ggZJiigNEEe7sJcNj6FtMRipJUyD2CfHEab2A9XPiSG6CsQHenKATGiFMokibypYFxwyuo9NDcfgFmEtK6anWSR,12,main
2026-10-09T11:33:17.005494Z,0xac8560d09b6c55e55dc8bfbc6c5e63a566c7603d35156d08600a75b22ae99e4f,AQHstwk1uwAEnz8JE41HEbbD1EaPBjBwtid2qbo1Q3KD,So11111111111111111111111111111111111111112,6FrrzDk5mQARGc1TDYoyVnSyRdds1t4PbtohCD6p3tgG,wSOL,USX,sell,5000000,547493,5000000,551605,fulfilled,Executed,Grr6…x1jS,56,4Ntwxd3B6ntWEZVxfL23YLmvHWWdTUxvKewtcUR8iCuYpNs8Sqs3phNoZmeDekb1MmhRNpSaxrv7gDiU3wutwRTi,83,main
2026-10-09T11:33:19.382147Z,0x5437fc1cec9c0b6e0b2a6c2c31278647c9f74927bdeb63c8815822a56a71a10b,4SqtvDu46EtUmHrpwzvvzqUtA8FJD7tY3baar9XQU33g,So11111111111111111111111111111111111111112,J3NKxxXZcnNiMjKw9hYb2K4LUxgwB6t1FtPtQVsv3KFr,wSOL,SPX,sell,5000000,148309924,5000000,149055200,fulfilled,Executed,Grr6…x1jS,3,36mbSnFLrs7wz5Yr95EeKDymuw8KNag2gn8oQM14Mg8Zb246z7XGEsuSwW7DYYYL3pE73w7DwVtcioeWsKYP2DT6,173,main
2026-10-09T11:33:19.949315Z,0x6fd9104f1d21d61bc8eb8f4161ebebc95650841b75289dd95df6e06d7385d2d2,CcQdkRAXeX7seuZLmiapfpM6CVBndVrsvMe38E4Uypyg,Ax5dAamJPeuaLpFUzs9FdcpoUhHDcxyjPzxCJQidjups,11111111111111111111111111111111,MINI,SOL (native),sell,225000000,4426419,225000000,4446290,fulfilled,Executed,Grr6…x1jS,2,5Q2DcCftfmsavq4yBgJqAP8PWN9YbGCTMq1rdL1geeG4UcYEAeGdFZMz3hnjobinTE5s4DPAo6WJvbdr1Wc8WpL9,150,main
2026-10-09T11:33:29.261853Z,0x63443af22183f0be90256e29d0cf75c1a0684490b933a0c9eb887270872aaff0,AQtmpjmjjZTzzs5W2Ld4gPteDe1teLKMpwj3v5GAv7ef,So11111111111111111111111111111111111111112,EicWvteVi2fWepEzS3FYWsnuPoP6caZfjnKqNvydLjCH,wSOL,LIT,sell,5000000,15075738,5000000,15151495,fulfilled,Executed,Grr6…x1jS,3,5WFXPKZwHvLck57ghfKFnKrz9MFfuirEBDuqhpEz1Xj3vuu5frgS2MPjCbL2eMuwMeXcMravgtxvGQS44TVocFhe,109,main
2026-10-09T11:33:29.282706Z,0xaad436b1079dca7bccdc6900f5dae172f417b3da88fae83ac936c6f7aa69a4c2,4p3tgZxpw2gKnJnVwQ4Ah3av47HywcXfFaXTFGNU2aTT,So11111111111111111111111111111111111111112,Xsa62P5mvPszXL1krVUnU5ar38bBSVcWAB6fmPCo5Zu,wSOL,METAx,sell,5000000,75290,5000000,75822,fulfilled,Executed,Grr6…x1jS,63,2UnBer76hzwpTrSQ8V9FU8wHjbPjazhFR8f44TQGfPzC9tZB2byUnMomJvj3bp4BjPS2RMMU1bGPkaMJcYTc4JLu,121,main
2026-10-09T11:33:29.523714Z,0xb5ef82dbb7d4099f5d564304af71f756ad7883071eee81432524d85925a900dc,2kV12Qsin6Wfxr2Pr6M8bqUbjqMppw4gpqAbV18TiFfJ,So11111111111111111111111111111111111111112,5UUH9RTDiSpq6HKS6bp4NdU9PNJpXRXuiw6ShBTBhgH2,wSOL,TROLL,sell,5000000,14593839,5000000,14667177,fulfilled,Executed,Grr6…x1jS,2,fqPLRFqnNHcuRkrWAc2fiYRNQx7Z5TJXEZi1ryRjSfVYW46vJWaJr3o85mk6pfUjLAYQDaHTbjnj8Y9AebQHdTj,97,main
2026-10-09T11:33:31.165939Z,0xf8307d18630c0c3f407d96dad0f1ad58ae19ff567cdc95ecef3dae7f0f1af51e,AM6Qwi3vwMCGpRbJ55zDatByeAtsbcfXvXBh77be8C9T,27G8MtK7VtTcCHkpASjSDdkWWYfoqT6ggEuKidVJidD4,11111111111111111111111111111111,JLP,SOL (native),sell,106000,4453492,106000,4475775,fulfilled,Executed,Grr6…x1jS,1,4ufdZ2xqTrQkZqLG5tUcVh4DV9itasH8rnN2UHsUnWrrupQJVDE9nkeuTdWykB3VXbLka2Z54Mvczg5UzZA19Psy,70,main
2026-10-09T11:33:31.301134Z,0x1622e62a3e516e6084b4d80ddd38288f6ad09d4e56727263e183753f6d9ce19a,94bjVVSp8jgvP4ivAW3wFomkRpeE3xBouyCWErsR1ANz,CARDSccUMFKoPRZxt5vt3ksUbxEFEcnZ3H2pd3dKxYjp,11111111111111111111111111111111,CARDS,SOL (native),sell,1740000,4490689,1740000,4511383,fulfilled,Executed,Grr6…x1jS,1,3h8Wnfo4siXnwGSU5EL5prbXvaB2u8wE8bBYzrLbiXzKgwWegJGKMn8xUV4ZjxCWwyw7wNYtX44PjbXVeG6pkFP6,36,main
2026-10-09T11:33:31.457424Z,0x7be252098b1543056472d67558a8a8148cf8607aca4dcaabf2a843ceb37e87db,BPmy52DKPodqoSUirZUBedULujAZr6s778i4hc153r1X,So11111111111111111111111111111111111111112,Xsv9hRk1z5ystj9MhnA7Lq4vjSsLwzL2nxrwmwtD3re,wSOL,GLDx,sell,5000000,142777,5000000,143739,fulfilled,Executed,Grr6…x1jS,62,5EBQjCQ74CTgQ8PC1UPE1wM5F7q3t7G9nCf2z6aya5ywYxcitSSDBZv99RHXUgGxSevGdj34W4WutAD3141AnxgU,135,main
2026-10-09T11:33:31.599229Z,0x448ef2d78a8d3a77a9e9211b2d496ddb09339dff0988800b1598d85310d2eeca,EGXsUdM4HLc983jD276LHz87k5zBZSJrJc137qcokK8D,So11111111111111111111111111111111111111112,5Y8NV33Vv7WbnLfq3zBcKSdYPrk7g2KoiQoe7M2tcxp5,wSOL,ONyc,sell,5000000,475521217,5000000,478393174,fulfilled,Executed,Grr6…x1jS,6,5F2ehjMqwx4joWXhJDEkPb8UdMvBNiYpkLe3heCmzoiL7FQoWJZDBqAKCiX28kgKLS1xwyWjuroCKLTqDrB6LxoS,91,main
2026-10-09T11:33:31.915028Z,0x6604929c60ceae770d98ec7334daff730468a565b142184c5a86d8cc551df55a,4SqtvDu46EtUmHrpwzvvzqUtA8FJD7tY3baar9XQU33g,J3NKxxXZcnNiMjKw9hYb2K4LUxgwB6t1FtPtQVsv3KFr,11111111111111111111111111111111,SPX,SOL (native),sell,135000000,4499907,135000000,4522519,fulfilled,Executed,Grr6…x1jS,9,4ssmvJUQvtjQurpQuCzDYTWb5nfY5moCVcF7ooDDKDVvT2VhfHC5EKr27wW5RwAyswtHfPKTTnRZqFFSntFfjq2W,174,main
2026-10-09T11:33:32.453288Z,0xa27491eeb30c96a4ba30c528973e3d3f20658725df757d17eb67e06007cfb89d,7RqUGHCV2tngEBctNc8o58nPDy6AsYzsUHAW2JgA2XX9,So11111111111111111111111111111111111111112,jupSoLaHXQiZZTSfEWMTRRgpnyFm8f6sZdosWBjx93v,wSOL,JupSOL,sell,5000000,4099097,5000000,4119695,fulfilled,Executed,Grr6…x1jS,9,64TGrCJL8de467Jk6EbCGuFYWpFMhiikRDANq1jvmTRD7H7hTKRhX16YchN7HeyjwGTEjANNMPfLAdMfYnLD3ogE,71,main
2026-10-09T11:33:32.527717Z,0x46e4836bf7d3566183fb76f1371379c9f2230a46ccb542292089130013fcf3d1,5akdWDVyHEWgFASL9q18W1wvJcy546hL4EGfPF6Hiwrd,So11111111111111111111111111111111111111112,D1YZZg9dBZ7AbfknZVbaeVLto36eySwoFYEVhZrD4F4n,wSOL,GO,sell,5000000,3450160677,5000000,3467498167,fulfilled,Executed,Grr6…x1jS,8,3PepJ491ThLYmC3eLidqXP6eTJ8MKF9ETqKT4U9Y1G98xFiJzmPipFsGC57sJ8DDiv1C2fH1FDq99wXozAK4E47D,115,main
2026-10-09T11:33:32.670395Z,0x503cc60095dd36ac2ea6cda6e38556eedcb8cc5d9000f20de084778e7072c029,CcQdkRAXeX7seuZLmiapfpM6CVBndVrsvMe38E4Uypyg,So11111111111111111111111111111111111111112,7ga6rtE9qSb3wdEiDCpTu2kHqoGVfT52jD8ign1rYTvx,wSOL,xHYPE,buy,4516244,238000,4494583,238000,fulfilled,Executed,Grr6…x1jS,8,gQo83iYjhyWGXTQ5FHgpG6r84kVtMXfM8WXpg9ZgKxnFVSGCUfw6KXTyj1YLsynPN5jwxmTCVC5HrMkxQv2Nk2F,210,acquire
2026-10-09T11:33:32.987768Z,0x9d5b7d29138616b0ea73dc4bc49887d975ea2cfb3efc853105c0cb77854de404,BsXAAY6SvTyWYjwKCa5SUs1kDBK6n7ia7qvRPVj5dFgz,So11111111111111111111111111111111111111112,3b8X44fLF9ooXaUm3hhSgjpmVs6rZZ3pPoGnGahc3Uu7,wSOL,PRIME,sell,5000000,515004,5000000,518015,fulfilled,Executed,Grr6…x1jS,7,4q5MaG6m6kg778ZQpxTFo1FzFdCFPiLokWFHEtGXZv23qQDpTTGgwPkjAhUEESLQtwVwFv1RJ9DEaNmqaseCqe7g,153,main
2026-10-09T11:33:33.225460Z,0xa167d0c7a9afbe0e82f0b6b473ddd723ac9117c7b74927ec3d315895e81114e5,91V7pVaQyARieyPXcNpxQZdqk5KoH7P1vgg2YHNBfSti,98sMhvDwXj1RQi5c5Mndm3vPe9cBqPrbLaufMXFNMh5g,11111111111111111111111111111111,HYPE,SOL (native),sell,5760000,4463719,5760000,4487505,fulfilled,Executed,Grr6…x1jS,8,azGLswSkU3EBBTPa3Df53hj34UiCJUd93DeTH2oqAU1XvS2FcU2kFHGXBrcsuUn8krv835QeniSpkGv9L4W2kZk,28,main
2026-10-09T11:33:34.230358Z,0x1523d0d390c5863227743de088ac9b34b29ed68efcd9be26eefdc155bc343a6f,2kV12Qsin6Wfxr2Pr6M8bqUbjqMppw4gpqAbV18TiFfJ,5UUH9RTDiSpq6HKS6bp4NdU9PNJpXRXuiw6ShBTBhgH2,11111111111111111111111111111111,TROLL,SOL (native),sell,13200000,4457911,13200000,4477048,fulfilled,Executed,Grr6…x1jS,8,4SuSJBiN9yRTGVaVng5cgEb31eCzwuWwrjjpbNzGrvnQt75PAFjtn685cCK9ahLq3Ne5n8qvCDAqG5sCSfVF6uj5,98,main
2026-10-09T11:33:34.571945Z,0x8230bd776171a9b50e0f0e6e52302e5db71521f7f981256851c972abb465a4b1,9XSrZ8RkSZ3WDoGkrgWHrmMhixsoWZTLnPxBtQNWNK9c,Ce2gx9KGXJ6C9Mp5b5x1sn9Mg87JwEbrQby4Zqo3pump,11111111111111111111111111111111,neet,SOL (native),sell,15100000,4479868,15100000,4501489,fulfilled,Executed,Grr6…x1jS,6,4m1N2JGGg6hGSPwx8XSp6zMSPeQhahsQxkGLU4YwgXT5WS8ED395FATvZAZA4yopFuT7VgeifkQRT6Q1d1YPE1Z4,100,main
2026-10-09T11:33:34.973023Z,0xafc97fb5ebcbc02e86db9e290fb6a6a53444725c1153be5005da7ab41638a9ee,HoWtt82mr4wqKqMDy4jFDRs1C9kt3kY6KtXH3i83fyn5,So11111111111111111111111111111111111111112,Ge87EtsjwRQbHaqQmKRno69RFTwh9bfSsm99XNxTpump,wSOL,Jimothy,sell,5000000,179368440,5000000,180371806,fulfilled,Executed,Grr6…x1jS,6,29raSJnKCw3g8QCEaVXp2esQ7zpJTDKqCNZ17sPAcGf7C3CeHWaq8g5qmRZoTykcsgC2qb2pKWfXrXVRAjLuMk47,161,main
2026-10-09T11:33:35.362698Z,0xf2017ae754c076d52f49305c018dc93a20c473ff0e2784cd22fc3ce0ece11ef1,FjcXArDzUrBTJ1Lv6Yc8n9atjkNYaxKosVjn6VSxZTrK,So11111111111111111111111111111111111111112,5YMkXAYccHSGnHn9nob9xEvv6Pvka9DZWH7nTbotTu9E,wSOL,hyUSD,sell,5000000,548570,5000000,551546,fulfilled,Executed,Grr6…x1jS,6,aDsZA9HMzQBPT6VzMrZeW6XCHQ2774bK9Bx8vY4UvmikWLJVaSe47bMEp2RBJNSQB9VRYtssg4oWPwc7RP8oRUh,133,main
2026-10-09T11:34:05.979185Z,0x4cf5981d2d8e142eb8dfc6af7e645aee4960b599e22bc52c604e2ec183edb941,BQAD73uj3XftKnCB5ZB7P67b7AvEdfLefYbLiipch5oC,So11111111111111111111111111111111111111112,Es9vMFrzaCERmJfrF4H2FYD4KCoNkY11McCe8BenwNYB,wSOL,USDT,buy,4496277,494000,4474384,494000,fulfilled,Executed,Grr6…x1jS,2,2eNyxMTYXmrE1eg1BKzHCMKKE84VXJeyqRMM6oMfc2CMe41XDLbPXzr1yFCjTzhazGUjoN2fx34dM9isTCpxyQR5,4,acquire
2026-10-09T11:34:06.174503Z,0x05fc1a15f6ba33836845a0ec97754969026ca2555463f6a37006b5ad1b768347,7RqUGHCV2tngEBctNc8o58nPDy6AsYzsUHAW2JgA2XX9,jupSoLaHXQiZZTSfEWMTRRgpnyFm8f6sZdosWBjx93v,11111111111111111111111111111111,JupSOL,SOL (native),sell,3710000,4471175,3710000,4493643,fulfilled,Executed,Grr6…x1jS,2,2M6Yu3wGMEFYCYX46edL31EYJtUm1KzLxSfrveTyjVs8qSDsVsvpPVQEJUuwyuZn6mLUoZCm8iRwX5Syf6BB6m9Z,72,main
2026-10-09T11:34:06.452319Z,0x0b0c0facca81431d6203f6e9f898d857f0870355e8d1be1605da19514b3eac8c,Dy1CJYGtZBZBsAqe13BPSYqDy1pyrThHBi6g2zTVASd1,So11111111111111111111111111111111111111112,mSoLzYCxHdYgdzU16g5QSh3i5K3z3KZK7ytfqcJm7So,wSOL,mSOL,buy,4520019,3190000,4497790,3190000,fulfilled,Executed,Grr6…x1jS,2,3PdXibHZfSdDodndTCyCD2em3ctKxo29MCfUZbfdhXCbA3MmdRqNfNwe4jHqj2RWMTtF5pwrdxJ59W71E7c3rQAQ,112,acquire
2026-10-09T11:34:08.897952Z,0xdab44056241d3e1a03fd599d03f9ebf240b10ee0e0fb867c2b417653f9bf6430,HTsxGEXBSe8rdUJjtW7e4v4YChNXTVmLQXuqBvvQtJuF,So11111111111111111111111111111111111111112,BCdwQBAn8dYB5YjTsoB6TdHAWokxv28k2oZUodERpump,wSOL,MANIFEST,sell,5000000,57694396,5000000,57984317,fulfilled,Executed,Grr6…x1jS,5,61nCbArFMuLmZ9kyrSVWcSP6f6q6phcNH4yJYFVKBNxvFPCtDgB7hKd67XoL8udtVsL1ziiHAMQksWqjvbdhccCe,137,main
2026-10-09T11:34:09.439064Z,0xa45fbbf0bddbcb8cb812edee137fa23644a18c45f216ae12e483efa3df06afb0,BsXAAY6SvTyWYjwKCa5SUs1kDBK6n7ia7qvRPVj5dFgz,3b8X44fLF9ooXaUm3hhSgjpmVs6rZZ3pPoGnGahc3Uu7,11111111111111111111111111111111,PRIME,SOL (native),sell,466000,4466086,466000,4486179,fulfilled,Executed,Grr6…x1jS,5,4783fTHggY2E2Rez1UqDGroNFL68HwcfA3dMTxKVXXQLaE54GRarQ2nTPxaTnjGHoyTcr4MWqnYcVvxXQkFEVkNA,154,main
2026-10-09T11:34:09.500912Z,0xf7ac75ddc24fedaf5e153f5dadbbd8843188d47e4670d71f2511b2461c46072d,91V7pVaQyARieyPXcNpxQZdqk5KoH7P1vgg2YHNBfSti,So11111111111111111111111111111111111111112,C1mBfBoDkwWfd6uTFZp62ARHLjeVp3bDpCDMfMZtPngE,wSOL,HOOKED,sell,5000000,58450145,5000000,58737978,fulfilled,Executed,Grr6…x1jS,4,2bNMc59LP3jk27uJvFJ3jY1iSXq3GgaZaPtePWzL79zPg1PHgJCtfv3Kck5gL1bhw69a2skbiEFJBS7WcgtZMTcv,87,main
2026-10-09T11:34:24.326344Z,0xfec5dd3d19a73c2629e478db821459788c3e101a1f3c29a339471659316a1ed0,BQAD73uj3XftKnCB5ZB7P67b7AvEdfLefYbLiipch5oC,Es9vMFrzaCERmJfrF4H2FYD4KCoNkY11McCe8BenwNYB,11111111111111111111111111111111,USDT,SOL (native),sell,494000,4444385,494000,4468909,fulfilled,Executed,Grr6…x1jS,3,3fZ4NWBAaLYo2sBpGyiCNPcq9hUjxjBdY4Nix3q2wREqP6jemp2q8wr9uSF1yiP8dCmgvYKgD9LvQ7EZAiAZggqm,4,main
2026-10-09T11:34:25.025743Z,0xb76491541ac390536e5dad7e3c498ff4ec9454df0cefc0201e7e71f12eaa3b72,HTsxGEXBSe8rdUJjtW7e4v4YChNXTVmLQXuqBvvQtJuF,BCdwQBAn8dYB5YjTsoB6TdHAWokxv28k2oZUodERpump,11111111111111111111111111111111,MANIFEST,SOL (native),sell,52500000,4455761,52500000,4478151,fulfilled,Executed,Grr6…x1jS,2,3Z2wdbmWt6GrxiwiYmTF515vCoELkYN9xuvLyzwG82Eb8XSMFbnwmcoCy9USoMoknRWrEeYKUsxGGozjiRZB2iuw,138,main
2026-10-09T11:34:28.361792Z,0x7b909cc131413e5f0b2925ff8cc93d606a86263c465fe5af74c75341309fc9ff,GcY8jk3HeHLDmdPa8wRVnHkn8f77frWdZxRWr6rrdyus,METvsvVRapdj9cFLzq4Tr43xK4tAjQfwX76z3n6mWQL,11111111111111111111111111111111,MET,SOL (native),sell,1180000,4492100,1180000,4514445,fulfilled,Executed,Grr6…x1jS,5,3tu4skLagTDhgD6rwQJG9aaSyLQE6y7AMLqyZhE2ZL4u8b6ZZZxBwiPj9sypLPMP4ARh1dmP2tAyRydrWPGyztEW,80,main
2026-10-09T11:34:28.446194Z,0x186949ab274f1a6ae0f9ac35fda1bce2e6ee73672e59dd44150785187920042a,CDY1rvEes25vx7DZwxp5BRSgAewDQMgwBExfAMEymdMC,So11111111111111111111111111111111111111112,BPxxfRCXkUVhig4HS1Lh7kZqV6SPJhzfEk4x6fVBjPCy,wSOL,BP,buy,4530190,404000000,4506786,404000000,fulfilled,Executed,Grr6…x1jS,5,4fZ9FwdK6nQuULxXyaEAQqcyJhZBNDf8zLFjx3z6wWwaXyzT6Kb5njD5NPg1aSpJtL9n3M2X7Qt1sm5btVZ3GvGw,26,acquire
2026-10-09T11:34:28.926701Z,0x8e55cdcc74504734bfb3244c20240d83bea4ce53cbc8c8ae8d041806d7d52e32,4SqtvDu46EtUmHrpwzvvzqUtA8FJD7tY3baar9XQU33g,So11111111111111111111111111111111111111112,TTWofwAge91oFhZs7kpQdyrVRkmevgM88xijGvQFbKo,wSOL,TTWO,sell,5000000,2580,5000000,2593,fulfilled,Executed,Grr6…x1jS,4,2YusrEfCbiu2ybdqkRxuuZCfZWVCXFHKepHrCHf5o5LXgz3PaySVnkCEjXC3pUZnJqG7upFXgQtjJB49YbxT8aQQ,233,main
2026-10-09T11:34:29.104338Z,0x403b5ee6f9adb05e4514e2de9cf244a3eeae19520c2a8ed7ed0f36a69c588154,AQHstwk1uwAEnz8JE41HEbbD1EaPBjBwtid2qbo1Q3KD,6FrrzDk5mQARGc1TDYoyVnSyRdds1t4PbtohCD6p3tgG,11111111111111111111111111111111,USX,SOL (native),sell,494000,4448561,494000,4469317,fulfilled,Executed,Grr6…x1jS,4,4eSGX6BZsrJPvVPGhYZqkf46Cbk2smNKjy65A7ZRaQ2cBjWDFNwR3sqicD1QMDAEqAGyQ1nSTd7CKgvczqxDc66L,84,main
2026-10-09T11:34:32.358617Z,0x635234d03c1ed8bbd9da176f829feff88cb2b209d5f641ad626f7ef9cc683521,91V7pVaQyARieyPXcNpxQZdqk5KoH7P1vgg2YHNBfSti,C1mBfBoDkwWfd6uTFZp62ARHLjeVp3bDpCDMfMZtPngE,11111111111111111111111111111111,HOOKED,SOL (native),sell,58300000,4906834,58300000,4931491,fulfilled,Executed,Grr6…x1jS,6,2Q2q3j3MePMbXrPuPNyKoH6xpZhE2eL4HmZvhWBkmH3yFEqQ5RPcEStc5hKbjT9E3tS7n38zKwiV2V7kuiezNsu4,88,main
2026-10-09T11:34:32.628741Z,0xa2cde33b0afe5c84583eebedc367ba13d026a109c8b0ed341fe54bd5f88bc9e9,AM6Qwi3vwMCGpRbJ55zDatByeAtsbcfXvXBh77be8C9T,So11111111111111111111111111111111111111112,CbyTNf7UPzvewHh4Zp6umogM2RWahhmGRJWLJnPwpump,wSOL,biketyson,sell,5000000,469238306,5000000,471596287,fulfilled,Executed,Grr6…x1jS,5,A8zie2FDT5k3RQLAEpDfCAmdG4NiT9BJBizEy76AfQpCo2LqU6PR6eGoKyLiYzpSBi9nure3iAWGNsSHYmVHXFc,129,main
2026-10-09T11:34:32.831553Z,0x8bd06ef24a7c2e746e868441b5f02bf1ef2057610e0f532450e1c7cfe85a0882,5akdWDVyHEWgFASL9q18W1wvJcy546hL4EGfPF6Hiwrd,D1YZZg9dBZ7AbfknZVbaeVLto36eySwoFYEVhZrD4F4n,11111111111111111111111111111111,GO,SOL (native),sell,3050000000,4276056,3050000000,4297543,fulfilled,Executed,Grr6…x1jS,5,2HXm2ENwX9fQ5oK2FVwp33JbbG4rY2at36VXJBsfdQCa4csVSUZaA9BWrpwVSoKPDZXoRLaFg6Bi261fEnzPinC8,116,main
2026-10-09T11:34:37.372118Z,0x0390bf14d872adccdd1421d23fc65099ee160366f8b217b21bba515ce7c7dc49,CDY1rvEes25vx7DZwxp5BRSgAewDQMgwBExfAMEymdMC,BPxxfRCXkUVhig4HS1Lh7kZqV6SPJhzfEk4x6fVBjPCy,11111111111111111111111111111111,BP,SOL (native),sell,404000000,4467152,404000000,4489599,fulfilled,Executed,Grr6…x1jS,6,4meNAmUCMxNA5jE6ba91ixkMAx48oGQo1hT7d3YAkyntndsJR9Pev9gDbyaiZeFahrsyJ7SR4HKb8rcgdii1vCdt,26,main
2026-10-09T11:34:37.680312Z,0x22623626c62243f034dccc07665e61067e224820ee1a7745813625e21fb0587e,HTsxGEXBSe8rdUJjtW7e4v4YChNXTVmLQXuqBvvQtJuF,So11111111111111111111111111111111111111112,XsueG8BtpquVJX9LVLLEGuViXUungE6WmK5YZ3p3bd1,wSOL,CRCLx,sell,5000000,666441,5000000,669920,fulfilled,Executed,Grr6…x1jS,8,2ZsMkr9SL89J5Ed2ra75NPrxqpGv6nCiSn7sxMMe7GPCs5X2sYTTaH5hjdxUB4wt9DpG6f31PNvSJMvDanGxzedr,197,main
2026-10-09T11:34:37.706414Z,0xb697099a84224c73beb44206922e731b3aff3876c86eaaf440afc5f716b9bece,BsXAAY6SvTyWYjwKCa5SUs1kDBK6n7ia7qvRPVj5dFgz,So11111111111111111111111111111111111111112,69LjZUUzxj3Cb3Fxeo1X4QpYEQTboApkhXTysPpbpump,wSOL,CODEC,sell,5000000,67780310,5000000,68185997,fulfilled,Executed,Grr6…x1jS,5,3bL3zrkVnzmPk8698aQpA4ZYDBX6HmFNjPsjRXH5J8THFmj6w8PiffaAiudf37rnvJmBVJCxF4a7fQ7UTw8Yoycz,213,main
2026-10-09T11:34:40.781965Z,0xd1f48beb07ea1f756b71c490148a244a84e8cc3a5b73da4c965406ddb5e67674,DoD7Kb5bE6Jr7Eq2JTdYwfLn7718RzpYxKyQen2rxiBQ,So11111111111111111111111111111111111111112,CbcyNo7m1amFWqEQm2m4PLv1UNvpcL3C1Ujm6AkzpKoU,wSOL,e/acc,sell,5000000,246572266,5000000,247811322,fulfilled,Executed,Grr6…x1jS,2,453MpwzwY6RmDMWd91DC6VtdNwYZWzedauw7C3n6i4dhPGiSLfKrasJm7mvFd3tTNSERrK3aLE4xeUvdide4xjyF,65,main
2026-10-09T11:34:41.086561Z,0x825b00b25fdf518c1120c7288248a603a719c66ed06cef6cc6e1f251e4e061b3,7RqUGHCV2tngEBctNc8o58nPDy6AsYzsUHAW2JgA2XX9,So11111111111111111111111111111111111111112,DvdmEnztCmXwBnAbedD48XVGZJSxq31zNvnyftXdpump,wSOL,pill,sell,5000000,299991363,5000000,301445007,fulfilled,Executed,Grr6…x1jS,2,4ohRPaWRwm1kua1nbpidFbQ58SFvDn3pdwZ1u7L8J2Nk55MjXezSiosuEawvg62FW2LdpuPxFxBoAq9ZyEHniz3M,131,main
2026-10-09T11:34:41.533445Z,0x60b7fa5645e35ca229551f393642fb84b76e7dd330c3d0cd23099dc84ee995da,4SqtvDu46EtUmHrpwzvvzqUtA8FJD7tY3baar9XQU33g,TTWofwAge91oFhZs7kpQdyrVRkmevgM88xijGvQFbKo,11111111111111111111111111111111,TTWO,SOL (native),sell,2330,4454510,2330,4478434,fulfilled,Executed,Grr6…x1jS,1,3gKfnCYhm7yyAwSgENNcTqDDnkCouCsyfGNFtGcfdSYyyoEQE9TJ4FJ8HwWrsj4hRmWxHGigsM6Sa7Td3Yqh5NKa,234,main
2026-10-09T11:34:43.400900Z,0xc3ac7d83d9f2515daf0e45ab8f0471fd61b75d2196d4b24f8f7f176185814470,94bjVVSp8jgvP4ivAW3wFomkRpeE3xBouyCWErsR1ANz,So11111111111111111111111111111111111111112,CTPoyCwkjMvoJwU4xvZZqoD8tiYk6yDchySiN5gGpump,wSOL,fone,sell,5000000,110854861,5000000,111411920,fulfilled,Executed,Grr6…x1jS,4,2f6TAowoaTzqE5wdkFF48DUyYDJ1WfqaQJFMZ8sPn3X5VG1oaFF96kWddZyBekchkW1gxZCF5qxdsHhvuGfdmnqs,95,main
2026-10-09T11:34:43.607606Z,0x723c1cea61a3060f0439556cfedfc934068e7a96e8b1930ed05bd546055e233e,4p3tgZxpw2gKnJnVwQ4Ah3av47HywcXfFaXTFGNU2aTT,Xsa62P5mvPszXL1krVUnU5ar38bBSVcWAB6fmPCo5Zu,11111111111111111111111111111111,METAx,SOL (native),sell,68100,4461064,68100,4476292,fulfilled,Executed,Grr6…x1jS,3,x2ieSFGGdzLqcDKodYHnygw5W4GNra9thjHMYYhgD18B2tJs4bCWtfDTCx3j8kidSzywvWAxUMkzekJonKJDYrh,122,main
2026-10-09T11:34:43.708579Z,0xa326fc79d71aef61f33a6b0208f57d50932f33f7d5d0f6ac2717ea2c964d39e9,AQHstwk1uwAEnz8JE41HEbbD1EaPBjBwtid2qbo1Q3KD,So11111111111111111111111111111111111111112,LBTCgU4b3wsFKsPwBn1rRZDx5DoFutM6RPiEt1TPDsY,wSOL,LBTC,sell,5000000,659,5000000,662,fulfilled,Executed,Grr6…x1jS,3,tUXFvJLpLEWk8L2yv24GPjXnRCdBuiw7aaBDgW6K9YRqckKrs4bW4rGFWuLyWHJY5DHaZFFQ2o15rZ8FHCqkk71,143,main
2026-10-09T11:34:46.544922Z,0xc3d82db8a29d61ea2df198ac06c21eff9e25423ab7e4350ea864c40a24924c47,AM6Qwi3vwMCGpRbJ55zDatByeAtsbcfXvXBh77be8C9T,CbyTNf7UPzvewHh4Zp6umogM2RWahhmGRJWLJnPwpump,11111111111111111111111111111111,biketyson,SOL (native),sell,422000000,4359576,422000000,4381483,fulfilled,Executed,Grr6…x1jS,0,U1bH996xZLSooQbYRNoifvSy3Lh8ADWfnaeCtMn2jn2YJRMiyCRe7KFPNgqauNdKCK4Ydo7vEzJAkEFUepkuY8Z,130,main
2026-10-09T11:35:06.989238Z,0x39a278fa582ebd955217bd3adc3716f5ae212460bbe9a9f4e7b3085148883b1e,GcY8jk3HeHLDmdPa8wRVnHkn8f77frWdZxRWr6rrdyus,So11111111111111111111111111111111111111112,SNDKbwMUQvZhnLnxLduradgLHG5KrPuKwpnrkkGRhfH,wSOL,SNDK,sell,5000000,333,5000000,334,fulfilled,Executed,Grr6…x1jS,5,38ZDLnqETTsSz7eHovSEtJi1323ZvsUG9y2ZdLNU3UXnaKG94TZR1TkupLPEFZd449NFNDRUHPsM75MBPzjgeieb,139,main
2026-10-09T11:35:09.408031Z,0xe73d1b4ce778984a961d82c08534cbc9f80465e9ec23d22b83b3621de2e85ccc,CaMSDEBp5zy2QxSYqDxqbk28qxFwzLXiNdFJiv9TKqhU,So11111111111111111111111111111111111111112,DezXAZ8z7PnrnRJjz3wXBoRgixCa6xjnB7YaB1pPB263,wSOL,Bonk,sell,5000000,16380678620,5000000,16460796712,fulfilled,Executed,Grr6…x1jS,3,37xZkwXuJS4rgEYoBKotNp93EZo1XTFQZTn6NdK5gcyVyogu6XBJYypas1a93s4Zi9VDhUTamhyqSHpZuoRt86W1,141,main
2026-10-09T11:35:09.457852Z,0x58c9ba2bdbb3a81e3f698e2948de969f6b810c3e56d0a813c419303fda2d85d5,CagkCmsroJWAiUWrigym7vR9wGYV5aKWanTGu3ZARKqD,So11111111111111111111111111111111111111112,DoGEV7LASBkQbibMc5k5vKnTZoMg423GpJ5QtJEGfm7R,wSOL,DOGE,buy,4521000,585000000,4499269,585000000,fulfilled,Executed,Grr6…x1jS,3,5ThmuncBhhhwpttjTrPep2XWeGRDiubeSrmpuhRAUPiKeXxnJztv2FhDehbAsCfH9PonJqev1HU3CazWMEQD9Nx,104,acquire
2026-10-09T11:35:12.457054Z,0x2082561192600ed4f9ac59aa6481b7a122270261c8bf6e325f4fbdf58f74e095,AM6Qwi3vwMCGpRbJ55zDatByeAtsbcfXvXBh77be8C9T,So11111111111111111111111111111111111111112,Cm6fNnMk7NfzStP9CZpsQA2v3jjzbcYGAxdJySmHpump,wSOL,Buttcoin,sell,5000000,67773233,5000000,68114671,fulfilled,Executed,Grr6…x1jS,5,2YCdLfxhJcfUN4as6D2MKzFX7wN6YNZe2vxk4RPVT2JRfyiNNdWYV7DAY9kQ1ridJVRKWURKFSZcRaCUJgFyzLNn,189,main
2026-10-09T11:35:12.678265Z,0x8cfde4cf58584dfc1059f117f79f63e4c199af7faa80270b5982de00d1721c3d,4p3tgZxpw2gKnJnVwQ4Ah3av47HywcXfFaXTFGNU2aTT,So11111111111111111111111111111111111111112,XsCPL9dNWBMvFtTmwcCA5v3xWPSMEBCszbQdiLLq6aN,wSOL,GOOGLx,sell,5000000,155864,5000000,156652,fulfilled,Executed,Grr6…x1jS,4,26v2T1ocE5RAQFteWXeeLtPozUK94QA4NUYd3y48sn2tdatNkRaYVgpKWuV8pu7fA5AhXVNPmvqtDKLFwX9zNQsW,181,main
2026-10-09T11:35:12.852861Z,0xf4667cb4fe71a0ac3f87d5cc2a12f725c0f4c8349202a1f688633a4aa667ecac,2kV12Qsin6Wfxr2Pr6M8bqUbjqMppw4gpqAbV18TiFfJ,So11111111111111111111111111111111111111112,5tCju6YNxHq5zrA6tGndr6F7TK42mpUFmeE31cSFpump,wSOL,swordcat,sell,5000000,156556467,5000000,157160749,fulfilled,Executed,Grr6…x1jS,5,x32i8346yQMf6b3DqDD6H8wdKbkYN9p55iGmHDjavZi2Lm7C11KV42WjktEC8JX9Q6kxp26gPDf5sf177Eebqgn,157,main
2026-10-09T11:35:15.139285Z,0x4a188caeff83d212aeada1dfc242e6476b42cef5a364abffffb68a7424648905,AQHstwk1uwAEnz8JE41HEbbD1EaPBjBwtid2qbo1Q3KD,LBTCgU4b3wsFKsPwBn1rRZDx5DoFutM6RPiEt1TPDsY,11111111111111111111111111111111,LBTC,SOL (native),sell,596,4443254,596,4465771,fulfilled,Executed,Grr6…x1jS,7,4MZobbxTzzKxhRkLGy5PqvHgcrN3PAjqr7ub1DYMV66AH7toYK11hj6uRqbDd1476rKL5HZJvY31rmYP1GKLk4xx,144,main
2026-10-09T11:35:15.328195Z,0xf9bceec8df69832c03ac9202ebd71fd3b81a080fbe939bb5526732cbd6edfa86,4SqtvDu46EtUmHrpwzvvzqUtA8FJD7tY3baar9XQU33g,So11111111111111111111111111111111111111112,3Dgwn5E7H5a8k6iGrz3qirkaJqUaJrKHEZ2xPcLRpump,wSOL,knightcat,sell,5000000,1044118371,5000000,1049365196,fulfilled,Executed,Grr6…x1jS,3,4dvhMTdXCQyzVCUQdfEtQYfkbu2cBB1YX9k1yJgUt6C3UcU3mYBquj2eyMGiBAAMihmCbPUT8XGRPpS7b5hk1Qzy,293,main
2026-10-09T11:35:18.078096Z,0x289877d3d5a115ecdc8529dda0e198f1048cfd984dc9ce09cb59ac12d7071337,3FHY6qZALHavE387YcUMyqFYdYCiR5PbLSxdQBpwR6JK,So11111111111111111111111111111111111111112,XspzcW1PRtgf6Wj92HCiZdjzKCyFekVD8P5Ueh3dRMX,wSOL,MSFTx,sell,5000000,103177,5000000,103695,fulfilled,Executed,Grr6…x1jS,5,2XyxxsCpcuaBwNbWDhWxPfz9UqeYJR4YshjcdXeBcFbSqJeNXALGV1AwY2w44EejJZq75pmicMJ9GzYajXruKVSy,127,main
2026-10-09T11:35:18.544598Z,0xa9070a28e50613eb4681e8980aca09c23781436bd895ca34fbb7ea745f58615f,CagkCmsroJWAiUWrigym7vR9wGYV5aKWanTGu3ZARKqD,DoGEV7LASBkQbibMc5k5vKnTZoMg423GpJ5QtJEGfm7R,11111111111111111111111111111111,DOGE,SOL (native),sell,585000000,4461617,585000000,4484037,fulfilled,Executed,Grr6…x1jS,4,3crj9dNVAsKr4kTQibsBhsYzZZcWWqJbKcBz8BozdudikNVo7d3sSbgFcRYZWEBRMjW6uLfXbF1YEKopE9NRstDq,104,main
2026-10-09T11:35:19.050277Z,0xf9e26cd174c128f6384b85b83830dce51932594ebe1252c35d4f7e8e25072f37,EDimKwHuMtcwxxbAfQPT3EaH9CPpyTLARxLRRwiZV26v,So11111111111111111111111111111111111111112,39ahtL8ynzE4amH26J29C93PA5172V3ft9UuUcqQS8fz,wSOL,AUTON,sell,5000000,16356615165,0,0,expired,Winner too late: creation blockhash expired,,,,167,main
2026-10-09T11:35:21.259215Z,0xdfb4c1282b6f5cc11074cbbbac471c5dce81427f3d928ceb0a354efe9f8387f3,5akdWDVyHEWgFASL9q18W1wvJcy546hL4EGfPF6Hiwrd,So11111111111111111111111111111111111111112,7M3gDRgozcumFsiTeXwjB8cYxpg7Q9R7rH7rkw2Fpump,wSOL,CRIME,sell,5000000,167507330,5000000,168349075,fulfilled,Executed,Grr6…x1jS,2,5mEihBZ4XH6oQBo2N19wQ2LfaPqzqPnRNGpFCizbjqLbdfqsurk1TmiGkQPU8Bzza5VBU3zfwJih6P4As4yxa9j9,175,main
2026-10-09T11:35:24.270153Z,0xdc26fd5b45d25442b753953a7c915f612c9a2f76e48b7e5689e214d15d5ab62d,CcQdkRAXeX7seuZLmiapfpM6CVBndVrsvMe38E4Uypyg,So11111111111111111111111111111111111111112,XsP7xzNPvEHS1m6qfanPUGjNmdnmsLKEoNAnHjdxxyZ,wSOL,MSTRx,sell,5000000,354205,5000000,356030,fulfilled,Executed,Grr6…x1jS,3,5ksBwg5GEUrg6Hq8bQX6fv1xYkzKin1DQYBgKfDvKGjNooxQB8ixRAD4k49CGkNLN8PUW7t6QY4tAX1BwejNXEji,269,main
2026-10-09T11:35:24.342731Z,0x11c800320aaef14a931ebbecf81bedce350b3162d4d71d0b53deefb93242ad03,2kV12Qsin6Wfxr2Pr6M8bqUbjqMppw4gpqAbV18TiFfJ,5tCju6YNxHq5zrA6tGndr6F7TK42mpUFmeE31cSFpump,11111111111111111111111111111111,swordcat,SOL (native),sell,137000000,4267783,137000000,4289229,fulfilled,Executed,Grr6…x1jS,3,37brX9EpdzL5oCrwrd8pv4qiFK5qQ8ztMTA2aFoj8n4ZrEzdBvTBpJLy9AjbiB63tS9j56F3gFqRHtCadiQTBToh,158,main
2026-10-09T11:35:24.788671Z,0x06383b31122ddaa1ae249a1d8ef9690bc57067adb104424769f2c8a7f702a51d,AM6Qwi3vwMCGpRbJ55zDatByeAtsbcfXvXBh77be8C9T,Cm6fNnMk7NfzStP9CZpsQA2v3jjzbcYGAxdJySmHpump,11111111111111111111111111111111,Buttcoin,SOL (native),sell,61900000,4496066,61900000,4518659,fulfilled,Executed,Grr6…x1jS,2,5C9Vt3jTEeeqN61akD3vP2AN1Me5sFChGrrrsUKsPiUAeytCAyZT3FbgE7BgTqtZX57N64JPrZc3oBDJQSizRwb5,190,main
2026-10-09T11:35:43.795541Z,0x2a0b531445147d7c665b2a4c45c3432a8067cc4827659f053c671b6ff0d62e69,4p3tgZxpw2gKnJnVwQ4Ah3av47HywcXfFaXTFGNU2aTT,XsCPL9dNWBMvFtTmwcCA5v3xWPSMEBCszbQdiLLq6aN,11111111111111111111111111111111,GOOGLx,SOL (native),sell,141000,4466666,141000,4493910,fulfilled,Executed,Grr6…x1jS,10,2DGxk8EbtJ2fir7B5aseoJVMhbRxTrG1qnMnbrxEzXivXsWtujVUVfo8qTsVwuZjxBPdV9pwBtRuWTYikztbA5BE,182,main
2026-10-09T11:35:46.389775Z,0x50f0572674325b8967cc18d16fff2c2057e078b14d3e598543528232bf38d686,CagkCmsroJWAiUWrigym7vR9wGYV5aKWanTGu3ZARKqD,So11111111111111111111111111111111111111112,J8PSdNP3QewKq2Z1JJJFDMaqF7KcaiJhR7gbr5KZpump,wSOL,TripleT,sell,5000000,81172443,5000000,81604721,fulfilled,Executed,Grr6…x1jS,19,5vMC8XZPBBMEPsq9E4uuVmmd7nES4e3cMabwL8eenXb29FmsAkWwRs2rZ7sMwSsybPy15h9mAjH4X42vZgSVHgbq,163,main
2026-10-09T11:35:46.541724Z,0xcd4379a34b412f5233fb0a53fff49c07e141bd00c78bd0aea826088368d57808,CDY1rvEes25vx7DZwxp5BRSgAewDQMgwBExfAMEymdMC,So11111111111111111111111111111111111111112,AvZZF1YaZDziPY2RCK4oJrRVrbN3mTD9NL24hPeaZeUj,wSOL,syrupUSDC,sell,5000000,462009,5000000,464081,fulfilled,Executed,Grr6…x1jS,7,24XG17KZdfDkJQEwVSxrQMrDNSUNoCxngrteJgFpKJA7UvDFLLBU5PoBRT21yncsyKvkSVzgMriz3g7P7bawoKye,85,main
2026-10-09T11:35:46.563764Z,0x4b1e9682e4d2d5911ae37351bcbaeccd2c29bebb49fd73d6f2ea05d8fee32e86,GikSpMABHu6MJERkF3N9GMmwPXfEBxABjChVkK1W9ji4,oreoU2P8bN6jkk3jbaiVxYnG1dCXcYxwhwyK9jSybcp,11111111111111111111111111111111,ORE,SOL (native),sell,488000000,4459274,488000000,4481682,fulfilled,Executed,Grr6…x1jS,7,4sbmkRwtzpFnqNwwSzV71qgM7NSXLhKjpX98fhAPEBuHirGNeodfZ9zEgcNDrurEG1qtETwY44J2tQf3o8n76V1A,106,main
2026-10-09T11:35:46.647107Z,0xf49c4cf0ee362191f6599f8aca34071aaea0f95caae83c7035297a192d315f5e,AQtmpjmjjZTzzs5W2Ld4gPteDe1teLKMpwj3v5GAv7ef,So11111111111111111111111111111111111111112,DoVAVzViX8Bjy3r15nwikSaSbzE6dV4ovd28aWpJpump,wSOL,HIGGS,sell,5000000,378042493,5000000,378970886,fulfilled,Executed,Grr6…x1jS,7,5SdmZBb4JsuVWsDAToSoetcQfeyjt7nd5t7aGycyL2Hi1GzWf774HQr23T1Tne6SynudnwkbDXwkTXo1WpbyibkZ,169,main
2026-10-09T11:35:49.206488Z,0x8bcae4f7288a875e237cd05a057c8d1595cf9663a9488eba07ea1c694a98a9f7,HoWtt82mr4wqKqMDy4jFDRs1C9kt3kY6KtXH3i83fyn5,So11111111111111111111111111111111111111112,31k88G5Mq7ptbRDf3AM13HAq6wRQHXHikR8hik7wPygk,wSOL,GP,sell,5000000,995348682,5000000,1000617428,fulfilled,Executed,Grr6…x1jS,17,hi26oWjA2pKqrLLUk9iNGmKjsfya6skvXRRPiHvDvn4nHaV7cvKD26zHG4at6pyRZUne949MKiVNTYxNNE3ecL7,221,main
2026-10-09T11:35:49.260745Z,0x1d731bc7708673cc54268a03f21530fef355536b69bbc444556e87a98abf4c0c,EGXsUdM4HLc983jD276LHz87k5zBZSJrJc137qcokK8D,So11111111111111111111111111111111111111112,orcaEKTdK7LKz57vaAYr9QeNsVEPfiu6QeMU1kektZE,wSOL,ORCA,sell,5000000,226644,5000000,227929,fulfilled,Executed,Grr6…x1jS,17,41ys7EY2pwBbptwepKBPktkNguuFGqSVEmGnXbRHxbxFpMpmqpcPpeuCS6vx2NKFrxbMd7ux1Dw4sZEQixYsS6ay,151,main
2026-10-09T11:35:49.455148Z,0x27c0307dad622ee5ec42efb83caa4eced6d99a7b6474a25a3aefe0c543c3d857,CcQdkRAXeX7seuZLmiapfpM6CVBndVrsvMe38E4Uypyg,XsP7xzNPvEHS1m6qfanPUGjNmdnmsLKEoNAnHjdxxyZ,11111111111111111111111111111111,MSTRx,SOL (native),sell,321000,4474238,321000,4498675,fulfilled,Executed,Grr6…x1jS,6,5WP4Tx48bBvmcxDRukdGvhGgSrG3Lfu6vs7hbgVcVhc39MUStnq2MQ1xFfZyzJtcTjeZD1VeCZD3eDsAoc19FiHn,270,main
2026-10-09T11:35:49.545532Z,0x3f8f1a1a5df789d69b0fa03c572873e13a75e5856223c1669e890f2ac9e25a00,7wPqkLkFafKQZEkqFhbCP2c9vapCvxmbM7AcKRgMT8u6,So11111111111111111111111111111111111111112,MUxEsUKSMACyw5fZf68wxf5FLnZVhtU9CwH8uNNGay1,wSOL,MU,sell,5000000,519,5000000,521,fulfilled,Executed,Grr6…x1jS,5,2GuDVTJMQHLakHULey7SVLRoH9kwsKfGveWS5oQgr1aa3D7CrGSDc14HAVmMZbbv66KetaY8d1NxTofmE2GVJPLP,177,main
2026-10-09T11:35:50.066284Z,0xcc42cbd78757a11c563214b09df84108e7343dfb122882ad29873de362718f8b,4SqtvDu46EtUmHrpwzvvzqUtA8FJD7tY3baar9XQU33g,3Dgwn5E7H5a8k6iGrz3qirkaJqUaJrKHEZ2xPcLRpump,11111111111111111111111111111111,knightcat,SOL (native),sell,917000000,4252859,917000000,4274230,fulfilled,Executed,Grr6…x1jS,5,4sHfkmyB3kCA4hBa5oan6QzaB3HabTUSGhcewfMVyKFVWFAFTg9JnFZCN9aCzyVZLxpsKHvUpcfvwer1e6e7REn9,294,main
2026-10-09T11:35:50.133103Z,0xf70499e75425acbf0035d6a84ee69515521a2f56bfd06b0538b56d287f021c6a,2kV12Qsin6Wfxr2Pr6M8bqUbjqMppw4gpqAbV18TiFfJ,So11111111111111111111111111111111111111112,PEAQjk7SRS6rXHVFFmpRr7zrC4g5ZuEebpwTxvaLr3b,wSOL,PEAQ,sell,5000000,13871960483,5000000,13934764794,fulfilled,Executed,Grr6…x1jS,5,5vB6HUQ1KUwj4jz69CmrDpSJYYfF81QNU4QYv4b4jVBm8V1UsXVpkCWza5RBx2oUJrry2i8yZtKbrV5igu3tf2Xt,217,main
2026-10-09T11:35:52.329561Z,0xa113df8ebd922fb1850c2014ac7fe24e436e7b9eb1835b82e0770cb27f767eca,3FHY6qZALHavE387YcUMyqFYdYCiR5PbLSxdQBpwR6JK,XspzcW1PRtgf6Wj92HCiZdjzKCyFekVD8P5Ueh3dRMX,11111111111111111111111111111111,MSFTx,SOL (native),sell,93100,4460556,93100,4484332,fulfilled,Executed,Grr6…x1jS,3,S12xvdcCATxyaojgaHSb7zKWuvV68vVPECo8CvauQtuBFx2sXMnRvYMKQMREDJYaipi8UsYtfz1ouwFJJ8kLB4d,128,main
2026-10-09T11:35:52.527240Z,0x6de24e580dc97d514a90331d06d36a47e7e12328d84f6696d9dc47a75bf14b42,9XSrZ8RkSZ3WDoGkrgWHrmMhixsoWZTLnPxBtQNWNK9c,So11111111111111111111111111111111111111112,jtojtomepa8beP8AuQc6eXt5FriJwfFMwQx2v2f9mCL,wSOL,JTO,buy,4534902,955000000,4512089,955000000,fulfilled,Executed,Grr6…x1jS,13,cuJbcChJrevqkRPKLT9eqECJTkgsvPdtSKHBbcmr3Jztxk8PkHC4mqh23NSPGSeeVhCv6kjWxZPgFBoTtbm7TCx,160,acquire
2026-10-09T11:35:52.977874Z,0x2704120908c9f6245861260ffea77b83538d41af85dc0fc926ac67617a8517e3,BQAD73uj3XftKnCB5ZB7P67b7AvEdfLefYbLiipch5oC,So11111111111111111111111111111111111111112,SPCXxcqXj6e5dJDVNovHN8744zkbhM2bYudU45BimGb,wSOL,SPCX,sell,5000000,3273,5000000,3290,fulfilled,Executed,Grr6…x1jS,13,2i6kP2EtPoxuG86q1oJrdv3McKdDigaZnS5yGSqMCT1t9SvEDzfkxRx7Sod3LCDCcdrXsD2FPigxR4T2AtSCYBKg,63,main
2026-10-09T11:35:53.584266Z,0x21df0be3db191945b7ef51525a7e6bc36de92198ca636230f5794f3f879f3913,DoD7Kb5bE6Jr7Eq2JTdYwfLn7718RzpYxKyQen2rxiBQ,CbcyNo7m1amFWqEQm2m4PLv1UNvpcL3C1Ujm6AkzpKoU,11111111111111111111111111111111,e/acc,SOL (native),sell,221000000,4401233,221000000,4423374,fulfilled,Executed,Grr6…x1jS,6,2oGLqDWU2exJqbrd65DY7zD3XRogH9HXKTJVH42E8NsLfm6iYoafCUvq1F68igG3btinrYCCv8pHngedH6PniRGJ,66,main
2026-10-09T11:35:53.720734Z,0xb8ad2133dcd401ea9c0ef8da27c962baca7d151c4238b83947014b28858597d7,5akdWDVyHEWgFASL9q18W1wvJcy546hL4EGfPF6Hiwrd,7M3gDRgozcumFsiTeXwjB8cYxpg7Q9R7rH7rkw2Fpump,11111111111111111111111111111111,CRIME,SOL (native),sell,152000000,4460493,152000000,4482907,fulfilled,Executed,Grr6…x1jS,6,4JTpdVayTtU82imQqqkhEUCex6iquAtBPqRzJsd1dBKFsTVsVreHY3h6jD3pTqikjyo16ZyaDq1UM7ervgG4coht,176,main
2026-10-09T11:35:53.809772Z,0x8081fc2b7fd1c45e4b7fb503623a268d20053e8f37acff2f9be03ffec1cfc51a,CaMSDEBp5zy2QxSYqDxqbk28qxFwzLXiNdFJiv9TKqhU,DezXAZ8z7PnrnRJjz3wXBoRgixCa6xjnB7YaB1pPB263,11111111111111111111111111111111,Bonk,SOL (native),sell,14900000000,4490387,14900000000,4513012,fulfilled,Executed,Grr6…x1jS,7,3Fc9dGkfcd76aUpbYVffXoVdFHKDsgNNBUPJJMngu1so6kJQPSZ5t1kwv1tpoAy79AGc3VWdCUfTU6uzvWHTsNXL,142,main
2026-10-09T11:35:55.467113Z,0x140675314765aa6c2f6eca9671a69e98830450b3ff84b90f83bc809655b90064,4p3tgZxpw2gKnJnVwQ4Ah3av47HywcXfFaXTFGNU2aTT,So11111111111111111111111111111111111111112,6sXzcNzDk8x4Atcee6vv25iw5bLyg8mLJRtVhwM8Kgan,wSOL,LUCKY99,sell,5000000,228680800,0,0,expired,Winner too late: creation blockhash expired,,,,241,main
2026-10-09T11:35:56.030842Z,0xe3bf5034e829f74fc5954b6ab7cd4eb2700bad7ef6f81134acea2a5ec93c90b1,AM6Qwi3vwMCGpRbJ55zDatByeAtsbcfXvXBh77be8C9T,So11111111111111111111111111111111111111112,avaxGHCq3T7hoxd73oY2KY9hJSTaeMibXvHy5KNzh5D,wSOL,AVAX,sell,5000000,52866241,5000000,53156775,fulfilled,Executed,Grr6…x1jS,10,4D2JZHyRAA9oXVBcW8Ke95PfrMonPvbhpA1MuPrc8b3Fo8KLwVyMBWJ6ag7DXGfuQgxaURBB76EY9tR2JhZdvwwn,249,main
2026-10-09T11:35:56.869969Z,0x81beebbb7e56b348ab744658cae7804ebe89a7e97bd8f6a9e2e4cca43d46fc45,CcQdkRAXeX7seuZLmiapfpM6CVBndVrsvMe38E4Uypyg,So11111111111111111111111111111111111111112,suifhC9gU1VbJAPYPTBkHJyyyStKGLLYPVDTmPoqbvA,wSOL,SUI,sell,5000000,51524971,5000000,51808138,fulfilled,Executed,Grr6…x1jS,9,4zHgYM6v9Y4VfRZoJYC9bwjoaJQmo4umi8rdGT9j2haWt2oRB3fKHKgayfTA6UmK4eHzqDJPTZgmXFLbLKuMk6q3,329,main
2026-10-09T11:35:56.950033Z,0x0a3ea68c448e918cf890290476a632c826170c218eefdce155e407d805335537,7wPqkLkFafKQZEkqFhbCP2c9vapCvxmbM7AcKRgMT8u6,MUxEsUKSMACyw5fZf68wxf5FLnZVhtU9CwH8uNNGay1,11111111111111111111111111111111,MU,SOL (native),sell,468,4458861,468,4477405,fulfilled,Executed,Grr6…x1jS,3,3rxS1jy4AbMwGCD1n3oipAk2pRZW8yzYGB6h1KDChjFuUp1FtZY1K6pojKtUUCHwSqufoF7jja5a2eFA3V4jSRw6,178,main
2026-10-09T11:35:58.031227Z,0x0629479e6e490c2f29f17f20d181ecc40195fe5e47618ca4e641dcf8b1c8ba64,CDY1rvEes25vx7DZwxp5BRSgAewDQMgwBExfAMEymdMC,AvZZF1YaZDziPY2RCK4oJrRVrbN3mTD9NL24hPeaZeUj,11111111111111111111111111111111,syrupUSDC,SOL (native),sell,416000,4452527,416000,4475756,fulfilled,Executed,Grr6…x1jS,3,y59DRREayfKCsi8RS9AVeC2kLvD1vAbzFoe6mnZn2TKXir6b5VBDkobAMqo1wvDjRq3qoG2hiC9oiNkmPyEJQX4,86,main
2026-10-09T11:36:00.365845Z,0xf9452fc5ab41a4887f26b0d9164a6ec0215c0dc2568c0689f6c859c96fce0923,GikSpMABHu6MJERkF3N9GMmwPXfEBxABjChVkK1W9ji4,So11111111111111111111111111111111111111112,BXoHJddsWJLHtAopeiSbKUSELsu8hSFMs8baGMDkpump,wSOL,CRAWL,sell,5000000,137519995,5000000,138211455,fulfilled,Executed,Grr6…x1jS,6,21EzxgQW8aDBZMN6Zh6YsTGNnZ3te3QGQjDpyvpqNF1vPXi6Urb14vC1Mb6ZDqJvVtEuFEWwYWwSXcwZjpBpohKp,165,main
2026-10-09T11:36:00.468131Z,0x80e493b7e94f567b9849ba34bc65571d86ee4e79da2564a6c870dc45376f609e,4SqtvDu46EtUmHrpwzvvzqUtA8FJD7tY3baar9XQU33g,So11111111111111111111111111111111111111112,SV151D5pjygAKA8aJJcKzm4wFnRX5G92Fye94jQJk7g,wSOL,SV151,sell,5000000,1743700,5000000,1753309,fulfilled,Executed,Grr6…x1jS,6,46Pies4crsbShyMBREuFe8HKiyKeXEub36rBHLqqMGcUe2bPhiMsESQ3fquAJyiWeupBvKQFJTh6z6M9Jjc3M4o9,353,main
2026-10-09T11:36:00.862599Z,0x209c2b67e4eaa7e3d6f28c2b6e381d3153316b5315a404054e9799a84f4d0c6d,AQtmpjmjjZTzzs5W2Ld4gPteDe1teLKMpwj3v5GAv7ef,DoVAVzViX8Bjy3r15nwikSaSbzE6dV4ovd28aWpJpump,11111111111111111111111111111111,HIGGS,SOL (native),sell,348000000,4495930,348000000,4518522,fulfilled,Executed,Grr6…x1jS,5,66Ka6rpj5z8nXxKAS1X35wjz3PiMcyQZTyo8vN82Sh2KTTgkTm54Qhatyf4ajmvF5o6FAqmKA1ngme27GJzKoMCF,170,main
2026-10-09T11:36:03.587417Z,0xd67b503c9758280d45b58efe5be9d022b0ad5430ab940e7c5a1b0686bf471fe3,3FHY6qZALHavE387YcUMyqFYdYCiR5PbLSxdQBpwR6JK,So11111111111111111111111111111111111111112,METAewgxyPbgwsseH8T16a39CQ5VyVxZi9zXiDPY18m,wSOL,MPLX,sell,5000000,11133140,5000000,11196048,fulfilled,Executed,Grr6…x1jS,12,2gybKDmxMSr5cSnZP6uyfCzRGJvh8JMkvW5FmMYrZZ2sza8bY3oEdGCutnfDvEYP3JDZzdZ9nKRPc4C7aqtpdZ7y,187,main
2026-10-09T11:36:03.974479Z,0x5e10944b6e93c0d05aec4beb9ffb7aa92d1fada847c9b779a9e1d5c9774d40f5,GcY8jk3HeHLDmdPa8wRVnHkn8f77frWdZxRWr6rrdyus,SNDKbwMUQvZhnLnxLduradgLHG5KrPuKwpnrkkGRhfH,11111111111111111111111111111111,SNDK,SOL (native),sell,301,4453204,301,4480074,fulfilled,Executed,Grr6…x1jS,6,4SyETMoJLvLnS4KDhhyxYE923H2xAvX74MANok9ovj8DreGHbcZieZ32UDVpKATegGuk1KWLUzSDixEWhFY1H9CB,140,main
2026-10-09T11:36:04.072322Z,0x4b16a7bd10329a87afdb4e59406a496ed4d100c37b798b9dd0704fe303711536,2kV12Qsin6Wfxr2Pr6M8bqUbjqMppw4gpqAbV18TiFfJ,PEAQjk7SRS6rXHVFFmpRr7zrC4g5ZuEebpwTxvaLr3b,11111111111111111111111111111111,PEAQ,SOL (native),sell,12500000000,4449374,12500000000,4470301,fulfilled,Executed,Grr6…x1jS,6,2Nw2JL6yqrs4gJh3qpRjjSwpEyuJF4BRwjR4DxXbdCsxzyaewQAZDxyRVKnckBJQPYtWwwftuLe2ZycU3BNw6vN5,218,main
2026-10-09T11:36:04.151964Z,0xa4a44e0065a1f3501233ca45be199d1df160d84f6548342f9e52c279ac721ad4,BsXAAY6SvTyWYjwKCa5SUs1kDBK6n7ia7qvRPVj5dFgz,69LjZUUzxj3Cb3Fxeo1X4QpYEQTboApkhXTysPpbpump,11111111111111111111111111111111,CODEC,SOL (native),sell,61800000,4475967,61800000,4498459,fulfilled,Executed,Grr6…x1jS,6,36mNnmaQEgaPvdZnNH6SboRsdpYgtAS1Mh3tFeRshRck6dkEMQPJNzbChiBwTyL2mT4xo5n3KZbNZLvmTjgUBxU9,214,main
2026-10-09T11:36:06.772973Z,0xfa8ac83ce5b5dbefce9ba614cced5518a4aa8535d0e2290177714e92d80004ef,FjcXArDzUrBTJ1Lv6Yc8n9atjkNYaxKosVjn6VSxZTrK,So11111111111111111111111111111111111111112,DtR4D9FtVoTX2569gaL837ZgrB6wNjj6tkmnX9Rdk9B2,wSOL,aura,buy,4522935,57600000,4500433,57600000,fulfilled,Executed,Grr6…x1jS,3,2r2gryXSzFFMbKrTnWVjdHhiJSvfJSw4TMfe4PXe8mvZ2LxHDQSxFaZ9rSXH8mdcW4kd44bG4uB9PN5Ddw3YEs6f,194,acquire
2026-10-09T11:36:06.983449Z,0x857c79254d22b3be9f94e782b16a892c64bc0853def26677c2d6a04455559cc1,5akdWDVyHEWgFASL9q18W1wvJcy546hL4EGfPF6Hiwrd,So11111111111111111111111111111111111111112,59obFNBzyTBGowrkif5uK7ojS58vsuWz3ZCvg6tfZAGw,wSOL,PST,sell,5000000,481878,5000000,484422,fulfilled,Executed,Grr6…x1jS,9,74jsUFfNVoVgsnqh6SngoKtNty3obZEuwrpQyYNy9MErJLfFY9rHtzLjWAmscFubA8eYWvVtHuvQKNC7zuCNRz2,235,main
2026-10-09T11:36:07.083059Z,0xc3339408a65fdc4dbbe9cb176d4e50837bedad2ff554f6b88d5af10248683e4f,AEZeUZRrPrAJ94wX66QCy4hwNYQyM4SR9tzQzUjg7UPX,So11111111111111111111111111111111111111112,USDSwr9ApdHk5bvJKMjzff41FfuX8bSxdKcR81vTwcA,wSOL,USDS,sell,5000000,548361,5000000,551185,fulfilled,Executed,Grr6…x1jS,3,3YSzScW1wYsyzV2uioQK7iMwyjSu2tNbh645g2YkDpEoimky6nkMUfa7tcUE2UFT2cF2tA5GjbL5LBfnCLMqih25,179,main
2026-10-09T11:36:10.298546Z,0x99316c2d85b969ab8466013ff2549ed269c1e44fe10f8467e749cbe58fe36b10,7RqUGHCV2tngEBctNc8o58nPDy6AsYzsUHAW2JgA2XX9,DvdmEnztCmXwBnAbedD48XVGZJSxq31zNvnyftXdpump,11111111111111111111111111111111,pill,SOL (native),sell,274000000,4472380,274000000,4494854,fulfilled,Executed,Grr6…x1jS,6,kEYDha2wuF9fXtWMNFWj9HSwZWGntQ4RxB4nnJjMLqxjhkKckLd18WQbRpMFF6NuiYG2fCpeehJZSbEFjXfnmPx,132,main
2026-10-09T11:36:34.076668Z,0x962da0541a6df07bf542baa60938f3c40ecf134718c3d8e65e19835717d8384f,HoWtt82mr4wqKqMDy4jFDRs1C9kt3kY6KtXH3i83fyn5,31k88G5Mq7ptbRDf3AM13HAq6wRQHXHikR8hik7wPygk,11111111111111111111111111111111,GP,SOL (native),sell,898000000,4450810,898000000,4473175,fulfilled,Executed,Grr6…x1jS,4,3iqEkPkgF6sGobfKBN67M3V6TrSki9vAfQp5KDQjy5SoffxwB8uk7mrHYTpLBoQTVRGzeSLWUTFsbf9MiUyP3FhC,222,main
2026-10-09T11:36:35.358214Z,0x0ede6a01fd6f5ba71eae3de95798aabc090eda13e24d9f134e294aa571ffe2b4,91V7pVaQyARieyPXcNpxQZdqk5KoH7P1vgg2YHNBfSti,So11111111111111111111111111111111111111112,Grass7B4RdKfBCjTKgSqnXkqjwiGvQyFbuSCUJr3XXjs,wSOL,GRASS,sell,5000000,850175227,5000000,854590519,fulfilled,Executed,Grr6…x1jS,3,3PNcTjaDC37ZuyjEjPieXsTUxV6pR3an7Qieq1nvshLfnBFN15nz3G8K2W6mkXSeQRoSnzKGARzshgPFtwDomxPE,147,main
2026-10-09T11:36:35.495991Z,0xdb98cd54f22f56199bf7895b45db0d7d4bb0eb9e81bcf08838b6de244054be64,BPmy52DKPodqoSUirZUBedULujAZr6s778i4hc153r1X,Xsv9hRk1z5ystj9MhnA7Lq4vjSsLwzL2nxrwmwtD3re,11111111111111111111111111111111,GLDx,SOL (native),sell,129000,4456224,129000,4478997,fulfilled,Executed,Grr6…x1jS,3,5Lt1JJqUosord6FxmVDThQbyBrKbMFQZhyURBGjZJRswTuDaJSm9pCyhQcqy5xLhrmEdnDjh13QRAoLRWU8w6kvp,136,main
2026-10-09T11:36:35.596817Z,0x2c31ac2a79a21a515221b75b48aa6566ef1540018e5e9b2ef08f9faad0f0860c,5akdWDVyHEWgFASL9q18W1wvJcy546hL4EGfPF6Hiwrd,59obFNBzyTBGowrkif5uK7ojS58vsuWz3ZCvg6tfZAGw,11111111111111111111111111111111,PST,SOL (native),sell,434000,4448546,434000,4471399,fulfilled,Executed,Grr6…x1jS,2,XvD7pBt3974ErfRNAaR5M5ahoiu7Mm2aeUvm1BwmSbEkAvLALEUwKgfJkXUc83B43YWmjcud7JotGYCXzc85YGN,236,main
2026-10-09T11:36:36.208045Z,0x959718fb2b13c26d2620b06e1e13bbc6ec20c70fb58dd465b44d0753f20d9ca1,Dy1CJYGtZBZBsAqe13BPSYqDy1pyrThHBi6g2zTVASd1,So11111111111111111111111111111111111111112,HzwqbKZw8HxMN6bF2yFZNrht3c2iXXzpKcFu7uBEDKtr,wSOL,EURC,sell,5000000,489185,5000000,491792,fulfilled,Executed,Grr6…x1jS,9,2tPKk72uVnG3rhSk8rdC8fka53b5Whqa8oKpQv7CHKYKXAwKLxmZMe48P69raPNTAvGNSfESkHo4CaaQpRGRAzYv,171,main
2026-10-09T11:36:36.545293Z,0x2e7fee78bedf82c36571589361a2f1dd2651eea5fa0916e82a84ec4e922cc1a1,FjcXArDzUrBTJ1Lv6Yc8n9atjkNYaxKosVjn6VSxZTrK,DtR4D9FtVoTX2569gaL837ZgrB6wNjj6tkmnX9Rdk9B2,11111111111111111111111111111111,aura,SOL (native),sell,57600000,4450587,57600000,4472951,fulfilled,Executed,Grr6…x1jS,1,5WdrwEgxe4LdpU2PoMBt8KijWWRN4mUZtf3WNMQFr3smxtSPYWH4SCns3Em5ufTHzoTLgr24jX2yhntHvr6udR9Y,194,main
2026-10-09T11:36:36.600661Z,0x39945b5f98d1122aedfad10590328d203bd80f653732a23540a502851c60ae3c,AM6Qwi3vwMCGpRbJ55zDatByeAtsbcfXvXBh77be8C9T,avaxGHCq3T7hoxd73oY2KY9hJSTaeMibXvHy5KNzh5D,11111111111111111111111111111111,AVAX,SOL (native),sell,47800000,4458444,47800000,4480848,fulfilled,Executed,Grr6…x1jS,1,2B2ek5QoojLw76uncoHsVjrtjLAVgcEfGAmfr4iL3EiMdku2jHxdWVBXt4DxzVg4zvRH269xeyieEiNmDCpsJwaM,250,main
2026-10-09T11:36:36.935625Z,0xf7460febe9d15be34669eae0a6188145197e900767278674f4093510b6c384b6,CDY1rvEes25vx7DZwxp5BRSgAewDQMgwBExfAMEymdMC,So11111111111111111111111111111111111111112,GY9mZfyPpxXxBXBxS2hB2XjhP3kfUsywTvgveozxpump,wSOL,ELON,sell,5000000,1732951197,5000000,1741659494,fulfilled,Executed,Grr6…x1jS,2,4p7Ar93tad6pU3zyZPo46iG3PzcYkFPnCb254Fmjx3SEfq7jcx5qv1dkivsM8SL23eNe2YQnBuzsTDqVs5HxANdG,145,main
2026-10-09T11:36:39.118490Z,0x14a6c744ad7eca087b84ca7ae2ea7907ecf9eaf8076d1a65b42c05fc162a2263,7RqUGHCV2tngEBctNc8o58nPDy6AsYzsUHAW2JgA2XX9,So11111111111111111111111111111111111111112,taoC6xyv2v8tDLcev4uaGUgV4vdQsWJrGft2kcBRrBY,wSOL,TAO,sell,5000000,1999352,5000000,2009988,fulfilled,Executed,Grr6…x1jS,6,2AkgRB5pbj1cwqvxshjFoez6Bvm6eyVvDodJ622Rrvmht4EiRNhfXJWetGCNGXweft4DEAWXzNCtShu2JgY4gbZW,191,main
2026-10-09T11:36:39.920379Z,0x532a789b5197ab6019bd8634ef8435cb3d3f613f7a87a17e436da08bfe229234,CagkCmsroJWAiUWrigym7vR9wGYV5aKWanTGu3ZARKqD,J8PSdNP3QewKq2Z1JJJFDMaqF7KcaiJhR7gbr5KZpump,11111111111111111111111111111111,TripleT,SOL (native),sell,73200000,4418794,73200000,4440998,fulfilled,Executed,Grr6…x1jS,4,2iyPdFTnAyoDWXbJzQL4pDD4S38Ve8VfufrvWNutsmuvEnQ52meHvYLmTii5eKFMCQeUYotqRMoqPAddHENSXhtx,164,main
2026-10-09T11:36:42.425562Z,0x06cc04b76e0a30a31bcc6d074f726fcf42da766a32c697966325174e1f5f3bbd,BsXAAY6SvTyWYjwKCa5SUs1kDBK6n7ia7qvRPVj5dFgz,So11111111111111111111111111111111111111112,8nPoBHiBM6pybxMws9PA2JRb9BjkppBfqcZGmot4DMBC,wSOL,Human,sell,5000000,2472783630,5000000,2485209678,fulfilled,Executed,Grr6…x1jS,2,5dxvz3KAXZeUSdDworrPXiEgahh45dqNgvXxRYPi259JcNCMSNqe3AhpaWPR8Wj3LAp6bTov7zu8XwzypnXbP1zD,273,main
2026-10-09T11:36:42.526144Z,0x678942cad100e6b1d303ae33caf77f6514d9e515bc647b88847587c239528067,3FHY6qZALHavE387YcUMyqFYdYCiR5PbLSxdQBpwR6JK,METAewgxyPbgwsseH8T16a39CQ5VyVxZi9zXiDPY18m,11111111111111111111111111111111,MPLX,SOL (native),sell,10100000,4475531,10100000,4495735,fulfilled,Executed,Grr6…x1jS,10,49kTEEde4jmgf9gU3efBQGy2qHKQX8X2vWGAcEsQmHUmryW6YP2rYZiES15GwzNSVRed7vYayvv4dqDE6AYFFivE,188,main
2026-10-09T11:36:54.673288Z,0x0ba6e43802b93ef7871080efa769643875475151e982f29a8bd58773710207be,2kV12Qsin6Wfxr2Pr6M8bqUbjqMppw4gpqAbV18TiFfJ,So11111111111111111111111111111111111111112,AymATz4TCL9sWNEEV9Kvyz45CHVhDZ6kUgjTJPzLpU9P,wSOL,XAUt0,sell,5000000,130,5000000,131,fulfilled,Executed,Grr6…x1jS,8,3UzhC3rJqi82pNp95EKtdN1EvuTUh81uPA5k8puSuT7PpCrhbaBfW3FmyYZRVN9tdqrSdYwcaToKoYo98ETa2E5G,277,main
2026-10-09T11:37:03.611444Z,0xc0381f2e452dc97bfc868cbb95d9152c6bab18c728a695aa3c7106b57c9c7c1c,7RqUGHCV2tngEBctNc8o58nPDy6AsYzsUHAW2JgA2XX9,taoC6xyv2v8tDLcev4uaGUgV4vdQsWJrGft2kcBRrBY,11111111111111111111111111111111,TAO,SOL (native),sell,1810000,4459345,1810000,4481506,fulfilled,Executed,Grr6…x1jS,5,3W5RRspDHSo8pqyYtYxyg4kd3wMwyEECH2vkthc8fzg4un1JGXdy9xv8bDHXc9M8ZmNiV39sytFEKbmUeCnqJm98,192,main
2026-10-09T11:37:03.720229Z,0x49c0833468beaf12c403eb313f421f8192a6df9e9805484b1d8ab1aafa2a2b8a,BsXAAY6SvTyWYjwKCa5SUs1kDBK6n7ia7qvRPVj5dFgz,8nPoBHiBM6pybxMws9PA2JRb9BjkppBfqcZGmot4DMBC,11111111111111111111111111111111,Human,SOL (native),sell,2010000000,3924361,2010000000,3937105,fulfilled,Executed,Grr6…x1jS,5,2FGJdxTs6RMqoeK4ofG2a94qPc2etbvvttEs2XYd9bfLd8zbNDjzqsNYDwf2WXU4rBndH5DuAXQ4qoZfxQZVCPhi,274,main
2026-10-09T11:37:04.218591Z,0x66cc9eac6876ee66de0e47285936bae0c509e7c627e9395ff34c33b7224ab07b,BPmy52DKPodqoSUirZUBedULujAZr6s778i4hc153r1X,So11111111111111111111111111111111111111112,2zCo6bUowJMvr89ajxuWsPadAqJ2F9akCkxumNsSdgsL,wSOL,xBTC,sell,5000000,264615,5000000,265957,fulfilled,Executed,Grr6…x1jS,8,64gNczFLgqPQboBWWGM9msg9WnXk8V76GqYqjZXGhbisZRXC9dJDPFEHxvZq15hzC7PNNNcwS9hGra3QtEpY3igH,195,main
2026-10-09T11:37:06.650399Z,0xfa734b841de44de189b70af512e554bd9f9baa710270db3446861334c6e04b31,4p3tgZxpw2gKnJnVwQ4Ah3av47HywcXfFaXTFGNU2aTT,So11111111111111111111111111111111111111112,StargWr5r6r8gZSjmEKGZ1dmvKWkj79r2z1xqjFstar,wSOL,STAR,sell,5000000,190693736804,0,0,expired,Winner too late: creation blockhash expired,,,,301,main
2026-10-09T11:37:07.616903Z,0xe98362cd23538e993bd608192b0c428168d59757ab7c8852a16d494fb1c789c9,Dy1CJYGtZBZBsAqe13BPSYqDy1pyrThHBi6g2zTVASd1,HzwqbKZw8HxMN6bF2yFZNrht3c2iXXzpKcFu7uBEDKtr,11111111111111111111111111111111,EURC,SOL (native),sell,441000,4449746,441000,4472863,fulfilled,Executed,Grr6…x1jS,5,uPkQ9NFdtSadhqMtWX9xRvZPwVNKh71BNhJTRw7a8m6gr33zUgUmpwZvJvHYVHQPzGtkNBFgPtnADm5ozufdtvZ,172,main
2026-10-09T11:37:09.112368Z,0xc0a72402d27615f0247e5a3e1682a522916025312fbc3d7f98005e1f81370c65,FjcXArDzUrBTJ1Lv6Yc8n9atjkNYaxKosVjn6VSxZTrK,So11111111111111111111111111111111111111112,XsvNBAYkrDRNhA7wPHQfX3ZUXZyZLdnCQDfHZ56bzpg,wSOL,HOODx,sell,5000000,503311,5000000,506152,fulfilled,Executed,Grr6…x1jS,11,47y2jctLKKsbCGX34bB7MUUE7JGmgCmtfyCgMDJPW1GJvqNwNPRET2QKjHFh3antW4hPZxEyVT2WTLdR4UXRNVdn,253,main
2026-10-09T11:37:09.420305Z,0xaca32bd00556cc7da1176ef340f526e83d481d9d01e6312cf1a4e477a980d47e,AM6Qwi3vwMCGpRbJ55zDatByeAtsbcfXvXBh77be8C9T,So11111111111111111111111111111111111111112,GkyPYa7NnCFbduLknCfBfP7p8564X1VZhwZYJ6CZpump,wSOL,CHILLHOUSE,sell,5000000,428835368,5000000,430990319,fulfilled,Executed,Grr6…x1jS,6,2masWepRsVhCwnoy9PEW86udKvKLkTBTZnvdXDyRTfJjuj7CjH4DLZLGpR4Tgpe6qzJ5au8rTVuMp7WJTVZXCWwg,309,main
2026-10-09T11:37:09.557661Z,0x91911ce29ee68fc565ce20f9276e2db528781bb2ba88771751521683d1f2e87f,2kV12Qsin6Wfxr2Pr6M8bqUbjqMppw4gpqAbV18TiFfJ,AymATz4TCL9sWNEEV9Kvyz45CHVhDZ6kUgjTJPzLpU9P,11111111111111111111111111111111,XAUt0,SOL (native),sell,117,4363365,117,4400771,fulfilled,Executed,Grr6…x1jS,5,25msPvZAqWgYUeLGmNFhhLvT9iJ9wuzgof3korKjG2yQFhDTjXmJsJtdaHe61YM3cViEWCU8tXAsjBTGTXQA7eR1,278,main
2026-10-09T11:37:09.732810Z,0xdeeb15eefae7d520adb1f291ff65858e4888c69bc75d38b5233c9670f77ccd63,CDY1rvEes25vx7DZwxp5BRSgAewDQMgwBExfAMEymdMC,GY9mZfyPpxXxBXBxS2hB2XjhP3kfUsywTvgveozxpump,11111111111111111111111111111111,ELON,SOL (native),sell,1560000000,4239347,1560000000,4260650,fulfilled,Executed,Grr6…x1jS,5,4FhzsrNWQA4auFfpKwRQ1tpcujrpKW7T8nutx41DxDEHoMqFczUfFyysvNBzxxfdWKcDaQUdG7QQXyuULKPg3pZ,146,main
2026-10-09T11:37:12.341751Z,0x18e66e7a406e04fe12a7233b3538776827a6837053da7c3b93d9aa0a4f26d76b,HTsxGEXBSe8rdUJjtW7e4v4YChNXTVmLQXuqBvvQtJuF,So11111111111111111111111111111111111111112,uniHfuPhEQSrtpzXpJZDCSq53yaejKKpNhFUiKoHKHV,wSOL,UNI,sell,5000000,7449487,5000000,7489650,fulfilled,Executed,Grr6…x1jS,16,4hR8ddYSapy695RQEZMqBfNjUAsUkmZrqA2MYcHZXB8cbSip3FTvyrPjcuHEkmBRGAqV9rndpYm4ERuE48ZyECfV,257,main
2026-10-09T11:37:12.716875Z,0x475764eeedd9516bf96b50b2dcb233beee4d463744aa3f5d9b38eb30a787fd3b,CagkCmsroJWAiUWrigym7vR9wGYV5aKWanTGu3ZARKqD,So11111111111111111111111111111111111111112,XsbEhLAtcf6HdfpFZ5xEMdqW8nfAvcsP5bdudRLJzJp,wSOL,AAPLx,sell,5000000,163837,5000000,164762,fulfilled,Executed,Grr6…x1jS,7,LomoaRgcadSDx1cbB13XFehjBejkWWM1QrmjxZnQfQmo4fd9FsQkFCJAgi7VeDJ4VFL2V3qgdN76KR9ruDaYgWJ,223,main
2026-10-09T11:37:12.986334Z,0x91d96681ffd2122adfa0e0567e9a2afacadf62e4f16fde46e8b8ec518fd97e11,3FHY6qZALHavE387YcUMyqFYdYCiR5PbLSxdQBpwR6JK,So11111111111111111111111111111111111111112,SATqS9DYpLQsM2z51P4QCoqJRHa5wboV4qjJerJRUSH,wSOL,RUSH,sell,5000000,5780811,5000000,5812142,fulfilled,Executed,Grr6…x1jS,106,3gnYH2PH4hVnBUWR3wqNnY42ktH1dM2mNp82rZnMkHLbWxyZdLqwqDF6gHjbK7PEAT93m27wExrcJMnWaVTG4EzV,247,main
2026-10-09T11:37:15.309366Z,0x4c32f12cab7382a8a0112401ce30b70943b66d0d06fc66c30f2c38e6b3226849,94bjVVSp8jgvP4ivAW3wFomkRpeE3xBouyCWErsR1ANz,So11111111111111111111111111111111111111112,9aqmJjCnnMQv42TXLk921ceUkN35nea2QP969n1caqjj,wSOL,SI,sell,5000000,395938023,5000000,397927661,fulfilled,Executed,Grr6…x1jS,5,5Fz9pJ4J27fxUZemkwcuZAcrAqRYkQx9ZL1NXx9ARPgqTiugEPQbXWfcBa34HWFmfi87sQM2bHBU7kbSuw82WJhR,155,main
2026-10-09T11:37:15.349340Z,0x7f52fcf6fede1d40c1f877b1211602b679af76cdc2b61920cba07a35347a5089,DoD7Kb5bE6Jr7Eq2JTdYwfLn7718RzpYxKyQen2rxiBQ,So11111111111111111111111111111111111111112,SKHYhSjuRWHgikq8eRKbtBbpABgJSkd7ytQV14i9EQ3,wSOL,SKHY,sell,5000000,3157,5000000,3174,fulfilled,Executed,Grr6…x1jS,5,31MDyesqgurpvw1r1Z71HBpMziHePb9Fg42GmYhoN5LRcUFp2wPezdBfALDKaa7j16Wa6czmkCybYhmvCL3mw1Qb,125,main
2026-10-09T11:37:16.143445Z,0xc5c25300fd3368556a149b805829c2a4e9b91423191f7da0cac80af0c24cbc9f,BPmy52DKPodqoSUirZUBedULujAZr6s778i4hc153r1X,2zCo6bUowJMvr89ajxuWsPadAqJ2F9akCkxumNsSdgsL,11111111111111111111111111111111,xBTC,SOL (native),sell,239000,4453816,239000,4476196,fulfilled,Executed,Grr6…x1jS,4,XDxEgYq5Sq1BnJKkRDb6why47Vz5CakoFGmgEJZBdJXJgo5XVvG8RP5xjcNKqPehJCEw2sbtZmjWuKSmtwCuacX,196,main
2026-10-09T11:37:18.332321Z,0x29252289a38dc872ac3726071201a947be834fde8c4b956e59a8e8521ae22119,7RqUGHCV2tngEBctNc8o58nPDy6AsYzsUHAW2JgA2XX9,So11111111111111111111111111111111111111112,ZBCNpuD7YMXzTHB2fhGkGi78MNsHGLRXUhRewNRm9RU,wSOL,ZBCN,sell,5000000,228258975,5000000,229329855,fulfilled,Executed,Grr6…x1jS,10,2exDT57QdAD78UYVWPqABfHDhAJAjUwjQRndts61H46XGq8fJ4ARY24BE4JgvDeU4zM1FzW6CEaemNw6qMoRo2Zn,251,main
2026-10-09T11:37:18.412265Z,0x77a1970bf70fe91efa222afd0ec9b3a54b91efacd1c97236c652644f6bedf7cf,Dy1CJYGtZBZBsAqe13BPSYqDy1pyrThHBi6g2zTVASd1,So11111111111111111111111111111111111111112,5GgRAEmv8ZxF2PR5hY72Qs5x1bnQ6UK2RbTPoqJ3wSwW,wSOL,PAXG,sell,5000000,130,5000000,130,fulfilled,Executed,Grr6…x1jS,36,4DQqVDhH8dasJDkZKyuaGVPZeSUEUo4BXbBwdbojAdz2fh6KygScTusYnneNneuz7GzXaEATn5PvzyYv4Y4F5GwQ,231,main
2026-10-09T11:37:18.812372Z,0x09286439e7108221339c8d634a3e448be0871679553971d71915e72d17cc6a5b,BsXAAY6SvTyWYjwKCa5SUs1kDBK6n7ia7qvRPVj5dFgz,So11111111111111111111111111111111111111112,HiMSSzzwkZkrXJ4PGVJRdtfLaANeAztjjcgk5Dxe7Lwx,wSOL,HIMS,sell,5000000,19304,5000000,19395,fulfilled,Executed,Grr6…x1jS,13,4pNHgXWgmsDN6L26R4jSM33hZzFVYfbSYr6vcv2jaPyDsW8DMbbFPaKvLSpAuCkFr323PVRjeU1q58JrA8vctbax,333,main
2026-10-09T11:37:18.990926Z,0xcca20a8f57010c611924b15219bf9b3967223b675e74398e90493fd3f15c5277,AM6Qwi3vwMCGpRbJ55zDatByeAtsbcfXvXBh77be8C9T,GkyPYa7NnCFbduLknCfBfP7p8564X1VZhwZYJ6CZpump,11111111111111111111111111111111,CHILLHOUSE,SOL (native),sell,389000000,4397053,389000000,4419148,fulfilled,Executed,Grr6…x1jS,9,4UVFaWKbA7aPbTxVQfbT3YKGAJhLSHcS1GRa2AHRh7o94nMdmuPiQVmTgYNceXqgifM4rt6vbNyXYu57xwZjFYyr,310,main
2026-10-09T11:37:21.827450Z,0x5e4ad2ba2222784cc1eb9f453eb4b7218d31c66c4cfc6d8dc9d3586f121f45be,EDimKwHuMtcwxxbAfQPT3EaH9CPpyTLARxLRRwiZV26v,So11111111111111111111111111111111111111112,Xs7ZdzSHLU9ftNJsii5fCeJhoRWSC32SQGzGQtePxNu,wSOL,COINx,sell,5000000,312794,5000000,314169,fulfilled,Executed,Grr6…x1jS,6,4PSuoU4XQabtLdxDkArTkV64p5bSjVPS72uBzwtxfQpA3gsLUvCBA68kUr55b3u8a8tJmsnJym332296kLsSAms8,227,main
2026-10-09T11:37:21.979866Z,0x8643c9aa9fb05c00511c9ef6f709f4d272f5a7fa336bd31691ec00d47742a6d6,2kV12Qsin6Wfxr2Pr6M8bqUbjqMppw4gpqAbV18TiFfJ,So11111111111111111111111111111111111111112,RACEyWiM2ztEZcJx2AHXU2eWjhxU57x3vXn92b39dLD,wSOL,RACE,sell,5000000,1404,5000000,1410,fulfilled,Executed,Grr6…x1jS,6,pUqbaT2e2SDZo1T8cm8ZhLpcLEPv9nEUArys8Jn5Q772QQ9nJJefUj7FTUZNp4Bpqe9snE435J6Q4UMsLGYHrob,337,main
2026-10-09T11:37:22.007619Z,0x91e773f5d865b841f6b1a1578ce0538d1fc752e7c9a4a419e2bb4485acf72368,4SqtvDu46EtUmHrpwzvvzqUtA8FJD7tY3baar9XQU33g,SV151D5pjygAKA8aJJcKzm4wFnRX5G92Fye94jQJk7g,11111111111111111111111111111111,SV151,SOL (native),sell,1580000,4431726,1580000,4453995,fulfilled,Executed,Grr6…x1jS,6,cDmgh3xHx3m83egfiM5V776W7gdJD693ZoCGKvKvdaR7SRFbzgGBjCenxBX7gyfQHFfNCo7H1a5ycKAuQ4TPb3a,354,main
2026-10-09T11:37:22.174970Z,0x0f3e42ae898e34ba1cfbdb2e63cb1f65a4194579719760a290f63599e87a84b7,CDY1rvEes25vx7DZwxp5BRSgAewDQMgwBExfAMEymdMC,So11111111111111111111111111111111111111112,5oVNBeEEQvYi1cX3ir8Dx5n1P7pdxydbGF2X4TxVusJm,wSOL,INF,sell,5000000,3418641,5000000,3435820,fulfilled,Executed,Grr6…x1jS,6,3PTYEm1S6E3KiNGvG9NpnopP57CCfysFRbSVckBLVPrax9xDaEh8gP95w6UXpBGoCzSnjNf43nexeLyn9xMDytEe,205,main
2026-10-09T11:37:22.378874Z,0x9bbe5c84428187f0b7d204e6437bc0fdeacabe49a9b53bf7de71dba9f9340997,GikSpMABHu6MJERkF3N9GMmwPXfEBxABjChVkK1W9ji4,BXoHJddsWJLHtAopeiSbKUSELsu8hSFMs8baGMDkpump,11111111111111111111111111111111,CRAWL,SOL (native),sell,126000000,4454334,126000000,4476822,fulfilled,Executed,Grr6…x1jS,6,29FQVg1mHEfB7sJcxA69xizpNpwhDCYt5VVMxGhmFqfQqqrr35z2i3w3Y37qDHMc5EbnNszxnLhcEiLB9o4TMGN9,166,main
2026-10-09T11:37:22.585544Z,0xe3bc5b6c6843031928bbb488ed1705d4d4d56ab6851f114d82750ea820f0ab6a,CcQdkRAXeX7seuZLmiapfpM6CVBndVrsvMe38E4Uypyg,suifhC9gU1VbJAPYPTBkHJyyyStKGLLYPVDTmPoqbvA,11111111111111111111111111111111,SUI,SOL (native),sell,46600000,4458933,46600000,4481339,fulfilled,Executed,Grr6…x1jS,5,61ppDkNbjTGbxa2wMRgNk7w128cb4NMVJRUyhVGxbQhdFVW5K8Qsxp2CjBZmUh75c6ZCWjKe1nr7pbMaGNjzvWvY,330,main
2026-10-09T11:37:25.378169Z,0x2e9b8add9d7ac5098dc3454f11f2adec1dd2fb3f83cdc1d6c2519d7f51cccdaa,BQAD73uj3XftKnCB5ZB7P67b7AvEdfLefYbLiipch5oC,SPCXxcqXj6e5dJDVNovHN8744zkbhM2bYudU45BimGb,11111111111111111111111111111111,SPCX,SOL (native),sell,2960,4460584,2960,4482791,fulfilled,Executed,Grr6…x1jS,7,2QRp1HsPnAoiVR37xM55HrwXoom6Bi5u2eTUv8gNX8phZmzQSf2ctYgCuSwaoQTg665MiAARR2PdB5ftrHTAPW6P,64,main
2026-10-09T11:37:25.476947Z,0x9cba4ebf4af7480cdc549ba12f2a9616611fdd4dbe53b4ffc2a9e75c419e1a3a,GcY8jk3HeHLDmdPa8wRVnHkn8f77frWdZxRWr6rrdyus,So11111111111111111111111111111111111111112,DBRiDgJAMsM95moTzJs7M9LnkGErpbv9v6CUR1DXnUu5,wSOL,DBR,sell,5000000,28566182,5000000,28711139,fulfilled,Executed,Grr6…x1jS,7,2TkcVaQmfhLdfH5cC85rKa7rDyPYCztFockJeGyQHqcEkvXY8NPAkWqR3uZtZrBoTmmCbBJaueH84Qx3qpHvaL61,199,main
2026-10-09T11:37:28.227223Z,0xda30b4aef403366aab963d7c75dc65ffeabf8f7c2cb4c8a68febefd3ae39d6b8,AQHstwk1uwAEnz8JE41HEbbD1EaPBjBwtid2qbo1Q3KD,So11111111111111111111111111111111111111112,BoTx8y9ynfdxf5ZjWtCoBVkff52qKA82ysaLU8ZM6d8T,wSOL,BOT,sell,5000000,19219,5000000,19315,fulfilled,Executed,Grr6…x1jS,8,4orWTQkFe5ia6dePCyduxQAwc4CTDZGFjpLiJaBsiN1JeoEJoCQxB1Qfz2AcSKJLL4PFyyk2nbTkQMz8aoq7RjTM,203,main
2026-10-09T11:37:28.347492Z,0x8f77699d5a74aa855100e16dd014bbb4e2da10e9441bcee6f6c9d1b17273d000,FjcXArDzUrBTJ1Lv6Yc8n9atjkNYaxKosVjn6VSxZTrK,XsvNBAYkrDRNhA7wPHQfX3ZUXZyZLdnCQDfHZ56bzpg,11111111111111111111111111111111,HOODx,SOL (native),sell,455000,4460714,455000,4483129,fulfilled,Executed,Grr6…x1jS,8,3pd6qhZmGxNYGbTzM9xVFcogxhj8icV5nbJ1699t3853Sia7xSXjNrPjyLBkgqKzB3bLEpz7kvKx1UFU8p3Uyha6,254,main
2026-10-09T11:37:28.685249Z,0xbbbbd27b9b32c0d2008ae11ec7d37fa25cce2c8a35b097419c123e14d37a34a4,94bjVVSp8jgvP4ivAW3wFomkRpeE3xBouyCWErsR1ANz,9aqmJjCnnMQv42TXLk921ceUkN35nea2QP969n1caqjj,11111111111111111111111111111111,SI,SOL (native),sell,351000000,4327596,351000000,4349342,fulfilled,Executed,Grr6…x1jS,7,2oMs8cfuLhWCSX5cej3a13yGTfnPn6UtYtjPFZv9DhsaN5sNHUPmnqDXKrjtX7QMMfmxJMfQCXLRXFwjib2yYx2S,156,main
2026-10-09T11:37:28.685507Z,0x6d7f932038b0139b1eb3e9ccca357eb231b0a3ba7e272e54ec95cfff07812266,CagkCmsroJWAiUWrigym7vR9wGYV5aKWanTGu3ZARKqD,XsbEhLAtcf6HdfpFZ5xEMdqW8nfAvcsP5bdudRLJzJp,11111111111111111111111111111111,AAPLx,SOL (native),sell,147000,4427575,147000,4449283,fulfilled,Executed,Grr6…x1jS,7,3nLJF5eCA6ircNH6SKQQTLcyWePB74qhjxHfUghX8nkb1UP4fpQFutdnyrN3T5evS7H7V5yTLpWuTwTR1bbnoBgH,224,main
2026-10-09T11:37:31.227156Z,0x55d3f881fb1f4d1e9c71ed132a9c8995fe3e60667b1ff3ce0300f0ade58a6468,BPmy52DKPodqoSUirZUBedULujAZr6s778i4hc153r1X,So11111111111111111111111111111111111111112,H4KUxsEgCp2yDpFvyDuGM5k6XevSKKrrKUxZ3Zr6nyJc,wSOL,COCKROACH,sell,5000000,545978753,5000000,548722364,fulfilled,Executed,Grr6…x1jS,5,62b2r7gg4Q3zKtyhZFkUi1qkXrut3GNFHnPtUWqxJ36uECtTKpK78G98iyQ41vcpQSt6L6Dbmxz7GJAJPFqh138b,255,main
2026-10-09T11:37:31.301801Z,0x530b59f38ef8d001cc345b66a81d078094cc9d7bd02903b151f1e9433de7d836,DoD7Kb5bE6Jr7Eq2JTdYwfLn7718RzpYxKyQen2rxiBQ,SKHYhSjuRWHgikq8eRKbtBbpABgJSkd7ytQV14i9EQ3,11111111111111111111111111111111,SKHY,SOL (native),sell,2850,4452379,2850,4474633,fulfilled,Executed,Grr6…x1jS,5,3QnAgPeb1mjs5KSEXDrPBrLYFJ9w24Sb2TLmS5GWhM8u2PWrqpRWznEb7MYJi56f8p6LzRe6j6i1S8XShp4rjZFb,126,main
2026-10-09T11:37:31.477871Z,0x670bc29b33e09f4a6481424f2c80b69868c0c14fb8e98bc391d2732b50652739,91V7pVaQyARieyPXcNpxQZdqk5KoH7P1vgg2YHNBfSti,Grass7B4RdKfBCjTKgSqnXkqjwiGvQyFbuSCUJr3XXjs,11111111111111111111111111111111,GRASS,SOL (native),sell,772000000,4462999,772000000,4485451,fulfilled,Executed,Grr6…x1jS,5,2od5pPBuWjcKDTT7qJ38aNyzKfVDsCtTkW5VeveHQTdHjDKXSExfW9UFSkyneEEAhiXzSEDrVf2jEmfLbzVadWRF,148,main
2026-10-09T11:37:55.001197Z,0x068410ac155811b5cffa4166da260f26356437abec2416525718cbca85fd1b88,BPmy52DKPodqoSUirZUBedULujAZr6s778i4hc153r1X,H4KUxsEgCp2yDpFvyDuGM5k6XevSKKrrKUxZ3Zr6nyJc,11111111111111111111111111111111,COCKROACH,SOL (native),sell,498000000,4416436,498000000,4438629,fulfilled,Executed,Grr6…x1jS,4,61XTP7nkhcd4fwmrvVkMVoQbj4PhzVV5HL1xXfpQjA7aCYkMXwjpu92ayoDUzWdFGdW1k68iuDXxxjCGACHGeRjg,256,main
2026-10-09T11:37:56.125735Z,0x22682bd9caf977c56741e3042bc6e59c05823ed2703f906121585f2f92b7311e,BsXAAY6SvTyWYjwKCa5SUs1kDBK6n7ia7qvRPVj5dFgz,HiMSSzzwkZkrXJ4PGVJRdtfLaANeAztjjcgk5Dxe7Lwx,11111111111111111111111111111111,HIMS,SOL (native),sell,17400,4450901,17400,4471943,fulfilled,Executed,Grr6…x1jS,3,2nt32Ppej4DVXpz5tg5m74nJBFvbh8oAFkMToTSW1Mqzd6466YnZPKMceaTx4p1ptvGDJFk9XfK1N6mRs9AgUjDg,334,main
2026-10-09T11:38:06.587219Z,0x90575653897a7d0d831eb3200b1274a872a448c0d6004feb696152be71df1926,EGXsUdM4HLc983jD276LHz87k5zBZSJrJc137qcokK8D,So11111111111111111111111111111111111111112,Xs8S1uUs1zvS2p7iwtsG3b6fkhpvmwz4GYU3gWAmWHZ,wSOL,QQQx,sell,5000000,72582,5000000,73012,fulfilled,Executed,Grr6…x1jS,7,2V4xYHNWkZsQGvF5jyzqnVu5SKr9GQJe1c68Hrf8cqyoD9Tusng7fV46ick6p3DRNAS5qRXU5AgddP9f9LTqUQxZ,211,main
2026-10-09T11:38:06.835936Z,0x99c43267f47f4b7f3773021fc0e395fb18d6bd283c9faa76a752ca26267451d7,Dy1CJYGtZBZBsAqe13BPSYqDy1pyrThHBi6g2zTVASd1,5GgRAEmv8ZxF2PR5hY72Qs5x1bnQ6UK2RbTPoqJ3wSwW,11111111111111111111111111111111,PAXG,SOL (native),sell,117,4392039,117,4429239,fulfilled,Executed,Grr6…x1jS,2,4syFTMKp9uGPu8F6NEpsH2QXAy8N28amrmoh4urFa7TQ4g3ok58Z5yuyerumNGFsSF7XmesH1ftx2gfHbGkWJSsL,232,main
2026-10-09T11:38:09.705847Z,0x9dd09d586087f4f0a9b8d544c8b1050e6122bf11315113b4d7cc8699343ee125,BsXAAY6SvTyWYjwKCa5SUs1kDBK6n7ia7qvRPVj5dFgz,So11111111111111111111111111111111111111112,AavE1kKKnesPw4MuRJmJ9jZs9QzEE8CPxQ3ViczUDfc1,wSOL,AAVE,sell,5000000,328164,5000000,329929,fulfilled,Executed,Grr6…x1jS,4,24qpu1CASvN8uz6WF24XguG7jV234MCG7Y4drbeuRwyf3MjDu1KaTWprNTe4uTVXuhoGUt6C8KJzgpqfe91BqDb7,393,main
2026-10-09T11:38:09.966686Z,0xa4930795b0b165cc5c2015659b932f3f5472845572e92ddb9be9ea2987ad8897,BPmy52DKPodqoSUirZUBedULujAZr6s778i4hc153r1X,So11111111111111111111111111111111111111112,8XtRWb4uAAJFMP4QQhoYYCWR6XXb7ybcCdiqPwz9s5WS,wSOL,ALON,sell,5000000,130532721,5000000,131188664,fulfilled,Executed,Grr6…x1jS,4,4UGZ8jxu5tKSgjX1Vrc34Utmu1ywJbbxKCZuwLjNehZa1egao9vHNnMgFiHKbi9wsPeh5bQpcoFwro3uZqitWyXA,315,main
2026-10-09T11:38:10.172901Z,0x975b24e1b63a6311ae9f27a548a0fe92a3f11c9a5674b5e98c45764ab4f4c552,AQtmpjmjjZTzzs5W2Ld4gPteDe1teLKMpwj3v5GAv7ef,So11111111111111111111111111111111111111112,9gP2kCy3wA1ctvYWQk75guqXuHfrEomqydHLtcTCqiLa,wSOL,BNB,sell,5000000,74042,5000000,74429,fulfilled,Executed,Grr6…x1jS,4,5YyQawMue1erHRBBFBiDvQ3UES3RmqozEvcmeYPEggYGkxaFuYZ6DgmRZ8nc8rZuab5DrVeEvoFViBaA3buXfz6P,289,main
2026-10-09T11:38:10.569051Z,0x2fa50f09299c4f26ff3809f06ca7f384bf0e127c69a5d150bb5c5e35801cd103,4p3tgZxpw2gKnJnVwQ4Ah3av47HywcXfFaXTFGNU2aTT,So11111111111111111111111111111111111111112,5VnbrKp28Qs9CAH6PyZdxBNvLxZcbeX3YBsozgWnpump,wSOL,darwin,sell,5000000,1268233893,5000000,1274606927,fulfilled,Executed,Grr6…x1jS,3,2as8Wos8mE5f3sXfG5HGJms79uCBnYfEPGPtc117pr4Gg1NHMq74xhiLv19uLCTwJKKucSpxet5TMezJC77nu1BD,361,main
2026-10-09T11:38:10.751880Z,0xfe74840b58e9518d4ac77f8917ca10bcd3d23277429443889e17a07a2cce2f08,CagkCmsroJWAiUWrigym7vR9wGYV5aKWanTGu3ZARKqD,So11111111111111111111111111111111111111112,63LfDmNb3MQ8mw9MtZ2To9bEA2M71kZUUGq5tiJxcqj9,wSOL,GIGA,sell,5000000,27325201,5000000,27462513,fulfilled,Executed,Grr6…x1jS,3,5xTNMFCickqqMegVGo26hoDqQCjvPyiDbxpBLQrd5JVtQcyv76q3BgTbLoHf5aFNNcDrfiyUf4BnviNaPHpkZSeH,283,main
2026-10-09T11:38:13.243148Z,0x766c0a7fdb61f2c5365e552fe23176675a17731718442916de3a90ab1f207445,4SqtvDu46EtUmHrpwzvvzqUtA8FJD7tY3baar9XQU33g,So11111111111111111111111111111111111111112,A8C3xuqscfmyLrte3VmTqrAq8kgMASius9AFNANwpump,wSOL,FWOG,sell,5000000,109490381,5000000,110040583,fulfilled,Executed,Grr6…x1jS,7,5JDn7tNJAUaCqEsLLZsgUHQAGLo52MVFSuhy1zjQ1W14zsqUk5DD2eBrxWR8976Z5zNCHDJvtph4oqM464TeHJdr,413,main
2026-10-09T11:38:13.646741Z,0x61b2b3ddec646507d94b7f3d8c900bfacada384b58fa76159155ba538c978055,HoWtt82mr4wqKqMDy4jFDRs1C9kt3kY6KtXH3i83fyn5,So11111111111111111111111111111111111111112,4N4DnNo3qpPks9aQCkcWkzoir8tnvT6diS4TnnZibonk,wSOL,KITTY,sell,5000000,161879074609,5000000,162692537295,fulfilled,Executed,Grr6…x1jS,6,3Ji8MwkUWchcT1YiE9tAZ2VbuA2mQLuPtsvz5HNzrQ4qPefTfjqLmQ76s531G7bKJfLwhJavdrsH6xKVnZUUkywW,281,main
2026-10-09T11:38:16.560038Z,0x3770a6585e3e4e5009a4d1df0c15c2cc6b6bc8461aba2bedce14ab22be81ffc6,HTsxGEXBSe8rdUJjtW7e4v4YChNXTVmLQXuqBvvQtJuF,uniHfuPhEQSrtpzXpJZDCSq53yaejKKpNhFUiKoHKHV,11111111111111111111111111111111,UNI,SOL (native),sell,6720000,4435257,6720000,4459360,fulfilled,Executed,Grr6…x1jS,3,2nX5VMRBD9LnVxVvp5mfELvFXgiU3MKmFYmgu8N6rqL9Gh3SBw84H52bmRad8zBrXqEnJk26fRD48AS85VYXtVT2,258,main
2026-10-09T11:38:16.659891Z,0xfbdbdf63ed46732535de4b42bef2c7aed9542a51db678ebc2b9d60454b274404,CDY1rvEes25vx7DZwxp5BRSgAewDQMgwBExfAMEymdMC,5oVNBeEEQvYi1cX3ir8Dx5n1P7pdxydbGF2X4TxVusJm,11111111111111111111111111111111,INF,SOL (native),sell,3090000,4464605,3090000,4487040,fulfilled,Executed,Grr6…x1jS,3,HBbeUNbNdPfz9EeschscRtNeQ2mJnzZGumjWP4tT2EDStM2p73aTxnbk4ewAX99BHddn1QUviux5Y7RnPByHYQr,206,main
2026-10-09T11:38:17.576419Z,0xea750442857dcb2c40af22e2808de462d2189a8579fda5360ca532574822f9b6,FjcXArDzUrBTJ1Lv6Yc8n9atjkNYaxKosVjn6VSxZTrK,So11111111111111111111111111111111111111112,CdhZy8wrRxNxoV8HtoByXKN7mvS46avtuZ1b39tKfx7,wSOL,X7,sell,5000000,2231888179,0,0,expired,Winner too late: creation blockhash expired,,,,313,main
2026-10-09T11:38:19.914545Z,0xa50655a7c7dd3370672d37cb335b65f7697de7cd7e3dcef6e87a41799d3c127a,AM6Qwi3vwMCGpRbJ55zDatByeAtsbcfXvXBh77be8C9T,So11111111111111111111111111111111111111112,BCNT4t3rv5Hva8RnUtJUJLnxzeFAabcYp8CghC1SmWin,wSOL,BC,sell,5000000,14465425,5000000,14538115,fulfilled,Executed,Grr6…x1jS,5,32wUCvV75kHwyArC35HND2sw6WZBJsfhbbVfuMSqduDjf4GnSBrLFQyqkDWeGXADaSDdcfH8H1XMvtarC6bGLszm,369,main
2026-10-09T11:38:30.871343Z,0x8485851bc072556288a44e97de3f376018a21c7ef8292de43f6d2099311bddc5,4SqtvDu46EtUmHrpwzvvzqUtA8FJD7tY3baar9XQU33g,A8C3xuqscfmyLrte3VmTqrAq8kgMASius9AFNANwpump,11111111111111111111111111111111,FWOG,SOL (native),sell,99000000,4444595,99000000,4466929,fulfilled,Executed,Grr6…x1jS,6,mMiyxpgrpZ1jH7cUBKoXJ4qbGnEALekdFaKWpt28XQAR9TL7qtYtu4mAGswz1TdvFPL5bmcnEZSGP5nxkAyzDvL,414,main
2026-10-09T11:38:31.042514Z,0x6456b149b85bd57f0fb4929cc85082cafeacd06df06505fc239ccadd846e50ba,AEZeUZRrPrAJ94wX66QCy4hwNYQyM4SR9tzQzUjg7UPX,USDSwr9ApdHk5bvJKMjzff41FfuX8bSxdKcR81vTwcA,11111111111111111111111111111111,USDS,SOL (native),sell,494000,4440471,494000,4461297,fulfilled,Executed,Grr6…x1jS,7,3G4b9LL6SGAB8jW3nLAj3mHsCiEzmRhiuxwun4cPMCru9NJihsASnuBmksCkh35kM5ypqp6qhiN98uGYCaA1qdAE,180,main
2026-10-09T11:38:33.672733Z,0x61f6592aaff102a9098d7787af885edd8c962d5daf72c43078cfae0b4962c20b,91V7pVaQyARieyPXcNpxQZdqk5KoH7P1vgg2YHNBfSti,So11111111111111111111111111111111111111112,KMNo3nJsBXfcpJTVhZcXLW7RmTwTt4GVFE7suUBo9sS,wSOL,KMNO,sell,5000000,15483573,5000000,15541099,fulfilled,Executed,Grr6…x1jS,15,2GkLc3Kqe87goc8N7ftRswNQYuezj9r5KPpbvhsVH6FDNJUTYmnEPsxvFKNUX42pfQRTcsnWP6Ed7CLD4KbfeAs7,207,main
2026-10-09T11:38:33.728081Z,0xd756a04a87a2e3f626616ad9626c4614e51d9d735c67188104674be56bc0fc56,GikSpMABHu6MJERkF3N9GMmwPXfEBxABjChVkK1W9ji4,So11111111111111111111111111111111111111112,XsDoVfqeBukxuZHWhdvWHBhgEHjGNst4MLodqsJHzoB,wSOL,TSLAx,sell,5000000,144700,5000000,145466,fulfilled,Executed,Grr6…x1jS,10,yKvKSmN7rNbY7esDGxXFrVGw53io9nn7BZUdwwAjwVjKwYahCGt1tvZQz1fp22weKpFvC9Jso4xiUeGeh6HWaAq,225,main
2026-10-09T11:38:36.090734Z,0x6914c5f7b426f0a507abd16c3221c9c0594194889828752511419d1404028e13,CagkCmsroJWAiUWrigym7vR9wGYV5aKWanTGu3ZARKqD,63LfDmNb3MQ8mw9MtZ2To9bEA2M71kZUUGq5tiJxcqj9,11111111111111111111111111111111,GIGA,SOL (native),sell,24700000,4443274,24700000,4465602,fulfilled,Executed,Grr6…x1jS,3,2VyTt54AFhpzFk8QwDRuMUqnZh9mgeFTPa1hDjPBsQ9oCtwHeYQ4WaR9hRK38CKBRjhQqE51tBGEVQGpdb5JjoL,284,main
2026-10-09T11:38:36.418586Z,0x05f6afd04f48671d5fdc662ef6242906c96677f1fbde831b44d0dc60941a07b2,Dy1CJYGtZBZBsAqe13BPSYqDy1pyrThHBi6g2zTVASd1,So11111111111111111111111111111111111111112,GRNDYDpqwpCm6jVxpbh4xT5AM4r3p391qYsKTHqgaET2,wSOL,GRND,sell,5000000,37114,5000000,37306,fulfilled,Executed,Grr6…x1jS,8,6y2fukfnUqJUEtiPDqtQFh1tAwzHBa1a52bdn7BzXG8QchJQVgbZC6YDiQFzbWRpYPdEBYVg4vviqhPgAHJeEW9,291,main
2026-10-09T11:38:36.995425Z,0x16db84a924ae63c04c0d843ed65fb4b8a5b7b208b9b6e7b636bbb6c547bf9ba4,AM6Qwi3vwMCGpRbJ55zDatByeAtsbcfXvXBh77be8C9T,BCNT4t3rv5Hva8RnUtJUJLnxzeFAabcYp8CghC1SmWin,11111111111111111111111111111111,BC,SOL (native),sell,13100000,4451568,13100000,4473937,fulfilled,Executed,Grr6…x1jS,2,NMNH3Q4qUXNSWmdAfvX9ghYjzxBE1YFRyT2T8zpKYqvHSWzLqtgY5A59Gx2MrAuhWaosiVRyquHDFP3Prw1hW4B,370,main
2026-10-09T11:38:39.635216Z,0x9fef06114dfba55f5f63734156f6747faca1c4b7ec90272b049cca3c9a45c631,DoD7Kb5bE6Jr7Eq2JTdYwfLn7718RzpYxKyQen2rxiBQ,So11111111111111111111111111111111111111112,8k4sBtEeK4pf26noKqApv8NBTnuSJcbdwpKYknk5PbAA,wSOL,CALI,sell,5000000,245372559,5000000,246605586,fulfilled,Executed,Grr6…x1jS,5,2bkiS5bHFkhQ2qZjiVyhaRyFQSXK4McZ19h1uTBECh3xJcXRhSUUo1z8iZcf5FENTBF3spy8zNevF1kNDGfER89e,185,main
2026-10-09T11:38:39.993665Z,0x4a20dfac127efa51888c166be499807055f52a3bcc181c85db961a93b49cfffd,5akdWDVyHEWgFASL9q18W1wvJcy546hL4EGfPF6Hiwrd,So11111111111111111111111111111111111111112,J6pQQ3FAcJQeWPPGppWRb4nM8jU3wLyYbRrLh7feMfvd,wSOL,2Z,buy,4513428,1390000000,4491197,1390000000,fulfilled,Executed,Grr6…x1jS,4,2gWnK7wk9cHjPBumkWG6XwJBphUwJJpGrYiQU3bexBWbVQK8R7yPUpscs5xBxihNRPpqED6psC4DusaGUWPFYimK,296,acquire
2026-10-09T11:38:40.058316Z,0xb0916fb67b348dda89a3503180ce69c5d320588905225e9d69257f4ddcc30a67,4p3tgZxpw2gKnJnVwQ4Ah3av47HywcXfFaXTFGNU2aTT,5VnbrKp28Qs9CAH6PyZdxBNvLxZcbeX3YBsozgWnpump,11111111111111111111111111111111,darwin,SOL (native),sell,1110000000,4311791,1110000000,4335073,fulfilled,Executed,Grr6…x1jS,5,253QzDDYHCgasc6A64ocNiPafd3nvvWPcjheThgxxYvLCLMpaacyEwEYnQ5CaZUohJXCQpEEHJME6URtHMSGh8UY,362,main
2026-10-09T11:38:40.247926Z,0xb8d7bb2e1a1cc0a5a8453700fa86d45fc7374e847892c1a2cd4c9ef2df4fdbe5,CDY1rvEes25vx7DZwxp5BRSgAewDQMgwBExfAMEymdMC,So11111111111111111111111111111111111111112,pSo1f9nQXWgXibFtKf7NWYxb5enAM4qfP6UJSiXRQfL,wSOL,PSOL,sell,5000000,4518857,5000000,4541564,fulfilled,Executed,Grr6…x1jS,4,5puRd28WAfgLQJXjxZLj5CMeon1fmTqiY9gfLvPsusEoaDmyjSmp34VAewTj2MDWykWLSZfuo8YDV2dFbN5CMn5z,265,main
2026-10-09T11:38:42.872231Z,0xe64414c63a7aaa5923488fd396a49f9d5742f1e350eafcb7296540871252e16e,HTsxGEXBSe8rdUJjtW7e4v4YChNXTVmLQXuqBvvQtJuF,So11111111111111111111111111111111111111112,CLoUDKc4Ane7HeQcPpE3YHnznRxhMimJ4MyaUqyHFzAu,wSOL,SANC,sell,5000000,8801678760,5000000,8843566941,fulfilled,Executed,Grr6…x1jS,1,3fsRCNQM4kJg3TYuHL2qfSiwfgMAjbPcCXDEnzcyF4AsyCwZWzumuVqq6r35x1DBuGbjFKPTiG98oYm79iCoXf5Y,317,main
2026-10-09T11:38:43.063533Z,0x4830d8ba3436b640d7320a7ae47b504b9b4db29e033c72494e644dd543b0d867,CcQdkRAXeX7seuZLmiapfpM6CVBndVrsvMe38E4Uypyg,So11111111111111111111111111111111111111112,DRAMjSWR7HRfJKjRkvQWYL2bcaejaVhuxEcjf4pAY4Cw,wSOL,DRAM,sell,5000000,9472,5000000,9516,fulfilled,Executed,Grr6…x1jS,7,36unRJZXomP8cQzmKeNhzkHC4UD6zwvxSfaQpvkUt67q9yi5T7j7mjKi149uneSvR5dGDm2xktTa6oV7iLhR8SfK,389,main
2026-10-09T11:38:43.204111Z,0x536f9e6bfafacb1e189c2bf62ec5c69e11aef349d21a49ec1e760e8c3775e31e,HoWtt82mr4wqKqMDy4jFDRs1C9kt3kY6KtXH3i83fyn5,4N4DnNo3qpPks9aQCkcWkzoir8tnvT6diS4TnnZibonk,11111111111111111111111111111111,KITTY,SOL (native),sell,147000000000,4459274,147000000000,4481682,fulfilled,Executed,Grr6…x1jS,7,xV9qDBHZv3qhPhMGX9p3YKGMJrAU3Xz4g9BVKw1PYjam3nnCsVVUMKYn1FSQbDL3xK6fBtLWASaCzcixinemE69,282,main
2026-10-09T11:38:45.940502Z,0x1d13cc7ee2ee1e0810f41805cc32577143281bca0dafb879d60ccb3d565470de,AQtmpjmjjZTzzs5W2Ld4gPteDe1teLKMpwj3v5GAv7ef,9gP2kCy3wA1ctvYWQk75guqXuHfrEomqydHLtcTCqiLa,11111111111111111111111111111111,BNB,SOL (native),sell,66700,4448038,66700,4470389,fulfilled,Executed,Grr6…x1jS,4,h3B2T9ZWdzizqwqx98RtH5PXVFVZBuSMVFAVKwR6aqCnNtY3RA95TH9KfCgrcHGaNj6GZ8Md1L3rx1KHTrR6j4H,290,main
2026-10-09T11:38:46.105696Z,0xe24a9c4412b3c96618824c58f533d2e62a89f808bbc29a62efa12efc2a614c17,CaMSDEBp5zy2QxSYqDxqbk28qxFwzLXiNdFJiv9TKqhU,So11111111111111111111111111111111111111112,nosXBVoaCTtYdLvKY6Csb4AC8JCdQKKAaWYtx2ZMoo7,wSOL,NOS,sell,5000000,930267,5000000,934281,fulfilled,Executed,Grr6…x1jS,4,3gy5CXxgN1F1LnjzaLuG8kG2Gt9S6tNbx4cebt4zCF8nQyYq9BLSsTCDMmTZZWCe7QtiJCfzcSPdB2YmjcXGFqja,201,main
2026-10-09T11:38:49.010084Z,0xba171a81ea0e85480788834059c16cf1ee651e92943417d9421cc5561059624e,AEZeUZRrPrAJ94wX66QCy4hwNYQyM4SR9tzQzUjg7UPX,So11111111111111111111111111111111111111112,SKRbvo6Gf7GondiT3BbTfuRDPqLWei4j2Qy2NPGZhW3,wSOL,SKR,sell,5000000,34075039,5000000,34241489,fulfilled,Executed,Grr6…x1jS,5,2gqGxV9auGsri2sTypDNu634ed7LpEG7D6Rovm1nadfzBMFCtwBh5svmVWDhErcvfvxH6J6fuqMBGZJkz7GQZ4Wv,239,main
2026-10-09T11:38:49.530239Z,0xfaff069881359ce9b01625f33aeab54f86e5e32a1d9cd0affa905443df3a4414,GcY8jk3HeHLDmdPa8wRVnHkn8f77frWdZxRWr6rrdyus,DBRiDgJAMsM95moTzJs7M9LnkGErpbv9v6CUR1DXnUu5,11111111111111111111111111111111,DBR,SOL (native),sell,25700000,4411500,25700000,4433987,fulfilled,Executed,Grr6…x1jS,4,4Bd1j2MvX4aCLi6jyKA5ZrzVzhwrSukpZpmf7YcLDcNi5xWwAqoWq3zaSpcxjaboB2iebx4NCKegwTMBtQtC6Wwf,200,main
2026-10-09T11:39:10.043212Z,0x79ce0d7738aa0965c97b30a9099e26ae3976283971d584d9f0aa96b9e8c093ac,CDY1rvEes25vx7DZwxp5BRSgAewDQMgwBExfAMEymdMC,pSo1f9nQXWgXibFtKf7NWYxb5enAM4qfP6UJSiXRQfL,11111111111111111111111111111111,PSOL,SOL (native),sell,4090000,4470658,4090000,4493123,fulfilled,Executed,Grr6…x1jS,3,2Am4Gb3Chyvj55P5ihiap5c4zsG6DnTg358nSCiCm1e6egtWMGog7aJZZfDhV6EDjW2FdwoVfW6FtS5TFvVpu3yz,266,main
2026-10-09T11:39:12.572419Z,0x92919257b7bcecf101c2cfe768baaffb01a28653774db9e0c84d3d2cf3f1782f,3FHY6qZALHavE387YcUMyqFYdYCiR5PbLSxdQBpwR6JK,So11111111111111111111111111111111111111112,SATqS9DYpLQsM2z51P4QCoqJRHa5wboV4qjJerJRUSH,wSOL,RUSH,buy,4538635,5250000,4514795,5250000,fulfilled,Executed,Grr6…x1jS,0,3PANUNE13XtbcXWfPbzPhaZ8Z9jWUqGQ4HtWwHay5D8RUrqzq8NFJZ6FUHPgcfehBjWvuDgaa7Z6WQ9U4JfHQGbS,248,acquire
2026-10-09T11:39:12.763072Z,0x8e4bf854ce4917e7b3abe2ecc9274370e763a750bb8cf331512f404974192f79,Dy1CJYGtZBZBsAqe13BPSYqDy1pyrThHBi6g2zTVASd1,GRNDYDpqwpCm6jVxpbh4xT5AM4r3p391qYsKTHqgaET2,11111111111111111111111111111111,GRND,SOL (native),sell,33400,4444686,33400,4467021,fulfilled,Executed,Grr6…x1jS,0,2q7pkr7V4Lwv9eCwESDcYvbDGcTZRRPPTaNycetnc3zK1tFKeahiFk8vzFRUrTkFQ2J1WKXc5prSmKeEZ19jxdpN,292,main
2026-10-09T11:39:12.765997Z,0xc81dbb7ccd89f84d5121345c2bc434b4a7b73f95bc9489ebc73ec46db2119d44,CcQdkRAXeX7seuZLmiapfpM6CVBndVrsvMe38E4Uypyg,DRAMjSWR7HRfJKjRkvQWYL2bcaejaVhuxEcjf4pAY4Cw,11111111111111111111111111111111,DRAM,SOL (native),sell,8520,4440790,8520,4463105,fulfilled,Executed,Grr6…x1jS,0,8tp5pkH6Tequ3y7RrVtjGSQSYvYreNjozJM27MzdsjKG9hN8cGa5Vw6qG6CzKCwnenstHxD3X1XyRdmGShNJ5HZ,390,main
2026-10-09T11:39:25.991837Z,0xa3e2f3421bae4043c99bd0af585715dac23eebf01b83fcd1fe43ae9656ea6864,94bjVVSp8jgvP4ivAW3wFomkRpeE3xBouyCWErsR1ANz,So11111111111111111111111111111111111111112,CJMihkPYswa3k6az9SUbepjKnkJQ6KWpGG5p9qW9n7NV,wSOL,LIKE,sell,5000000,1142910289824,5000000,1148653557612,fulfilled,Executed,Grr6…x1jS,3,kE9aCfy95zrVpxF32H2LzjhchfAD8LbtbWgsvjf9h9qM1UXXny8bfx4QPsQ4p6RWD3GSRD4inYtFXwyL7KSS8Fp,275,main
2026-10-09T11:39:26.762486Z,0x274c59619afe13074cfd57b9251f6de772efc2c2d14b80b928cb1c4972798bfb,EGXsUdM4HLc983jD276LHz87k5zBZSJrJc137qcokK8D,Xs8S1uUs1zvS2p7iwtsG3b6fkhpvmwz4GYU3gWAmWHZ,11111111111111111111111111111111,QQQx,SOL (native),sell,65300,4437837,65300,4455845,fulfilled,Executed,Grr6…x1jS,31,2UEyU5S3eBfgANhPrAvhTdFV86Wjk4KYu39Mkp7DyFgs9NUM7G6isxbEJ6dWsGcYy888GABQwqsDbcLJ2VVT3gMM,212,main
2026-10-09T11:39:26.811701Z,0x987e138427e7b3b4aa72adb4ffeae86a0d741c8d1ad65ee884894ebcdac840bc,AQtmpjmjjZTzzs5W2Ld4gPteDe1teLKMpwj3v5GAv7ef,So11111111111111111111111111111111111111112,CzLTZppPdZtTjyq3WGpHLstoc3GLhu7zH5Zg6xUa6Gv5,wSOL,COPX,sell,5000000,6516,5000000,6550,fulfilled,Executed,Grr6…x1jS,9,RcFdtZxmKBbtLwjtQ84pLwzs7PdAAFxnLoiacVsZw6UUXg95Vr8waXJk9JqtbjnRTkuy1d3hKiZ6FBozooHB5hH,349,main
2026-10-09T11:39:28.331296Z,0xbf10420e82c60f669df11b4acf547eb8704a41db42c2c8a7afa71d651bc47cb1,9XSrZ8RkSZ3WDoGkrgWHrmMhixsoWZTLnPxBtQNWNK9c,So11111111111111111111111111111111111111112,CtzPWv73Sn1dMGVU3ZtLv9yWSyUAanBni19YWDaznnkn,wSOL,xBTC,buy,4523715,599,4499570,599,fulfilled,Executed,Grr6…x1jS,30,2d1A37ES7cnvwCcSfWMfKf4yLB2UpC1jdMSFmiMgTugqrXX1j3ec1JnYfTcYsNgnPPFvqxVjzYZbPf5JWJeuwxk2,220,acquire
2026-10-09T11:39:29.190937Z,0xbcf2bec7d95c9b167315b329571aa1f24dd5bb14b1a64a4b1a8d332665951b28,CDY1rvEes25vx7DZwxp5BRSgAewDQMgwBExfAMEymdMC,So11111111111111111111111111111111111111112,1zJX5gRnjLgmTpq5sVwkq69mNDQkCemqoasyjaPW6jm,wSOL,KLED,sell,5000000,51293242119,5000000,51558228638,fulfilled,Executed,Grr6…x1jS,7,64tRx7iBGjCVUjiSZonnfy16TimgczEVKJ4gkt562xBfFN1fhKZoydvWtKLa5GjeN9aK8E6X1468izHUZqhjceb,325,main
2026-10-09T11:39:29.993663Z,0x2d488799e4602306891a519032f28c53a8a4dd24d9092cf45a0d4779738f1ccd,7RqUGHCV2tngEBctNc8o58nPDy6AsYzsUHAW2JgA2XX9,So11111111111111111111111111111111111111112,HZ1JovNiVvGrGNiiYvEozEVgZ58xaU3RKwX8eACQBCt3,wSOL,PYTH,sell,5000000,6491820,5000000,6525692,fulfilled,Executed,Grr6…x1jS,6,3XFUwrVij1FuMgXfscJ5wBa2R6yvF9JSgzHt7vM4RVyzGkUaevxHMaCHJxsKZNxEUA9YVQ2x1MbnWPPgSQvYHi7H,311,main
2026-10-09T11:39:31.559602Z,0x65e166f10ed6c47e246d30d9063161eda9a1483ac9011674c9e96d68f0d56021,3FHY6qZALHavE387YcUMyqFYdYCiR5PbLSxdQBpwR6JK,SATqS9DYpLQsM2z51P4QCoqJRHa5wboV4qjJerJRUSH,11111111111111111111111111111111,RUSH,SOL (native),sell,5250000,4426042,5250000,4447411,fulfilled,Executed,Grr6…x1jS,4,4usa6tM4Wev7QAXFxKP4sk2e44GTnMsSnPGcXb1RxCeCqB4rfZyEookYTY4Ze7PnMSzRZ855Ti9aretE1JW67XKX,248,main
2026-10-09T11:39:31.750365Z,0x85b7251a014ea666d300e7cbb10268d3cbc03171bdf5542fd1ef1396627884b9,Dy1CJYGtZBZBsAqe13BPSYqDy1pyrThHBi6g2zTVASd1,So11111111111111111111111111111111111111112,72QvBVwpxqmheEPfaCwWSWqEFsUy3rhWt6JhQBMNTwD1,wSOL,ENA,sell,5000000,2531534327,5000000,2544556324,fulfilled,Executed,Grr6…x1jS,4,33DLeZj1FyfPZ3WkyEjQubxzDiaDerPwoMzwNh912XYB3CmxBUN8JQCx5SxHcMabGpNvPvTQqPjhBQF81U3pAn76,351,main
2026-10-09T11:39:31.766680Z,0x7b2a0ee252b6757f05d1419e03e6e5bbcdcd7a3f70d786deb1c4cc4764084f6f,AEZeUZRrPrAJ94wX66QCy4hwNYQyM4SR9tzQzUjg7UPX,SKRbvo6Gf7GondiT3BbTfuRDPqLWei4j2Qy2NPGZhW3,11111111111111111111111111111111,SKR,SOL (native),sell,30800000,4465072,30800000,4487509,fulfilled,Executed,Grr6…x1jS,4,o6E3uTktDucWbXSkDxVbRJPKBLm8rDDaVjHzRtPQJmCNZYb5cSbCzChJPtSsJSth2vDDmPuq6o5HstA9rKdStUL,240,main
2026-10-09T11:39:31.964132Z,0x6ddfe9bca9b883075348c29d204ef84e360ea198fa02772988b01867f997d2c3,CaMSDEBp5zy2QxSYqDxqbk28qxFwzLXiNdFJiv9TKqhU,nosXBVoaCTtYdLvKY6Csb4AC8JCdQKKAaWYtx2ZMoo7,11111111111111111111111111111111,NOS,SOL (native),sell,856000,4528055,856000,4550809,fulfilled,Executed,Grr6…x1jS,4,3WLKoks42TrHK9h32BGyYyCd4qiG3JxCtuDVdSYqkKTsugynCNAB48tnzVdv1YfgXiWKwJFXhZwLQutvbKAmELoF,202,main
2026-10-09T11:39:34.606756Z,0x64cd19b769b5c0414d6c6ac25922e20e36be5325373db75261fea6da47fec45f,FjcXArDzUrBTJ1Lv6Yc8n9atjkNYaxKosVjn6VSxZTrK,So11111111111111111111111111111111111111112,RBLXDGRD64AtRamHMFVcjqne3Ar7NLWtFtYNtsrf1cE,wSOL,RBLX,sell,5000000,11942,5000000,12006,fulfilled,Executed,Grr6…x1jS,4,5wFbuyU65n7rzpG2yAvmYByh3VtXLnCsLr8gwjknHozYM2Kat4ZEQFZjL8Rcz1TKh3gik9PtY9Zh92NREwwm7E8q,373,main
2026-10-09T11:39:34.852848Z,0x8fc513926249a70f69faee348014a2ce37f08015d52894a1aec49b90c60d27d7,GcY8jk3HeHLDmdPa8wRVnHkn8f77frWdZxRWr6rrdyus,So11111111111111111111111111111111111111112,Morpho2VPeTr2E1Jx6monxCzF7mqwUnjz74RdwLXYyP,wSOL,MORPHO,sell,5000000,22981830,5000000,23106100,fulfilled,Executed,Grr6…x1jS,4,5ELHxHGQjz2gffSUg4iytLHoMueVhN8NZ3XskDxEE6U1x1whJYqcSeJuzoQLvmRCwPvgEBfbC58fFHqBvzezeaEs,259,main
2026-10-09T11:39:34.952725Z,0x1068330c134e28e99f14085e4d70683380d21025d2ddc5b3b03b6cc17284315a,7wPqkLkFafKQZEkqFhbCP2c9vapCvxmbM7AcKRgMT8u6,So11111111111111111111111111111111111111112,EKpQGSJtjMFqKZ9KQanSqYXRcF8fBopzLHYxdM65zcjm,wSOL,$WIF,buy,4506459,2340000,4482655,2340000,fulfilled,Executed,Grr6…x1jS,4,7ReLMZ38VvZQ4uKwraX42x92JtNuJd5BN4dyav3qvYd6uK5iiqeChwzDfPVXd5ExG5uGK5zK1wJxgJK4Fgy1scr,238,acquire
2026-10-09T11:39:35.363508Z,0x5dfc2d224b93694aaf9c89884200ca0ebf784ec7a0788b661e62c8795ed1331b,94bjVVSp8jgvP4ivAW3wFomkRpeE3xBouyCWErsR1ANz,CJMihkPYswa3k6az9SUbepjKnkJQ6KWpGG5p9qW9n7NV,11111111111111111111111111111111,LIKE,SOL (native),sell,1030000000000,4429941,1030000000000,4452202,fulfilled,Executed,Grr6…x1jS,4,3o95iMznEPDQB6ze33nSPiteNs8UoYVorMyehmuPne8pwtPVbjEKusZ16BcmAiJtn3ttNXq6rzAJqMDFNrs2Ur4r,276,main
2026-10-09T11:39:38.071181Z,0xd50c0e5bdf1bf371b642c3b7a030d2613684af936deeb759287a7d33f206cbdb,2kV12Qsin6Wfxr2Pr6M8bqUbjqMppw4gpqAbV18TiFfJ,So11111111111111111111111111111111111111112,9McvH6w97oewLmPxqQEoHUAv3u5iYMyQ9AeZZhguYf1T,wSOL,Anon,sell,5000000,1565182041,5000000,1573047277,fulfilled,Executed,Grr6…x1jS,1,2kVMx9tCrrgS5uBC547wxgqbWjm9Sva1bf4uxBENUR3aYePTpBe7C6AukTNamxtci4S8RQSeWBdKNTZqDCDnpMfo,397,main
2026-10-09T11:39:38.149467Z,0x23bb72eefc21d3a1ded74b93a07a285bb0438112833479d3f321447b75a20256,BPmy52DKPodqoSUirZUBedULujAZr6s778i4hc153r1X,8XtRWb4uAAJFMP4QQhoYYCWR6XXb7ybcCdiqPwz9s5WS,11111111111111111111111111111111,ALON,SOL (native),sell,118000000,4455496,118000000,4477885,fulfilled,Executed,Grr6…x1jS,1,4gEEerGH9zkLTKwzcr1jc6P6Gomu5ZWCzDv9yHaL3p7KpW7c4p5jGbHNBKsAyrEj3mhJyRYMphpStyWShtMNc2Sr,316,main
2026-10-09T11:39:38.733030Z,0xb3e12cddab1d1b3c272a859c18b9e81c8760aef98a4db7bc7c201b4cfcbfd077,5akdWDVyHEWgFASL9q18W1wvJcy546hL4EGfPF6Hiwrd,J6pQQ3FAcJQeWPPGppWRb4nM8jU3wLyYbRrLh7feMfvd,11111111111111111111111111111111,2Z,SOL (native),sell,1390000000,4459242,1390000000,4481988,fulfilled,Executed,Grr6…x1jS,6,DjrXWV2t9AARUMzkn9XVa62kojJDmVu71KDtSspGsVgvXRhqRwz7PK4FDvcepHK9kB3VyuoXM3vbYEjzCxDJDi2,296,main
2026-10-09T11:39:39.277286Z,0xf57d302f9b78c4d8d6b11e3d14ccb7a9b262727c27511c37a62de95d0a3883ef,3FHY6qZALHavE387YcUMyqFYdYCiR5PbLSxdQBpwR6JK,So11111111111111111111111111111111111111112,GoLDppdjB1vDTPSGxyMJFqdnj134yH6Prg9eqsGDiw6A,wSOL,GOLD,sell,5000000,131,5000000,131,fulfilled,Executed,Grr6…x1jS,54,5ZHwPw4mxRVjG6AVrtcp4uzRqdVXLPjuqQ8eTGNWaydL1HeoZoFj9Z1C2VDB553sMVzCdaDkCMq2nh2p7Nvi7vju,307,main
2026-10-09T11:39:41.849313Z,0xc09a43c784895b7801d6d21f635f7864614e253bd3a11d51eb6a40b175131515,CcQdkRAXeX7seuZLmiapfpM6CVBndVrsvMe38E4Uypyg,So11111111111111111111111111111111111111112,hntyVP6YFm1Hg25TN9WGLqM12b8TQmcknKrdu1oxWux,wSOL,HNT,buy,4520517,96900000,4497506,96900000,fulfilled,Executed,Grr6…x1jS,3,uKyr7NPkWuT1SdqEopSzF9HMHSPYodoYxaEhaeTsL7goqxFDSpvFSGA9f6zjugATLMXXo3K3k1WjzGSQpyC2DwA,450,acquire
2026-10-09T11:39:42.087728Z,0x7dc40645915b848913f50b122c3bcdc171b7aaff4b8f64e5461f2476617103d4,Dy1CJYGtZBZBsAqe13BPSYqDy1pyrThHBi6g2zTVASd1,72QvBVwpxqmheEPfaCwWSWqEFsUy3rhWt6JhQBMNTwD1,11111111111111111111111111111111,ENA,SOL (native),sell,2280000000,4443114,2280000000,4447808,fulfilled,Executed,Grr6…x1jS,3,Ya5iPhYeUAeiStt34cauc5GS7Daqtk3r9SkZErm3NJwhZLaUirVMe5qpJdDucpK44ZUcKWRD69hUUDdZPDLy4tW,352,main
2026-10-09T11:39:42.265035Z,0x2bb25c0631017267a3a3be25aea68eff008ed802cbc80ecfdcf4bd63caa1fb62,AEZeUZRrPrAJ94wX66QCy4hwNYQyM4SR9tzQzUjg7UPX,So11111111111111111111111111111111111111112,DKNGQFNGQmoBdXSRGKJ8tTu7uPDasw5JDcfMmWniNfow,wSOL,DKNG,sell,5000000,27687,5000000,27826,fulfilled,Executed,Grr6…x1jS,3,25CcPaBrvrV6eSMRf3DzoJtdFXzSFmD5SPf2kqUxhWfHM5Wj7Xw4BqjQXKY3LWPxBcCAikgEmtQQSnZ3gBSyNrSQ,299,main
2026-10-09T11:39:45.327069Z,0xb1e9c2256f830b4fe1455f5599f7b5a38eb63079a1c6ca951f3274a97e86a02f,FjcXArDzUrBTJ1Lv6Yc8n9atjkNYaxKosVjn6VSxZTrK,RBLXDGRD64AtRamHMFVcjqne3Ar7NLWtFtYNtsrf1cE,11111111111111111111111111111111,RBLX,SOL (native),sell,10700,4423053,10700,4445279,fulfilled,Executed,Grr6…x1jS,4,Uydr2kjeA9bmZoPtxuqnTeXoHQTCPv3EFE6fZskGh3pFqJmZD8wuEfDDMUVXLuS5Dfrt6xtzDw5BGTENmoUddsM,374,main
2026-10-09T11:39:58.723444Z,0x1d2ebfad16a58f3b6688164fcb0c6af300200c328e4acfb08c4c8a4463a243ea,CcQdkRAXeX7seuZLmiapfpM6CVBndVrsvMe38E4Uypyg,hntyVP6YFm1Hg25TN9WGLqM12b8TQmcknKrdu1oxWux,11111111111111111111111111111111,HNT,SOL (native),sell,96900000,4468778,96900000,4487762,fulfilled,Executed,Grr6…x1jS,5,2xZna2jAtjz9udR7MySnXcS8erEGvu3VeuVqRAxSmWKkB3BVxuUTmsAm4ft38oA5ocGaz73wYwtY4HaENrPNFgjG,450,main
2026-10-09T11:40:00.158957Z,0x2ab05301dbab245928fa907c9f0aceb1841182fb4f9bf382052b05a5a0b9f078,2kV12Qsin6Wfxr2Pr6M8bqUbjqMppw4gpqAbV18TiFfJ,9McvH6w97oewLmPxqQEoHUAv3u5iYMyQ9AeZZhguYf1T,11111111111111111111111111111111,Anon,SOL (native),sell,1420000000,4459607,1420000000,4469065,fulfilled,Executed,Grr6…x1jS,4,3fM6NGDRZVmtiy7J49SBBk7Pg4cPHAncMtShsKiWz5xQhpBKo8KSTsQJPiU3Zur9FT6jsoQ1ty1WYrZJsjKixyQJ,398,main
2026-10-09T11:40:00.453601Z,0xcbbaf148c182ddf12adc3db6520cb4f96821ffa856511ad16cae02f6b809f4dc,91V7pVaQyARieyPXcNpxQZdqk5KoH7P1vgg2YHNBfSti,KMNo3nJsBXfcpJTVhZcXLW7RmTwTt4GVFE7suUBo9sS,11111111111111111111111111111111,KMNO,SOL (native),sell,14000000,4470847,14000000,4490053,fulfilled,Executed,Grr6…x1jS,9,pqxDuh2SoiH57Vs6WvzWiXSxDgfXV8ef4A9YWqh3qjrF3qDYEfqU64pqqoUZNk2m7VLXn4mEuHSks9oxo5uPn3H,208,main
2026-10-09T11:40:02.451935Z,0x3574129e30e20ab3b504b96bae88a0972da1d3081a04eb6dc4e8b6951ddc3a97,9XSrZ8RkSZ3WDoGkrgWHrmMhixsoWZTLnPxBtQNWNK9c,CtzPWv73Sn1dMGVU3ZtLv9yWSyUAanBni19YWDaznnkn,11111111111111111111111111111111,xBTC,SOL (native),sell,599,4462134,599,4484556,fulfilled,Executed,Grr6…x1jS,2,64SPYfiDGptUg2brYVv6f2CN9DRKkTuLQhMVbXMKi3pREgqgujZEtkwnvui6ZC1Mg4GZHgjtoK4Jp3FQSQvwMFUJ,220,main
2026-10-09T11:40:03.944649Z,0x9f64d00c7398003247e82fcf844d2ff31edcd3836cca5c4ad06486c62a4001c0,EGXsUdM4HLc983jD276LHz87k5zBZSJrJc137qcokK8D,So11111111111111111111111111111111111111112,ukHH6c7mMyiWCf1b9pnWe25TSpkDDt3H5pQZgZ74J82,wSOL,BOME,sell,5000000,522426369,5000000,525051627,fulfilled,Executed,Grr6…x1jS,5,4ApbvaHsAcwEA9gi9wxf9R2AwWeB5yWbHuZZcX8z3NBRcU45gATvGvzuFBrntBwR8rmdejnWvimLwGh6C91esjsq,271,main
2026-10-09T11:40:04.279207Z,0x3340cbed19ce5b663c46e7e51265bdcc4f84a20403b91bd3b60c0971340ed1fb,AQHstwk1uwAEnz8JE41HEbbD1EaPBjBwtid2qbo1Q3KD,So11111111111111111111111111111111111111112,7KEPApdbBMByrmqihz3bht2uMhFQcatjfSFQCKq66kH3,wSOL,DARK,sell,5000000,117838228,5000000,118322240,fulfilled,Executed,Grr6…x1jS,9,3YuoFvXrXJ8vhhGebuf1NxyN2peYBmbU9EZXNu7sE69mV33qCmtxPSJCjzVbtwyoDTrjvdDQ4no23UKhwtfaAnHY,263,main
2026-10-09T11:40:06.463005Z,0xf10d349f676d5394271d130b056f2524e94eed4ad99b48905a4863087e44585d,Dy1CJYGtZBZBsAqe13BPSYqDy1pyrThHBi6g2zTVASd1,So11111111111111111111111111111111111111112,poNSfquKq512ApeYjVghwViSun4x1MhCqHVH2Paq4jN,wSOL,PONS,sell,5000000,156135009,5000000,156820612,fulfilled,Executed,Grr6…x1jS,3,3ehbyLzoPjMY62V555PxvRfU1xXWWZQ2vk32kLRd3rnj1MUVGkxjPnvWTXVzLkTa3cLHd3BqrdFYbiPs7sm36XuS,411,main
2026-10-09T11:40:06.583420Z,0xafd29bf0bd3b3aa9a4066739fad5e5b5301279c663c6ec2ce41d9953084656d8,BsXAAY6SvTyWYjwKCa5SUs1kDBK6n7ia7qvRPVj5dFgz,So11111111111111111111111111111111111111112,CortexFv3fRcLKTgACr7aLqckGh5eP7TP3z9JHoKqMc6,wSOL,CX,sell,5000000,16047811711,5000000,16128453980,fulfilled,Executed,Grr6…x1jS,2,376aeXjHmDT8MpUyG24UmZqH4nDsE2BNziEGEDcLYLgQ67DYXwxg9SCzL7jBaDnWW4TwAVkoSfrDENwb8ShN4EtU,453,main
2026-10-09T11:40:06.765064Z,0xdede7582ea59eb61448e0074033dde6977a6548da6e806af181a2d7f42ed12fd,7wPqkLkFafKQZEkqFhbCP2c9vapCvxmbM7AcKRgMT8u6,EKpQGSJtjMFqKZ9KQanSqYXRcF8fBopzLHYxdM65zcjm,11111111111111111111111111111111,$WIF,SOL (native),sell,2340000,4446797,2340000,4472754,fulfilled,Executed,Grr6…x1jS,1,2yfuzMEpgpa4BtWmpMpLSqt27ZciTtE9Yqt7RQKpCnp6Vk2rf4as5xm6EAEWJHC5chzNM3qCSQ8Fw3YPeYBd6udF,238,main
2026-10-09T11:40:06.854126Z,0xf0f86e2f2975a8d4190e9af054593bec0db5dabf6ad8c4c0a070645978d8d5dc,7RqUGHCV2tngEBctNc8o58nPDy6AsYzsUHAW2JgA2XX9,HZ1JovNiVvGrGNiiYvEozEVgZ58xaU3RKwX8eACQBCt3,11111111111111111111111111111111,PYTH,SOL (native),sell,5910000,4499731,5910000,4518302,fulfilled,Executed,Grr6…x1jS,2,odKj72G3ymgUeB9A7GEMH9DcRsthb9zFBiLBRGX6mwJPAg4d6HKx8NbZhoURo7bEE6jP8nb4hVCYGM4Mgv6NAwH,312,main
2026-10-09T11:40:09.693716Z,0x29d4d4f0584c16ee298f280aee7921ba53dca862fbe1e23e6dce87ba3969d3a9,9XSrZ8RkSZ3WDoGkrgWHrmMhixsoWZTLnPxBtQNWNK9c,So11111111111111111111111111111111111111112,8SMMso8Muv8d6i4WmMDthKt6TN1ysN6937sx3DKLXZqB,wSOL,RHEA,sell,5000000,8611928842,5000000,8652229231,fulfilled,Executed,Grr6…x1jS,39,5cH5M6oKpg133K7rfcSSQpCdFJGJmZYRckd8XUGTiJqFWtNHqen8ewhhYJUddrPRichbCyyvh4H2iB1F4TnQ2aMY,279,main
2026-10-09T11:40:09.827020Z,0x11f6665d58f26a2233fcd9764630d79078b13a765e017b8ef9ccded0fbed2adb,2kV12Qsin6Wfxr2Pr6M8bqUbjqMppw4gpqAbV18TiFfJ,So11111111111111111111111111111111111111112,2uxaYT1fVrp6Fg2BrxQcyKSW91hefM6dG9krpbeDiirT,wSOL,reUSD,sell,5000000,497627247,5000000,500004220,fulfilled,Executed,Grr6…x1jS,3,36fmnbtK6nbcgz4xjaf5y79RRu7M2kMSVDBpfppPAB5r1d9SEh7HhAwXREvgCDyfZLbBPX3enuiJ4Bd4LL34xJiC,457,main
2026-10-09T11:40:09.918757Z,0x1270519235d5c92e56a2d0ee963c835efc7318d478de7e8b108c43e32cfa5fd2,5akdWDVyHEWgFASL9q18W1wvJcy546hL4EGfPF6Hiwrd,So11111111111111111111111111111111111111112,GbbesPbaYh5uiAZSYNXTc7w9jty1rpg3P9L4JeN4LkKc,wSOL,TRX,sell,5000000,1654377,5000000,1662417,fulfilled,Executed,Grr6…x1jS,35,5eFnWku3iwgg8uXmGQjxoe3hj2v7bzFEoxVa5RDi9TfMd5QQavBQcxajva5Z6JfaZ3nvQWqAFc7sw2A7CZpPSMJw,355,main
2026-10-09T11:40:10.142668Z,0xc70dfdf38d44e56d83d4a972ae551ed3d81922338b21fcfdc4e544a303a738d5,AQtmpjmjjZTzzs5W2Ld4gPteDe1teLKMpwj3v5GAv7ef,CzLTZppPdZtTjyq3WGpHLstoc3GLhu7zH5Zg6xUa6Gv5,11111111111111111111111111111111,COPX,SOL (native),sell,5850,4439435,5850,4456559,fulfilled,Executed,Grr6…x1jS,3,d99YVEGEkWvoMC141yzVVBx4EuWK4eCLa5K6weZy7BysH5aPFRFUH5BFnEoT43CwgGu6KpRNeLeaWKV8NQkHoAx,350,main
2026-10-09T11:40:10.540329Z,0x1c16b3fb25e7a1b74e1dd40a24ac9441287b778a541b76382ad06e3e25862d5b,CDY1rvEes25vx7DZwxp5BRSgAewDQMgwBExfAMEymdMC,1zJX5gRnjLgmTpq5sVwkq69mNDQkCemqoasyjaPW6jm,11111111111111111111111111111111,KLED,SOL (native),sell,46400000000,4415556,46400000000,4437744,fulfilled,Executed,Grr6…x1jS,2,4xN4PRWabCTaChuHVS9BbfZ9zdZVsf93GajofpBBTVbSyKSa7axYV5hyctehApWS89tEw32d2roZjmsEAtTCWSN6,326,main
2026-10-09T11:40:27.089979Z,0x575d6bc928efb63b7107d56146237252eeb849908fc7fa1eb0058180c784e738,DoD7Kb5bE6Jr7Eq2JTdYwfLn7718RzpYxKyQen2rxiBQ,8k4sBtEeK4pf26noKqApv8NBTnuSJcbdwpKYknk5PbAA,11111111111111111111111111111111,CALI,SOL (native),sell,204000000,4001424,204000000,4021531,fulfilled,Executed,Grr6…x1jS,1,5bRUrwrQPqSxY2KLwcS8GmUFqu5PvFGsFuQERHRjm1Qk6C3YL5FktviYHJVqTv3bLhStTVLSvevbwkTkcfewrCL8,186,main
2026-10-09T11:40:27.388888Z,0x7ffe88c967d48078bfb89ea35f26f40809bf588cb79d1e2ac1c8e082af0c3b40,EGXsUdM4HLc983jD276LHz87k5zBZSJrJc137qcokK8D,ukHH6c7mMyiWCf1b9pnWe25TSpkDDt3H5pQZgZ74J82,11111111111111111111111111111111,BOME,SOL (native),sell,476000000,4478782,476000000,4501288,fulfilled,Executed,Grr6…x1jS,1,3R7ejhj1ZZkxSzHP8Y1Ukxbf2NQRPv1ocLNVX4EQLUo7zATWsWhn6yAE4MRqaUJXa8yik9LAGZ226AvRMdgpFVeu,272,main
2026-10-09T11:40:27.586346Z,0x6d7c18ef6efbfac0081f4a4776b0afa245b0287c9f9837bf8e78894657bf9cbe,2kV12Qsin6Wfxr2Pr6M8bqUbjqMppw4gpqAbV18TiFfJ,2uxaYT1fVrp6Fg2BrxQcyKSW91hefM6dG9krpbeDiirT,11111111111111111111111111111111,reUSD,SOL (native),sell,447000000,4438223,447000000,4460429,fulfilled,Executed,Grr6…x1jS,0,2czboZUq631wrM5ouZD3k1fgeMHonapcQyZMM6NMCyL7c66suFpwhL31Dqm8LY2u3LXno2YEVgkLjspfvWMeLBzu,458,main
2026-10-09T11:40:30.585847Z,0xd3cb0340daee932a9055bb6224e46b7f0b2450e36c8fcb30d5fdf10bcebee055,7wPqkLkFafKQZEkqFhbCP2c9vapCvxmbM7AcKRgMT8u6,So11111111111111111111111111111111111111112,6UpQcMAb5xMzxc7ZfPaVMgx3KqsvKZdT5U718BzD5We2,wSOL,wXRP,sell,5000000,382144,5000000,384209,fulfilled,Executed,Grr6…x1jS,27,hyesZ12Yi7ZspiQdwxouVUwHSvm7b6Ssned2A5JsCK2pemeeitxdN9dYWRBDUmqanthtkJsmpBu8TpFfExrZ77c,297,main
2026-10-09T11:40:33.253240Z,0x4fbedc2fb4ac7d18b8c8c978b8d157a5ea4e0a3d21cd4fc1db4ac9fab2bbe9f7,AQtmpjmjjZTzzs5W2Ld4gPteDe1teLKMpwj3v5GAv7ef,So11111111111111111111111111111111111111112,HooDYv5RewLRiMLnEVq3VJqdqxhuE6c5eYvqejMC3e9A,wSOL,HOOD,sell,5000000,5045,5000000,5072,fulfilled,Executed,Grr6…x1jS,16,5H2GUtuBhiZ9o6DY4kiZyfpZTpqm5NfAuwHtCpL74toGK5bMjkjnZPMZgDW4Jem5ZkVeW8nRTMU9kiUC67URqpeq,409,main
2026-10-09T11:40:37.562010Z,0x079ae51c72496a157f575054c62b2f1505bfc527438323249e3306be09ee1289,4p3tgZxpw2gKnJnVwQ4Ah3av47HywcXfFaXTFGNU2aTT,So11111111111111111111111111111111111111112,ZEUS1aR7aX8DFFJf5QjWj2ftDDdNTroMNGo8YoQm3Gq,wSOL,ZEUS,buy,4594802,57400000,4571943,57400000,fulfilled,Executed,Grr6…x1jS,1,4czqtdGRqC1Vj6hVjDzrYyojoyTLUtFX8Ejbv2oA9moivWg6wjvVKKREzGbGUETzu6vaEbuUB7aSKWXDEPRnXDSk,422,acquire
2026-10-09T11:40:41.857074Z,0xfe6d21b1174d4ddb1a8543e590bbe51dd0d563f73ed969ba620db42ee0f73942,BsXAAY6SvTyWYjwKCa5SUs1kDBK6n7ia7qvRPVj5dFgz,CortexFv3fRcLKTgACr7aLqckGh5eP7TP3z9JHoKqMc6,11111111111111111111111111111111,CX,SOL (native),sell,14500000000,4441454,14500000000,4463772,fulfilled,Executed,Grr6…x1jS,3,4hB9B6bwWKMiYSs6cu1uLu5YX7YsPw9zRFQu5P3Arb12GHkH3cJRdJ8hZWyMe1FWcTW3vLShYyjpvsjVqTFQbYHH,454,main
2026-10-09T11:40:43.122368Z,0x594d3d2b7e5e74b81e0298770d31c73ca270f1be7425a47b7e13a25fb4d1ac83,4p3tgZxpw2gKnJnVwQ4Ah3av47HywcXfFaXTFGNU2aTT,ZEUS1aR7aX8DFFJf5QjWj2ftDDdNTroMNGo8YoQm3Gq,11111111111111111111111111111111,ZEUS,SOL (native),sell,57400000,4519206,57400000,4541915,fulfilled,Executed,Grr6…x1jS,2,5K17T5YZQw61b6Jr6jGo2pzTP9h4iZfnwQn4CeTXu4K7N66xDHcqceVFr84TRJ3KY4okvrJaN1nSUNXuftpwmHG1,422,main
2026-10-09T11:40:45.777371Z,0x19f7ff903c84f98cc940c0280692bdc3502bcbe842caa11095ae5c8c674ef736,GikSpMABHu6MJERkF3N9GMmwPXfEBxABjChVkK1W9ji4,So11111111111111111111111111111111111111112,A13oRB9FFaiUjfi6LdCg6p9ka1u8SfGkUFs4SKvPpump,wSOL,TOAD,sell,5000000,343422133,5000000,345147872,fulfilled,Executed,Grr6…x1jS,4,384HoT8fthKUqmFByE9DeCTFYSYF511Q6Ay4dp8UX6kbiBEd8PB2AU8kbdJ3Pi5NUNizCzYF5hSXaPmDKp23pjnT,285,main
2026-10-09T11:40:45.975551Z,0x41aba8b01793681593a731c5452f4c436382a3f3f075c4db5c8ac4c3b411b5f6,EDimKwHuMtcwxxbAfQPT3EaH9CPpyTLARxLRRwiZV26v,So11111111111111111111111111111111111111112,5XZw2LKTyrfvfiskJ78AMpackRjPcyCif1WhUsPDuVqQ,wSOL,WBTC,sell,5000000,662,5000000,665,fulfilled,Executed,Grr6…x1jS,4,4zcAvcEQenxWrTmrpDLkctsKvCSMAsFnuaTU7iupWn6HZCA9zznQSGMYEMQ5kUyYLDtWn6PvcfDYN95DCZPyrhcJ,287,main
2026-10-09T11:40:46.028861Z,0x611417f0b32e4c14482bd3cb30251cec1621f195b264c5458da3cf688165980b,AEZeUZRrPrAJ94wX66QCy4hwNYQyM4SR9tzQzUjg7UPX,DKNGQFNGQmoBdXSRGKJ8tTu7uPDasw5JDcfMmWniNfow,11111111111111111111111111111111,DKNG,SOL (native),sell,24800,4426528,24800,4448771,fulfilled,Executed,Grr6…x1jS,4,4GTeLk5zhUHQt2eTsv24YgaERMD2PXDdw8DJZ5EVgaKspmZbHMZSbNMS6hvvt6naZjoQrKms1hpN9279S6638xra,300,main
2026-10-09T11:40:46.265535Z,0x5595dfc65a89845167d9e7501f93da05f3a0ba83a7d8b8b0bec4c993fa8838bc,7RqUGHCV2tngEBctNc8o58nPDy6AsYzsUHAW2JgA2XX9,So11111111111111111111111111111111111111112,F4K2SbLNgyz9gzNqT8bPeLpRkxy4oMA9twaffUDdZtB6,wSOL,POD,sell,5000000,1098785517,5000000,1104307052,fulfilled,Executed,Grr6…x1jS,4,M5heW2X1XE9jb4PDWmuzLVyzmcfLEJfVx4p4zb9ChnDzhWQU45LJvYp5QTrqHrCxiA2hPsARZ7fCUHzTf9diBVT,371,main
2026-10-09T11:40:46.564743Z,0xc644b905fe1a87340ef2fec3eb52d2c1b6280013b44b5fb3a55f666283846b9e,HoWtt82mr4wqKqMDy4jFDRs1C9kt3kY6KtXH3i83fyn5,So11111111111111111111111111111111111111112,NFLX7qV57zuVxCoHy3s1jiGZyALraLNwttbxdvmYJLJ,wSOL,NFLX,sell,5000000,7684,5000000,7722,fulfilled,Executed,Grr6…x1jS,3,2WSojP4HJr9kEAAweUXSsjKVgFjvDWtepWKn7BMo4FPfKwtcPMtMq6Z9tFJivRgWddu9v5cNwpNvyrs9iesQrid7,341,main
2026-10-09T11:40:46.637397Z,0x7a96145ea15b295e8151905423467d46f5946a6eb776114a4d8540b70daef8e0,EGXsUdM4HLc983jD276LHz87k5zBZSJrJc137qcokK8D,So11111111111111111111111111111111111111112,8nnaeWCw8mUypcGAgbmSuzAT85uWx4UN12adDrMhXrGF,wSOL,HOTBOT,sell,5000000,345548018,5000000,347284440,fulfilled,Executed,Grr6…x1jS,3,R4DeQXZisMxH8cy42WDdFuowaDweYs1uQajnY6KdoyTRVPhPXYepG77Gb5aBsHsJ3cngveZtuNajay8m3s2c4Uw,331,main
2026-10-09T11:40:49.096280Z,0x499a93915795202cb8a8e0f1fc120bf6e1e44ccce7ee28a26e7d9c9534f85e3f,3FHY6qZALHavE387YcUMyqFYdYCiR5PbLSxdQBpwR6JK,GoLDppdjB1vDTPSGxyMJFqdnj134yH6Prg9eqsGDiw6A,11111111111111111111111111111111,GOLD,SOL (native),sell,117,4363949,117,4402826,fulfilled,Executed,Grr6…x1jS,5,2J9ved7m6LfbAbTg3y7eYPRrcKXKq1B3uMXsipcMeMrKaxqY9FvJNKxWmtEk3xiP2JhgNefXH9oiRvREgnS9pXaX,308,main
2026-10-09T11:40:49.259729Z,0x27e96fd391c32b2e8b2ebddc61f3efe255b163681acb089ac74edeadd474f105,CagkCmsroJWAiUWrigym7vR9wGYV5aKWanTGu3ZARKqD,So11111111111111111111111111111111111111112,B5WTLaRwaUQpKk7ir1wniNB6m5o8GgMrimhKMYan2R6B,wSOL,Pepe,sell,5000000,673198957,5000000,676581866,fulfilled,Executed,Grr6…x1jS,5,2CXWBUykSN8GmaXqbLY99L4jAEXqAFA1Wodrp9W2tX6yHdBksmwZ3fAXrd9faWmwZSWha5iygFZ6b8TRC9fihjY8,403,main
2026-10-09T11:40:49.905355Z,0x884be5d97368e3a707e805d7c9c65bd55f5da0c25f23ac188c80c5fae02112b4,Dy1CJYGtZBZBsAqe13BPSYqDy1pyrThHBi6g2zTVASd1,poNSfquKq512ApeYjVghwViSun4x1MhCqHVH2Paq4jN,11111111111111111111111111111111,PONS,SOL (native),sell,142000000,4482041,142000000,4506348,fulfilled,Executed,Grr6…x1jS,4,4y9YPaQDTUkmVwYENDGZo81c8LS8USxrMqS8pLR7a5Sor8hiFudYUTy1vXht92aUKoPrzZRQj2SBRFTQVVeKLX3Z,412,main
2026-10-09T11:40:52.333753Z,0xaabaa87dad7682795b50b03a5d6abebb8bea6372e9bc7b8eb01103734a235a72,91V7pVaQyARieyPXcNpxQZdqk5KoH7P1vgg2YHNBfSti,So11111111111111111111111111111111111111112,C1MHyoTJpRTeS9AQCyspNVu2EWAYCZwmJ1jNkEArFP1f,wSOL,APE,sell,5000000,3885523160,5000000,3904737983,fulfilled,Executed,Grr6…x1jS,7,w6Vc71PxTprU7VAt9kTdyZP1C12nU2mKiorefmQb3i1kWs5MsdohU8pxv7ZNdjWoY1WqAVoX9dZoUSqsAmFbpRB,267,main
2026-10-09T11:40:52.547690Z,0x8c994fea8974858a59e327eb6e92c19018a854345c40e79e788401ef9a173362,5akdWDVyHEWgFASL9q18W1wvJcy546hL4EGfPF6Hiwrd,GbbesPbaYh5uiAZSYNXTc7w9jty1rpg3P9L4JeN4LkKc,11111111111111111111111111111111,TRX,SOL (native),sell,1490000,4450738,1490000,4474793,fulfilled,Executed,Grr6…x1jS,1,3UEhzB2YhyKHpuSn7bt4EeTe4tcT9napPVahbfBp5rf3DCLnZuHrGAWmREHJ29eEoF2r7YTFtL2mH1DimcjXZx2o,356,main
2026-10-09T11:40:55.300233Z,0xed0367ae6cb0aa7900c60b788cb62dce8dcd534e3803ef929449914dc87f70a5,GcY8jk3HeHLDmdPa8wRVnHkn8f77frWdZxRWr6rrdyus,Morpho2VPeTr2E1Jx6monxCzF7mqwUnjz74RdwLXYyP,11111111111111111111111111111111,MORPHO,SOL (native),sell,20700000,4427106,20700000,4448218,fulfilled,Executed,Grr6…x1jS,4,33C8EGrAPNp66AFR56EoR4XErDhsbDUccs6ywnpjw4sTEhWwBaqwzHpmFEEUQ82FkGuVSf6zywH2LAXPC2g7PqLJ,260,main
2026-10-09T11:40:55.499621Z,0xb5b16a3cf42789f09b59e724a91b9bb621c4ec2a97523b7da91a942a87455cca,GikSpMABHu6MJERkF3N9GMmwPXfEBxABjChVkK1W9ji4,A13oRB9FFaiUjfi6LdCg6p9ka1u8SfGkUFs4SKvPpump,11111111111111111111111111111111,TOAD,SOL (native),sell,311000000,4389620,311000000,4411837,fulfilled,Executed,Grr6…x1jS,4,5GL9Cbq11gw5JKD1Be1w6t2Pv6ywFZXuCjKTaF7ii9JNZmrcw5hTBRTHnEd4SpgFuYMk68rfvZjTXuE3aSz97mTW,286,main
2026-10-09T11:40:55.612844Z,0x7e9cbce8634711c4ec501ef6fff78ff7af2dce2b7b0608324115ccd14609a9e0,AQtmpjmjjZTzzs5W2Ld4gPteDe1teLKMpwj3v5GAv7ef,HooDYv5RewLRiMLnEVq3VJqdqxhuE6c5eYvqejMC3e9A,11111111111111111111111111111111,HOOD,SOL (native),sell,4550,4435231,4550,4456851,fulfilled,Executed,Grr6…x1jS,3,5D6MovwMnJrUSh6nnfgTR9nYikUvRAbN8DJVgS3AQ1WAKxmgVNkLBvpmUHzZZxjuoDNXFgSoMfsYKUdTP1d6AWMq,410,main
2026-10-09T11:41:03.631299Z,0x7ce1b5a64d4b31d96f53c54bddac49cab3315b8be349c4ff3e4611689a791c58,CagkCmsroJWAiUWrigym7vR9wGYV5aKWanTGu3ZARKqD,B5WTLaRwaUQpKk7ir1wniNB6m5o8GgMrimhKMYan2R6B,11111111111111111111111111111111,Pepe,SOL (native),sell,609000000,4446793,609000000,4469138,fulfilled,Executed,Grr6…x1jS,5,24BE4RzvZ89TFLsozLKP1cX2hAqXMm7Q8Tb3e4NbUvG4xwFizLyJHc4GVqEbbCuvN446W9JJyMs2dDVrP7mnM6V7,404,main
2026-10-09T11:41:06.724880Z,0xaa03a72407fadb8701fb2a4724303986c16c73b1cfed78d45aac5ab5662d0d91,9XSrZ8RkSZ3WDoGkrgWHrmMhixsoWZTLnPxBtQNWNK9c,8SMMso8Muv8d6i4WmMDthKt6TN1ysN6937sx3DKLXZqB,11111111111111111111111111111111,RHEA,SOL (native),sell,7810000000,4480272,7810000000,4502785,fulfilled,Executed,Grr6…x1jS,2,4e1h8UZxRQ6h3QAsvxBfveBFvCkzity1bRFRS3go4gMq3ayQKVTGpF2tbCUnN6TAPxzZWqgpkXMEMYAvW6bzeWjV,280,main
2026-10-09T11:41:07.597724Z,0xeddfc77442aa6f194656b80516bdb539ed0e3c1cb0605f8099f6330704c40b8f,7wPqkLkFafKQZEkqFhbCP2c9vapCvxmbM7AcKRgMT8u6,6UpQcMAb5xMzxc7ZfPaVMgx3KqsvKZdT5U718BzD5We2,11111111111111111111111111111111,wXRP,SOL (native),sell,344000,4444250,344000,4466582,fulfilled,Executed,Grr6…x1jS,1,2RscAWpravkzK8T7w4kGaWT8McfZ6eKDCEZnyvEqJTLguKSBXZro1KN2M1jJsyHUkrVRVx3N4FEH7DkjupLR5qaE,298,main
2026-10-09T11:41:09.837630Z,0x6a656ee3f43abd2016819c17503646586ff8d47e48905d499cdeac6404fe2589,AEZeUZRrPrAJ94wX66QCy4hwNYQyM4SR9tzQzUjg7UPX,So11111111111111111111111111111111111111112,bSo13r4TkiE4KumL71LsHTPpL2euBYLFx6h9HP3piy1,wSOL,bSOL,sell,5000000,3768813,5000000,3787751,fulfilled,Executed,Grr6…x1jS,4,2YahzTUfrAd5rVN9SroX4hqPKZSTpwfVmfmhWJsKdmGjC2aWRQrk6iJDPkjSmzs1xPCDdE8n7VVaYfEcaKpf37ck,359,main
2026-10-09T11:41:09.984620Z,0x02419a78f144648dc47f4549d6d43f19a2b9a87e59e26711aaafeb535fa72f2f,EGXsUdM4HLc983jD276LHz87k5zBZSJrJc137qcokK8D,8nnaeWCw8mUypcGAgbmSuzAT85uWx4UN12adDrMhXrGF,11111111111111111111111111111111,HOTBOT,SOL (native),sell,315000000,4418728,315000000,4440932,fulfilled,Executed,Grr6…x1jS,4,2jD6qA5y8TTHAdWnFDGTo6qpk844G6wLoABEo2V5GagdNwA8RPGsmF7oXehasnKk3HFiFFv5zHxosHBq68Do1i3t,332,main
2026-10-09T11:41:10.170147Z,0xa42234cd813db0bf1fa4380115520d7dfced6fa776fc6a82b51d86869ed2b739,EDimKwHuMtcwxxbAfQPT3EaH9CPpyTLARxLRRwiZV26v,5XZw2LKTyrfvfiskJ78AMpackRjPcyCif1WhUsPDuVqQ,11111111111111111111111111111111,WBTC,SOL (native),sell,598,4453172,598,4474848,fulfilled,Executed,Grr6…x1jS,4,3wKqWSwZ79GjMQWyaxedvvu67t1PJ3DAQveoZPt4zBbCDafyWMCquVYkAhnpHSzG3RKXocVExjPfDeXSV7KbJoEM,288,main
2026-10-09T11:41:10.818319Z,0x6e321cfd64b4be5bfd09a4c6eb207213c3d3bceee663881801ec8955c008d27e,GikSpMABHu6MJERkF3N9GMmwPXfEBxABjChVkK1W9ji4,So11111111111111111111111111111111111111112,NKEda5nHhNGgjrE9nDdMvaEmkmJ96qqxzBVZEcKmjSg,wSOL,NKE,sell,5000000,15780,5000000,15859,fulfilled,Executed,Grr6…x1jS,8,WJsiK4uLVGbUkcLtdpaUa7VHBLjVzNZG48WpoTYdMWVza3ACWa3Djd3GjMQkrGexQj7srMmB35JFyhtEbgULPXZ,345,main
2026-10-09T11:41:13.084572Z,0x4a5b31365c46b73b19f824404774953763c36822ecf21d5671574015d9f8e629,HTsxGEXBSe8rdUJjtW7e4v4YChNXTVmLQXuqBvvQtJuF,So11111111111111111111111111111111111111112,rndrizKT3MK1iimdxRdWabcF7Zg7AR5T4nud4EkHBof,wSOL,RENDER,sell,5000000,28955032,5000000,29100534,fulfilled,Executed,Grr6…x1jS,1,2azeSPkiSodL7u4uiRuvrJdDnMx2mw9qj8ggAupePSpNVHVnrh1YkTuwpsCq2scnyD8jDCyxuxcgaiS1pFrRzbYs,377,main
2026-10-09T11:41:13.576922Z,0x958d5c70962dce7449808220aef217c36897ae888725bb23c2fe1f08a84a8485,HoWtt82mr4wqKqMDy4jFDRs1C9kt3kY6KtXH3i83fyn5,NFLX7qV57zuVxCoHy3s1jiGZyALraLNwttbxdvmYJLJ,11111111111111111111111111111111,NFLX,SOL (native),sell,6900,4437597,6900,4459382,fulfilled,Executed,Grr6…x1jS,5,2DnH8Sqg3NJ1u4wvU1KRhfGzbE5Whk9MjXb9pmJEN9AkWpknbnKmuS9L5mQyHxbpwwKgt446SQq66Pu43b748YEv,342,main
2026-10-09T11:41:13.830361Z,0xa798ba7f2de7200f25ce2e6d596475fd0b2560f055b61354c3abab6816dab678,GcY8jk3HeHLDmdPa8wRVnHkn8f77frWdZxRWr6rrdyus,So11111111111111111111111111111111111111112,H74CYmXgMkYHYuSRsZt6RJb4NYp2u72Vw8BS5huApump,wSOL,LMAO!,sell,5000000,242435898,5000000,243654168,fulfilled,Executed,Grr6…x1jS,5,6232xBvDTvZQa7NTXVQ3s9WM23o79N7Q6QqNoi1nEzv8YZ2UAzLP1e19NP6aQHThDWWXw5fsXk3pBy6mWKgvpxUi,319,main
2026-10-09T11:41:14.063814Z,0x0187efda8d9659591e5a1d7cb13054dca9fe112fcb0803971ed64a52bfe075b4,BQAD73uj3XftKnCB5ZB7P67b7AvEdfLefYbLiipch5oC,So11111111111111111111111111111111111111112,PerPsCe2SJ7Q25CN4R5TTX4fmBdmknE2hQmqCt96fHL,wSOL,PERPSPAD,buy,4604907,298000000,4581998,298000000,fulfilled,Executed,Grr6…x1jS,5,3pW1soVtWpyLrpPhu69AJkBx8RCCk2VLVdRARz4BF26Ujt3phobvhfdYgoBpeygfTFzmEF84Ss82gYMUq68zvdRA,124,acquire
2026-10-09T11:41:14.251042Z,0x5ac3a10c576af5bc2364e6b13356be00330158c21c48f18fb3d6203f7c7abb52,91V7pVaQyARieyPXcNpxQZdqk5KoH7P1vgg2YHNBfSti,C1MHyoTJpRTeS9AQCyspNVu2EWAYCZwmJ1jNkEArFP1f,11111111111111111111111111111111,APE,SOL (native),sell,3510000000,4466046,3510000000,4488488,fulfilled,Executed,Grr6…x1jS,5,65ZrYwiipSSshXsktuxzdFbSSbhruMFwMnidteE65PQchRdDAMDG1TN9iHnRBhCFh4qSVmDwcQFHrY8szNrwYb8C,268,main
2026-10-09T11:41:16.887158Z,0xb89bb006d4488a59a1be75ebcbdb07031a7e700d5a14b453fd173781d936f149,7wPqkLkFafKQZEkqFhbCP2c9vapCvxmbM7AcKRgMT8u6,So11111111111111111111111111111111111111112,GtDZKAqvMZMnti46ZewMiXCa4oXF4bZxwQPoKzXPFxZn,wSOL,nub,sell,5000000,3158072076897,5000000,3173941785826,fulfilled,Executed,Grr6…x1jS,2,5wiuuCnUHkdKLzfFomk8HQMg6hnZkQGB8zpggyZDqigGzk71d45vVuYbNf7ZafTHGJQSpFCfTcGynYzwTnykGp1b,357,main
2026-10-09T11:41:17.127624Z,0x826005170833a657d4b1f1a4298b3688a09985a8762528ad04157c7a1b834523,3FHY6qZALHavE387YcUMyqFYdYCiR5PbLSxdQBpwR6JK,So11111111111111111111111111111111111111112,EpXtn6xGoZ4Y45vRjiDUHSCGbBoJD5FaEqZbF98YswH1,wSOL,MADE,sell,5000000,576196955,5000000,579092417,fulfilled,Executed,Grr6…x1jS,2,25SvTfn5UBWzk9urJqanMJwzrB1we7iAn2tokw4zaUn2QF4iRcWhxbzvqUUtmr4pw88fiQA372rxtK2fi3P3aNY6,367,main
2026-10-09T11:41:17.323122Z,0x1260654ce6ec407f82b1a9cd1ea5c4a395c68d22e0d521ae657dd5f629e2f188,7RqUGHCV2tngEBctNc8o58nPDy6AsYzsUHAW2JgA2XX9,F4K2SbLNgyz9gzNqT8bPeLpRkxy4oMA9twaffUDdZtB6,11111111111111111111111111111111,POD,SOL (native),sell,1000000000,4460677,1000000000,4483092,fulfilled,Executed,Grr6…x1jS,2,fQNGLasSJNnNjtr4jxgMFgDvJXS1ZyLz9RSrQvVF9zSZE4zhgvcEM1vxC3UYVX8aDPiiAGEd9MKbhNRoMHjqUvR,372,main
2026-10-09T11:41:20.087341Z,0x4267ab55f70977cff3accffbc220cc7b75e8d91475099965cea49bc365d1f870,HTsxGEXBSe8rdUJjtW7e4v4YChNXTVmLQXuqBvvQtJuF,rndrizKT3MK1iimdxRdWabcF7Zg7AR5T4nud4EkHBof,11111111111111111111111111111111,RENDER,SOL (native),sell,26300000,4485706,26300000,4509137,fulfilled,Executed,Grr6…x1jS,5,9SC3uQ8vERVVFo3GUq71V32UxDaqXiy2R6rvm8MDBaEjLB9yUhqQpxajspfUf1hvSngJwyjmzy2dbcAHkzTax1e,378,main
2026-10-09T11:41:20.705373Z,0x548dd0e7e31748775246d7faf2e03a7726be0c60a290d960f48e2ab54cde75ad,AQHstwk1uwAEnz8JE41HEbbD1EaPBjBwtid2qbo1Q3KD,7KEPApdbBMByrmqihz3bht2uMhFQcatjfSFQCKq66kH3,11111111111111111111111111111111,DARK,SOL (native),sell,102000000,4593903,102000000,4736739,fulfilled,Executed,Grr6…x1jS,4,42Lr5oCTfyKKm1g3cbjSzU3WFrkbTgofVantmCAK3AZ4ehNeBXydbZpBeBuTftLuuizZmNBtXDfL8UyVFnJKfUFa,264,main
2026-10-09T11:41:20.849135Z,0x5e6e214f4f86c22a15b7d576bf5a3efa655b24853b6abfd0f1bc8f76ac1efa41,9XSrZ8RkSZ3WDoGkrgWHrmMhixsoWZTLnPxBtQNWNK9c,So11111111111111111111111111111111111111112,Xs78JED6PFZxWc2wCEPspZW9kL3Se5J7L5TChKgsidH,wSOL,STRCx,sell,5000000,506759,5000000,509345,fulfilled,Executed,Grr6…x1jS,87,2EJcJcFbJksjJ1rtXdsgKnYbVtT5L2KUcBGQ8Sh64A9J12otp8PqGVKzhVQ5m9zRL386E7rLSHHUQAu7Ke57xdnD,339,main
2026-10-09T11:41:21.054319Z,0x3abd8793d0241a238de4cd8a09615fa0c1e8b02bb9c6ed405c8d2191065ebbbd,AEZeUZRrPrAJ94wX66QCy4hwNYQyM4SR9tzQzUjg7UPX,bSo13r4TkiE4KumL71LsHTPpL2euBYLFx6h9HP3piy1,11111111111111111111111111111111,bSOL,SOL (native),sell,3410000,4469851,3410000,4492437,fulfilled,Executed,Grr6…x1jS,4,TkUuLjD45Te7UTWcddXHiTmbeDEc6Kjtvo4G3CJ4Ft4sEvCSxkVujLGdJdQmG48syCCiTEd6U3ggv2xPQouUasL,360,main
2026-10-09T11:41:23.469601Z,0xdf87245f1a874329bb459317f3228b6dec60a70f3832c31093a34a566202ddbb,EGXsUdM4HLc983jD276LHz87k5zBZSJrJc137qcokK8D,So11111111111111111111111111111111111111112,55Vr2VpSwxsDkB6uGGHAvRv86K6zax2Zb4TT8ivwDEzW,wSOL,slopcannon,sell,5000000,3006268643,5000000,3021375520,fulfilled,Executed,Grr6…x1jS,7,3FyPRV5EFahXziQUkqpn9Cun9Q3UJFDoouMDrs7Nm8BTNTWaHR8ZtVLEny1kUXUcrVzapNAUvzUEyFof577QHDU6,391,main
2026-10-09T11:41:23.487965Z,0xe67ed371dc8b5cfc60a541094f2e89217d37319ae0a1d48979487142d51a12ca,BPmy52DKPodqoSUirZUBedULujAZr6s778i4hc153r1X,So11111111111111111111111111111111111111112,AMC1qwR9KhiyrQBRPrxnfo4JfMeMZqEBvt5tgTytNNoc,wSOL,AMC,sell,5000000,188988,5000000,189847,fulfilled,Executed,Grr6…x1jS,80,4nY1hceMJymAAJYcQPBVEPsfFFdo2ef18KA3WFLeEcj2ZwSS7vDjDPW3Z5HMRDKuNAEG8aiqpVc9d1PgEWpdAeYB,375,main
2026-10-09T11:41:23.747604Z,0x20b31d92604f4e680ea65947ff64f3c7bc3e19c313687d9b6096feb946beb969,BQAD73uj3XftKnCB5ZB7P67b7AvEdfLefYbLiipch5oC,PerPsCe2SJ7Q25CN4R5TTX4fmBdmknE2hQmqCt96fHL,11111111111111111111111111111111,PERPSPAD,SOL (native),sell,298000000,4374765,298000000,4396748,fulfilled,Executed,Grr6…x1jS,5,DjpPCDksWBuXWjqPyiZzKuBnB9WU6ihcvUBmYM7wr4KddgD7o1mjQ1HnLFsm6FAUgFdM13TTN35GzAeSafJrJGE,124,main
2026-10-09T11:41:26.725883Z,0xdc4f8d1f711380b9886ba9367efe78cd57b4ab05ab8ddd11933916f4dc378b97,GcY8jk3HeHLDmdPa8wRVnHkn8f77frWdZxRWr6rrdyus,H74CYmXgMkYHYuSRsZt6RJb4NYp2u72Vw8BS5huApump,11111111111111111111111111111111,LMAO!,SOL (native),sell,219000000,4422759,219000000,4444983,fulfilled,Executed,Grr6…x1jS,2,D6mSqwJCpHVGnpgVuKLeYwMHmPL78NN58moGW1PNtKwprr6vrDLmr849SjqDqMsv3zhrPXTtNnNEtcwW6y272U7,320,main
2026-10-09T11:41:26.814527Z,0x240c8aae4708170ec8f265a7d4d79e702348fa2467e150094bf52669385a1d26,5akdWDVyHEWgFASL9q18W1wvJcy546hL4EGfPF6Hiwrd,So11111111111111111111111111111111111111112,BeGY8KqKxboEwRbJd1q9H2K829jS4Rc5dEyNMYXCbV5p,wSOL,NPC,sell,5000000,2546824131,5000000,2558709162,fulfilled,Executed,Grr6…x1jS,76,3zGru7yGK99ECqjUx1rnW8iVQwrd4Xz56hFEM7yx1S86rBJJ3dmEpCQzsZcdw9Lh6kZFHWRkjMXX8rNNqo7GD8EC,415,main
2026-10-09T11:41:27.243638Z,0xab3e9e773bd10dee128c2e1689a9a05358ed0f4f2d492835e3ae450d96c6886d,EDimKwHuMtcwxxbAfQPT3EaH9CPpyTLARxLRRwiZV26v,So11111111111111111111111111111111111111112,9Pfync3ejPC9eHqVzq3nYQJAhyhjqpnB9UsaSfLxpump,wSOL,KET,sell,5000000,210403954,5000000,211461260,fulfilled,Executed,Grr6…x1jS,3,2Lz1JBGGjBRMaYXX21nLCTDz14dxf8UxHqJjwx9HZ9crQSmXFm5ykLY7afApDWedm3usWXZTDKoCnoz8LmX5EQKo,347,main
2026-10-09T11:41:30.565940Z,0x1626d72ca8cb4e354685210c3ce679e8693a48c79ca549bf10c6b872b714f604,FjcXArDzUrBTJ1Lv6Yc8n9atjkNYaxKosVjn6VSxZTrK,So11111111111111111111111111111111111111112,G5W6LwkLeoj6rZqBP1y3KT8k6Cz6rXGJmMNU3TArXtXw,wSOL,STEALF,sell,5000000,1372249682,0,0,expired,Winner too late: creation blockhash expired,,,,433,main
2026-10-09T11:41:33.466432Z,0x469a25591b5bee54cab062b1907e6b9df960dc03cd4606b35f35ed562adc48d1,3FHY6qZALHavE387YcUMyqFYdYCiR5PbLSxdQBpwR6JK,EpXtn6xGoZ4Y45vRjiDUHSCGbBoJD5FaEqZbF98YswH1,11111111111111111111111111111111,MADE,SOL (native),sell,516000000,4379555,516000000,4401562,fulfilled,Executed,Grr6…x1jS,10,2nuo2efftYPC1skrf35T5gZBa1YVXyPpyCuv3AiHr7c5fcpHug4gC13t6d5A8K3qEndAi5RyjMpMevbfMEzjCBLM,368,main
2026-10-09T11:41:36.450485Z,0xe03dd6b82305393e1062cb5d1da2bff7c83830e86a85310a079f3f7951a14a8f,AQHstwk1uwAEnz8JE41HEbbD1EaPBjBwtid2qbo1Q3KD,So11111111111111111111111111111111111111112,6NwarBvDkXhByqVp2Qkq5i9XbtA2B3Bwe8SWGu9vpump,wSOL,Cupsey,sell,5000000,88346932,5000000,88790886,fulfilled,Executed,Grr6…x1jS,7,6WhzMkUAA8Wv5M9Hw8LCMZ57yZAT6Wp6XSiPxYwYUmJWioG8Hi6b1BWJub22Av7jFf5YM4uUjxKvFX4twUJySNS,323,main
2026-10-09T11:41:36.624013Z,0xe46f629c88e558b7615f4eb8a038759fa9ce94911d8ae4490738574ac6426359,AEZeUZRrPrAJ94wX66QCy4hwNYQyM4SR9tzQzUjg7UPX,So11111111111111111111111111111111111111112,6ZnCkq5t8XG4q42b5JiVvU6hV5cZFaNdSBoFq5E7Vf9q,wSOL,BLUAI,sell,5000000,66720443863,5000000,67055722475,fulfilled,Executed,Grr6…x1jS,4,49J1twtbXcUU2Ns9DAEcNVwDA4CqE5K8dTZeNdSxAq1MyTonDE9uEjypbMFr27pr5Q2W552BvTi1h9VZ3wpMgvQm,419,main
2026-10-09T11:41:40.083292Z,0xfe45169a5296444762cfd64a1d8cd8ac1824010c155718e716d1f99068f23a16,HTsxGEXBSe8rdUJjtW7e4v4YChNXTVmLQXuqBvvQtJuF,So11111111111111111111111111111111111111112,CrAr4RRJMBVwRsZtT62pEhfA9H5utymC2mVx8e7FreP2,wSOL,MON,sell,5000000,2212812268,5000000,2223110591,fulfilled,Executed,Grr6…x1jS,11,5xiQjx35Zc315Bs78DSLnHfky285bsbBgAc6P56kKiVKM7w7oKvtTDfjoegkG6AyqHZDLcLs54ysW2KuLkyXcnN,437,main
2026-10-09T11:41:41.689428Z,0x827c8e58eeb5c5a9614f4bc68b6ed0754748fd2379e38f6347d13340813c6454,EDimKwHuMtcwxxbAfQPT3EaH9CPpyTLARxLRRwiZV26v,9Pfync3ejPC9eHqVzq3nYQJAhyhjqpnB9UsaSfLxpump,11111111111111111111111111111111,KET,SOL (native),sell,187000000,4373834,187000000,4395813,fulfilled,Executed,Grr6…x1jS,2,4rDCFaL6hafCAhfeRHbCJ81iszUrzq2q3cFugyqWhEBZFjsLC8G1uoP1rJPo3VgCk18ZiuP2su89DkK5vxBvdeV5,348,main
2026-10-09T11:41:41.983616Z,0x5fd2cc4695d2e70d89e12b9f2fa0cb122ebc254bb939f60fae2b027c880a9885,7RqUGHCV2tngEBctNc8o58nPDy6AsYzsUHAW2JgA2XX9,So11111111111111111111111111111111111111112,A1KLoBrKBde8Ty9qtNQUtq3C2ortoC3u7twggz7sEto6,wSOL,USDY,sell,5000000,477469,5000000,479878,fulfilled,Executed,Grr6…x1jS,61,8yMadJTisN3Z8XvrR9pjsy1nFnQkBT44JVJUPFUxHFak3Aj9HCZyM9KXARTBMhman4uykUMjoWX6VPU3ZJD3HvG,431,main
2026-10-09T11:41:42.075791Z,0x6c1c8f9a02154ffc61c208f2fd54cd197bd6a8bca8f1a8d2ea3e27ab925a1fb1,DoD7Kb5bE6Jr7Eq2JTdYwfLn7718RzpYxKyQen2rxiBQ,So11111111111111111111111111111111111111112,MSTRdWXMeZxdE8osAQy3fA4rvTY5rgummDSMEx6U7Nz,wSOL,MSTR,sell,5000000,3534,5000000,3549,fulfilled,Executed,Grr6…x1jS,10,5gEzmnZbsoJFAwgLZvUMCpTkMVDnPby5BcNmwTNrJwHvQ7ETKYceFzNUzAB3rins4yppKc6hVHwBA5EnrXSGgZJC,245,main
2026-10-09T11:41:42.209380Z,0x56e8fc0d391fbb7e5f9d77f6a3686659f57fdb5f4998a035d6c58351362ccf13,EGXsUdM4HLc983jD276LHz87k5zBZSJrJc137qcokK8D,55Vr2VpSwxsDkB6uGGHAvRv86K6zax2Zb4TT8ivwDEzW,11111111111111111111111111111111,slopcannon,SOL (native),sell,2730000000,4458112,2730000000,4480514,fulfilled,Executed,Grr6…x1jS,2,1GPJibMLCffxF4iY9jHDVDP57n7kZQ9d4ChCAVZGgcNgNrWfVDWX6w1LbcjtxotSCd4fgiddxYMYzYJ2Ra9epY2,392,main
2026-10-09T11:41:42.739636Z,0xdf6a651be1c9db113454f76c8c67fcbb741bd1eae1c9c19295335f08554e4170,GcY8jk3HeHLDmdPa8wRVnHkn8f77frWdZxRWr6rrdyus,So11111111111111111111111111111111111111112,BcHEaaTCvycPwwsJ9yQTXdHP9X2gCLkznDbZ8VySpump,wSOL,Jotchua,sell,5000000,394442024,5000000,396424144,fulfilled,Executed,Grr6…x1jS,1,34ZbMymdGSiNsvt3asDPaBsqkt2mCQuPDV3TzpbdTeV6H7y9j8XznpNtzEnkSyWsud6v1uqAZFAXzYqS2t8Skeua,379,main
2026-10-09T11:41:44.558812Z,0x251936be37a7507f9a34a379ebd29bf51c18c560116bc5ae6ab7f3e92c1d77a4,7wPqkLkFafKQZEkqFhbCP2c9vapCvxmbM7AcKRgMT8u6,GtDZKAqvMZMnti46ZewMiXCa4oXF4bZxwQPoKzXPFxZn,11111111111111111111111111111111,nub,SOL (native),sell,2860000000000,4451611,2860000000000,4473980,fulfilled,Executed,Grr6…x1jS,6,5G5XbMe5eX4Ji87oGPihMUHpSkGGSeVsQky7TscsTbz9JMvdirAVHTMPQowggqSm4GKMzRQHg4SroARrrtLiNQNC,358,main
2026-10-09T11:41:44.932693Z,0xa6a51315f335ecb6e1bae9c808e2d53f61c29737dcd924b565bd54824a8de68a,BQAD73uj3XftKnCB5ZB7P67b7AvEdfLefYbLiipch5oC,So11111111111111111111111111111111111111112,Xsf9mBktVB9BSU5kf4nHxPq5hCBJ2j2ui3ecFGxPRGc,wSOL,GMEx,sell,5000000,2160718,5000000,2169954,fulfilled,Executed,Grr6…x1jS,7,23pVsx1XBiV7h9ovp9RcncQ6mL5m1YGdyUcxiREao8BftZV4H2CmJ4XPHVPVyxAmnfBvMwaLTGDrDhAGdotsiRyM,183,main
2026-10-09T11:41:44.946081Z,0xf4c384f55d1fa0bc03a59bdc44dfd269351b5d62643dc26002e0ee699800fa36,91V7pVaQyARieyPXcNpxQZdqk5KoH7P1vgg2YHNBfSti,So11111111111111111111111111111111111111112,CscZaq5twomhUkvCY8Jdd1tge32L4Yj9FbkFFEZQpump,wSOL,PLAGUE,sell,5000000,2291963508,5000000,2303480912,fulfilled,Executed,Grr6…x1jS,6,3eg42bsMDnGb5jehN1nhke2bBusPEGMdWfXxZGGbMiuTakCK76SJQZL3dTXJxKhLMcazPoginML8FYSQQATB9wjF,327,main
2026-10-09T11:41:45.066229Z,0x6f50f80fbd43e4dee3e5f80a4dbd9dcc951ef49e35121041f61f0c2dcc77460c,HoWtt82mr4wqKqMDy4jFDRs1C9kt3kY6KtXH3i83fyn5,So11111111111111111111111111111111111111112,HgBRWfYxEfvPhtqkaeymCQtHCrKE46qQ43pKe8HCpump,wSOL,Bert,sell,5000000,36293661,5000000,36476834,fulfilled,Executed,Grr6…x1jS,58,cMCsxPH4UkyKwxhmqLs2r1fxzA6wTtX6MTCuaAt6LvYq33WCgeQAmDkywAvJ64hhNJ8bAujP3j2o7aNbCkRtwUt,401,main
2026-10-09T11:41:45.170827Z,0x6003fbcca884165f6b0cb597719fc20ab7f9d1c1fe8e9417b77a8d5386824bc5,AEZeUZRrPrAJ94wX66QCy4hwNYQyM4SR9tzQzUjg7UPX,6ZnCkq5t8XG4q42b5JiVvU6hV5cZFaNdSBoFq5E7Vf9q,11111111111111111111111111111111,BLUAI,SOL (native),sell,60200000000,4456541,60200000000,4478935,fulfilled,Executed,Grr6…x1jS,6,2qE87oLEJZBs4GxWYjJjPJrw8g8YMVJJbXWbgVyGyqyH2EocEvqUfK2xhUvMP5xnkxEEj3E8rbSrtipjsf6WHsAC,420,main
2026-10-09T11:41:46.502107Z,0x0e71e0067af69d9674ad0b641011d3b8f831c968661d74ca1e470248570d5236,EGXsUdM4HLc983jD276LHz87k5zBZSJrJc137qcokK8D,So11111111111111111111111111111111111111112,6AJcP7wuLwmRYLBNbi825wgguaPsWzPBEHcHndpRpump,wSOL,VINE,sell,5000000,72389541,5000000,72753307,fulfilled,Executed,Grr6…x1jS,4,GTxKYsAcVDbeSNRkMq6nMRW2wEKd8qqME7rzp7LvXdwzrcgHAN8sDDgLsTX6T6F5RywLxRM77aNkQfGbCa8iQxX,451,main
2026-10-09T11:41:46.618964Z,0x76e72b93144e50475cd8a0ad897bfc939a4c9a4462e3b2c8ffd52462db78a087,GikSpMABHu6MJERkF3N9GMmwPXfEBxABjChVkK1W9ji4,NKEda5nHhNGgjrE9nDdMvaEmkmJ96qqxzBVZEcKmjSg,11111111111111111111111111111111,NKE,SOL (native),sell,14200,4444914,0,0,expired,Winner too late: creation blockhash expired,,,,346,main
2026-10-09T11:41:46.813674Z,0x48e6dfbbe9bd70f22bcd5e543ee0792c41434cc09f92df091d5766197aabcb51,GcY8jk3HeHLDmdPa8wRVnHkn8f77frWdZxRWr6rrdyus,BcHEaaTCvycPwwsJ9yQTXdHP9X2gCLkznDbZ8VySpump,11111111111111111111111111111111,Jotchua,SOL (native),sell,353000000,4377074,353000000,4399069,fulfilled,Executed,Grr6…x1jS,4,3cQd9FZQbm1fm4qEA4aoPKrxPbCb6dpBmEPKLB6RSeeShhvaaJxuLp5EK9eVjjzNmySWcCm2DXes8NsPWfRFhoZi,380,main
2026-10-09T11:41:46.876341Z,0xaf40e2c8c35d8d88dd2f09f3625775b6e6b23ff57b438b10ac72986e6ee36ead,AQHstwk1uwAEnz8JE41HEbbD1EaPBjBwtid2qbo1Q3KD,6NwarBvDkXhByqVp2Qkq5i9XbtA2B3Bwe8SWGu9vpump,11111111111111111111111111111111,Cupsey,SOL (native),sell,80400000,4448441,80400000,4470794,fulfilled,Executed,Grr6…x1jS,4,2p46oNt6QuF1ZfTMFzXuqHp19u7eGZhQw4JqCGyYPG1qfU9WrXKfNVFeM49bUcuJamLn7vJJDxceLZze3ZiaAbPq,324,main
2026-10-09T11:41:47.938588Z,0x43299a5e9321f4fc2fefa60ca0863cb99d25cc576046ce5993cfdbf9eb712b03,3FHY6qZALHavE387YcUMyqFYdYCiR5PbLSxdQBpwR6JK,So11111111111111111111111111111111111111112,6SjVTj1VGwFSXn7wEjwFm77LvACeTqB7sQUebYKX8Ds5,wSOL,ROUTER,sell,5000000,236037886278,5000000,237251451288,fulfilled,Executed,Grr6…x1jS,3,gHf9W5tuXxV1RhAK8BMmm2M7vePuU76onNHMmH1afSTBWGLE3BevGgx2ngsFa5ySGh8BVmuDVzHtoQvbQKxTfF7,427,main
2026-10-09T11:41:48.813288Z,0x1c2d08e83a73dd30658c854ea4cd049fa3031ca2c4d2eb533bcf446cbb8ab624,EDimKwHuMtcwxxbAfQPT3EaH9CPpyTLARxLRRwiZV26v,So11111111111111111111111111111111111111112,qntUzPUsJ51abNP7VYNxkmsQ4RnvEZAhavUxsCxpxH4,wSOL,QNT,sell,5000000,221725,5000000,222853,fulfilled,Executed,Grr6…x1jS,5,rNLhzBG24G3P9K8UKdZQv8VdBSfia2PKhG2AF1VzFtnQLkahDN1UKbxxsm8vueyfgVtEvudYSv6fMxfrHMCiY3f,407,main
2026-10-09T11:41:52.827394Z,0x947442662a880e07e66ff4f51e0fca18dd3cbfe528675be8f9ab361d08ca9fa2,CDY1rvEes25vx7DZwxp5BRSgAewDQMgwBExfAMEymdMC,So11111111111111111111111111111111111111112,XkeTXo1125vz5H9svJpGiw4JvLbN8VmMu9cmMvspump,wSOL,DREGG,sell,5000000,368458794,5000000,370310345,fulfilled,Executed,Grr6…x1jS,1,3BA5Tdh3SWQM9a1mwwuMkBFo1aSqtRyEnn5WLGgFTtvk3KdBytzk5v4yk5HSZLDJnJpXcnjYNQeCxGKSoyK6Pgeg,385,main
2026-10-09T11:41:53.450359Z,0x88a9227817a56c6e8e7bb0cbc1cf4dea39a15c456c502b791262c8a8118d942e,EGXsUdM4HLc983jD276LHz87k5zBZSJrJc137qcokK8D,6AJcP7wuLwmRYLBNbi825wgguaPsWzPBEHcHndpRpump,11111111111111111111111111111111,VINE,SOL (native),sell,65500000,4447730,65500000,4470080,fulfilled,Executed,Grr6…x1jS,8,5sDUnhYugHw6516HvKPrSAtHfrSNGNdGnW9wgR12JmYy31dcDfBmzQvb4K5RHFfwgSQx7mXkQ7SGof5QntSHtPqv,452,main
2026-10-09T11:41:53.904472Z,0xac98733bcae201fd3c31842b29cd13e5a19e997434bfb615b7638ae8559bd080,HTsxGEXBSe8rdUJjtW7e4v4YChNXTVmLQXuqBvvQtJuF,CrAr4RRJMBVwRsZtT62pEhfA9H5utymC2mVx8e7FreP2,11111111111111111111111111111111,MON,SOL (native),sell,2000000000,4457866,2000000000,4480267,fulfilled,Executed,Grr6…x1jS,7,5DJpTYYx8PgU4dc8AeSGJya6UrRPJDAP6wm5nXu2JHRr1iryKDFZ97wiBgvPkgu1fQcDqRBvH3PqgdSGhedhtRe8,438,main
2026-10-09T11:41:55.086193Z,0xa9d10f2d453c990f22db86066c3291087fa4da410580916c75cf35251257d028,GcY8jk3HeHLDmdPa8wRVnHkn8f77frWdZxRWr6rrdyus,So11111111111111111111111111111111111111112,zj1jpp7QMveWHLs61vL9KMZf254KvW7j4AAmBF8ry2k,wSOL,BULLSHIT,sell,5000000,654672429,5000000,657962240,fulfilled,Executed,Grr6…x1jS,6,422HU2uxKZ2Z4Har4KktK8dnYffJQWAZGijHx3U6npTbXkpXTQy7zjWo9idbAXq2RcST69fYy9b2UWd6bfozNXpL,439,main
2026-10-09T11:41:55.614509Z,0x88c20278d041860c7d7596a140cf3c6c44a513c45ab22e32d6c1aab161342d70,3FHY6qZALHavE387YcUMyqFYdYCiR5PbLSxdQBpwR6JK,6SjVTj1VGwFSXn7wEjwFm77LvACeTqB7sQUebYKX8Ds5,11111111111111111111111111111111,ROUTER,SOL (native),sell,214000000000,4443355,214000000000,4465683,fulfilled,Executed,Grr6…x1jS,5,5FWqFH83oNbgeX3cb11xJpNfVfJRJNf3b6y42hi7WEmw5Kb8DJYxDDnh2xfdCzhGuGaERgRukbvJVq1zJpMPjJE7,428,main
2026-10-09T11:41:55.671262Z,0x0bb983ae88a31e77f6cb37c3a568a00f09c46f5e86ae640b0a2d03d038b8fcb6,7wPqkLkFafKQZEkqFhbCP2c9vapCvxmbM7AcKRgMT8u6,So11111111111111111111111111111111111111112,5g6wVay8NYQ5Tspo4irj9YqSFfQoPDW7apkX352N29PP,wSOL,EDEL,sell,5000000,15024097826,5000000,15099595805,fulfilled,Executed,Grr6…x1jS,5,2up9AX4HGDe8S6EsY4NW5faF8LZ3uknYWi57Rn2axy898Ri8N1TXabj28qMrgj31Z3qKCEYhPX2o2XzdwiXGNvwf,417,main
2026-10-09T11:41:55.843713Z,0x6cb812a90a7dc6422aca489e8df050d5819e44cfa2ea8b20a9cba24e18a762e6,BQAD73uj3XftKnCB5ZB7P67b7AvEdfLefYbLiipch5oC,Xsf9mBktVB9BSU5kf4nHxPq5hCBJ2j2ui3ecFGxPRGc,11111111111111111111111111111111,GMEx,SOL (native),sell,1940000,4431072,1940000,4452340,fulfilled,Executed,Grr6…x1jS,9,2Ut7r3etSLMzmKNprPWVxVNpXsAQhffpFsxf57bPiakmf4YVy4phwF7zfcGj1sgGy5xThzeBP5VnzMBQiSz7SSDj,184,main
2026-10-09T11:41:56.439873Z,0x234b08636cba6ae0eebdcdf0b33c86af892fa276d9647cbc071344eab45d5562,91V7pVaQyARieyPXcNpxQZdqk5KoH7P1vgg2YHNBfSti,CscZaq5twomhUkvCY8Jdd1tge32L4Yj9FbkFFEZQpump,11111111111111111111111111111111,PLAGUE,SOL (native),sell,2070000000,4409962,2070000000,4432122,fulfilled,Executed,Grr6…x1jS,5,4PdyYfFZVwjjHXu45vLcWBBAxgbpFjTiJ96cGSnZLcjvk4rBP2sFf8Sver1cupZoTvWLcdQBbAAEATyPfQBs7vec,328,main
2026-10-09T11:41:57.523284Z,0x8231dd1393c8793263683cb1624d444f9bea8482d6dea63398c471c6138688c5,DoD7Kb5bE6Jr7Eq2JTdYwfLn7718RzpYxKyQen2rxiBQ,MSTRdWXMeZxdE8osAQy3fA4rvTY5rgummDSMEx6U7Nz,11111111111111111111111111111111,MSTR,SOL (native),sell,3200,4468245,3200,4490665,fulfilled,Executed,Grr6…x1jS,3,5N4UkADHknWMirZ5UXhSqBXrtyuLMu3EY23VaRETHGhcGEyL19H4QiyjK2v28Kk2FzYQrAUvMCnj6NT3APs4b312,246,main
2026-10-09T11:41:57.869906Z,0x4a709e156de26bf2238c788f3ddbbc8b4754093255346f38a643d28c405daa82,EDimKwHuMtcwxxbAfQPT3EaH9CPpyTLARxLRRwiZV26v,qntUzPUsJ51abNP7VYNxkmsQ4RnvEZAhavUxsCxpxH4,11111111111111111111111111111111,QNT,SOL (native),sell,201000,4469765,201000,4507571,fulfilled,Executed,Grr6…x1jS,16,396VFaBbs4u2tLDZXfq9BEjSNjXsnMDAHf6Pf2t4NyoyPEsxikGWtuw7rjXowycR4S4bRxxu2exhiAffB2P6VDfD,408,main
2026-10-09T11:41:58.178866Z,0xc3cc27d0f70561733c0064e9e4adb01c648fba21593427024e994039d914413c,AQHstwk1uwAEnz8JE41HEbbD1EaPBjBwtid2qbo1Q3KD,So11111111111111111111111111111111111111112,BLKKYfF41c6xRPrtX1rdYbxLE1xxEdZUnxQsB5hcZ8Nf,wSOL,BLK,sell,5000000,515,5000000,517,fulfilled,Executed,Grr6…x1jS,4,3h3MxG2iVrQ7tGAuCaWFQnkPrV9MLyco8NHNza83wpw8f2bST3jjBp9GNFKJaCweS7vC81wcnKkajdmYZj4N2bQr,443,main
2026-10-09T11:41:58.546036Z,0x41d8575f6d42b55770cf36230b4200fd02f18447b53a01dc2708179395d756a3,CDY1rvEes25vx7DZwxp5BRSgAewDQMgwBExfAMEymdMC,XkeTXo1125vz5H9svJpGiw4JvLbN8VmMu9cmMvspump,11111111111111111111111111111111,DREGG,SOL (native),sell,334000000,4393926,334000000,4416006,fulfilled,Executed,Grr6…x1jS,6,3hNh2RFd3jdfRFG6eZnYBqMqh3QykwdTfvzSEZb4LFZFXHLHSAugg45ijmnLipRVJY1X8pp7K3dn7sdpEKNNM4Jx,386,main
2026-10-09T11:42:03.782283Z,0x3f5823589bdb09a491b9c0b67d20ff38003a6e609ddfe0cccb0766ce8db98f1f,7wPqkLkFafKQZEkqFhbCP2c9vapCvxmbM7AcKRgMT8u6,5g6wVay8NYQ5Tspo4irj9YqSFfQoPDW7apkX352N29PP,11111111111111111111111111111111,EDEL,SOL (native),sell,13600000000,4294807,13600000000,4316388,fulfilled,Executed,Grr6…x1jS,6,hAqTMNC6z7n7PMJMH4bzVBgfBkhZVFgdbB2r2v7YVWkQ3eB99K8S2km3JNkGM3AbbKAiKgkhjh97LGVTVcUxM5c,418,main
2026-10-09T11:42:04.932840Z,0x8c88f03a515770acef658d70f1df6add45afc175db8d677b7a77933aae6275d3,91V7pVaQyARieyPXcNpxQZdqk5KoH7P1vgg2YHNBfSti,So11111111111111111111111111111111111111112,BABANGA4JE7Kkam4nTrALAwAVgsNJUuFJnnkF7S16BZp,wSOL,BABA,sell,5000000,5047,5000000,5073,fulfilled,Executed,Grr6…x1jS,4,5Nk6Syp3B9EV7ghtBjDAqoGPDEzREZQXsHzsCwKd5Px3y4zciXsV4pJjntJnJAGMfRxof4B4LsjQxCzyNMqFy5ZM,387,main
2026-10-09T11:42:07.079122Z,0xa943de01b77b1fe2dc9cfdaf63cba465667638be071e4527be2f3e90dfcf53ba,DoD7Kb5bE6Jr7Eq2JTdYwfLn7718RzpYxKyQen2rxiBQ,So11111111111111111111111111111111111111112,3ThdFZQKM6kRyVGLG48kaPg5TRMhYMKY1iCRa9xop1WC,wSOL,eUSX,sell,5000000,524692,5000000,527375,fulfilled,Executed,Grr6…x1jS,2,5xVC1ojFDSHbS6CFNzTfL822DcKjTRRtY9EAiivmG7rKPoZ1e3L8NrW6qf4XLjmbLoTasJSbauN3Asby8pBes6pH,305,main
2026-10-09T11:42:08.480461Z,0xeb3d426f2ce64a02c83d4ec40d507a5b1f85daf85ad831deefcf3d515a137c45,CDY1rvEes25vx7DZwxp5BRSgAewDQMgwBExfAMEymdMC,So11111111111111111111111111111111111111112,AMD8XwJXgQ9WV45Wyj9yFLejxzf2J6VM1PJY8bJEjeES,wSOL,AMD,sell,5000000,870,5000000,874,fulfilled,Executed,Grr6…x1jS,6,Cbj9ygNB1Nn7t1vg4AA2fRKuSiqGjrfAXd3yLDfiq1xP9pM9ocXfDgbskppcz5AUowqWJsLhVQNfgzh4x7ZRCN1,445,main
2026-10-09T11:42:08.482415Z,0x54178a988e18bb542510a0b2c0fb1104ee0f74db913cb3a9a46bd8a2c254f542,GcY8jk3HeHLDmdPa8wRVnHkn8f77frWdZxRWr6rrdyus,zj1jpp7QMveWHLs61vL9KMZf254KvW7j4AAmBF8ry2k,11111111111111111111111111111111,BULLSHIT,SOL (native),sell,592000000,4378834,592000000,4400838,fulfilled,Executed,Grr6…x1jS,7,LKeuf5TWasWvWfVELLg83WYsK8RK9a5wVoFP17QXNm8wc7ppzGUbcz94m6jWcdUiXMzhqQMazX7iy16QB6TeLHo,440,main
2026-10-09T11:42:08.559415Z,0x860a913e126d809e70a0e525a589b596493b74fb3bf3d5c9f67981cebbabdfcd,AQHstwk1uwAEnz8JE41HEbbD1EaPBjBwtid2qbo1Q3KD,BLKKYfF41c6xRPrtX1rdYbxLE1xxEdZUnxQsB5hcZ8Nf,11111111111111111111111111111111,BLK,SOL (native),sell,463,4423901,463,4442930,fulfilled,Executed,Grr6…x1jS,6,28qo7odxzgj1YuNqeuU7obP3EA9QujQmfcyqFRyMMMDMQhG4esb1rPFSwz4QG1vVrLHGcqYniLCPTpxvzZmf22V3,444,main
2026-10-09T11:42:08.928566Z,0x422c3efb35e7d15ff904afe3bf7f679c6bd837733e4931f9fd30826a6ee6b7f7,BQAD73uj3XftKnCB5ZB7P67b7AvEdfLefYbLiipch5oC,So11111111111111111111111111111111111111112,HzYCHqAN2uoHGRnL9v2ChCfFQX3bvJuJd5zu2Hd5MZQy,wSOL,TWEETCRAFT,sell,5000000,440688944,5000000,442903461,fulfilled,Executed,Grr6…x1jS,5,4qMehVHTXTfodXiDLNmbJu2dZehCsL6xeaHeZ77zfLUhf3DvWRT85CQDaHwfCmSHumHhji1dM8pFmDFqNMxbaT6T,243,main
2026-10-09T11:42:09.197449Z,0x9a691916364a3c1c3d9033412e83477b9758cb74d7a7c4c5cb129e67924d3a42,CaMSDEBp5zy2QxSYqDxqbk28qxFwzLXiNdFJiv9TKqhU,So11111111111111111111111111111111111111112,Eg2ymQ2aQqjMcibnmTt8erC6Tvk9PVpJZCxvVPJz2agu,wSOL,PUMPCADE,sell,5000000,40853674,5000000,41058886,fulfilled,Executed,Grr6…x1jS,5,3vVkdbtJAJQiyM1ryvrMNpLj5G5orhM5FnAwNz3p2HnVxxsCKgaU2wg6UKZYpJ9fbGsimf9JAScuKfJyFgYxRfZc,321,main
2026-10-09T11:42:12.586172Z,0xc738b49039cfba9a654089f9dfab8fd33b12b340d43a093887bcd81594e3cbda,DoD7Kb5bE6Jr7Eq2JTdYwfLn7718RzpYxKyQen2rxiBQ,3ThdFZQKM6kRyVGLG48kaPg5TRMhYMKY1iCRa9xop1WC,11111111111111111111111111111111,eUSX,SOL (native),sell,472000,4444930,472000,4465591,fulfilled,Executed,Grr6…x1jS,2,4bAUkRB68rV1yX2jWV9NwU8pUFwrrUhbJKbBzFChAA1WBegnnzgHtYMHm7pwCmWEf6Gvrx48gz5nQxb1cS28tZN3,306,main
2026-10-09T11:42:13.031670Z,0xd3818033f0b8be2070e460a08907ebef639961c82d7b01a2183520d84a061be9,91V7pVaQyARieyPXcNpxQZdqk5KoH7P1vgg2YHNBfSti,BABANGA4JE7Kkam4nTrALAwAVgsNJUuFJnnkF7S16BZp,11111111111111111111111111111111,BABA,SOL (native),sell,4540,4434742,4540,4457409,fulfilled,Executed,Grr6…x1jS,1,5cq1YYb9ivvFSyv5RPobPH7MmjTeKV2aRebfGrh6RbUBWXP8sh717bS284waCxLSDJD2GP8Sz53gd3b8jzbm4LjZ,388,main
2026-10-09T11:42:15.500127Z,0x131d161108d9c67e4560d66bd8f9af9979ed3c584b95e0b839fa1b9f505b992e,94bjVVSp8jgvP4ivAW3wFomkRpeE3xBouyCWErsR1ANz,So11111111111111111111111111111111111111112,METAwkXcqyXKy1AtsSgJ8JiUHwGCafnZL38n3vYmeta,wSOL,META,sell,5000000,94320,5000000,94809,fulfilled,Executed,Grr6…x1jS,3,434ip7n8j6K5AcEYDkcDkJQBybjZrCvRX6qtDza34TA5fiQFZovwatY27DkhoDFYAYSXMQYfuDcaQ2wkVRqbcxHG,335,main
2026-10-09T11:42:16.442261Z,0xcd642f71c4c368fed650b88f79eed9fad40b98f0b4125230bde6a0de8153351b,BQAD73uj3XftKnCB5ZB7P67b7AvEdfLefYbLiipch5oC,HzYCHqAN2uoHGRnL9v2ChCfFQX3bvJuJd5zu2Hd5MZQy,11111111111111111111111111111111,TWEETCRAFT,SOL (native),sell,391000000,4359731,391000000,4381639,fulfilled,Executed,Grr6…x1jS,3,3B1uUStb8TboRstao9BVginrK4v3hPbea6pKfvzu4BMbaf9k5vUBbwgAXLHgNs11qe8dqJ16ZTpUMHhzCns7yFuZ,244,main
2026-10-09T11:42:17.006196Z,0xd7606cef8b3947b82b21275775bf84741326a2af8bc4d8218d5ccc107bb9fd63,CaMSDEBp5zy2QxSYqDxqbk28qxFwzLXiNdFJiv9TKqhU,Eg2ymQ2aQqjMcibnmTt8erC6Tvk9PVpJZCxvVPJz2agu,11111111111111111111111111111111,PUMPCADE,SOL (native),sell,37100000,4459486,37100000,4481895,fulfilled,Executed,Grr6…x1jS,2,477VVDYfHdWxdxG9ruAkA43nTGH4nEvgspdDTWZP4CYgPcF1RLzwGPkcBZYPTBEgA1dJQUPoYHvTsB9xXJT46Eb8,322,main
2026-10-09T11:42:17.850801Z,0xc53bd094c203f51109cb198c1d5aca6fb73c479a19f726329586b97a62938dfe,DoD7Kb5bE6Jr7Eq2JTdYwfLn7718RzpYxKyQen2rxiBQ,So11111111111111111111111111111111111111112,Xs3eBt7uRfJX8QUs4suhyU8p2M6DoUDrJyWBa8LLZsg,wSOL,AMZNx,sell,5000000,214880,5000000,215955,fulfilled,Executed,Grr6…x1jS,1,4yJYGnVb1bsDMFk12M9KfZgzv99HEnAvhL2tSZEa84CELVJ4ifTuTKjNLYEo2t3qfGaLHyKzsUQ2eX1gWtdzyYf8,365,main
2026-10-09T11:42:17.939846Z,0x6e78ef9dd2be073758e8f1347e2e32cf02fad20ea1420dd5cfb87d80f682fcf4,91V7pVaQyARieyPXcNpxQZdqk5KoH7P1vgg2YHNBfSti,So11111111111111111111111111111111111111112,EN2nnxrg8uUi6x2sJkzNPd2eT6rB9rdSoQNNaENA4RZA,wSOL,SQUIRE,sell,5000000,685572080,5000000,688982029,fulfilled,Executed,Grr6…x1jS,1,UbAszmVMHfPT1e32cCJXXfRC7LCWxPk1caRJQPHG7UCeyRaYPHt7nuKb7NQEq3TUF1TWZ4aSyYc6vNmqvEKPrFA,447,main
2026-10-09T11:42:18.773425Z,0x7cc8500d49a46651b23f6a755916b26b47060a920a03e870b0304ccf9bb2fa05,CDY1rvEes25vx7DZwxp5BRSgAewDQMgwBExfAMEymdMC,AMD8XwJXgQ9WV45Wyj9yFLejxzf2J6VM1PJY8bJEjeES,11111111111111111111111111111111,AMD,SOL (native),sell,783,4440625,783,4463388,fulfilled,Executed,Grr6…x1jS,6,7kPLkeyTt23Hs7bvPZCqMDagNEFJbyD23ivSPafvNJvD2PwwUzAVMP8dUCeregqVZBtadSVeZigrPrm2ayBAqx3,446,main
2026-10-09T11:42:20.759879Z,0x60b4cfa23f60668bc1cc20dd463486fef047e8466b5fe01e16e9c78fbb2c3264,BQAD73uj3XftKnCB5ZB7P67b7AvEdfLefYbLiipch5oC,So11111111111111111111111111111111111111112,XsoBhf2ufR8fTyNSjqfU71DYGaE6Z3SUGAidpzriAA4,wSOL,PLTRx,sell,5000000,274541,5000000,276015,fulfilled,Executed,Grr6…x1jS,4,35EZtQRj7qTSPCsnUMceMs9pJuZo4ptLngWnzXStvYZ7yLpemwbJRvJX3n4SNk9pXvbXo87YzXnJWebAnr3HeRbh,303,main
2026-10-09T11:42:21.596116Z,0xd2e408004558ff99283556002fb1fa8ae412386c073e11f088c992fc2bcfcfde,CaMSDEBp5zy2QxSYqDxqbk28qxFwzLXiNdFJiv9TKqhU,So11111111111111111111111111111111111111112,3VPoXaRcXxju8qgkVRN87UuXZxbdBD7zyaXPDqqmpump,wSOL,SI,sell,5000000,433898542,5000000,436078936,fulfilled,Executed,Grr6…x1jS,3,YkCQkXDrASNrFufsiC9fQZEj277DJN4TXP8rNcKTKbSbEvicLKpvqyLQdi2CGkGmcYsp68zoA5kEK8zqNZ1sr5q,381,main
2026-10-09T11:42:21.998310Z,0xb761b1778088218038ac0c743c305df80d013fdc19bfabb9e7ae74f55f384e14,DoD7Kb5bE6Jr7Eq2JTdYwfLn7718RzpYxKyQen2rxiBQ,Xs3eBt7uRfJX8QUs4suhyU8p2M6DoUDrJyWBa8LLZsg,11111111111111111111111111111111,AMZNx,SOL (native),sell,194000,4455999,194000,4477802,fulfilled,Executed,Grr6…x1jS,6,fMTXAmtoSTioVGNJDvqrNyDMNZ8QZwF3ECadA91BE3sK31pd8hwCuY9wpvLeuuQbTascdo7QDjfFdGZHPkNTDMA,366,main
2026-10-09T11:42:22.180814Z,0x8115732d5bf397b91c3597bd66171c3e24653aefa5add258a70a375e88647796,91V7pVaQyARieyPXcNpxQZdqk5KoH7P1vgg2YHNBfSti,EN2nnxrg8uUi6x2sJkzNPd2eT6rB9rdSoQNNaENA4RZA,11111111111111111111111111111111,SQUIRE,SOL (native),sell,621000000,4411871,621000000,4434041,fulfilled,Executed,Grr6…x1jS,3,41PB1Uobd7BMYQE3o7kPg1tK3y5LJx163fEcgMpYkaxPrkekpN8snxBStnez2dur7fgK7XRDdNqKbRCrYDGvw92A,448,main
2026-10-09T11:42:22.870118Z,0x0246d311e7462bb9f77735edc9c26a8d3cbf424db85c0b664a1a0478e1ff97df,94bjVVSp8jgvP4ivAW3wFomkRpeE3xBouyCWErsR1ANz,METAwkXcqyXKy1AtsSgJ8JiUHwGCafnZL38n3vYmeta,11111111111111111111111111111111,META,SOL (native),sell,85500,4461892,85500,4483868,fulfilled,Executed,Grr6…x1jS,5,26qjw6KFK8mbJozqdrUqGRgQiLPbqn4DGDDTZy2vA4GgKWfoATeYZDoxwttViMng4Mn5Y1Fiwk4sgJPiHpMNV4xr,336,main
2026-10-09T11:42:28.094105Z,0x024590429b8c560ffbe56044c79e7f43ec3169a09f3a019b1068151e10863923,BQAD73uj3XftKnCB5ZB7P67b7AvEdfLefYbLiipch5oC,XsoBhf2ufR8fTyNSjqfU71DYGaE6Z3SUGAidpzriAA4,11111111111111111111111111111111,PLTRx,SOL (native),sell,247000,4443148,247000,4465711,fulfilled,Executed,Grr6…x1jS,-0,3YPn5QMr5TdZkZKuNCsM6y7dgA5etHUuNbiEfQNNxHFrWqYVoHp3egkKW4d6ozbsx9sUm5tiXXweMi5d9iuAuLq7,304,main
2026-10-09T11:42:28.842299Z,0xf2d622b54b572cfcedafaad8a74aeec61a27823a61dc79a3c01238aefed95381,CaMSDEBp5zy2QxSYqDxqbk28qxFwzLXiNdFJiv9TKqhU,3VPoXaRcXxju8qgkVRN87UuXZxbdBD7zyaXPDqqmpump,11111111111111111111111111111111,SI,SOL (native),sell,371000000,4144586,371000000,4165413,fulfilled,Executed,Grr6…x1jS,4,3eLEhvhAcvgRXQ5Wkhue8NXtZjp1du5ZyKp5aVLetL4Aju17koKuY66L9sVheXqWH55LEjmug25LB1hhN5sNtQbF,382,main
2026-10-09T11:42:31.090980Z,0xdd037c0a887ffd1d7454a5ddcf9e3dacdd49af771068f3e1cb8a01ce92a9e3c5,GikSpMABHu6MJERkF3N9GMmwPXfEBxABjChVkK1W9ji4,So11111111111111111111111111111111111111112,1NJMqVM4PadjuzYmeB7zV7q7DV8oB3ExaQCd9x6KsLz,wSOL,INJ,sell,5000000,77621459,5000000,78001494,fulfilled,Executed,Grr6…x1jS,2,3orxCweL9GTpjXUqoMYEQY7Y3Xk77p5qzZGjYNjBeqKeFfzLUMMqEAkYaiXXzy9FwqwqFpDaPu2UCFff7W4rJq7F,405,main
2026-10-09T11:42:32.084080Z,0x97cc9662cdb6efa8048959ff2568a0fefc2100f98e2ed625e0d3efe7c87d0643,BQAD73uj3XftKnCB5ZB7P67b7AvEdfLefYbLiipch5oC,So11111111111111111111111111111111111111112,739dnZEG4yaBWFsY8L8ZwrfhGG6dhtCSercW8Umspump,wSOL,CLAW,sell,5000000,60939059,5000000,61238818,fulfilled,Executed,Grr6…x1jS,1,ZM6pUfVKS4tFFR8WjmhcBzfbx5mbmPPAsXeDypcTGgJuo7HtKKeNGp6GSL9VVfgjxXYcNeAPCFe9PxAXoc8gYWm,363,main
2026-10-09T11:42:32.292126Z,0xb96e2085d4784e2debdac82a2c9305275eba4ebbf8acfefb5c833952d30455e1,DoD7Kb5bE6Jr7Eq2JTdYwfLn7718RzpYxKyQen2rxiBQ,So11111111111111111111111111111111111111112,BMKdM4yUxX12moFqVk195k7coMbaybd4RUKCUdm7D1Sk,wSOL,IBM,sell,5000000,2426,5000000,2438,fulfilled,Executed,Grr6…x1jS,1,5hBYUzs27coVjBza3vuBf6bpRe74ADnYj7adC3T89bvznZPWHyiXnBaMi5hfq1G2FV3uqjeZGCAZWtzkNZKVi9zN,425,main
2026-10-09T11:42:33.260126Z,0xd3600898daa4de304b416ddcea74a4482b33461fb84cabe90bcfbd480e45fa2a,94bjVVSp8jgvP4ivAW3wFomkRpeE3xBouyCWErsR1ANz,So11111111111111111111111111111111111111112,he1iusmfkpAdwvxLNGV8Y1iSbj4rUy6yMhEA3fotn9A,wSOL,hSOL,sell,5000000,4179168,5000000,4200168,fulfilled,Executed,Grr6…x1jS,6,5bwZHgmR1iaeLXYXnsdmrWAMamZfh1Eoth6LdxxaU8pL5uCBjPLWjo2qrZEFo6bSnP3kuHihm2tk9XEQsAkZsQkQ,395,main
2026-10-09T11:42:36.018084Z,0x25333e1df7b91b94f78edcc78a041936a0491e6f864102c09d0018a0b7276576,BQAD73uj3XftKnCB5ZB7P67b7AvEdfLefYbLiipch5oC,739dnZEG4yaBWFsY8L8ZwrfhGG6dhtCSercW8Umspump,11111111111111111111111111111111,CLAW,SOL (native),sell,54800000,4436912,54800000,4459208,fulfilled,Executed,Grr6…x1jS,3,3cTU8YrfRyYLWFeg9nyyVqEhVKx6nb3GCLw8A6iCvFJhn8F127uniiyutEzt352rCznxVdpyZQkfPpaFJ5vbbFgd,364,main
2026-10-09T11:42:36.134156Z,0xc9d47e98a3b14e3ac4dd70ea4f9dd1e139d51105a174f7e0482dab6146d0d41d,CaMSDEBp5zy2QxSYqDxqbk28qxFwzLXiNdFJiv9TKqhU,So11111111111111111111111111111111111111112,MEW1gQWJ3nEXg2qgERiKu7FAFj79PHvQVREQUzScPP5,wSOL,MEW,sell,5000000,116482110,5000000,117067447,fulfilled,Executed,Grr6…x1jS,3,3dxvbJRjARatXhNuXuUQANHxku41czri6VFHdEEaMpLsc8F6QuRMsUWQpcosnAAU26pYf7m6cMUPTpa6QB3o5js5,441,main
2026-10-09T11:42:36.317916Z,0x602f7c2ffbb6e405193cb0c5dbc8050113afc20d3ff5d5d6bb7e4b5ffe9950d9,DoD7Kb5bE6Jr7Eq2JTdYwfLn7718RzpYxKyQen2rxiBQ,BMKdM4yUxX12moFqVk195k7coMbaybd4RUKCUdm7D1Sk,11111111111111111111111111111111,IBM,SOL (native),sell,2180,4432199,2180,4453391,fulfilled,Executed,Grr6…x1jS,3,2YDGuWDQ2ASakkWGT7VCTym5VRpTuWGRh6s7Kfi6WbDDktwp8pqjhoa3yEoGuPpWai59ozL4J9UuT2Rd9K917xJ7,426,main
2026-10-09T11:42:37.927263Z,0xe767421d7c4eb5a53b6a327ec7215f0d17c62cac7f87c32ef587c0070fe5c45c,GikSpMABHu6MJERkF3N9GMmwPXfEBxABjChVkK1W9ji4,1NJMqVM4PadjuzYmeB7zV7q7DV8oB3ExaQCd9x6KsLz,11111111111111111111111111111111,INJ,SOL (native),sell,70000000,4443814,70000000,4466064,fulfilled,Executed,Grr6…x1jS,1,5qjuhBcaTdeonGK7SX7yCL1Ph4ee4rvikYMkj2GpCNXUXTYi1aqZSNDz8hqaPpgYD4mtY2zMZebewNTYXgDj7w89,406,main
2026-10-09T11:42:40.544543Z,0xf25c30fcbcb3aa4cc9902196d970c023c8204671d50c59c49f7c3d5cde735a87,94bjVVSp8jgvP4ivAW3wFomkRpeE3xBouyCWErsR1ANz,he1iusmfkpAdwvxLNGV8Y1iSbj4rUy6yMhEA3fotn9A,11111111111111111111111111111111,hSOL,SOL (native),sell,3780000,4468419,3780000,4490873,fulfilled,Executed,Grr6…x1jS,3,vmMBMiqvCpx7xr3bcWyVhw68XC36GUfniThiKqMwCEfsLEJH2FQq3VGuUh8pgDrV7EfzvwzQBUnYFJFPAN9GVDb,396,main
2026-10-09T11:42:43.256743Z,0xe21faf0de6bb1945f287e18a175956f9b8c64407a7b605149b0d562a9e0b17d6,BQAD73uj3XftKnCB5ZB7P67b7AvEdfLefYbLiipch5oC,So11111111111111111111111111111111111111112,SNAPcESrvnH8yUdgeMF6xm1hym9b6hW6s8YeqeHdZFz,wSOL,SNAP,sell,5000000,93075,5000000,93576,fulfilled,Executed,Grr6…x1jS,5,KXZSZ2knFvZGdhyJGCUodLmVkSEByuq4HgG8m2dn2Lbmac5AacxY8HpepgycG2PoBFPcJoyW7W2mxStgEcDm8fu,423,main
2026-10-09T11:42:43.754265Z,0x3ac47b6a039be457b17c4f91a76bd008b8225f2eb89331590a5b0860ce026ce1,CaMSDEBp5zy2QxSYqDxqbk28qxFwzLXiNdFJiv9TKqhU,MEW1gQWJ3nEXg2qgERiKu7FAFj79PHvQVREQUzScPP5,11111111111111111111111111111111,MEW,SOL (native),sell,105000000,4431013,105000000,4453279,fulfilled,Executed,Grr6…x1jS,4,5LuNbReuDH8QSXXydbSP1PXJv1TFNT3nWJNa2sBvZyBE98vP5vDV39xZy3mGXbawg4zv4Ee6beRV7rtcpt1Lotri,442,main
2026-10-09T11:42:45.225944Z,0xb54ed676d3d1bfd6cde702e9b5dd9ecb6e17837488675ce87a823d5760feb533,7RqUGHCV2tngEBctNc8o58nPDy6AsYzsUHAW2JgA2XX9,A1KLoBrKBde8Ty9qtNQUtq3C2ortoC3u7twggz7sEto6,11111111111111111111111111111111,USDY,SOL (native),sell,429000,4424764,429000,4446247,fulfilled,Executed,Grr6…x1jS,3,32pVApy19YEQi9VcAbyGz8d2yYrZrkWgFhXyk9TXpZGpb29XbDcimuXi2B7CHcnLbx8TbM3GwrpDMoaxMKAbKwVF,432,main
2026-10-09T11:42:45.970249Z,0x6e0f618eefd53f8a5144c890c70eef9095be04a364b545955ae8982bee9f2b3b,HoWtt82mr4wqKqMDy4jFDRs1C9kt3kY6KtXH3i83fyn5,HgBRWfYxEfvPhtqkaeymCQtHCrKE46qQ43pKe8HCpump,11111111111111111111111111111111,Bert,SOL (native),sell,32800000,4457918,32800000,4480319,fulfilled,Executed,Grr6…x1jS,2,2t2SnbUR5xBqCTbwTZhbbzMTUsU4r8n9tVZWcAqPFnrqfuGwtKacwXVpwjUVud3gh1yyEzNf3sESmrnwGVzjAVXX,402,main
2026-10-09T11:42:46.683301Z,0x6a87d1524a7f14775bbfc2ccd0cbffcbbfbf845b58d24ce945f993e3537664f8,BPmy52DKPodqoSUirZUBedULujAZr6s778i4hc153r1X,AMC1qwR9KhiyrQBRPrxnfo4JfMeMZqEBvt5tgTytNNoc,11111111111111111111111111111111,AMC,SOL (native),sell,171000,4465149,171000,4487586,fulfilled,Executed,Grr6…x1jS,1,2iu8byuGwZGzapDRa19ewJMxotihwHqxXk36DVokUwvjXfTaQGH4pejM2coaBKCZ93RZ7TJH4X2gcNwW2snUcybr,376,main
2026-10-09T11:42:46.872193Z,0x33d4e383278b301806fdf4fff163169523a96e25f07cc8a91472ef46ad636c14,5akdWDVyHEWgFASL9q18W1wvJcy546hL4EGfPF6Hiwrd,BeGY8KqKxboEwRbJd1q9H2K829jS4Rc5dEyNMYXCbV5p,11111111111111111111111111111111,NPC,SOL (native),sell,2300000000,4461004,2300000000,4483421,fulfilled,Executed,Grr6…x1jS,1,31oFiSL8556QNKYbbvcANpn9NzGvsuRWdyKscPiYJjU8tpZtg3PvcDXAAnpzjLMMuYag8JbdDgXkXC2ygEAr7Q2v,416,main
2026-10-09T11:42:51.072999Z,0x5b5f2b9867c599eefe0811d702f5dde20081a4ff420adb502fc814cf2da7c08b,94bjVVSp8jgvP4ivAW3wFomkRpeE3xBouyCWErsR1ANz,So11111111111111111111111111111111111111112,CB9dDufT3ZuQXqqSfa1c5kY935TEreyBw9XJXxHKpump,wSOL,USDUC,sell,5000000,213971209,5000000,215046441,fulfilled,Executed,Grr6…x1jS,3,2i7M8RAUNZPKE8uoKuyVN3feocDcE6e7GoJYZVSaQEJY2PWrMZUremPgFZDsonU3V8od6pUQcgNp4iqFgcMsZP5k,455,main
2026-10-09T11:42:53.319622Z,0x306119079f5b77e3473bf0d0735b6edba55b61418827fba95ae8f4a55ab1bb7c,BQAD73uj3XftKnCB5ZB7P67b7AvEdfLefYbLiipch5oC,SNAPcESrvnH8yUdgeMF6xm1hym9b6hW6s8YeqeHdZFz,11111111111111111111111111111111,SNAP,SOL (native),sell,84000,4457357,84000,4479755,fulfilled,Executed,Grr6…x1jS,7,5HMRM9LaukZRM8WZHiJhtYzWQQT6m75GqPQAiW7DKKMoyLsFFNcRnXa9FwMc4SFP1zJEYV7o7bTEHvfBgag8At9E,424,main
2026-10-09T11:42:53.627300Z,0x80994a333ef3f79f9dbc56e0fc35674717413b8ee6c87227ea88b0fe29830651,9XSrZ8RkSZ3WDoGkrgWHrmMhixsoWZTLnPxBtQNWNK9c,Xs78JED6PFZxWc2wCEPspZW9kL3Se5J7L5TChKgsidH,11111111111111111111111111111111,STRCx,SOL (native),sell,455000,4432483,455000,4454756,fulfilled,Executed,Grr6…x1jS,6,2CcRPwhU5rmZCpR2jRAuhwN1YkouAL8qYMQMfasmRQ8iFTrtCALeEW4sAp6JtrcEG2a5mpz2iJh9pp5QnP7sp947,340,main
2026-10-09T11:42:53.845702Z,0xbeabe8eaf3e21ebe1e6ac61843e9be580d62e148bd4e38f15fc7bc797da88b32,BPmy52DKPodqoSUirZUBedULujAZr6s778i4hc153r1X,So11111111111111111111111111111111111111112,RDDTGbhHwVXfyCvQMXzzowKjf5qrYBZAnehoXW83ooh,wSOL,RDDT,sell,5000000,3457,5000000,3474,fulfilled,Executed,Grr6…x1jS,4,2YivLKYsTfVbsAxzBU8fKuUCmNueERWjfCjXGn6L66WxFPJJn2Wd78zTp8VkkWDc7s2PmTcxeDvWNZKSgqRC1fiy,435,main
2026-10-09T11:42:57.814081Z,0x1ea16c6504a635e2a6000e800012a50ee4a209008f911a29b2be2796f7e9cbdb,94bjVVSp8jgvP4ivAW3wFomkRpeE3xBouyCWErsR1ANz,CB9dDufT3ZuQXqqSfa1c5kY935TEreyBw9XJXxHKpump,11111111111111111111111111111111,USDUC,SOL (native),sell,194000000,4434620,194000000,4456904,fulfilled,Executed,Grr6…x1jS,2,2LhwqwzeXYmNQXTN5oJDqwXizjLmNhA9Ld16xJ1PB5ucSubXLYMy62cQgUaJU1zqhw8CGxwb1Cd7ChC2upTnPXW3,456,main
2026-10-09T11:43:00.821701Z,0xcb2bc48b25cca3e9781d3ece599fb20836a08db2be933ecd10b835855e3aaf6a,BPmy52DKPodqoSUirZUBedULujAZr6s778i4hc153r1X,RDDTGbhHwVXfyCvQMXzzowKjf5qrYBZAnehoXW83ooh,11111111111111111111111111111111,RDDT,SOL (native),sell,3110,4444114,3110,4466895,fulfilled,Executed,Grr6…x1jS,3,Hem6NPDn2PrGtxCJ1Z6m2x9AuBYndH8PVRuTpg5KrL9PxNfxofXfG1oQYe8FQ8EULz4EJHRnEhvoqibauYaWNai,436,main
2026-10-09T11:43:04.020121Z,0x51dc29c396a1b6b24e65a19738511687768104b178ff22850f2833e1f6b069c3,9XSrZ8RkSZ3WDoGkrgWHrmMhixsoWZTLnPxBtQNWNK9c,So11111111111111111111111111111111111111112,3vgopg7xm3EWkXfxmWPUpcf7g939hecfqg18sLuXDzVt,wSOL,HAROLD,sell,5000000,4077073,5000000,4097560,fulfilled,Executed,Grr6…x1jS,6,4RxRdoRKkUZ8jxzBDDyFkqLad2z9ss89TSSagGV44j3t542ajJ3HET8jHsasixofDKD46PH9a2KUZrYFiTMEoV3g,399,main
2026-10-09T11:43:14.869674Z,0x6ac39b71da943b2feab99ecaa1a9de13795f4c8f01c1c75f1bf2b1093e975e83,9XSrZ8RkSZ3WDoGkrgWHrmMhixsoWZTLnPxBtQNWNK9c,3vgopg7xm3EWkXfxmWPUpcf7g939hecfqg18sLuXDzVt,11111111111111111111111111111111,HAROLD,SOL (native),sell,3690000,4448881,3690000,4471237,fulfilled,Executed,Grr6…x1jS,5,3L7gaG5nAf4Dap7JQABJDjzN1VYVZT9J8qnyNnATFkuQFP17DEsAVgRXGHozMtppqGapDUj34UGmb9oo56C23Nem,400,main
2026-10-09T11:43:32.671665Z,0xb3d435d7ce1a739842f2ec594b7a2dab744a2319c5c75444e794841862e5f8bd,3FHY6qZALHavE387YcUMyqFYdYCiR5PbLSxdQBpwR6JK,SATqS9DYpLQsM2z51P4QCoqJRHa5wboV4qjJerJRUSH,11111111111111111111111111111111,RUSH,SOL (native),sell,5812142,4901699,5812142,4922972,fulfilled,Executed,Grr6…x1jS,5,5mmaE9qPbgGwHaBfzJbumLsRbQ3KbqacVg98LdJrGeXwnUxo5rvCdQYpWWpHhVmmdoQijPQ6paTr7kPdAH7jaJCR,,cleanup
2026-10-09T11:43:32.671665Z,0x77c2ca81ac39afe73149b40685bb744eda10fbe6bdf47a2222a17e0d489237a2,3FHY6qZALHavE387YcUMyqFYdYCiR5PbLSxdQBpwR6JK,6GmAFSYs4gk3FDao5FzzySQpPZaWsa4rUJHacpMpUNgx,11111111111111111111111111111111,STONK,SOL (native),sell,3727275512,4998500,3727275512,5021914,fulfilled,Executed,Grr6…x1jS,10,24YsYBMLki99nDEmTXJou7ktBwxsgyw8jo7aA3ecJ8DgPW4pd1RYt8KBSBe6KzheoFrZpMjw3mLhN8efs853G4XU,,cleanup
2026-10-09T11:43:32.948853Z,0x007c2cae0d7e6a8bbae008bc42fe634027311d942fb14f4cd381abcf10c413ea,3FHY6qZALHavE387YcUMyqFYdYCiR5PbLSxdQBpwR6JK,J1toso1uCk3RLmjorhTtrVwY9HJ7X8V9yYac6Y7kGCPn,11111111111111111111111111111111,JitoSOL,SOL (native),sell,3828911,4965166,3828911,4990116,fulfilled,Executed,Grr6…x1jS,0,5nbieoM3AJuv1GTT2p8M1m7zG3Ev9HgGGXGzypNGnkxY3nFGEXoNzR3eVCwe4bnXeAugpHmeoj7u4cKVxS7w4gKT,,cleanup
2026-10-09T11:44:52.749447Z,0xe4ca32a847558a172de35d2ff79290cb059d5d31ae405eec13757f7f8710a40b,AQHstwk1uwAEnz8JE41HEbbD1EaPBjBwtid2qbo1Q3KD,98kfF7rmsg1QDUEoCqNE7g7M1FdrTt92TEp2CLzypump,11111111111111111111111111111111,PAID,SOL (native),sell,114867658,4990055,114867658,5015130,fulfilled,Executed,Grr6…x1jS,0,2zoEQ4foFQGA3YTZRANabEpZccCbDBiNNEHffeWTCpibTUwNb2n6RCe8nFiWS2riuSciBVyQHiESH2HvEzyuTWyu,,cleanup
2026-10-09T11:44:53.022890Z,0xc775f723129900c9ccf40a57e89ddae41f3d211de9bdf23e7b9cc62ee338d6ff,AQHstwk1uwAEnz8JE41HEbbD1EaPBjBwtid2qbo1Q3KD,BoTx8y9ynfdxf5ZjWtCoBVkff52qKA82ysaLU8ZM6d8T,11111111111111111111111111111111,BOT,SOL (native),sell,19315,4939468,19315,4963826,fulfilled,Executed,Grr6…x1jS,-0,51bXJpXjAbMwsVg3UnKrepNR2mJnDXbZDC53CNQH8Lj1vnfK1LtZ1MGy9zQxQR1tqvCctsT347h7b5riz4BE1jpe,,cleanup
2026-10-09T11:45:07.462465Z,0x8301361c170b8ffb130d3a02a04b1c6fb7538a633b5fa23a29206730fb1526c8,HTsxGEXBSe8rdUJjtW7e4v4YChNXTVmLQXuqBvvQtJuF,CLoUDKc4Ane7HeQcPpE3YHnznRxhMimJ4MyaUqyHFzAu,11111111111111111111111111111111,SANC,SOL (native),sell,8843566941,4940137,8843566941,4963119,fulfilled,Executed,Grr6…x1jS,15,4v5un6aiD4iGSUEVpXMUF3EE9BBUf9mwjoYvUm6uJnAqmYV9SQahUAWkxcVCRwFa5F9tMFLtft91zBnN3PNQCQJd,,cleanup
2026-10-09T11:45:07.462465Z,0xc58fb6d92c27442a6a3ade90075e6c2b5660ef3da74530eed7cccff7729c5e04,HTsxGEXBSe8rdUJjtW7e4v4YChNXTVmLQXuqBvvQtJuF,XsueG8BtpquVJX9LVLLEGuViXUungE6WmK5YZ3p3bd1,11111111111111111111111111111111,CRCLx,SOL (native),sell,669920,4960932,669920,4985861,fulfilled,Executed,Grr6…x1jS,1,5Myaujr8Yk8SmqHs5sPk2cnvM7kbVmdx62kx7iLjxtMzuswhSvDvFYVpoVCyYh6iTDqPEjnKPdVkGTUMdeowD7Dx,,cleanup
2026-10-09T11:45:12.531081Z,0x65180e4401b4d6fb075cac9fadee6eaabeb21af447c03b4ff452b83a84658da6,7RqUGHCV2tngEBctNc8o58nPDy6AsYzsUHAW2JgA2XX9,ZBCNpuD7YMXzTHB2fhGkGi78MNsHGLRXUhRewNRm9RU,11111111111111111111111111111111,ZBCN,SOL (native),sell,229329855,4939503,229329855,4963653,fulfilled,Executed,Grr6…x1jS,1,2sugCQBSeFZiZ5ws3zVRddybeHs4hfPwtJxfuna9HcsDL7pVeNeK5qnbsk5W5b5728dQWWD55SncCUbdjJmvzyAk,,cleanup
2026-10-09T11:45:27.699826Z,0xab018f2c179f101c9db1b454e7c9b5be23622dd73dd090196975606517ad9bca,BPmy52DKPodqoSUirZUBedULujAZr6s778i4hc153r1X,MukLDtJ8Cx9DxLbeyLRSWPSposTMWuwHANbuaudpump,11111111111111111111111111111111,OTC,SOL (native),sell,74775081,4830857,74775081,4855132,fulfilled,Executed,Grr6…x1jS,3,5eHYbPvh8Vwrtu2yqAytXksExMNCSZn7nxPcbJY6Ww9TJW4Y3oan7v3Y7spwuiTjG9n1zCPF5RhHrqUTz8SeBQmQ,,cleanup
2026-10-09T11:46:58.834388Z,0x7bf82180c9479af0d5a20147e1ae8d4b4a830c5091c83dcf0c12de31fd509d4e,EGXsUdM4HLc983jD276LHz87k5zBZSJrJc137qcokK8D,5Y8NV33Vv7WbnLfq3zBcKSdYPrk7g2KoiQoe7M2tcxp5,11111111111111111111111111111111,ONyc,SOL (native),sell,478393174,4903561,478393174,4923944,fulfilled,Executed,Grr6…x1jS,39,57jumhbCg2S199GbLj3DLmd3nbbTFrAMjpRbEJZKKH6KVCBCnfM5FGoN6y145t2C2fhHkcmoaSNTMbxWsmAt24je,,cleanup
2026-10-09T11:47:04.870890Z,0x2c04f25e067c5e5303808ac26a606c99eaadae6524dd6d478a577d645526da52,BsXAAY6SvTyWYjwKCa5SUs1kDBK6n7ia7qvRPVj5dFgz,AavE1kKKnesPw4MuRJmJ9jZs9QzEE8CPxQ3ViczUDfc1,11111111111111111111111111111111,AAVE,SOL (native),sell,329929,4956792,329929,4981700,fulfilled,Executed,Grr6…x1jS,3,78uxfYStkFYiP6zaBEjx27h7sVNpKekvKrZCH81XGVd2TyW4QLptZUMkvuxTyuaXBhBevvbHW2AmsUMjJw58dH1,,cleanup
2026-10-09T11:47:49.045812Z,0xfa6bedd86bdce41bc0d125bed1fd12a2dbcec304660b213e24be2c67289adbdd,94bjVVSp8jgvP4ivAW3wFomkRpeE3xBouyCWErsR1ANz,CTPoyCwkjMvoJwU4xvZZqoD8tiYk6yDchySiN5gGpump,11111111111111111111111111111111,fone,SOL (native),sell,111411920,4837065,111411920,4917537,fulfilled,Executed,Grr6…x1jS,4,45JxuY15zPAVhs7a7YVmKJBsiCQycS5sd5nAyJySQNqCgmpLvYBRgfvPFA3bHfrZMDKD7m3BW2tG7ajDuncEeYgQ,,cleanup
2026-10-09T11:48:18.769297Z,0x6026a756f5122941ea77fee14d771af8fcfb9d121967639ccf09d706f91ade92,2kV12Qsin6Wfxr2Pr6M8bqUbjqMppw4gpqAbV18TiFfJ,USDSwr9ApdHk5bvJKMjzff41FfuX8bSxdKcR81vTwcA,11111111111111111111111111111111,USDS,SOL (native),sell,580053,5164751,580053,5188205,fulfilled,Executed,Grr6…x1jS,5,866kLZBs77eruC5UWrS9prcUn1Gaju5a76nEAan9dGA4ZBaeKCBEBc7uDfpWxA9CE7Jy7v2yMDxHsgNE1vSyynA,,cleanup
2026-10-09T11:48:18.769297Z,0x57712c769714d5deb07693f6e992694f0f0ff8554866bf6cc1217843b2e26e9e,2kV12Qsin6Wfxr2Pr6M8bqUbjqMppw4gpqAbV18TiFfJ,RACEyWiM2ztEZcJx2AHXU2eWjhxU57x3vXn92b39dLD,11111111111111111111111111111111,RACE,SOL (native),sell,1410,4902406,1410,4925530,fulfilled,Executed,Grr6…x1jS,5,3kZciWS2moJNphSJhNq347tcZ3TY7LXE1m1AfCvs2616KeVcjQ2TsFuPx17J8cuiDnZqBTrxt9AU5WrGT2nuNPTb,,cleanup
2026-10-09T11:48:37.910557Z,0x07c3c464cec8bfc2cc2769300e46f084350ed31a9fb9899abcd359da8645e721,9XSrZ8RkSZ3WDoGkrgWHrmMhixsoWZTLnPxBtQNWNK9c,jtojtomepa8beP8AuQc6eXt5FriJwfFMwQx2v2f9mCL,11111111111111111111111111111111,JTO,SOL (native),sell,955000000,4461142,955000000,4482938,fulfilled,Executed,Grr6…x1jS,1,SwwT6TbDkg2GmskVR1urnSvWyFkZZHUHUMBANyTQMCVT9FpsB5N44LpPVXab4jNfztH9ChVWbxU5dySch4FVxWS,,cleanup
2026-10-09T11:48:37.910557Z,0xc61ef1797e340b7bf01193f686372b55275a53c3429ee8b3370b25edc5d62f54,9XSrZ8RkSZ3WDoGkrgWHrmMhixsoWZTLnPxBtQNWNK9c,DEkqHyPN7GMRJ5cArtQFAWefqbZb33Hyf6s5iCwjEonT,11111111111111111111111111111111,USDe,SOL (native),sell,636243087,5663685,636243087,5689694,fulfilled,Executed,Grr6…x1jS,5,4Pr2AtmqfTP7tMWRuxFx7ytvZYqKrmKJnJvMKQmzXzG4ACnREXRVT71owJiNWuJ7F6oaCEuP2VpHeo7BMZBi9Qtp,,cleanup
2026-10-09T11:48:37.935206Z,0x8f9ab0f391b79cc7c733b09cef2689d2de91bcd35ee19e7365d1cec27ee223e3,9XSrZ8RkSZ3WDoGkrgWHrmMhixsoWZTLnPxBtQNWNK9c,HzwqbKZw8HxMN6bF2yFZNrht3c2iXXzpKcFu7uBEDKtr,11111111111111111111111111111111,EURC,SOL (native),sell,517266,5162515,517266,5186219,fulfilled,Executed,Grr6…x1jS,5,2c24Y9K5KtoD3KEDx8RMjKrCGGnKsawcjv1S4cwBuPm3EUoTZ44QuuMv9nKRtgbvsAysq5sXHjdHa2URm5sRivQy,,cleanup
2026-10-09T11:49:14.818019Z,0xb66bd4b4e2a70a94f80b800737c3e0cf9dc5aaefa244df4c4e5c1647ddd987e2,HoWtt82mr4wqKqMDy4jFDRs1C9kt3kY6KtXH3i83fyn5,7JA5eZdCzztSfQbJvS8aVVxMFfd81Rs9VvwnocV1mKHu,11111111111111111111111111111111,GEOD,SOL (native),sell,1876521452,4910084,1876521452,4934757,fulfilled,Executed,Grr6…x1jS,5,5GZHabpMoHGKjJg1GyXutZXgo1xRGv8m1Tu91FmHMDv14rQtpp4nWKJVgPe4wdzEtjwJSANCd5kBdqEbAG7o82q8,,cleanup
2026-10-09T11:49:15.045501Z,0xecb41d926d8a7c9c4321bfe44e5029358dfa790a64acc4ff513fc94d05adfe8d,HoWtt82mr4wqKqMDy4jFDRs1C9kt3kY6KtXH3i83fyn5,EEpng77ZPn9FbgbT4xsRjwuxNCcMBYq3HTwEscyTpump,11111111111111111111111111111111,HeeHaw,SOL (native),sell,4670555398,114958894,4670555398,115479108,fulfilled,Executed,Grr6…x1jS,4,5znxsrPH7yFd9K96YDvzZtBZvkyUUh5eUHuQMLGCjVC9Xsn1aRJ1ojEVLGDT49Q3n3Gf7Y4nBkra6d1EcyCRND1k,,cleanup
2026-10-09T11:49:15.045501Z,0xb744bd9c33684d3b94a5b18d43ee671722a83052bbb9ade5da9211e23e1f8900,HoWtt82mr4wqKqMDy4jFDRs1C9kt3kY6KtXH3i83fyn5,A2khRbhRJNrAEHj95htivC4cR4VbJwfssDH5FPPbP4m9,11111111111111111111111111111111,duk,SOL (native),sell,18600000000,3442482,18600000000,3459780,fulfilled,Executed,Grr6…x1jS,4,4NaCnMULYzzzKdzbFx6kdryqKa2DSVeHKF7WnXGu7uVYwVF6BHN1HmAXx8yUFi8BoQLbq2YbyzQmzUBX5wg5V6Sr,,cleanup
2026-10-09T11:49:15.330238Z,0x332e9f49b408d2ba507cf745ef992e524b67ac52bbbffb0b4375b492bbeed38b,HoWtt82mr4wqKqMDy4jFDRs1C9kt3kY6KtXH3i83fyn5,Ge87EtsjwRQbHaqQmKRno69RFTwh9bfSsm99XNxTpump,11111111111111111111111111111111,Jimothy,SOL (native),sell,180371806,4918309,180371806,4943024,fulfilled,Executed,Grr6…x1jS,5,3i1AwosGom97YXJjuJ63BPwmSgFfJFioD94setc5dme4S1Ux5qzd9od81Gggvc1AkqvXBHNrpWgjkAENndz7MLtj,,cleanup
2026-10-09T11:49:18.577505Z,0xe59b6b50d1cff9a396f3fdd1640ae9e688f4471ca274880da2c20615cb1abbc0,CagkCmsroJWAiUWrigym7vR9wGYV5aKWanTGu3ZARKqD,RmtMAYVTTFv2iK9muMrXEoAnSSsZPPgRPbqZCKwNDYk,11111111111111111111111111111111,EYE,SOL (native),sell,8130799930,5739736,8130799930,5768578,fulfilled,Executed,Grr6…x1jS,4,2UD7dJhJwGE2DC2kRSjf8kzJk5p49dSUMjQVzxWenp89fRvX4DR1mksWa9nbkFYuP2DRdRhSAYECXKXniq6WiiLU,,cleanup
2026-10-09T11:49:50.722995Z,0xc300b99358cca2d6a6c205029f236caa215298257ecbd45267ef81b65b1d7044,GikSpMABHu6MJERkF3N9GMmwPXfEBxABjChVkK1W9ji4,NKEda5nHhNGgjrE9nDdMvaEmkmJ96qqxzBVZEcKmjSg,11111111111111111111111111111111,NKE,SOL (native),sell,15859,4938086,15859,4957750,fulfilled,Executed,Grr6…x1jS,112,63AZYBftQYUVd9ZzENse8sE7rSrUjp8HoNmb7xmJdjHTiz9WozMstCgu6TPbb4tRxVc1RkzRLqNLRryK8M7jhnVv,,cleanup
2026-10-09T11:50:18.278256Z,0x01b2b79dd7b8c1192cd7d70e19576a052edec0400d0eef50efa56ca1afbb4a03,EDimKwHuMtcwxxbAfQPT3EaH9CPpyTLARxLRRwiZV26v,4sWNB8zGWHkh6UnmwiEtzNxL4XrN7uK9tosbESbJFfVs,11111111111111111111111111111111,xSOL,SOL (native),sell,7426988,5032157,7426988,5058050,fulfilled,Executed,Grr6…x1jS,-0,vvVEzyA1HcigHTQcqb4QAyhAjfySxat2LAJV5Pbn3bmiGca5hSsZPdESdK97dE5SD13LoZ2FhCkxA19nTkwy3Mv,,cleanup
2026-10-09T11:50:18.723237Z,0x0fec02d4a92d7b64239705fa60e4f8d79d39ee03f17c37353dd5a036fe754753,EDimKwHuMtcwxxbAfQPT3EaH9CPpyTLARxLRRwiZV26v,J1toso1uCk3RLmjorhTtrVwY9HJ7X8V9yYac6Y7kGCPn,11111111111111111111111111111111,JitoSOL,SOL (native),sell,4209245,5461929,4209245,5489382,fulfilled,Executed,Grr6…x1jS,4,1X3KXdXjqKRSgGm7D5TMxJwwuho35V4xXKWzUKmRHSYhay5cNck4E7DiiSjNZ9hZRtx9QZTy53wNwSER7eNhdyS,,cleanup
2026-10-09T11:50:19.261784Z,0x4fc397dc6333f4b0836c9f8c2a3e04914e38c9b1fad8ad5dad7b96360fe97283,EDimKwHuMtcwxxbAfQPT3EaH9CPpyTLARxLRRwiZV26v,Xs7ZdzSHLU9ftNJsii5fCeJhoRWSC32SQGzGQtePxNu,11111111111111111111111111111111,COINx,SOL (native),sell,314169,4947214,314169,4974279,fulfilled,Executed,Grr6…x1jS,4,5cSP7C6tnyn266aa3KKFM89qGeHZgScBN1GPxeACCJWKDLff4M2nq9xL2CegqZEwMUb8FBVNHFZN2B34fcv6vjtW,,cleanup
2026-10-09T11:50:30.316672Z,0x17cab3785fe54b8fb4fe2cf07e57ecc5ca5987ae051b5fae73924aa4ef6e21d0,EDimKwHuMtcwxxbAfQPT3EaH9CPpyTLARxLRRwiZV26v,XsDoVfqeBukxuZHWhdvWHBhgEHjGNst4MLodqsJHzoB,11111111111111111111111111111111,TSLAx,SOL (native),sell,168042,5714035,168042,5744711,fulfilled,Executed,Grr6…x1jS,3,4eb4Nkb24U8R34ms4VQxeQc79TyhfCBTJfGD5zAbovHPZYVpoToyaXgCaWX8syRmSXUFYxr4ZWuc2hHKJCWaEbyX,,cleanup
2026-10-09T11:52:09.415066Z,0x0f24b850fd6a0a53ebe228edb95f85e589fc87d0b78830f059b8f1833fbd54a1,AQtmpjmjjZTzzs5W2Ld4gPteDe1teLKMpwj3v5GAv7ef,Eg2ymQ2aQqjMcibnmTt8erC6Tvk9PVpJZCxvVPJz2agu,11111111111111111111111111111111,PUMPCADE,SOL (native),sell,42514040,5106908,42514040,5170762,fulfilled,Executed,Grr6…x1jS,4,4eJ8PuT3yxJ4eJVuZ77LkzXuePTZNvKRaY2MAwhet9u5vk5S3y441cXqDHgb2EW5eCXwnfAhmfBfCgNTYo8uAwiU,,cleanup
2026-10-09T11:52:09.666045Z,0x98ad9bf8fa92e2dbe84ee529798739d24aa70daa30879124c75b6cb99a84d4ef,AQtmpjmjjZTzzs5W2Ld4gPteDe1teLKMpwj3v5GAv7ef,EicWvteVi2fWepEzS3FYWsnuPoP6caZfjnKqNvydLjCH,11111111111111111111111111111111,LIT,SOL (native),sell,15151495,4878543,15151495,4904114,fulfilled,Executed,Grr6…x1jS,3,aBY9TKNcbNvarVaBXYJfybhXu1UYWAgLxKP7G9Doy9jyviPg9b9iD4qmxDPydf3Ej9e3mh2QaS5q3w3JnMNq812,,cleanup
2026-10-09T11:52:23.753340Z,0x71a5fc25e1ce1df5d99abe1aa3095bd7b0ee8b5a31bd46ccf6e2f9d5d7f58ddd,Dy1CJYGtZBZBsAqe13BPSYqDy1pyrThHBi6g2zTVASd1,mSoLzYCxHdYgdzU16g5QSh3i5K3z3KZK7ytfqcJm7So,11111111111111111111111111111111,mSOL,SOL (native),sell,3190000,4466952,3190000,4489401,fulfilled,Executed,Grr6…x1jS,5,e8oC1M8dN7Sun7AS8My6asboMcqpmYYhKFy85FoKEFniMzYqLLHBhUmzJGfNE1Le7t72pMexgQe5uuPMvVs7Bg2,,cleanup
2026-10-09T11:52:26.426838Z,0xf1de73e5b7b92f30a03d21c08d6ed00257fc6b7b9146ce78dc99910a25e1d77b,Dy1CJYGtZBZBsAqe13BPSYqDy1pyrThHBi6g2zTVASd1,XsoCS1TfEyfFhfvj8EtZ528L3CaKBDBRqRapnBbDF2W,11111111111111111111111111111111,SPYx,SOL (native),sell,81403,5681747,81403,5712471,fulfilled,Executed,Grr6…x1jS,3,5hUNo57ZDMYL57jUhY2GTH6a42fCdr3UZG2LsN4KVCQWLfs7gcrRCALKyhni2AwHbDpgxDQ4vcxFSyVH1sGdPNsv,,cleanup
2026-10-09T11:52:34.943716Z,0x5e00b352d8ada33c9fddbbfe8d3a33447919c0d17aebabe60c24f719b5ba19fc,5akdWDVyHEWgFASL9q18W1wvJcy546hL4EGfPF6Hiwrd,2zMMhcVQEXDtdE6vsFS7S7D5oUodfJHE8vd1gnBouauv,11111111111111111111111111111111,PENGU,SOL (native),sell,74106465,5366325,74106465,5392050,fulfilled,Executed,Grr6…x1jS,8,2LTyTJMfKvWLWECeKnjGspjd8wmmwXo5rU8midngRZusPjY7cQw6egKyjS4UUEB2haXsM5iWpg7VAgC1isce4x3q,,cleanup
2026-10-09T11:53:03.173708Z,0x2c6f08666b9863461b85f1b44e3d8bec0451ca32e5f889a1fada714865c5428e,7wPqkLkFafKQZEkqFhbCP2c9vapCvxmbM7AcKRgMT8u6,9BB6NFEcjBCtnNLFko2FqVQBq8HHM13kCyYcdQbgpump,11111111111111111111111111111111,Fartcoin,SOL (native),sell,7247783,10641534,7247783,10696546,fulfilled,Executed,Grr6…x1jS,10,y2ScMv7xXJcgvRzjkZtqpeWMGxpnBnT4ZVd12hFjbTgjMDQs5ioyw4bAftQteDd5UKWxzxVSiyrHRgvMMAqG3DJ,,cleanup
2026-10-09T11:53:38.413319Z,0xe620ec8fae500118c7bef3892db8420918021dc7fa2be4ab561698b0dc1c0527,AEZeUZRrPrAJ94wX66QCy4hwNYQyM4SR9tzQzUjg7UPX,hntyVP6YFm1Hg25TN9WGLqM12b8TQmcknKrdu1oxWux,11111111111111111111111111111111,HNT,SOL (native),sell,109915146,5031212,109915146,5056168,fulfilled,Executed,Grr6…x1jS,6,2RKQ4uWmXUHVNtCiDscUGmJ7XpmEsKRMeTbr9hoZJFeem6vvG5jLh8MgjyzCMN7EUDxT4FiZTchiXWsnBCkQ8fVr,,cleanup
