created_utc,uid,owner,sell_token,buy_token,sell_symbol,buy_symbol,kind,sell_amount,buy_amount,executed_sell,executed_buy,api_status,cause,solver,seconds_to_execution,tx_signature,sim_row,sim_step
2026-10-10T08:03:39.021556Z,0xfa2d971f859f074ac0ecf0ee9dec3f5f6f921996c1962ac80ec13eb25f6492a0,4p3tgZxpw2gKnJnVwQ4Ah3av47HywcXfFaXTFGNU2aTT,So11111111111111111111111111111111111111112,XsueG8BtpquVJX9LVLLEGuViXUungE6WmK5YZ3p3bd1,wSOL,CRCLx,sell,10000000,1280875,10000000,1287576,fulfilled,Executed,28da…jxyN,12,34Zk6eptXd2SatPVEYoERLDCH6rZDUxzZTm4bPnraiSvRqfQVu8o83CPWJ2cGdhRZLos8N1Qub6tEfGMnHE9GgPP,1,main
2026-10-10T08:03:40.071935Z,0x72952a8ed870422dab2e53dab6de9cf3b77207463eb7a1b65e6a2e26886f5799,BQAD73uj3XftKnCB5ZB7P67b7AvEdfLefYbLiipch5oC,So11111111111111111111111111111111111111112,Xs3oZwbHvqis4NYcf4YKWmEia2eC84wSiVrcYcTqpH8,wSOL,SPCXx,sell,10000000,669642,10000000,673009,fulfilled,Executed,28da…jxyN,41,63FttjwDtdW9EBAd6bdxG39E3rR95qmd7kEukbvRrtAJCTWjRf1B3rStBjwLapmeVg3nxWpCCzs3PnHH5sVXfTGr,10,main
2026-10-10T08:03:40.262973Z,0xd12d9293a827f18914436a3d40c30958dcae5ca66d1fe587387767187bb97080,DoD7Kb5bE6Jr7Eq2JTdYwfLn7718RzpYxKyQen2rxiBQ,So11111111111111111111111111111111111111112,Xs8S1uUs1zvS2p7iwtsG3b6fkhpvmwz4GYU3gWAmWHZ,wSOL,QQQx,sell,10000000,145053,10000000,145772,fulfilled,Executed,28da…jxyN,41,61g7zTfm1Bx1KAsodcfCWaY1Q4YHjt28EtGjXz8kE2HVhExiaJyw984fzEgLvPcacMMvZ4PcvJdp2pa7vanMJu9,19,main
2026-10-10T08:03:40.372835Z,0x2bed835ee847e4ebb1cd9e6b7894b8cd6c4e9376fff9f69b8b98b66572511eaa,AM6Qwi3vwMCGpRbJ55zDatByeAtsbcfXvXBh77be8C9T,So11111111111111111111111111111111111111112,Xsf9mBktVB9BSU5kf4nHxPq5hCBJ2j2ui3ecFGxPRGc,wSOL,GMEx,sell,10000000,4081292,10000000,4101801,fulfilled,Executed,28da…jxyN,4,wo92mgD9K48yrMzU81snogn5XxHB3sRu7MKn9CDqC8DjjATUWv5pDH4Su51uU6nvkKLsduhkTBbz939HMsiwv6p,37,main
2026-10-10T08:03:40.464306Z,0x3d95a0e224dc3f0c8ca5bb11ff1c5e9c242731c5ba4d0b96b262db519dcc873f,7RqUGHCV2tngEBctNc8o58nPDy6AsYzsUHAW2JgA2XX9,So11111111111111111111111111111111111111112,XsqE9cRRpzxcGKDXj1BJ7Xmg4GRhZoyY1KpmGSxAWT2,wSOL,MCDx,sell,10000000,451602,10000000,453871,fulfilled,Executed,28da…jxyN,3,2BzeSLj1jaBDVixCDedS5CxHHrxBhMUjGigyGmj5KXDav7eHwePNHv56uaDKERnbG6ejwDGQcdytuVG3FdkkZPVE,46,main
2026-10-10T08:03:40.666114Z,0x09fbb91676b05dcf7487ff81a0fff1363c9141d9d6d47f40f663572a04b069c7,FjcXArDzUrBTJ1Lv6Yc8n9atjkNYaxKosVjn6VSxZTrK,So11111111111111111111111111111111111111112,XsoBhf2ufR8fTyNSjqfU71DYGaE6Z3SUGAidpzriAA4,wSOL,PLTRx,sell,10000000,522690,10000000,525335,fulfilled,Executed,28da…jxyN,10,553QoJgfLX2qGXbJhUgDxtbvQZy8PZET6P78ueTR3faHzqmF3F5sZDzLFmeifYtDRoj6aN31rd387F3XFkD5aLMk,55,main
2026-10-10T08:03:40.867228Z,0xe39cee617a3297c8e85c8a1ed734e2a5b53e503f4b2a3905bcfabf87474b2474,HTsxGEXBSe8rdUJjtW7e4v4YChNXTVmLQXuqBvvQtJuF,So11111111111111111111111111111111111111112,XsjFwUPiLofddX5cWFHW35GCbXcSu1BCUGfxoQAQjeL,wSOL,ORCLx,sell,10000000,759932,10000000,763778,fulfilled,Executed,28da…jxyN,10,2GJFuEWV525KBk47pUFb4UhQkmPbmmokwNkBeYWhqVGi5W5NeL2PFPpVXUh55uJRFX8FQoauKM2G7UhziAq4LzEj,73,main
2026-10-10T08:03:41.082781Z,0x420afd308159fdcc4cbc914435ad334db3daae6e2d4ebdbdb3e8c4a6ad951d97,GcY8jk3HeHLDmdPa8wRVnHkn8f77frWdZxRWr6rrdyus,So11111111111111111111111111111111111111112,XsgSaSvNSqLTtFuyWPBhK9196Xb9Bbdyjj4fH3cPJGo,wSOL,AVGOx,sell,10000000,294547,10000000,296038,fulfilled,Executed,28da…jxyN,10,2NjET6WjZETDY4w85Dnh4vKAxWHUQZJ9CwMA3RsNFyjG1gZUisRqwYeLgJtdt3TLymkNzXq5Px6L9mmkfjXNzGeG,82,main
2026-10-10T08:03:41.218454Z,0x813aba1812a802d469d9839b2102e100420c2cb21793f04ab2e2e871b78c7817,3FHY6qZALHavE387YcUMyqFYdYCiR5PbLSxdQBpwR6JK,So11111111111111111111111111111111111111112,XspzcW1PRtgf6Wj92HCiZdjzKCyFekVD8P5Ueh3dRMX,wSOL,MSFTx,sell,10000000,203181,10000000,204181,fulfilled,Executed,28da…jxyN,4,ejBYAz11JEcK6xFJ6jmB3XYWNYRGHNa5Du3MKYHadhMvj2XBEv7oN1jEB1bVLwbxkVL7tYTrPv94MsNyNsMH7Dx,28,main
2026-10-10T08:03:41.264712Z,0xa3b9b04e98e5197c72537f63fcc492d878e12f53f0393ec9c2b6b30fbe1b3fb9,CaMSDEBp5zy2QxSYqDxqbk28qxFwzLXiNdFJiv9TKqhU,So11111111111111111111111111111111111111112,XsaHND8sHyfMfsWPj6kSdd5VwvCayZvjYgKmmcNL5qh,wSOL,XOMx,sell,10000000,632619,10000000,635820,fulfilled,Executed,28da…jxyN,10,4YYpnNew9P4amAh4ecuhmSCtWKEakGmnwc9zcUtKmaGiJKDyt9KSZXRsGeuNDaGeGFWo63SDFsnv7mQawBg3UMzG,91,main
2026-10-10T08:03:41.476708Z,0x7d700cafe8f88efa73a55ba5b7ec8c0f635b2da80f88139e2ebd206d1aaed102,BPmy52DKPodqoSUirZUBedULujAZr6s778i4hc153r1X,So11111111111111111111111111111111111111112,XshPgPdXFRWB8tP1j82rebb2Q9rPgGX37RuqzohmArM,wSOL,INTCx,sell,10000000,1042959,10000000,1048199,fulfilled,Executed,28da…jxyN,4,2zYUUTmHV8uGxCRYMyk3Fh5LbUhbqviVfDRwS1etakPU3d28xjQy3EGJdCvCFd897mxTLv2Egp8MhbZ8wNBg48Ro,64,main
2026-10-10T08:03:41.767990Z,0x4ccc13c7351aa85efb879d5f19f310cfcb0a002c818b3f9c1286521537d3fce9,91V7pVaQyARieyPXcNpxQZdqk5KoH7P1vgg2YHNBfSti,So11111111111111111111111111111111111111112,XsAsZLF4MmsvS1sDxRMrUz7REjHfwbC9UAMXSRBqgEB,wSOL,UBERx,sell,10000000,1545653,10000000,1553476,fulfilled,Executed,28da…jxyN,9,3yUej2fQi9FvgXahf2ZMMUeVNY21S1QPRpWJfpjBDE3taSZgpyDPg83t5xky2VhqFQTqDPqoobUERfWaF4gcMxbk,116,main
2026-10-10T08:03:41.962248Z,0xe3bedd1b46b7b98d86783df7aad472277d442cba73fc791358592825c91b657e,AQHstwk1uwAEnz8JE41HEbbD1EaPBjBwtid2qbo1Q3KD,So11111111111111111111111111111111111111112,XszvaiXGPwvk2nwb3o9C1CX4K6zH8sez11E6uyup6fe,wSOL,UNHx,sell,10000000,278653,10000000,280024,fulfilled,Executed,28da…jxyN,3,22AUHJZgid74eG2sKQ15uDm3KycyG2bWS7TmHEWpLdGEZWWmWSjHqsdPjhDXFhXrK2ERiRnLhKeixWgedPZaFo98,100,main
2026-10-10T08:03:47.124488Z,0x12dafc5312280bdedfb9ced4f460054b00f91b910415b5c724e6be0e655366c9,AM6Qwi3vwMCGpRbJ55zDatByeAtsbcfXvXBh77be8C9T,Xsf9mBktVB9BSU5kf4nHxPq5hCBJ2j2ui3ecFGxPRGc,11111111111111111111111111111111,GMEx,SOL (native),sell,2850000,6898531,2850000,6933196,fulfilled,Executed,28da…jxyN,4,4DLXxjX9DginhEkp8QYxehbHCQY8fd6KEjpHzL8jzsr2QXTctBmcisEjBwVMFxuEMnFTdj1hQhjf2182j9JcxDXX,38,main
2026-10-10T08:03:47.307514Z,0xc93cbcb14845cd6b9dbd9e4a0b44feaa6f7d9d6c7f559758c426b3bcbe5d542b,7RqUGHCV2tngEBctNc8o58nPDy6AsYzsUHAW2JgA2XX9,XsqE9cRRpzxcGKDXj1BJ7Xmg4GRhZoyY1KpmGSxAWT2,11111111111111111111111111111111,MCDx,SOL (native),sell,302000,6601824,302000,6634938,fulfilled,Executed,28da…jxyN,4,2RfTy6S5idE1CSyUCXybHyK8NHvmccP9Ao3wruJU6UroKK4Xqv79qiCiAk3Ax6tM37e2hGEYw2iM9mdyodfzH1hi,47,main
2026-10-10T08:03:48.831278Z,0xf08dfba50cbef2b4fd98e0699afbb412f0436e1a05ccb188e7b96560e6a45496,3FHY6qZALHavE387YcUMyqFYdYCiR5PbLSxdQBpwR6JK,XspzcW1PRtgf6Wj92HCiZdjzKCyFekVD8P5Ueh3dRMX,11111111111111111111111111111111,MSFTx,SOL (native),sell,132000,6415996,132000,6447881,fulfilled,Executed,28da…jxyN,2,3u8qePG9u6fSAdieAnTmSFDwLXWZMkyzduVGWHTgpVf5N6tAF51GLcYxzavZxQk2Zqr7qCcWEHgDr4iL3Yp1Urfp,29,main
2026-10-10T08:03:48.969576Z,0x613896ffba97663656b9c6d0dd0432dd200fbfaf86c4c98f58f6f7466e5750ad,CDY1rvEes25vx7DZwxp5BRSgAewDQMgwBExfAMEymdMC,So11111111111111111111111111111111111111112,XsfAzPzYrYjd4Dpa9BU3cusBsvWfVB9gBcyGC87S57n,wSOL,NVOx,sell,6663541,1864101,6663541,1872679,fulfilled,Executed,28da…jxyN,2,3FVKbL9TzTY5E9WvnHbTDqkguRCi98s1GNx5SjQjNZD4AEiYhyV9qSD5awj3F18Qwk78Zt9EEE8LMcCKPCMJKVku,110,acquire
2026-10-10T08:03:49.001474Z,0x4877d736b00ed78b4008a84fbf9eabf8a5df6d7572a5478e162ce29ca5763a0a,BPmy52DKPodqoSUirZUBedULujAZr6s778i4hc153r1X,XshPgPdXFRWB8tP1j82rebb2Q9rPgGX37RuqzohmArM,11111111111111111111111111111111,INTCx,SOL (native),sell,614000,5805883,614000,5835058,fulfilled,Executed,28da…jxyN,2,3n3ADtMsXqLZHhHZHJqUJyv6GoCYBZa1dm9R3xwiCM9ybm9JWL5BQTMswgPdiJ6Saydm65uDT7W3dPkyWoPZ6tBD,65,main
2026-10-10T08:03:50.388601Z,0x51957ca7d373d24ce7450e20199489a79d04c13a3eb9655c54347d30d615e0a0,AQHstwk1uwAEnz8JE41HEbbD1EaPBjBwtid2qbo1Q3KD,XszvaiXGPwvk2nwb3o9C1CX4K6zH8sez11E6uyup6fe,11111111111111111111111111111111,UNHx,SOL (native),sell,185000,6521478,185000,6553980,fulfilled,Executed,28da…jxyN,1,2K5n4KDTvbSnTx7NfLz3YSNUBrh2mRkD1KTZBAntDZYif9PnT8N6n25Gg4YQCoTkfxr2UCEzb55u9XdVCByoAARC,101,main
2026-10-10T08:03:53.961201Z,0xe3e73e82d5b39c081dfef3e9d4fa106b4cc5bca18079a605d4def7c37d799ad9,FjcXArDzUrBTJ1Lv6Yc8n9atjkNYaxKosVjn6VSxZTrK,XsoBhf2ufR8fTyNSjqfU71DYGaE6Z3SUGAidpzriAA4,11111111111111111111111111111111,PLTRx,SOL (native),sell,361000,6822682,361000,6856981,fulfilled,Executed,28da…jxyN,2,3ULP95pzQAkteiyE6CdLekt86dDvNr9QZwVGVNG6ky4HCbP5qxsPf1YLYHGp7yzFK4kWwKEWSAG8HpfTiWW4N8fS,56,main
2026-10-10T08:03:53.998410Z,0x55bef221072f0f25d180a40988f86aa7b4a4923cbe313b5e504fc2dd99fc12af,3FHY6qZALHavE387YcUMyqFYdYCiR5PbLSxdQBpwR6JK,So11111111111111111111111111111111111111112,XsCPL9dNWBMvFtTmwcCA5v3xWPSMEBCszbQdiLLq6aN,wSOL,GOOGLx,sell,10000000,309489,10000000,310922,fulfilled,Executed,28da…jxyN,1,3BJC2zgfjupXW1r7o37pG9izGtJ2VBnsUqfmN8yrLjn2QCcBwXm1asVQSrQavJZnRi3Z91VwA7LXc2XdBW5wu4Qn,31,main
2026-10-10T08:03:54.549971Z,0x658503fd49d373c87acc8365df3f633852333c6d45695e5c7edfc7d9d032584c,HTsxGEXBSe8rdUJjtW7e4v4YChNXTVmLQXuqBvvQtJuF,XsjFwUPiLofddX5cWFHW35GCbXcSu1BCUGfxoQAQjeL,11111111111111111111111111111111,ORCLx,SOL (native),sell,489000,6234006,489000,6265348,fulfilled,Executed,28da…jxyN,1,4Q6SvLeQM6McvFswCdUrzkAC6mShkFq4iRR2gYnV7GTQ15Mq4d6hab6v4k7E53TE5zAKhVbq2xU7W7pFqnXWAbPE,74,main
2026-10-10T08:03:54.815368Z,0x442d53ec52bb991a936d15863507132de3a44cf20f64fcb07e1d40da2b737328,BPmy52DKPodqoSUirZUBedULujAZr6s778i4hc153r1X,So11111111111111111111111111111111111111112,XsaBXg8dU5cPM6ehmVctMkVqoiRG2ZjMo1cyBJ3AykQ,wSOL,KOx,sell,10000000,1215198,10000000,1221295,fulfilled,Executed,28da…jxyN,0,5MUvXJSTEtWmtGjebCRcHbPwiBKuGVtqDhukMZHHUbHnYz5jwBu2iYcTHSzxoRvQD3JLz5gMbyn4kU3e7e2Ncqom,67,main
2026-10-10T08:03:55.045479Z,0x411ffef2b716deec03aceb616282e4e5f66c07b54fae97c024d198ac8462d197,GcY8jk3HeHLDmdPa8wRVnHkn8f77frWdZxRWr6rrdyus,XsgSaSvNSqLTtFuyWPBhK9196Xb9Bbdyjj4fH3cPJGo,11111111111111111111111111111111,AVGOx,SOL (native),sell,188000,6181274,188000,6212350,fulfilled,Executed,28da…jxyN,1,5mD7S3KBbwdXS1YikVexWE1YqkycwZ51LnaQaGVTgUux51hSPbUGjL3ipeUzUM9P5vvB9YaddxEEdLnRNkDshyA3,83,main
2026-10-10T08:03:55.542967Z,0x6031d3e150c215419d93e870eba07c669398166912ad93606dcf7915511cca0a,AM6Qwi3vwMCGpRbJ55zDatByeAtsbcfXvXBh77be8C9T,So11111111111111111111111111111111111111112,XsvNBAYkrDRNhA7wPHQfX3ZUXZyZLdnCQDfHZ56bzpg,wSOL,HOODx,sell,10000000,999934,10000000,1004602,fulfilled,Executed,28da…jxyN,0,3kBZWX55ZzkSg5nKiz6J3YjvRh3HgCBKrkG8Rvr8EWRAFzkRp2jUPtyP1EFWYCFzPw1cYMouZQ6cZzi14rbhaExQ,40,main
2026-10-10T08:03:55.943299Z,0xb18435860584e1083ce556b184d7da9ed075f1aeec28606f2ee0666c1682c802,CaMSDEBp5zy2QxSYqDxqbk28qxFwzLXiNdFJiv9TKqhU,XsaHND8sHyfMfsWPj6kSdd5VwvCayZvjYgKmmcNL5qh,11111111111111111111111111111111,XOMx,SOL (native),sell,427000,6536759,427000,6569464,fulfilled,Executed,28da…jxyN,5,278UQA3MRBm9jQKV7n4pdyzZHryxZyMgyscoH4YxFraeprPoKuyco6ZYERkDJZbD71GezKpEHwixwhFmVaDUmPH2,92,main
2026-10-10T08:03:56.051185Z,0x4315c66821bf245da9ca765b3ad9725a5af258a589d2033ced58fb38c57ee60a,91V7pVaQyARieyPXcNpxQZdqk5KoH7P1vgg2YHNBfSti,XsAsZLF4MmsvS1sDxRMrUz7REjHfwbC9UAMXSRBqgEB,11111111111111111111111111111111,UBERx,SOL (native),sell,1010000,6331816,1010000,6363594,fulfilled,Executed,28da…jxyN,5,4ozmQU6K4Eh1mpm8M2MmhYx11VfAr5UkVJFLht4zzETfTCWhWtgAzc7wcEUNQsG5PWshJEbVpBh2GW5C4c2bWenS,117,main
2026-10-10T08:03:56.135640Z,0x7be48f32f9846a4e2d0ce5140d9bebf0bdefe2cd87de950c2b9dbe74e3a9ebc1,7RqUGHCV2tngEBctNc8o58nPDy6AsYzsUHAW2JgA2XX9,So11111111111111111111111111111111111111112,Xs3eBt7uRfJX8QUs4suhyU8p2M6DoUDrJyWBa8LLZsg,wSOL,AMZNx,sell,10000000,415208,10000000,417145,fulfilled,Executed,28da…jxyN,14,2P5TYZ6xe1ikTnfgsHspLV8pX43e9QHHafNui8Pk6CQbeQMUEQciDHgnfNF3TbyFSzEqUoeC7dBmfQSAaUBoVfDy,49,main
2026-10-10T08:03:56.447978Z,0xbd488f2b0e5a3efc7ffc87f6c1ac86f35dad1fa709732d07bcd5c1da51c55aab,4p3tgZxpw2gKnJnVwQ4Ah3av47HywcXfFaXTFGNU2aTT,XsueG8BtpquVJX9LVLLEGuViXUungE6WmK5YZ3p3bd1,11111111111111111111111111111111,CRCLx,SOL (native),sell,863000,6657562,863000,6690514,fulfilled,Executed,28da…jxyN,5,r4YNEiYgk2VNMJwNkQHr3G5iHmDBeiWoAGKjKm6a1zZjNpScyvagoEtMDeahfsNMt3yWdcQJAYa13sqXiDsFDhr,2,main
2026-10-10T08:03:56.753920Z,0x4c272b40326a3299fd9c66333b69ef85e0339b1b2f41eba805603c90bc6f3259,CDY1rvEes25vx7DZwxp5BRSgAewDQMgwBExfAMEymdMC,XsfAzPzYrYjd4Dpa9BU3cusBsvWfVB9gBcyGC87S57n,11111111111111111111111111111111,NVOx,SOL (native),sell,1810000,6314489,1810000,6346220,fulfilled,Executed,28da…jxyN,4,32hRPgygGNYcfhiJXRqxWW3mj7sYgammYs9Ujpmfj8wEA7gYabVCXpmRkSt9wGubZBz1iEJmrtAzKBS7mi5Gqqcn,110,main
2026-10-10T08:03:56.916536Z,0x548e1802a3a7bd53c22df52a2745ae6f796eed36a579d490ed2b5ef03fb83ce8,AQHstwk1uwAEnz8JE41HEbbD1EaPBjBwtid2qbo1Q3KD,So11111111111111111111111111111111111111112,XsafvsGtzFqqHgTnA3aPC83EAMkacU5mcGtcSayhpVV,wSOL,TSMx,sell,10000000,238388,10000000,239645,fulfilled,Executed,28da…jxyN,4,Mz2uZGJxHWwc3bKbc8bcwv9Nhd12htUhDC9f3K5bnqLX4NJ87fLW2TmatL8hv2TKsxHGfL98KkY3EWNBLGTzFBk,103,main
2026-10-10T08:03:57.568761Z,0x2d4e6cb993ed97a772b96aaedc83aa18542a03ef7b03eccac5420de807ac3c02,BPmy52DKPodqoSUirZUBedULujAZr6s778i4hc153r1X,XsaBXg8dU5cPM6ehmVctMkVqoiRG2ZjMo1cyBJ3AykQ,11111111111111111111111111111111,KOx,SOL (native),sell,811000,6585076,811000,6618166,fulfilled,Executed,28da…jxyN,3,5TtdLsnTwPRL1KbMxvzcaupXBdMCCN8P9mhSMfo1xKXjkx453AcV2TqdMGvxRWZx4reKPmdNcnA2NSonx1HguSwz,68,main
2026-10-10T08:03:57.779099Z,0x8ffb9163bca101964c884179a7e4bdae8f5922379484f17f3aee1cf5ced89bcd,FjcXArDzUrBTJ1Lv6Yc8n9atjkNYaxKosVjn6VSxZTrK,So11111111111111111111111111111111111111112,XsfCC9VL4DamVGNgdJpfLXB3sBVa158Gbx8sh7NzmTk,wSOL,VIDAx,sell,10000000,77340506,10000000,77723707,fulfilled,Executed,28da…jxyN,7,4TkbiARxdniSPYyk2d4XPGySTgv1udWNKyMJYXCCpcqiLKqgQbeqd4iHqcyboakB6wbrhFf1sRJmrGTq5bWtd9eP,58,main
2026-10-10T08:03:58.637964Z,0x6f7795278eb46471aea9d2e66b06163ff3797a02fbab2f10d8efdaed128746ed,HTsxGEXBSe8rdUJjtW7e4v4YChNXTVmLQXuqBvvQtJuF,So11111111111111111111111111111111111111112,XsQLZycSZ7QnBBdBXQaTbQdiUcbRqjNJgyBGAMzhHav,wSOL,MUx,sell,10000000,101441,10000000,101949,fulfilled,Executed,28da…jxyN,6,3hQKt8GQN7Eq3PXeftU9ob3C94QVAb1hFaPBBP7zgY1h8W1S5s3p3TfXdRZ6TUKNajzXUvJZ14aQLsBvKTxWwhru,76,main
2026-10-10T08:03:58.997178Z,0x0a1cd906286000b2c564cd1b6bd8ab9dacf9f64927ac4fdfe3adcd537c08ce8c,GcY8jk3HeHLDmdPa8wRVnHkn8f77frWdZxRWr6rrdyus,So11111111111111111111111111111111111111112,Xs151QeqTCiuKtinzfRATnUESM2xTU6V9Wy8Vy538ci,wSOL,WMTx,sell,10000000,971747,10000000,976580,fulfilled,Executed,28da…jxyN,11,2XY97PERuF6yo2aK4MPqy33r6uqUdeGxhQPy5e7onvP1q9LyJZk1wVKFZx1BistkeourY9vE6T719DKQY9p46w89,85,main
2026-10-10T08:03:59.753324Z,0x7a330061d114031a422cb062f8cbf05d59d9520761d687b4978bcd393588b4f7,3FHY6qZALHavE387YcUMyqFYdYCiR5PbLSxdQBpwR6JK,XsCPL9dNWBMvFtTmwcCA5v3xWPSMEBCszbQdiLLq6aN,11111111111111111111111111111111,GOOGLx,SOL (native),sell,199000,6349282,199000,6381187,fulfilled,Executed,28da…jxyN,1,4i7JkcS3vszx56hwNgcAxCiRFWj9pP1ePaksiqMZUaupR2xbgdgJkqedj9CiGB47ZFib4QJqJBwokWEXqfqXkRCJ,32,main
2026-10-10T08:03:59.859160Z,0xdbaff8048b045eab61bd7aa1e42e6641da568048d81bc26764b2f6eb20f39cb9,AM6Qwi3vwMCGpRbJ55zDatByeAtsbcfXvXBh77be8C9T,XsvNBAYkrDRNhA7wPHQfX3ZUXZyZLdnCQDfHZ56bzpg,11111111111111111111111111111111,HOODx,SOL (native),sell,637000,6286162,637000,6317730,fulfilled,Executed,28da…jxyN,1,As9WGesLuHBYFSHCYRuXe7EADrbfdTJ6TnmMdtoULcfcXb2KhhiJYWmMDwWGACi4zxy89tBuznyt8QLsfiDAkfW,41,main
2026-10-10T08:04:03.355928Z,0x4b949d8cdc44320ba14360fbc6d87f40917846e237e7972963b01e75bdd326d1,CaMSDEBp5zy2QxSYqDxqbk28qxFwzLXiNdFJiv9TKqhU,So11111111111111111111111111111111111111112,XsXcJ6GZ9kVnjqGsjBnktRcuwMBmvKWh8S93RefZ1rF,wSOL,AMDx,sell,10000000,178915,10000000,179832,fulfilled,Executed,28da…jxyN,8,SfXCBd4PbgfRuXjfyuRxWUvGQNz8rQiBpd1xMAPQTr3Zgc7xiWV44QsVpm2GLaHTDnGahSuyYHvvktagSmTyoT7,94,main
2026-10-10T08:04:03.826023Z,0xf0f7f9a8c9e87971c3076bc8e4c7e452d44807cf374f524dfbc3f5e6e7404b17,91V7pVaQyARieyPXcNpxQZdqk5KoH7P1vgg2YHNBfSti,So11111111111111111111111111111111111111112,Xsnuv4omNoHozR6EEW5mXkw8Nrny5rB3jVfLqi6gKMH,wSOL,LLYx,sell,10000000,90699,10000000,91151,fulfilled,Executed,28da…jxyN,2,4GLhi8paZmsMpQvL2AYsTm6HEbWVsaXi69KRRyiWonPvgeBvJAxi24UbskMs2aqF9ZmbKDTA1b2WefxSd9jU35UK,119,main
2026-10-10T08:04:04.614680Z,0x9a7085a141cf0d1b34f4013c3034305fc3abbdc73b5a15da2c71d8222945619d,AM6Qwi3vwMCGpRbJ55zDatByeAtsbcfXvXBh77be8C9T,So11111111111111111111111111111111111111112,XsbEhLAtcf6HdfpFZ5xEMdqW8nfAvcsP5bdudRLJzJp,wSOL,AAPLx,sell,10000000,323889,10000000,325447,fulfilled,Executed,28da…jxyN,1,J6q9nm2CaibuMpf9XEMEBh1nA6xtkssja5YZVHaFtn3KFX92kVs1feGfKQEyHxkxRpNs6o279SQurENt8y9wDKP,43,main
2026-10-10T08:04:05.001342Z,0x6876adbbc6c5df316820186d7d16ef32416b032c0db1205c72447f26ee4be4dc,4p3tgZxpw2gKnJnVwQ4Ah3av47HywcXfFaXTFGNU2aTT,So11111111111111111111111111111111111111112,XsoCS1TfEyfFhfvj8EtZ528L3CaKBDBRqRapnBbDF2W,wSOL,SPYx,sell,10000000,139400,10000000,140069,fulfilled,Executed,28da…jxyN,6,4eZco3hhbWQgWuCBcQCvuFSy7yaR2rL4RWkoKHTes2va9rjcT3HQuMYxR5ivi8A8PnvithxisqBaf41DDH2yoYQa,4,main
2026-10-10T08:04:05.127272Z,0xcc14f6a4feef7a2bb163beedc51f0848302f6bb5f485a63b4987427fd78e5049,AQHstwk1uwAEnz8JE41HEbbD1EaPBjBwtid2qbo1Q3KD,XsafvsGtzFqqHgTnA3aPC83EAMkacU5mcGtcSayhpVV,11111111111111111111111111111111,TSMx,SOL (native),sell,149000,6083961,149000,6116284,fulfilled,Executed,28da…jxyN,-0,2E695YMtUfC971S2bvJSfZinCzowaGVm9eMM9crFnXpi2aPrtgYdF8rsMqcfzQipWAtpK1tAK3ouCwSU5UgZ4zVH,104,main
2026-10-10T08:04:05.568240Z,0xa86b4ce1bc2b70adeaf6d6397291ae38795b6571b70aba74de9a3d8045d1795d,3FHY6qZALHavE387YcUMyqFYdYCiR5PbLSxdQBpwR6JK,So11111111111111111111111111111111111111112,Xs7ZdzSHLU9ftNJsii5fCeJhoRWSC32SQGzGQtePxNu,wSOL,COINx,sell,10000000,604974,10000000,608015,fulfilled,Executed,28da…jxyN,4,2t6SAJ76LoMhPDHH88RciVKG5WA5sF9BKPvtAUXPh7QFFsy3bSqU4KBMoDA5BiL39kyME8UN7Ps7nZhtX2Hxk69R,34,main
2026-10-10T08:04:05.902542Z,0xc76ac4d189ab0342396963f2b9a172f7492695123815e9b8f0302516d2bcce9f,CDY1rvEes25vx7DZwxp5BRSgAewDQMgwBExfAMEymdMC,So11111111111111111111111111111111111111112,XsnhgGRQwhExfS2bmWzR6EYddKGPRGDEjeJsatkmKqU,wSOL,SKHYx,sell,10000000,609544,10000000,612359,fulfilled,Executed,28da…jxyN,16,6CevibwewabXi5jTK24AYJaye4AJZR7TWM22QRmT4o5woDUHXARioNV1rk6BEiQgWFSXmTDr6VYd4VcEitFWS7U,113,main
2026-10-10T08:04:06.354021Z,0xb6dc2b3c4b1251c3558ce1a7f623e06686b5db61249274a135fec0f0930c34d7,BPmy52DKPodqoSUirZUBedULujAZr6s778i4hc153r1X,So11111111111111111111111111111111111111112,Xs6B6zawENwAbWVi7w92rjazLuAr5Az59qgWKcNb45x,wSOL,BRK.Bx,sell,10000000,211861,10000000,212928,fulfilled,Executed,28da…jxyN,45,2axu6KU4dWu26rbjmeqWw2W46cAk5yboEDFJWyBEruBwfDmD3nnRK1HsUZkpKR1bo3NX7rPdnXiJF6ztVfvwajui,70,main
2026-10-10T08:04:07.634596Z,0x5159fcce4dd00046d4a9654f500cf6a40e758e86ac67760a70fae8f1320be829,91V7pVaQyARieyPXcNpxQZdqk5KoH7P1vgg2YHNBfSti,Xsnuv4omNoHozR6EEW5mXkw8Nrny5rB3jVfLqi6gKMH,11111111111111111111111111111111,LLYx,SOL (native),sell,59700,6374743,59700,6406676,fulfilled,Executed,28da…jxyN,3,5pjqcYj4uTGuDnijBxtoRYxFpDeoGUkxyYNkbw8ZWhcRseeSXTLoqsT37D3PrU24pV6km92kc6qa4TbgQbwv9nsA,120,main
2026-10-10T08:04:08.106552Z,0x72fffc0ba2af359cbdbdcfd83ef8df3f335b81efa077e699921800d6eb411101,FjcXArDzUrBTJ1Lv6Yc8n9atjkNYaxKosVjn6VSxZTrK,XsfCC9VL4DamVGNgdJpfLXB3sBVa158Gbx8sh7NzmTk,11111111111111111111111111111111,VIDAx,SOL (native),sell,47500000,6052073,47500000,6082485,fulfilled,Executed,28da…jxyN,3,5Lrvy2uxvepE1x8MES8VhMu99zrVxjfzAojQX7bvztphQbGBJG7Z21Sv8duQKPk4G3nRfEj7htFiZxJTCma1Fmj7,59,main
2026-10-10T08:04:08.391568Z,0xba2abb48c25b5216e1ee0c271c8737fc47882d1addfe35971f76a3507d83b087,AM6Qwi3vwMCGpRbJ55zDatByeAtsbcfXvXBh77be8C9T,XsbEhLAtcf6HdfpFZ5xEMdqW8nfAvcsP5bdudRLJzJp,11111111111111111111111111111111,AAPLx,SOL (native),sell,207000,6307140,207000,6338302,fulfilled,Executed,28da…jxyN,53,3dD1LSNX5mbFxi9zDTz8o5aRX9NpSoMSN7XMpm8ZF4QwFJubJspaKJ55DG9F9ngJ3UrvkVqiomVEwYSe6W7xQrf6,44,main
2026-10-10T08:04:08.764024Z,0x23fbbad37d29684a662c98df48e5a9af2794b9b926685e0bf12c8f6f13210c69,HTsxGEXBSe8rdUJjtW7e4v4YChNXTVmLQXuqBvvQtJuF,XsQLZycSZ7QnBBdBXQaTbQdiUcbRqjNJgyBGAMzhHav,11111111111111111111111111111111,MUx,SOL (native),sell,64500,6153893,64500,6184606,fulfilled,Executed,28da…jxyN,2,32tNmguajfdyduHvH2S9yUGi4asSsujkTYvq1KXqm8igof2qipRqFs8yrSGeswDSm1YsHmoUgu4EiQp9LeFD3ZP4,77,main
2026-10-10T08:04:10.427397Z,0x5f0af5ca88ecfe045a866335fc9e2df9f9eb4eb8dc5ce85ea2bbb2de4516e5b4,AQHstwk1uwAEnz8JE41HEbbD1EaPBjBwtid2qbo1Q3KD,So11111111111111111111111111111111111111112,Xswbpc8UqU6e1j9QZEWCjBMjyvz4twqD7PCy6j2e7jj,wSOL,SNDKx,sell,10000000,65580,10000000,65908,fulfilled,Executed,28da…jxyN,11,2KCAmtDnpExzvaDFviKYEbcmuJvhch3fsMnPr2L3gJdfeV4ncjHBy5uKQGS84CNieej11ue7a9vnWqFeshbGkojW,106,main
2026-10-10T08:04:12.203788Z,0xf463b5329700cdc9d8d3b45f253bdcaf997bed117adcec6b53ba74d957416f67,GcY8jk3HeHLDmdPa8wRVnHkn8f77frWdZxRWr6rrdyus,Xs151QeqTCiuKtinzfRATnUESM2xTU6V9Wy8Vy538ci,11111111111111111111111111111111,WMTx,SOL (native),sell,641000,6498143,641000,6530656,fulfilled,Executed,28da…jxyN,7,2wkXy6NivEgkHLrj8diJmR1dGjB7db4fBmWLjFyfvBL4VriZhS4fn6sPruiV74SxdwgMDG4GYiz64t9GiuYL3EkV,86,main
2026-10-10T08:04:13.556520Z,0xcbe2c9f2499b254e8859d9b1ea8612fdd836433a735b6135464e7e83badabe3e,7RqUGHCV2tngEBctNc8o58nPDy6AsYzsUHAW2JgA2XX9,Xs3eBt7uRfJX8QUs4suhyU8p2M6DoUDrJyWBa8LLZsg,11111111111111111111111111111111,AMZNx,SOL (native),sell,269000,6388136,269000,6420237,fulfilled,Executed,28da…jxyN,6,4bqErWBWmNwCijd7vzg1eVE1q779jKsznyzaqbtF2bQKdzpmVxtgfq4L5xHSEhRZUMmT41D1hdsVqTw6ty1cZHPW,50,main
2026-10-10T08:04:13.579460Z,0x5ce36a39a56ca4501fe50cff842205011dac175fc808ba47de16ffa0ad80c2bd,3FHY6qZALHavE387YcUMyqFYdYCiR5PbLSxdQBpwR6JK,Xs7ZdzSHLU9ftNJsii5fCeJhoRWSC32SQGzGQtePxNu,11111111111111111111111111111111,COINx,SOL (native),sell,390000,6365683,390000,6397671,fulfilled,Executed,28da…jxyN,2,3SmP2Z4pseuyieSJuR2bwbgZsyj9CYqrmyNexjDGQYf9tgR6E4fyPmfASMWbtsGLYhLfMa1TVCSLB9BxQM5T7gm6,35,main
2026-10-10T08:04:13.760342Z,0x7e961d59b190132a5f240ba485025abee33b0781dd966dd13ca6613870f465f7,CaMSDEBp5zy2QxSYqDxqbk28qxFwzLXiNdFJiv9TKqhU,XsXcJ6GZ9kVnjqGsjBnktRcuwMBmvKWh8S93RefZ1rF,11111111111111111111111111111111,AMDx,SOL (native),sell,107000,5792326,107000,5821433,fulfilled,Executed,28da…jxyN,6,3JY2AjnnWzWFxMhLkT4gGvEXwrnH9UDGUKk2FSnz1zD8Zq8G7zhuaR3ZmxfS9K48APkSfYHkPNqMZmg7oMnNH48U,95,main
2026-10-10T08:04:14.371776Z,0x3a835a16897956245a11bf71a5c2caf6cede0b4929b61f3d2a01647e32f924f1,91V7pVaQyARieyPXcNpxQZdqk5KoH7P1vgg2YHNBfSti,So11111111111111111111111111111111111111112,XsrBCwaH8c46xiqXBChzobgufRKxQxAWUWbndgBNzFn,wSOL,BMNRx,sell,10000000,4435446,10000000,4457725,fulfilled,Executed,28da…jxyN,8,2Uis4vuuiU9vUMdTJzCpufSzhJtfrPvS9TexXBJM9CMkmmh1EjMqoQrnR6LvVL7oJXxRsFFzQUEzJoerFWp3WLPX,122,main
2026-10-10T08:04:15.333744Z,0x8d1612095c49b4a39f71247496ab3bed7ae75e65a7f29e164731e150afd8e43b,4p3tgZxpw2gKnJnVwQ4Ah3av47HywcXfFaXTFGNU2aTT,XsoCS1TfEyfFhfvj8EtZ528L3CaKBDBRqRapnBbDF2W,11111111111111111111111111111111,SPYx,SOL (native),sell,89800,6366123,89800,6398113,fulfilled,Executed,28da…jxyN,5,3wdQMoWSuRt7BNkftntCkNeg6TdCVcaZrcj6hVCodTdKGNGPNXabTQ9SBkJnthm6DexpvdcRFxeqyTXSL2uyWCvw,5,main
2026-10-10T08:04:15.516918Z,0x99cc9252b79ea9f6b37643e58391bc30d6b808888d461117c28f57e7dcfd3211,FjcXArDzUrBTJ1Lv6Yc8n9atjkNYaxKosVjn6VSxZTrK,So11111111111111111111111111111111111111112,Xs2yquAgsHByNzx68WJC55WHjHBvG9JsMB7CWjTLyPy,wSOL,DFDVx,sell,10000000,23295121,10000000,23411904,fulfilled,Executed,28da…jxyN,6,2vJFBj8P1a32VQScTrndzcSQumjoVjHhajwC6bLoeq2WyJvByL1pR32uazaz9xxVwy65pP3Qugk9iLb9tD1TRsAW,61,main
2026-10-10T08:04:16.541363Z,0x828ab72926fa81c13134d5c7133e57fc414c9281251f54121b5d1ce91cfd28a6,HTsxGEXBSe8rdUJjtW7e4v4YChNXTVmLQXuqBvvQtJuF,So11111111111111111111111111111111111111112,XsjQP3iMAaQ3kQScQKthQpx9ALRbjKAjQtHg6TFomoc,wSOL,TQQQx,sell,10000000,668066,10000000,671415,fulfilled,Executed,28da…jxyN,5,afeGZGse8MfyntY2GghvUHMFbKZGbTNyJfXHjoWH2WkZLgy1eNts7SM7ZdBhzKsjxFTXu4oTkg2RVKAhUoM9o82,79,main
2026-10-10T08:04:22.571425Z,0x68e7713253ce53aaeab8b796a7cdab542cf4b96674aad67f0b90df9c77034865,4p3tgZxpw2gKnJnVwQ4Ah3av47HywcXfFaXTFGNU2aTT,So11111111111111111111111111111111111111112,Xsc9qvGR1efVDFGLrVsmkzv3qi45LTBjeUKSPmx9qEh,wSOL,NVDAx,sell,10000000,474235,10000000,476616,fulfilled,Executed,28da…jxyN,3,uZ9dDNoHGpSP4m3Ysuo4KxEboJoENHUaP25y1hzC91A7rrA1wWy85hV6LDj3n74xxYfZLzhCARZcEbrkxp1kBi3,7,main
2026-10-10T08:04:22.742063Z,0xccd9be2f37ff1a6607ffe50f1ed87f94ac010c9a7168ed9d02fb300e59e13c68,GcY8jk3HeHLDmdPa8wRVnHkn8f77frWdZxRWr6rrdyus,So11111111111111111111111111111111111111112,XsEH7wWfJJu2ZT3UCFeVfALnVA6CP5ur7Ee11KmzVpL,wSOL,NFLXx,sell,10000000,153445,10000000,154216,fulfilled,Executed,28da…jxyN,4,5JL9jcirAAr9uMK7UGTUzWxmA71v7BneVUXRu1iEYQArFofr44jyHuoh7QPapypfc5ZdobuX6bBPLj981RtQMwmD,88,main
2026-10-10T08:04:23.872719Z,0x56b446f985598134f57d4d05f9dcdc30b4ceadf33a14fbccab5ab30e031bcdd1,7RqUGHCV2tngEBctNc8o58nPDy6AsYzsUHAW2JgA2XX9,So11111111111111111111111111111111111111112,Xs78JED6PFZxWc2wCEPspZW9kL3Se5J7L5TChKgsidH,wSOL,STRCx,sell,10000000,1004337,10000000,1009350,fulfilled,Executed,28da…jxyN,2,27moqPFrUL8tPKyNJ6f1YrNieZhE217iyTErYzB54FGNKS4hyC8CcdcF3qN6TGn4m6VkT5AzxfP32omHk1KkGynt,52,main
2026-10-10T08:04:23.952220Z,0x771af694e81ede1eb6d3b448713c311ef6a132ee5cf20e497d7c46af6fb04dc1,CaMSDEBp5zy2QxSYqDxqbk28qxFwzLXiNdFJiv9TKqhU,So11111111111111111111111111111111111111112,XsuxRGDzbLjnJ72v74b7p9VY6N66uYgTCyfwwRjVCJA,wSOL,MRVLx,sell,10000000,389559,10000000,391534,fulfilled,Executed,28da…jxyN,3,uMvbXaCcnytdgusitQku1AwiPqvyuLJqQQ2E6ne5zjpejmbfK2tsdtUQgYR6gqHbjHnzSu4YAyAL1i8v4T5eipF,97,main
2026-10-10T08:04:24.454733Z,0x40759769bcad7d5d36142c1765a601692900a717963e14077c8db28fd769e450,91V7pVaQyARieyPXcNpxQZdqk5KoH7P1vgg2YHNBfSti,XsrBCwaH8c46xiqXBChzobgufRKxQxAWUWbndgBNzFn,11111111111111111111111111111111,BMNRx,SOL (native),sell,2860000,5162202,2860000,5188057,fulfilled,Executed,28da…jxyN,3,2jsMLJivJXjzSsTThteeU4f3BoSTwDHHrzHphe4D34uvNYjJdrHhY95d2Z1we5nBL8ZMRiZ2RoURud4pyTLHpTN,123,main
2026-10-10T08:04:24.476017Z,0x5dd3c6da3c3eaa8b014ef45cf78f1ea575cc123acae59d0c265668000916a9ff,AQHstwk1uwAEnz8JE41HEbbD1EaPBjBwtid2qbo1Q3KD,Xswbpc8UqU6e1j9QZEWCjBMjyvz4twqD7PCy6j2e7jj,11111111111111111111111111111111,SNDKx,SOL (native),sell,42800,5931489,42800,5961197,fulfilled,Executed,28da…jxyN,2,2mbBdhnaQAH9REvyHDshwwqFU2aUnxR2i6BSMCEjcnZ1vahTUqePisxkaJvrgxAwfLXQyTT8UPRUrdhBg6cVX8Jh,107,main
2026-10-10T08:04:24.912032Z,0x01d96271a5970d75768426c85058697dad401c96277fdd66052aaec66a171eea,BQAD73uj3XftKnCB5ZB7P67b7AvEdfLefYbLiipch5oC,Xs3oZwbHvqis4NYcf4YKWmEia2eC84wSiVrcYcTqpH8,11111111111111111111111111111111,SPCXx,SOL (native),sell,415000,6121142,415000,6150364,fulfilled,Executed,28da…jxyN,40,UTFHMuo5aoD9Pe2tbATatWzmNsJdM9cFyaLfifyY3drtokMymb2FrFYo6FkHfE1z4Vs8ZvgWF1e6iJWv7z8V7to,11,main
2026-10-10T08:04:25.326421Z,0x347d5da9a4dff7cdc286794410cf5010ed6c71ad31a78fb3fba741c29e271dc1,DoD7Kb5bE6Jr7Eq2JTdYwfLn7718RzpYxKyQen2rxiBQ,Xs8S1uUs1zvS2p7iwtsG3b6fkhpvmwz4GYU3gWAmWHZ,11111111111111111111111111111111,QQQx,SOL (native),sell,91900,6260596,91900,6291891,fulfilled,Executed,28da…jxyN,40,5a2mykbbLkGNnYBHYoTrmgWQYtc9gwgZTkznpLSKEYdxg4vBT9W6uyed4xSBTy7XttNx36w3gM1udi8hDUgmz5Mh,20,main
2026-10-10T08:04:25.916135Z,0x136c0d119c4c248e298f1f6f191bfe1faf688c184ef05c48a84ff578170fb8c7,FjcXArDzUrBTJ1Lv6Yc8n9atjkNYaxKosVjn6VSxZTrK,Xs2yquAgsHByNzx68WJC55WHjHBvG9JsMB7CWjTLyPy,11111111111111111111111111111111,DFDVx,SOL (native),sell,14900000,6315294,14900000,6346768,fulfilled,Executed,28da…jxyN,5,4WgSjubdijwNKxTwf6iJkBk4L3vR9DfbnSBzUmpyA78qXjAwt3ZZbmySnKi3KYiMfRZPHMuvX85UdXQgEikabTZU,62,main
2026-10-10T08:04:26.171092Z,0x0b2358dc6d80a1ea832611ca843f9ac5f420032406c572eb5d85640c236866c6,CDY1rvEes25vx7DZwxp5BRSgAewDQMgwBExfAMEymdMC,XsnhgGRQwhExfS2bmWzR6EYddKGPRGDEjeJsatkmKqU,11111111111111111111111111111111,SKHYx,SOL (native),sell,372000,6000585,0,0,expired,Winner too late: creation blockhash expired,,,,114,main
2026-10-10T08:04:29.603225Z,0xaae9337531a3c3ac4a0c60080734427f3c3134741e5c59981e16056e6c0ce540,4p3tgZxpw2gKnJnVwQ4Ah3av47HywcXfFaXTFGNU2aTT,Xsc9qvGR1efVDFGLrVsmkzv3qi45LTBjeUKSPmx9qEh,11111111111111111111111111111111,NVDAx,SOL (native),sell,293000,6105316,293000,6135896,fulfilled,Executed,28da…jxyN,1,33WS3pTTWpN9W2avbzDhA9GqNErkzucXYZi1ZUsbWwGfDd8ukwMGdb4FVgo6WheUugEnrC84d9oHzChAZrRV8kq1,8,main
2026-10-10T08:04:30.354167Z,0x54a2f9cd0c0acd1bc5368ae754d3a8bcabc619daa7ccdaefd3c24df096913f8e,7RqUGHCV2tngEBctNc8o58nPDy6AsYzsUHAW2JgA2XX9,Xs78JED6PFZxWc2wCEPspZW9kL3Se5J7L5TChKgsidH,11111111111111111111111111111111,STRCx,SOL (native),sell,699000,6865324,699000,6899823,fulfilled,Executed,28da…jxyN,1,wDqHe6LsnjJzpgHyi31qrFMWdA5rKb3sqbVYGffe6UirUt6WTbMhxxikR6S2t5QrTCWDwu6m2HYXGjtnpnmTMzU,53,main
2026-10-10T08:04:30.639991Z,0x270c711de229c391915f52d5d69ae3dbb9eebd85d32821f86fcb623dfca618f5,CaMSDEBp5zy2QxSYqDxqbk28qxFwzLXiNdFJiv9TKqhU,XsuxRGDzbLjnJ72v74b7p9VY6N66uYgTCyfwwRjVCJA,11111111111111111111111111111111,MRVLx,SOL (native),sell,246000,6118278,246000,6149647,fulfilled,Executed,28da…jxyN,5,4FxQp8WpM5TgsZ6w4LzkWDAshDpK2Zxqtr8rv9pdTZW4VGNU2Ka9Tw8Qb2AUu99dzk4GuyNzYA33rytwfrYVV546,98,main
2026-10-10T08:04:33.119426Z,0x31ef3ba5e93ed551c0e2ebebc914f66f6ba8eb0868ed22172729f9b7b4cbe000,HTsxGEXBSe8rdUJjtW7e4v4YChNXTVmLQXuqBvvQtJuF,So11111111111111111111111111111111111111112,XsjQP3iMAaQ3kQScQKthQpx9ALRbjKAjQtHg6TFomoc,wSOL,TQQQx,sell,2538782,169543,0,0,expired,Winner too late: creation blockhash expired,,,,80,acquire
2026-10-10T08:04:36.193655Z,0x05e5deea3eaac25e8017b951850e57e43ca2e956e55d3409b10568838b61ef44,GcY8jk3HeHLDmdPa8wRVnHkn8f77frWdZxRWr6rrdyus,So11111111111111111111111111111111111111112,XsEH7wWfJJu2ZT3UCFeVfALnVA6CP5ur7Ee11KmzVpL,wSOL,NFLXx,sell,56765507,869349,56765507,873404,fulfilled,Executed,28da…jxyN,5,2xr2iTiQSv8F54zMUnX1iR1Cpw5kWbyBjTh8JLGi5pkAVACaoUZ4sdUX3YjMdjsLwSHsfLZMEACK1bvBeWDiqwAS,89,acquire
2026-10-10T08:04:43.098876Z,0xf676a159c5ed6346a67d0380b76ac7a78a787134e898af7cba20abf2021866f4,GcY8jk3HeHLDmdPa8wRVnHkn8f77frWdZxRWr6rrdyus,XsEH7wWfJJu2ZT3UCFeVfALnVA6CP5ur7Ee11KmzVpL,11111111111111111111111111111111,NFLXx,SOL (native),sell,1000000,64142939,1000000,64460452,fulfilled,Executed,28da…jxyN,3,5XzECprPZVTHbmMibPjURnnYLaCCRhJgLknLDm6Twy3VdkbLCcrdEEa8A4WZ89NnLD5DD4tu4K1YXD3Gayq9yw42,89,main
2026-10-10T08:04:54.401592Z,0xb3812152da438ce6619cbdf1899ac5209d943f61d77e877f73b3cb0fcb20658e,BPmy52DKPodqoSUirZUBedULujAZr6s778i4hc153r1X,Xs6B6zawENwAbWVi7w92rjazLuAr5Az59qgWKcNb45x,11111111111111111111111111111111,BRK.Bx,SOL (native),sell,138000,6416067,138000,6447747,fulfilled,Executed,28da…jxyN,7,43FFeqA3BcFVRHCkRwkMH6nnB759RjNKnaB7ukuFmP6NPnGCkdTe843sXcyz97qdYHTnwFi4uvAvmszUWMqk1vQg,71,main
2026-10-10T08:05:09.160334Z,0x4b3f61957dcdbe5c1dd7c5b7c986e9c679ca25acccd9cdce2fceabe539c5ed98,BQAD73uj3XftKnCB5ZB7P67b7AvEdfLefYbLiipch5oC,So11111111111111111111111111111111111111112,XsDoVfqeBukxuZHWhdvWHBhgEHjGNst4MLodqsJHzoB,wSOL,TSLAx,sell,10000000,285677,10000000,287092,fulfilled,Executed,28da…jxyN,6,2FNMg31uUriwQR1Heu1BoytGnCVCfvLsz7ua1R96FPjoj5PbSitxRt84NgAXsq4CE78oAfDMhaTB2kUEHYycszUY,13,main
2026-10-10T08:05:09.623164Z,0xdc44eb3daa541ee2bad50e4165a65a224060a5ed02c6789ec2281be332213f5e,DoD7Kb5bE6Jr7Eq2JTdYwfLn7718RzpYxKyQen2rxiBQ,So11111111111111111111111111111111111111112,Xsa62P5mvPszXL1krVUnU5ar38bBSVcWAB6fmPCo5Zu,wSOL,METAx,sell,10000000,151520,10000000,152361,fulfilled,Executed,28da…jxyN,49,5GRq7sxpSHT4Xt7cbMbwwGmincsNHesJbW34sXEVTaRvskFAj1aJQfAxft41TyyZ7cZXTpKS9wUq4JPfgyjyqDeq,22,main
2026-10-10T08:05:19.023825Z,0x726d5d5ba5bf6f8a2c1314e0f0cd326f2be9db3133d31db09d98dbf881bed893,BQAD73uj3XftKnCB5ZB7P67b7AvEdfLefYbLiipch5oC,XsDoVfqeBukxuZHWhdvWHBhgEHjGNst4MLodqsJHzoB,11111111111111111111111111111111,TSLAx,SOL (native),sell,185000,6399213,185000,6431369,fulfilled,Executed,28da…jxyN,2,35zC8Czf43erQhPPAGp2CuijjWMf9CvyTM2pYZsWwWtq4oXCNaE4pfmRi6KFvVmVXrhVq225QT1a8Q3WDBLXFYUV,14,main
2026-10-10T08:05:22.964219Z,0x70cfcfc1028e9f7dade6e92872ea314ada3c504dda6200cdc04e3d7be15644e4,BQAD73uj3XftKnCB5ZB7P67b7AvEdfLefYbLiipch5oC,So11111111111111111111111111111111111111112,XsP7xzNPvEHS1m6qfanPUGjNmdnmsLKEoNAnHjdxxyZ,wSOL,MSTRx,sell,10000000,704270,10000000,707772,fulfilled,Executed,28da…jxyN,3,4yp9fjUqs2oCAgS5pa8GkcyLn1mxe5rJdv3zomudmNXKrxCrF2Arkoyp51JRRSd2BFvJZourhnLc72HkzfPFpzPJ,16,main
2026-10-10T08:05:30.060338Z,0xeb977991629c2f21dbca10b47f5a82602de6031d76eae309b76f504eede99d10,BQAD73uj3XftKnCB5ZB7P67b7AvEdfLefYbLiipch5oC,XsP7xzNPvEHS1m6qfanPUGjNmdnmsLKEoNAnHjdxxyZ,11111111111111111111111111111111,MSTRx,SOL (native),sell,453000,6352439,453000,6381335,fulfilled,Executed,28da…jxyN,28,59MJjyW5T3GohZLDToSRBr1Wq7mkxecNYgDKjGezGdomMiEFG262gF4vcbBv4qvvbpGCsY7j9s7M72hnnebg1ghH,17,main
2026-10-10T08:06:03.249209Z,0x258fd7abbbbbdb9b34c8ce34245639d98887e439a0fcf3055b38e29808b2e4d9,DoD7Kb5bE6Jr7Eq2JTdYwfLn7718RzpYxKyQen2rxiBQ,So11111111111111111111111111111111111111112,Xsv9hRk1z5ystj9MhnA7Lq4vjSsLwzL2nxrwmwtD3re,wSOL,GLDx,sell,10000000,284615,10000000,286036,fulfilled,Executed,28da…jxyN,3,4sfRjNX5Rhqp4wEMGJTtSkPTpyFjfdukJiVziuCCC1emkM2ZRwc5tGGHaM5hkoQzH4UUwGieff4KUKKjVLDBgftb,25,main
2026-10-10T08:06:10.170407Z,0xfa62aad6cfbee2aaf26cf27ec57a75136129b53b4a8a4c6d161183358cd962a4,DoD7Kb5bE6Jr7Eq2JTdYwfLn7718RzpYxKyQen2rxiBQ,Xsv9hRk1z5ystj9MhnA7Lq4vjSsLwzL2nxrwmwtD3re,11111111111111111111111111111111,GLDx,SOL (native),sell,185000,6419033,185000,6451289,fulfilled,Executed,28da…jxyN,1,52vP1rPtZarf7cijLXo9xMY8R2gYQ3sU1y9xGhXAodBJLuY2SgzCFpHDBv5u88LQ1CkfR9mTRwtRQeQzus18LVUK,26,main
2026-10-10T08:06:38.085721Z,0x168fedf3601eb169400385de88b4ee83b14aeb19910b23b783382d9a169c189d,4p3tgZxpw2gKnJnVwQ4Ah3av47HywcXfFaXTFGNU2aTT,69G8CpUVZAxbPMiEBrfCCCH445NwFxH6PzVL693Xpump,11111111111111111111111111111111,xavier,SOL (native),sell,348420032,4839926,348420032,4864247,fulfilled,Executed,28da…jxyN,3,VuU6fpbhLdtZvccbCu1zWGYEwhVfTeKCXCJW3japukiSHinF7MAyco8Zidty6X9aR1C4rWTE2mrqPZwUBCbixNX,,cleanup
2026-10-10T08:06:38.312056Z,0x2e65ba89395d27cef16c39adbb020e363c6262e2856c5fdb51f2ae219b19e5aa,4p3tgZxpw2gKnJnVwQ4Ah3av47HywcXfFaXTFGNU2aTT,J6pQQ3FAcJQeWPPGppWRb4nM8jU3wLyYbRrLh7feMfvd,11111111111111111111111111111111,2Z,SOL (native),sell,1515143490,5066531,1515143490,5091226,fulfilled,Executed,28da…jxyN,3,5xomVdrWozCRj3BcYLsttZQC4vAu5qU8NxrrFhBBCAfQy9aS23T7c2bZqhhRRztxTC1wNPpdWvxP7GbktufE51nf,,cleanup
2026-10-10T08:06:38.616167Z,0x880e411c9136d0b4c1decb12299d73204c4423b1ec2d7ef10e391ba5763f367a,4p3tgZxpw2gKnJnVwQ4Ah3av47HywcXfFaXTFGNU2aTT,jupSoLaHXQiZZTSfEWMTRRgpnyFm8f6sZdosWBjx93v,11111111111111111111111111111111,JupSOL,SOL (native),sell,4119616,4965526,4119616,4990478,fulfilled,Executed,28da…jxyN,2,5djj9EkJjqf9RfEznKZDzwKnwf66TQFz3upAmETzKMqz5gwGrThBMyTSUPJDz1iMYSpwWQL5td1Ssb3sF54cGo1c,,cleanup
2026-10-10T08:06:38.979212Z,0x724dff6548de248703ea5df08f6bfd45417b245b72703aca853f7e2c0e16fb0a,4p3tgZxpw2gKnJnVwQ4Ah3av47HywcXfFaXTFGNU2aTT,6p6xgHyF7AeE6TZkSmFsko444wqoP15icUSqi2jfGiPN,11111111111111111111111111111111,TRUMP,SOL (native),sell,295588,5082973,295588,5111497,fulfilled,Executed,28da…jxyN,41,GRexbsGDRpGxNdk1ryLFRDscEj3mDVt8dUj9ASL3PFuAmKHfk9XxkpapbESDRByrDUJHNwArfuHZBb5bFRULT6M,,cleanup
2026-10-10T08:06:39.212510Z,0x2a034751b067f96b288ca0d01cd7fd81fc74e4dbc17e57f56057352d20f17a8c,4p3tgZxpw2gKnJnVwQ4Ah3av47HywcXfFaXTFGNU2aTT,KMNo3nJsBXfcpJTVhZcXLW7RmTwTt4GVFE7suUBo9sS,11111111111111111111111111111111,KMNO,SOL (native),sell,15889953,4959045,15889953,4983440,fulfilled,Executed,28da…jxyN,2,5isLL6c5F2bpKM5y1vGqCDFvKmDZKDWVUaXB25EUVoE2pztQ5SuCVnG61CabeaQ9GTUK3rJVSusUy4CFXQ9Ud1Jd,,cleanup
2026-10-10T08:06:39.527341Z,0x01a2fffad36de1862e6c02742a2972e005271f268e63f1077774eaa6e88da848,4p3tgZxpw2gKnJnVwQ4Ah3av47HywcXfFaXTFGNU2aTT,2qEHjDLDLbuBgRYvsxhc5D6uDWAivNFZGan56P1tpump,11111111111111111111111111111111,Pnut,SOL (native),sell,11014472,4943063,11014472,4967902,fulfilled,Executed,28da…jxyN,1,5aj7VZq4h9fHZrMBakADQrp2astzk2UuQseDJd3tQgLfFuRsnZdoJWq1aMRo9GJrFFfJgmaMmuTZhr8wdWttkXpa,,cleanup
2026-10-10T08:06:39.905638Z,0x2e49eb5ad3611709e3e3c5c34a51383b01ec3f430339a70012f8feab99726c1a,4p3tgZxpw2gKnJnVwQ4Ah3av47HywcXfFaXTFGNU2aTT,9dLuVbJMd4ZpTpFgmaFHAGSsFwVjtcnzFWaLAA1expHg,11111111111111111111111111111111,HEEHEE,SOL (native),sell,374903893,4942538,374903893,4967374,fulfilled,Executed,28da…jxyN,1,4SLK7dFyHoKFPYZETgdgcT74Y44p6qnv3jx8r3ihw9mfoZhtLMU3NG3TCisSdD69AJ4bGptsGvUCG4oBzyt3NHJi,,cleanup
2026-10-10T08:06:40.314381Z,0x876a0bac9f974608cc6eb83d739729da4ffb29df3095603bdb23ac0cc6293300,4p3tgZxpw2gKnJnVwQ4Ah3av47HywcXfFaXTFGNU2aTT,PAYmo6moDF3Ro3X6bU2jwe2UdBnBhv8YjLgL1j4DxGu,11111111111111111111111111111111,PAYAI,SOL (native),sell,63506481784,5026494,63506481784,5051752,fulfilled,Executed,28da…jxyN,1,2JPfwX1mJmdc15iX2ebA2FuMekArxmNHoPBYBcxnfiNJmzitbXAS2xh1fBGLb6TU3i4sXQKKxEo57zgo2jqBQwAj,,cleanup
2026-10-10T08:06:40.789958Z,0x22c71c4aff107f52e649a77440a3f851e92769aa013b0769b8692535f2e9cb27,4p3tgZxpw2gKnJnVwQ4Ah3av47HywcXfFaXTFGNU2aTT,F6qoefQq4iCBLoNZ34RjEqHjHkD8vtmoRSdw9Nd55J1k,11111111111111111111111111111111,SHIB,SOL (native),sell,1475353459414,4893344,1475353459414,4917933,fulfilled,Executed,28da…jxyN,5,4f1cZzX76D73shw95ftjoWG9KSKgLaUtgAYLGw7mp1kULAp9Ry27afvDDfrf4BaMpTnDda1kbrFGXTGPoKt2Xcky,,cleanup
2026-10-10T08:06:41.132326Z,0xcf89ffeabcbba341317b993abea7b77223988635d68afbdf36e5e3105342b295,4p3tgZxpw2gKnJnVwQ4Ah3av47HywcXfFaXTFGNU2aTT,EPjFWdd5AufqSSqeM2qN1xzybapC8G4wEGGkZwyTDt1v,11111111111111111111111111111111,USDC,SOL (native),sell,545641,4932045,545641,4956735,fulfilled,Executed,28da…jxyN,5,35PNkyK3XhLxFLNiU2VxzWBHspt2NZZjnorMxNSCabmGvBLWPxW7zQrq362ZV6d6AK5QLLGZdwthAUoTCAggj61x,,cleanup
2026-10-10T08:06:41.540880Z,0x90c52873d3fcbabae5a0c73e463da9c71366d016c4616fa9116d46642a614d22,4p3tgZxpw2gKnJnVwQ4Ah3av47HywcXfFaXTFGNU2aTT,MSTRdWXMeZxdE8osAQy3fA4rvTY5rgummDSMEx6U7Nz,11111111111111111111111111111111,MSTR,SOL (native),sell,3540,4962515,3540,4987857,fulfilled,Executed,28da…jxyN,4,4TXVbcg2FZz6DTG4kwGRcFXVKBe7nWM2GLHXDPQWjfwrsjxU7meFpNRFQW544TFjfAjBRWpxqbMsLGoqQS3zQZ72,,cleanup
2026-10-10T08:06:41.753100Z,0x6e1ac73ed435368d329798d0ee044e219da0cacb87e333ea26892e7d6d934b7d,4p3tgZxpw2gKnJnVwQ4Ah3av47HywcXfFaXTFGNU2aTT,XsueG8BtpquVJX9LVLLEGuViXUungE6WmK5YZ3p3bd1,11111111111111111111111111111111,CRCLx,SOL (native),sell,424576,3274673,424576,3291154,fulfilled,Executed,28da…jxyN,13,3pRRRzWUPJ3eCeEf3b1qPkCNi4DNHKw14CCdyGQj58GQVfXn2LubGeUGT9goYNLt5S1fYxjzZAqWEG8eveQbJtXa,,cleanup
2026-10-10T08:06:41.949499Z,0xd9368ea5c9b3ba3c3ab2bc5afc95f3bd294b0368dcde2a34f94d1774bdf7e36d,4p3tgZxpw2gKnJnVwQ4Ah3av47HywcXfFaXTFGNU2aTT,BcHEaaTCvycPwwsJ9yQTXdHP9X2gCLkznDbZ8VySpump,11111111111111111111111111111111,Jotchua,SOL (native),sell,359204280,5198748,359204280,5198748,fulfilled,Executed,28da…jxyN,4,2sPex3ZLidHstHqGXqquzawmVxgndjwTiStSXeTnaEdxtMxhdss6a8gKuBBmbmvu5YngRfATPxwmVJaAHryohWCL,,cleanup
2026-10-10T08:06:42.225085Z,0xfbea6326474fff717eb8b0f3d7d4da5808fbcd80b3e0dfd3c1ddc0c69f254fe3,4p3tgZxpw2gKnJnVwQ4Ah3av47HywcXfFaXTFGNU2aTT,98kfF7rmsg1QDUEoCqNE7g7M1FdrTt92TEp2CLzypump,11111111111111111111111111111111,PAID,SOL (native),sell,114982551,3978021,114982551,3998011,fulfilled,Executed,28da…jxyN,4,48D8wWtSLFu4moGJoVrBuyWT7Yi5X3bygqUVwgZAtXoyqSy47DHiV4LqwDTK3q3j8k1FevGkdqjEhv3ybUr5ipG2,,cleanup
2026-10-10T08:06:42.225085Z,0x9db18b28f4669e4c26ced95013eb002d1de9edc0f96dac8e38e1db6ea7b7d425,4p3tgZxpw2gKnJnVwQ4Ah3av47HywcXfFaXTFGNU2aTT,LLYuwZ33keFihgwoxXsBawy31AiRFLFSva32TYq5TvD,11111111111111111111111111111111,LLY,SOL (native),sell,463,4916497,463,4937729,fulfilled,Executed,28da…jxyN,4,44e8jcxHdcRZeD6VkYq8oBdwftLkNznvpYZ8jfBUkBm97arPT1Lj9K5jz31iXvswT1txBZEAqhqxtMiXfaX7Dws,,cleanup
2026-10-10T08:06:42.365415Z,0x2d0884372f1cb9caeb7288228d2add45da81c6bb6af3362fa18cb3e01017c291,4p3tgZxpw2gKnJnVwQ4Ah3av47HywcXfFaXTFGNU2aTT,XsoCS1TfEyfFhfvj8EtZ528L3CaKBDBRqRapnBbDF2W,11111111111111111111111111111111,SPYx,SOL (native),sell,50269,3562514,50269,3580390,fulfilled,Executed,28da…jxyN,13,RUjN63KEdsyPK36FcYgjabyGA6gQZBBJYqfPyEZq7poWuLvKSorviNrBw1MPYWU6Jke9JER92uW7UrUiig2SHSD,,cleanup
2026-10-10T08:06:42.827336Z,0x0319f4ef0843c503b8ae04702175396ebedf6740512baea9f7ceaf11be655080,4p3tgZxpw2gKnJnVwQ4Ah3av47HywcXfFaXTFGNU2aTT,Xsc9qvGR1efVDFGLrVsmkzv3qi45LTBjeUKSPmx9qEh,11111111111111111111111111111111,NVDAx,SOL (native),sell,183616,3824235,183616,3845145,fulfilled,Executed,28da…jxyN,3,tdHpK3bCKbXrNKhrsRchMymqX3V7qxHnKzQJw7iXgFd5rSSDmZisb8HxRiVA58wGmA8qzCnRwQ3rixCsS9U8RjZ,,cleanup
2026-10-10T08:06:55.122054Z,0x278ee3e59cad685ada13200d9b0948a0f2a3f2a752dd6a4f8bcd3774f9f0c88d,BQAD73uj3XftKnCB5ZB7P67b7AvEdfLefYbLiipch5oC,8J69rbLTzWWgUJziFY8jeu5tDwEPBwUz4pKBMr5rpump,11111111111111111111111111111111,WOJAK,SOL (native),sell,319236224,4910730,319236224,4935407,fulfilled,Executed,28da…jxyN,-0,2ULiGdxQEBCopPjUfsn5GZrMRptaRFagq2KcXHUAYNQMgEcsXZDC3h1p7z43FNRZgPwYjrnGsj5mP2xjUNNQ7Bdq,,cleanup
2026-10-10T08:06:55.426655Z,0xfd17a1b687e1cdc5744e41177288a156510054f3b66aba4b13088b028fef5c44,BQAD73uj3XftKnCB5ZB7P67b7AvEdfLefYbLiipch5oC,AZsHEMXd36Bj1EMNXhowJajpUXzrKcK57wW4ZGXVa7yR,11111111111111111111111111111111,GUAC,SOL (native),sell,12320691354822,4950251,12320691354822,4975126,fulfilled,Executed,28da…jxyN,-0,5AaM61TmiKy5U1cNYX3u1mvBPCAjo1sXxeJ8jEaqcd3mFgGtkK1oGgnXVipn13BeYLXd6yAYyZRtqh5vJjNouPbX,,cleanup
2026-10-10T08:06:55.426655Z,0x222d34fc98c35bb851e5c5ce0066d27165c488dace49e6aa5543d67f389d4c84,BQAD73uj3XftKnCB5ZB7P67b7AvEdfLefYbLiipch5oC,avaxGHCq3T7hoxd73oY2KY9hJSTaeMibXvHy5KNzh5D,11111111111111111111111111111111,AVAX,SOL (native),sell,53682480,5119752,53682480,5145698,fulfilled,Executed,28da…jxyN,-0,2cZPnciiEzjiJZCPFBqDhczfjDVohu8CFbDESvCkpkeGYKefg3JmnUDjmcrdk2HypgDbvM8QYgdnFYuZ2jRRKhzp,,cleanup
2026-10-10T08:06:56.041137Z,0x3da7094c3229bc0f2523f9b22456553231a71563e28d35320e539b971843d9c0,BQAD73uj3XftKnCB5ZB7P67b7AvEdfLefYbLiipch5oC,6UpQcMAb5xMzxc7ZfPaVMgx3KqsvKZdT5U718BzD5We2,11111111111111111111111111111111,wXRP,SOL (native),sell,379505,4940063,379505,4964887,fulfilled,Executed,28da…jxyN,4,64RzqJDQKqsUJT54z6tUKAA9BiJyRojf66CwAT8SzHCydNhDbWGMXDyA8fLGn34q9rwfC9H74wK4brv193sVcJWK,,cleanup
2026-10-10T08:06:56.283157Z,0x9315bafedfb103b9aa2736a72a9a7b995e8c805077af6f29dd42039f7929394a,BQAD73uj3XftKnCB5ZB7P67b7AvEdfLefYbLiipch5oC,8x5VqbHA8D7NkD52uNuS5nnt3PwA8pLD34ymskeSo2Wn,11111111111111111111111111111111,ZEREBRO,SOL (native),sell,18955936,4978176,18955936,5003571,fulfilled,Executed,28da…jxyN,4,3dM3LyRN3me5Cy245nQLfKgqmwjFZxpueCuK8pG35SNaVRkbpgZfBtkZQB3b9Rq51hkTvo5ejVAPT5M8EMRu2xsB,,cleanup
2026-10-10T08:06:56.537482Z,0x43657c35bc3df4d58eb15a16f591abcc3ac23c5b41fafbc8369557d574f9079a,BQAD73uj3XftKnCB5ZB7P67b7AvEdfLefYbLiipch5oC,61V8vBaqAGMpgDQi4JcAwo1dmBGHsyhzodcPqnEVpump,11111111111111111111111111111111,arc,SOL (native),sell,8767963,4947810,8767963,4972656,fulfilled,Executed,28da…jxyN,3,3kUM6fcPUqTxrF36vNM44McHg2dr83fPEFaZeESmqGnQop9AzJn26kQM95z2ReKH5pwpX1GEP5HiEUaidhJ4TXqE,,cleanup
2026-10-10T08:06:56.949450Z,0x729ef8c2ed65ed0e8ee3e79f79a844506de73c3c4ca70667a10f94939892ed83,BQAD73uj3XftKnCB5ZB7P67b7AvEdfLefYbLiipch5oC,CortexFv3fRcLKTgACr7aLqckGh5eP7TP3z9JHoKqMc6,11111111111111111111111111111111,CX,SOL (native),sell,15946326052,4877488,15946326052,4901997,fulfilled,Executed,28da…jxyN,3,4843DrRPqJ4oCYgsVqiwQTBYuBBw2L3fXpxSbqPeRUKW4xVbzfd1SpX4yNDpC2dFzTpC4dj3yq9B4CRe99DARyLG,,cleanup
2026-10-10T08:06:57.138148Z,0x6ff0bef98c873bd16ae4e44f165b9ecd94fedee21f2a2c0809e1d98e902ad20e,BQAD73uj3XftKnCB5ZB7P67b7AvEdfLefYbLiipch5oC,7ga6rtE9qSb3wdEiDCpTu2kHqoGVfT52jD8ign1rYTvx,11111111111111111111111111111111,xHYPE,SOL (native),sell,275801,4928416,275801,4953181,fulfilled,Executed,28da…jxyN,3,4FXcSvDdsjZ5d4R9v8C4g1h8Sczu25JLRVE95ReRknQFdpTihSBdH7Er7r3LKWpRUyRzfpjxQRW1x7Q6nwwWr8Ho,,cleanup
2026-10-10T08:06:57.752747Z,0x70e2297b1b392cd6c470052e781bf52e04a1d738373554bb8cd3a60eda0280c8,BQAD73uj3XftKnCB5ZB7P67b7AvEdfLefYbLiipch5oC,25hAyBQfoDhfWx9ay6rarbgvWGwDdNqcHsXS3jQ3mTDJ,11111111111111111111111111111111,MANEKI,SOL (native),sell,188656868,4956929,188656868,4981838,fulfilled,Executed,28da…jxyN,2,4SDk33gmsc96nAirDMDfAdsCrQisJ5xQ24yNpT7g2fsLdppkKdLbqNRFAiHTs7eC7BXfSXx66ZZwrdqZBCwz2mWL,,cleanup
2026-10-10T08:06:58.189871Z,0x505527ea90492641e25acd1ff4c2449749ffb0925e2665577179c71f6b756493,BQAD73uj3XftKnCB5ZB7P67b7AvEdfLefYbLiipch5oC,Es9vMFrzaCERmJfrF4H2FYD4KCoNkY11McCe8BenwNYB,11111111111111111111111111111111,USDT,SOL (native),sell,546010,4931211,546010,4956113,fulfilled,Executed,28da…jxyN,2,41TET82n3sNywvT5VU2ZDjYtHxutxkrMvNESWw4ghq1YyRkHS7LgsccbtH34c5A5XxK9CjwSoLFREYHoTSowk5dz,,cleanup
2026-10-10T08:06:58.704153Z,0x8a55ae1417451675c2e5c118ee033f61ff3940cb02380ede932973a13c38d831,BQAD73uj3XftKnCB5ZB7P67b7AvEdfLefYbLiipch5oC,DJTu7vi8norVzdVAffgvb39VP7wjKeTsgaMBJrzfxvoF,11111111111111111111111111111111,DJT,SOL (native),sell,67797,4964709,67797,4989790,fulfilled,Executed,28da…jxyN,1,43EnVLHr93nnaSkFh7Eus5MDbrUmx2URfykHMMrakMzm915QgHnAzAG6peCU6YidUhHqK5538v9TpvzFWzwxVBrs,,cleanup
2026-10-10T08:06:58.921909Z,0x362478f9e36ebbf323b63ae9c2c890a3bff71d3bbc5ab4fd2d3f77ed646476e7,BQAD73uj3XftKnCB5ZB7P67b7AvEdfLefYbLiipch5oC,MukLDtJ8Cx9DxLbeyLRSWPSposTMWuwHANbuaudpump,11111111111111111111111111111111,OTC,SOL (native),sell,83193672,4933925,83193672,4958718,fulfilled,Executed,28da…jxyN,1,5LaRTBSjzYFtqyfBhgtaxWHvUKohuvMgUzzbsu8fePhJ8PsVcJdXdk2aiYBt84X78Y3LxjxhtsKWzs3Y4DddJsU2,,cleanup
2026-10-10T08:06:59.106002Z,0x334911934ab919ce73cc99ba89cfa420fd40e2910475c26bc24d8cb7ff18406e,BQAD73uj3XftKnCB5ZB7P67b7AvEdfLefYbLiipch5oC,EmcxFTNVDqyLHp11NvwvLZ4D7LKGbG9i7B8RF7dwpump,11111111111111111111111111111111,ZERO,SOL (native),sell,1000844515,5080057,1000844515,5105564,fulfilled,Executed,28da…jxyN,1,24AGboctobHXxjTKew52MYe4MCpsi4gXjoferrkgbWRA2G9c2sXtCYqWHnQnXLJi8ENtrNuq5M2SVEJC5gswLn6v,,cleanup
2026-10-10T08:06:59.514813Z,0x0869a7add0f5f719e7bea020f3cca74ef09e7329299281f9f7e180d60ccc2744,BQAD73uj3XftKnCB5ZB7P67b7AvEdfLefYbLiipch5oC,Xs3oZwbHvqis4NYcf4YKWmEia2eC84wSiVrcYcTqpH8,11111111111111111111111111111111,SPCXx,SOL (native),sell,258009,3803586,258009,3822688,fulfilled,Executed,28da…jxyN,0,5HjZhgEwKxxuUGhAbeicrzoeyGrkKT6ReKsA1HrbmjnhHPn4UYG76zEH5SaxLBJ2hfeCMPB4F4KT6EFR9bnFZ7td,,cleanup
2026-10-10T08:06:59.701635Z,0x8456baf0a20d0c2aab61698bde2aef808a72124d4f274c2fec749908fc05794d,BQAD73uj3XftKnCB5ZB7P67b7AvEdfLefYbLiipch5oC,XsP7xzNPvEHS1m6qfanPUGjNmdnmsLKEoNAnHjdxxyZ,11111111111111111111111111111111,MSTRx,SOL (native),sell,254772,3571689,254772,3589642,fulfilled,Executed,28da…jxyN,1,1ZJ41MbEx3K3r7fcfo2Han1qqnNwahxJ6Z3WqnSdMJ8fhDpUBCQu69Y6zDPYzF1iBkJHfY5WbK1G8FZyZGoBV2B,,cleanup
2026-10-10T08:06:59.923617Z,0x39b0ac63202251ad4faf182d0f1314514c5b3bb197068c2e63e44367944abd65,BQAD73uj3XftKnCB5ZB7P67b7AvEdfLefYbLiipch5oC,XsDoVfqeBukxuZHWhdvWHBhgEHjGNst4MLodqsJHzoB,11111111111111111111111111111111,TSLAx,SOL (native),sell,102092,3530696,102092,3550906,fulfilled,Executed,28da…jxyN,0,2pRdeZ6HKbu9NMKXtetHAA4mUBtNaomg6eZC76MqhJmQ8dVZuQDYkdow88xNwiSsYJDqjFsRN9YborqMKLPXJhdu,,cleanup
2026-10-10T08:07:00.332626Z,0x1b7e2d142ece28d01e484d236e6219799ce6d8a52d9ac0790f35e91ec0960241,BQAD73uj3XftKnCB5ZB7P67b7AvEdfLefYbLiipch5oC,Ai66LHZG9MCzg1WKdawwqduVAXpNDUuV8M3uyq5ppump,11111111111111111111111111111111,CATE,SOL (native),sell,9309856,4588205,9309856,4611481,fulfilled,Executed,28da…jxyN,-0,4rPQ8AV3ozeykdfp4kvdv4uuy9tqxNovYcTfbiCL415cCUudDxmFqa9ksSzvxZwBVq4k8F72NasUvxh12crdFHLn,,cleanup
2026-10-10T08:07:00.740047Z,0xa06cfb2df38d767d32ed87d78e92c7a4208005ae06e6cafc30ace311b9ed8a68,BQAD73uj3XftKnCB5ZB7P67b7AvEdfLefYbLiipch5oC,8Jx8AAHj86wbQgUTjGuj6GTTL5Ps3cqxKRTvpaJApump,11111111111111111111111111111111,PENGUIN,SOL (native),sell,818993244,4889278,818993244,4913847,fulfilled,Executed,28da…jxyN,5,466VSPHCoosZGAZxCu6LqEeJCFXaedHmZXkXKCKAM2JVUxMTDE88ynMWnBj6FnHcYhC7TL5Urm32oh14U5P6TRqk,,cleanup
2026-10-10T08:07:00.740047Z,0x4ad0ffa9759c43cb3bc7c00401dc1b9dd34736fc06022fea9872fab142ee9e13,BQAD73uj3XftKnCB5ZB7P67b7AvEdfLefYbLiipch5oC,FeMbDoX7R1Psc4GEcvJdsbNbZA3bfztcyDCatJVJpump,11111111111111111111111111111111,three,SOL (native),sell,1188504744,5677600,1188504744,5706130,fulfilled,Executed,28da…jxyN,5,5opYHouopgdPAWCrm8UswEGM4TBQ5pUFHpkdP9Yt7xP2HL7bc64Perqse9E2Q7o3hM8UYw49JcCnKqRzstocPihU,,cleanup
2026-10-10T08:07:01.164254Z,0x2a9ac50c724896e7bbbc3fa3b8cdedab6b8a115150c68d1cc1943ecb69c086ca,DoD7Kb5bE6Jr7Eq2JTdYwfLn7718RzpYxKyQen2rxiBQ,4nV5gNwwP68zUDat26ySChREqVaQaLudfJBkSgEzpump,11111111111111111111111111111111,BOBO,SOL (native),sell,113393021,5387221,113393021,5414292,fulfilled,Executed,28da…jxyN,5,52ChkuMCCorFDFxRBDmMgdP8hqvCWLTqxWXSVLkpKHVJYW9oAn3m993yy5gMSdZqcuXw1CyLHNNBYJqtZxqV7AL9,,cleanup
2026-10-10T08:07:01.479002Z,0xb01cb1a261dee421fa9ae906dd75758c2d568f287ad0ba97130d5043b7ae18a3,DoD7Kb5bE6Jr7Eq2JTdYwfLn7718RzpYxKyQen2rxiBQ,BZLbGTNCSFfoth2GYDtwr7e4imWzpR5jqcUuGEwr646K,11111111111111111111111111111111,IO,SOL (native),sell,405867042,5636436,405867042,5664760,fulfilled,Executed,28da…jxyN,5,3hnNVwxmcWPU4Qo2RKzxxTs3PVGCRULkWVoz29x4QtW8NE3JjiJE5AkiL2zu5s7Fow3upPJBGmmCWi4p5JwXvBLk,,cleanup
2026-10-10T08:07:01.636969Z,0x96756f986c8fe0e18d3e04b37d74c6243e2640e5351d9b96c44c3f682978355b,DoD7Kb5bE6Jr7Eq2JTdYwfLn7718RzpYxKyQen2rxiBQ,2uxaYT1fVrp6Fg2BrxQcyKSW91hefM6dG9krpbeDiirT,11111111111111111111111111111111,reUSD,SOL (native),sell,493267945,4931807,493267945,4956334,fulfilled,Executed,28da…jxyN,4,mcYz2gGcj6wA5oT3Dx31BMYHB3PYJ4SMcgn9xwaJRwjk7UtZeN7zazXCUdWyBgJGoWFHmX47eN7qYWWZdZkiSic,,cleanup
2026-10-10T08:07:02.080406Z,0x7ff35a5b9eb8a9a03bac97c4dc999f73f206cb4f61b00f6774a479cdb51132a3,DoD7Kb5bE6Jr7Eq2JTdYwfLn7718RzpYxKyQen2rxiBQ,GvV7sFu6FHJsSVXfpG7xqFnWar3c7YkcC74rqe7Bpump,11111111111111111111111111111111,RAGEGUY,SOL (native),sell,422263376,9612221,422263376,9660523,fulfilled,Executed,28da…jxyN,4,63W8Z56GZwTsXnvvLvMuAE6qDEdPcMY9XCpv3f1CnVG7ZEnpdUgzbe1Q8BFdzZBH5rDNWAJTJeZuMnpM6aSvTSHe,,cleanup
2026-10-10T08:07:02.503175Z,0x3476993611a89fd8942b780f9eb3d3ea6b8d21e598906b20e0f4af06ca38800a,DoD7Kb5bE6Jr7Eq2JTdYwfLn7718RzpYxKyQen2rxiBQ,BANKJmvhT8tiJRsBSS1n2HryMBPvT5Ze4HU95DUAmeta,11111111111111111111111111111111,AVICI,SOL (native),sell,2117019,4915656,2117019,4940273,fulfilled,Executed,28da…jxyN,3,2rif8xW5KnqsxS9n598n7MCz4WDPQWRNXeadArQCLJ2xkgjgomiPmw2e36NF7wSBYeKNXCgRZRjEkcakVHLVZZDx,,cleanup
2026-10-10T08:07:02.743344Z,0xfbb19be3b78b51029c0fb3bea773dd0869d129373f2148d800eee16ca58bd5e9,DoD7Kb5bE6Jr7Eq2JTdYwfLn7718RzpYxKyQen2rxiBQ,3ZLekZYq2qkZiSpnSvabjit34tUkjSwD1JFuW9as9wBG,11111111111111111111111111111111,wNEAR,SOL (native),sell,116951074,5516884,116951074,5543827,fulfilled,Executed,28da…jxyN,3,6tjwFvmKnmYjBYWnoxSrqydJgEUc7w9wE2tdVG53ae1UYqUvKGpm5cUQ5fYb2BdFbE1xm1HMcdRKW5fsUQeLYnR,,cleanup
2026-10-10T08:07:02.897869Z,0x3f78d30b9a567e45f77d0586297dfa97634c44040bc656262c712ef89cb5b4fc,DoD7Kb5bE6Jr7Eq2JTdYwfLn7718RzpYxKyQen2rxiBQ,2u1tszSeqZ3qBWF3uNGPFc8TzMk2tdiwknnRMWGWjGWH,11111111111111111111111111111111,USDG,SOL (native),sell,599044,5414709,599044,5442043,fulfilled,Executed,28da…jxyN,3,41Nvng4cpzHBt3tQhuG3gSHnRReEtCny97P7d26E6KuCkUd5a7CViw3CQyDtghmT6GwE8u1NFMGQZTd6vGgQexin,,cleanup
2026-10-10T08:07:03.390128Z,0x2a379122987a920bc046cec7db044a47dc21b673c0288db630c79739c23ca07e,DoD7Kb5bE6Jr7Eq2JTdYwfLn7718RzpYxKyQen2rxiBQ,Xsa62P5mvPszXL1krVUnU5ar38bBSVcWAB6fmPCo5Zu,11111111111111111111111111111111,METAx,SOL (native),sell,235498,15347233,235498,15424032,fulfilled,Executed,28da…jxyN,3,4g5rLwVa5w1pjecg1zTakF7dzmL72DUmdivggSeVSn2YXpU48cENnFUk6skYTiUFYbvYEuscScMP5h1KfP6DfNyK,,cleanup
2026-10-10T08:07:03.593853Z,0x8a6269b29e77d41c6e70d032b045cbfe6cde0fbfa4e2ee8a2ba420c6c6788c78,DoD7Kb5bE6Jr7Eq2JTdYwfLn7718RzpYxKyQen2rxiBQ,GTBxUiw6wJdmmkCGZgRHLyYxqu1vG4KtRpeox6yDpump,11111111111111111111111111111111,JEANPHIL,SOL (native),sell,58515510,5296905,58515510,5323522,fulfilled,Executed,28da…jxyN,2,5WtjBryoZ4ydE3fSaPHtbR9v8QnqyLcQLxvKoh4c3nc2ogzXUDQv5sXuiNWTTKQcdfcSmUkNY1mK1Pd3KguJ2uAr,,cleanup
2026-10-10T08:07:04.000742Z,0x38e5fd7c959df7bdf68293651e809335fa8efe262a11870b9395a63fe2fe5c0a,DoD7Kb5bE6Jr7Eq2JTdYwfLn7718RzpYxKyQen2rxiBQ,H4KUxsEgCp2yDpFvyDuGM5k6XevSKKrrKUxZ3Zr6nyJc,11111111111111111111111111111111,COCKROACH,SOL (native),sell,602874006,4932993,602874006,4957863,fulfilled,Executed,28da…jxyN,2,Kiq2DmNp5U84xS5qBtaY1cStZvPFkJPP3gJhv3MnkRQHs75gT2dBoqsaTUaVVNnhDnoSkQM8ThTy7opvHhkoiJ3,,cleanup
2026-10-10T08:07:04.204658Z,0x21cfa3d372a9f35d17a7a15919954df8090f5a65439ade32b09ed958c11e2de7,DoD7Kb5bE6Jr7Eq2JTdYwfLn7718RzpYxKyQen2rxiBQ,CGEDT9QZDvvH5GmVkWJH2BXiMJqMJySC9ihWyr7Spump,11111111111111111111111111111111,BURNIE,SOL (native),sell,314547053,4786802,314547053,4810856,fulfilled,Executed,28da…jxyN,2,3AsFucyWW7TBgjppkQVKuHyyD8T8dKc5UZeiX5VaDxx4gRkVW5gpKRBKFk4cdpdk6hB1wbeKrDomUfrAz53gU8jb,,cleanup
2026-10-10T08:07:04.506165Z,0xd1af3e05f5c379ccdcd21b81fc668bc02ecc547512099cb38acfaf86849bbc9f,DoD7Kb5bE6Jr7Eq2JTdYwfLn7718RzpYxKyQen2rxiBQ,Xsv9hRk1z5ystj9MhnA7Lq4vjSsLwzL2nxrwmwtD3re,11111111111111111111111111111111,GLDx,SOL (native),sell,101036,3507318,101036,3524997,fulfilled,Executed,28da…jxyN,1,3KN16syP7z8BX5mpjXmVyLNc4xFWrdrVAESwHo8XoRqhCcQdLAzkVHcgwt773ZmCU9ReQv8CeBw75JBwahmLsY45,,cleanup
2026-10-10T08:07:05.018714Z,0x64643dfbb67d91c4f0c24fdce1cb370a9d3667f39bbed1f3902a32704340a392,DoD7Kb5bE6Jr7Eq2JTdYwfLn7718RzpYxKyQen2rxiBQ,DKNGQFNGQmoBdXSRGKJ8tTu7uPDasw5JDcfMmWniNfow,11111111111111111111111111111111,DKNG,SOL (native),sell,29070,5119202,29070,5145013,fulfilled,Executed,28da…jxyN,1,Ebud54iWkzHpWQLgphL5RvbdocHVRg8Mex4euBk16MXrumcyyCuNBwFmcuSDPNJ1AgnBUrUzQ7Wb83XHTkXKcmE,,cleanup
2026-10-10T08:07:05.425564Z,0x83f965469b32798a564baa66cfc885b01ff35481d295fda2ee690a42ad395a6d,DoD7Kb5bE6Jr7Eq2JTdYwfLn7718RzpYxKyQen2rxiBQ,Xs8S1uUs1zvS2p7iwtsG3b6fkhpvmwz4GYU3gWAmWHZ,11111111111111111111111111111111,QQQx,SOL (native),sell,133220,9074418,133220,9120044,fulfilled,Executed,28da…jxyN,1,4QJYahzTCLgps2aKZ8NpCjFSWsKzAVMXjgzyTmJ5MwGoW5DHwrT4KQFVpnXLYC4JcPNc1LLDPHfpDauDxqev5xfR,,cleanup
2026-10-10T08:07:05.673828Z,0x490c4814554cf4afe8d60b4f83ba3cf800bd934c8a0cdd3dab2da20287f6b449,DoD7Kb5bE6Jr7Eq2JTdYwfLn7718RzpYxKyQen2rxiBQ,XkeTXo1125vz5H9svJpGiw4JvLbN8VmMu9cmMvspump,11111111111111111111111111111111,DREGG,SOL (native),sell,495739306,5877789,495739306,5907325,fulfilled,Executed,28da…jxyN,4,4YjUDnQEbrgwes2zgAnVFQv59o5FxNcAKbzC7fpXgcWNRNLJt3XAD62b34gZ83hinbVi8SDAW46tSeDzNLvSJ8Qy,,cleanup
2026-10-10T08:07:05.934437Z,0x0a4a6f41af6f29d9802f147bb2420b340a9f32e9224cf9119d2c79045d345cc9,DoD7Kb5bE6Jr7Eq2JTdYwfLn7718RzpYxKyQen2rxiBQ,URARfsinxCRw4JpvQhuT4CxavdZXZEMjv9ZwWmWpwag,11111111111111111111111111111111,URA,SOL (native),sell,14025,4945220,14025,4970070,fulfilled,Executed,28da…jxyN,5,5ApB12S9GRT9rD6vN5n4QY6g3W7cStm2UhyQfhpKPRQQJv72J5Vye4rzZGnPTt26jTDzb1NYyPL5oakVSQ444ugS,,cleanup
2026-10-10T08:07:06.076211Z,0xb30408ade7d350230f498a354a1712627dd02b374bac72eaed0121c5280becc2,3FHY6qZALHavE387YcUMyqFYdYCiR5PbLSxdQBpwR6JK,3iQL8BFS2vE7mww4ehAqQHAsbmRNCrPxizWAT2Zfyr9y,11111111111111111111111111111111,VIRTUAL,SOL (native),sell,843184415,5624693,843184415,5652957,fulfilled,Executed,28da…jxyN,4,2UqJGu7cjs2zSQwmyNzrx6xiiEyNwkLcTuDRK1tr3SeUWWtU3nKQrYiTXWpDAagjXVFKCCZhYU9pKXgkWf7YEcnv,,cleanup
2026-10-10T08:07:06.342688Z,0x183d41816121a9617c3d216386485d26c130bae40d04816c47ec79bbeb9d5f27,3FHY6qZALHavE387YcUMyqFYdYCiR5PbLSxdQBpwR6JK,AVLhahDcDQ4m4vHM4ug63oh7xc8Jtk49Dm5hoe9Sazqr,11111111111111111111111111111111,SOLAMA,SOL (native),sell,596861113,4870618,596861113,4895093,fulfilled,Executed,28da…jxyN,5,4bCRH3gqTa65XwiXFoACUapHwLxeYNkv5qBojuVNieES3BqmbhHdynMju8capFh6QsbWEuBhsdGvxK94fqFXJbcF,,cleanup
2026-10-10T08:07:06.566416Z,0x2af81fc0e60900dc0daea46937bbe3211a3666718aee2f22ddbd3278e01b3358,3FHY6qZALHavE387YcUMyqFYdYCiR5PbLSxdQBpwR6JK,9AvytnUKsLxPxFHFqS6VLxaxt5p6BhYNr53SD2Chpump,11111111111111111111111111111111,67,SOL (native),sell,312117235,5211536,312117235,5237916,fulfilled,Executed,28da…jxyN,4,f2HhE2AsSgrJSRj54CY2aniGnTX4JC82ZSmUXYbV12oKEDgQacofnaNXyXW1jAaF5Av4igLxG4fdwK9fXW8mo3r,,cleanup
2026-10-10T08:07:06.957771Z,0x3826763548e717bfef0255397fa8771f3cf903d03922ff4ff9a3ba3652098aaf,3FHY6qZALHavE387YcUMyqFYdYCiR5PbLSxdQBpwR6JK,uniHfuPhEQSrtpzXpJZDCSq53yaejKKpNhFUiKoHKHV,11111111111111111111111111111111,UNI,SOL (native),sell,7446129,5002176,7446129,5027082,fulfilled,Executed,28da…jxyN,4,2LeEyhLMniV3tvqjFoLcrG9dsAdDhizV4qL2vWBYdyDXnJFemuVzDAazpwWzdM3R5WKHcpCXgF4Ki1NGErhw8DTu,,cleanup
2026-10-10T08:07:07.158538Z,0xb6cd7b24b13d599890a29bfec10bfc7ceac36b1f1db327ad3fe1119fb047e716,3FHY6qZALHavE387YcUMyqFYdYCiR5PbLSxdQBpwR6JK,moonThZEkkTVoNB7v6YVCQiT56JYDZ1oN185ba3WizL,11111111111111111111111111111111,MF,SOL (native),sell,1243519,5652686,1243519,5680938,fulfilled,Executed,28da…jxyN,3,2yPrQezrqg4NSRjJASh68fomH1fAVM1EQNPr7A54V2Marp8BbpVK8TjZJL2FPEPFFbDUTngwPn1nnLMyMmSGMHTt,,cleanup
2026-10-10T08:07:07.651441Z,0x6bfe07e7655ba5314448104f1b843a2ba65013f73ea91d422b27c2ede552b83d,3FHY6qZALHavE387YcUMyqFYdYCiR5PbLSxdQBpwR6JK,6GmAFSYs4gk3FDao5FzzySQpPZaWsa4rUJHacpMpUNgx,11111111111111111111111111111111,STONK,SOL (native),sell,4365609695,5331575,4365609695,5358366,fulfilled,Executed,28da…jxyN,2,XvesRnmSGwAM3EJ5kVTKy6LNbxE6ypTkF2YDCUFBVZAyurAv8PBF3WZn9Rdf9UtUrmCPmA8RJQDnuj5mhyMtZBD,,cleanup
2026-10-10T08:07:08.075629Z,0x24446d7ed1013487f95b270f2b02d6a28f7a668b4526b7d497651e82a9c5f7cf,3FHY6qZALHavE387YcUMyqFYdYCiR5PbLSxdQBpwR6JK,69LjZUUzxj3Cb3Fxeo1X4QpYEQTboApkhXTysPpbpump,11111111111111111111111111111111,CODEC,SOL (native),sell,75025362,4874924,75025362,4899421,fulfilled,Executed,28da…jxyN,3,3zMEdgSAWm7ygfgsmi2pMEF9VpbbNKaQn6P3t2EXJ8Q7st6sFFiUq8R4f6U9ZxuB11s4MdwqcwjQJ8tgrjiyQ12K,,cleanup
2026-10-10T08:07:08.279209Z,0xef944fcbf2dc8c8819ecb87d68a89c18e9c0e011afd8df83845ab80948f48419,3FHY6qZALHavE387YcUMyqFYdYCiR5PbLSxdQBpwR6JK,PerPsCe2SJ7Q25CN4R5TTX4fmBdmknE2hQmqCt96fHL,11111111111111111111111111111111,PERPSPAD,SOL (native),sell,333980139,5117971,333980139,5143689,fulfilled,Executed,28da…jxyN,3,xZr9FteenrWh4tMX1SnrJ5LHpHDw3YX5xKP8U8riApKHWDwcaGKFSrWKLFwW3st2Zu9QKmVqf9hdAd239qEvb6A,,cleanup
2026-10-10T08:07:08.609956Z,0x467c31f6316a1dee10464cc7e7985161755ead9652d6ac56778e1f8c82f85af0,3FHY6qZALHavE387YcUMyqFYdYCiR5PbLSxdQBpwR6JK,HBoNJ5v8g71s2boRivrHnfSB5MVPLDHHyVjruPfhGkvL,11111111111111111111111111111111,PURPE,SOL (native),sell,484406,5662537,484406,5690991,fulfilled,Executed,28da…jxyN,1,4XEox37X1gP7zsQmZqUq1Vzww25CwjE6wsLNVSmKPxDCsiWRqCDeUeo6V6dt49FCyk3KEvi8VVcGLdHAsr7jkrHn,,cleanup
2026-10-10T08:07:08.894188Z,0x98a7310e1ca01f49103e20b3a1e846ba3bc2da1eacd668257b50cadcb76f2969,3FHY6qZALHavE387YcUMyqFYdYCiR5PbLSxdQBpwR6JK,METvsvVRapdj9cFLzq4Tr43xK4tAjQfwX76z3n6mWQL,11111111111111111111111111111111,MET,SOL (native),sell,1462827,5552590,1462827,5580492,fulfilled,Executed,28da…jxyN,1,4QZqvrwngtk36AW74gieCKqab8adFVqVHg6WszLdQfUzJWAHaQLiVrX9R116QFWu1j3RSPmth6G5cFN9BQH5ru1F,,cleanup
2026-10-10T08:07:09.203123Z,0x33aa0f105df011f8c23d9432521e158aa30ed39458269a5b14028ee4ee36a54a,3FHY6qZALHavE387YcUMyqFYdYCiR5PbLSxdQBpwR6JK,XsoBhf2ufR8fTyNSjqfU71DYGaE6Z3SUGAidpzriAA4,11111111111111111111111111111111,PLTRx,SOL (native),sell,264403,4995274,264403,5020114,fulfilled,Executed,28da…jxyN,2,4X9UyRPL7dd8qomWHucijEbGzd6EyD2kQBZKikhoqLRFMbBzbvnYcqWCDsp5rGkP1BydM4wXZYhnbrZ8VztBxUJ7,,cleanup
2026-10-10T08:07:09.665197Z,0x06d1c5bb8c36dea0f0f86505c49f949558e286e151662da942444fe4da0759cf,3FHY6qZALHavE387YcUMyqFYdYCiR5PbLSxdQBpwR6JK,PFER6ENqP8r8NF3CqVt4mFowxsin3V5MLidBNQFCC3x,11111111111111111111111111111111,PFE,SOL (native),sell,21138,5362989,21138,5389893,fulfilled,Executed,28da…jxyN,1,3nUF1MKCdPvSeT9rXV7xZLrw4b8osv4j4PqsX2ZJRJ4W1dRUZhq8qid51mRTuzrynUSaKWGuNx3fQaJiTAgAXnn,,cleanup
2026-10-10T08:07:09.811727Z,0xf7949a15eb4e4d1420d428b29800787b02c25fbd88819336007d870b13e1b8c0,3FHY6qZALHavE387YcUMyqFYdYCiR5PbLSxdQBpwR6JK,BABANGA4JE7Kkam4nTrALAwAVgsNJUuFJnnkF7S16BZp,11111111111111111111111111111111,BABA,SOL (native),sell,5386,5397749,5386,5424873,fulfilled,Executed,28da…jxyN,0,5vGxY3BY8TBrfEpDwssaHCYy9x3PdTmHUJLW3Lz2Jy6Z2C5Pfan5Yg1CZ1KA37MVmSFjsiPshaCnw6GN66tRT14i,,cleanup
2026-10-10T08:07:10.098481Z,0xa01178e5d782afc24d5389ffe2ddfc4a225068c46968e4a732e0f63f7a233560,3FHY6qZALHavE387YcUMyqFYdYCiR5PbLSxdQBpwR6JK,8G5ayEsJF4Q7FEWEGeF4jtnUWZBEKCqhySTFQf9Ppump,11111111111111111111111111111111,HeavyPulp,SOL (native),sell,1259390381,4752115,1259390381,4775994,fulfilled,Executed,28da…jxyN,1,Mr6cWfVn4Y3qkMbU5ycVwU5SyeNhSDLtRewnotPmEXg8RWuQW5b9xboBbQMt7yN47oiAhsY6ehDFb9sXUTSgdZG,,cleanup
2026-10-10T08:07:10.320241Z,0xd08245a4a1afa8667fc9c613ff52299159ba71165f233ed1c9d84a554e2dd1da,3FHY6qZALHavE387YcUMyqFYdYCiR5PbLSxdQBpwR6JK,Hg5Ja55T5wESq4vyFoiVCMeHXtGyVA69X2UHq8hgpump,11111111111111111111111111111111,baton,SOL (native),sell,43563712,4423628,43563712,4445812,fulfilled,Executed,28da…jxyN,1,2nVWuK3NfAZUd859w3wMPMprcvA2YSVHLyV7NQQ2qR3sCkwnfsU2SedG1gGEETywR88V31LrzJpfHd28RXWDRYsw,,cleanup
2026-10-10T08:07:10.660979Z,0xb4ba13c1c36dc08b1f39d371f2e3cf4478df7dc49b723e09253a1e2d4e9525fb,3FHY6qZALHavE387YcUMyqFYdYCiR5PbLSxdQBpwR6JK,XspzcW1PRtgf6Wj92HCiZdjzKCyFekVD8P5Ueh3dRMX,11111111111111111111111111111111,MSFTx,SOL (native),sell,72181,3506983,72181,3523955,fulfilled,Executed,28da…jxyN,6,s43kig7mHkg5FZE9fgimfZXDvq9YkryUYteseTjs3hLXQ8XjhVu3kHzQFchHUwgtLumWjFF18r9SMmd3TsThb83,,cleanup
2026-10-10T08:07:10.928883Z,0x2afa7635e12492d523865200518a63da2bbf9d47bf29101d19b0c932354d0b0f,3FHY6qZALHavE387YcUMyqFYdYCiR5PbLSxdQBpwR6JK,Xs7ZdzSHLU9ftNJsii5fCeJhoRWSC32SQGzGQtePxNu,11111111111111111111111111111111,COINx,SOL (native),sell,218015,3558477,218015,3576358,fulfilled,Executed,28da…jxyN,6,5Cgdscw28U3zPgFWgAKYJVmvvE3wwew7Uki39RjTTLf6hbD4eS41sACPJbEqzo7L3okkzBwyXHoTZH6XG8zbGfV8,,cleanup
2026-10-10T08:07:11.050827Z,0xde9c0fd9ff111e9c443226397951e37af8da3225ef8d570fc0c4987b53c445b8,3FHY6qZALHavE387YcUMyqFYdYCiR5PbLSxdQBpwR6JK,XsCPL9dNWBMvFtTmwcCA5v3xWPSMEBCszbQdiLLq6aN,11111111111111111111111111111111,GOOGLx,SOL (native),sell,111922,3569984,111922,3587923,fulfilled,Executed,28da…jxyN,6,3BpeuU8trZGYUsQVKU3bg6ii2HA6WvsVsseBLfZVdd3tdzB5doT5toyt8trfSMA74s9QYhJqi7YeVtC5aX2MBtBd,,cleanup
2026-10-10T08:07:11.551442Z,0x69abecbad7ef9753a13d94b29345103e0f5173f9862ef871aafc39ae06abced0,AM6Qwi3vwMCGpRbJ55zDatByeAtsbcfXvXBh77be8C9T,CreiuhfwdWCN5mJbMJtA9bBpYQrQF2tCBuZwSPWfpump,11111111111111111111111111111111,PYTHIA,SOL (native),sell,1025524576,4054191,1025524576,4074563,fulfilled,Executed,28da…jxyN,5,3MFmGJ38A27iVreG5k6wQuhUCy9Jx5uYSXLvMknbYj5Cbw6SpZd5dzECpSxuFqN1W8PVGXaonCuCSsqnH6Dtb7ua,,cleanup
2026-10-10T08:07:11.755370Z,0x307022eb9f4d4a295a4daf52ebd6abb58a52efca7b040c606ee7ef1035c6ea4e,AM6Qwi3vwMCGpRbJ55zDatByeAtsbcfXvXBh77be8C9T,HeeBovJNKd27tQ6xkeP1dfSyTr8LyLwhJz9wfFTbPLEX,11111111111111111111111111111111,HEEBOO,SOL (native),sell,61480389,4874742,61480389,4899238,fulfilled,Executed,28da…jxyN,5,4gB5ozWFw6FBWTevR8138ZuEKLmjdEPQeattpa8z1cJTYuQSBTTU6EGwW8enQcTtQZP5ma9N23rvjoTB8WtUTCKG,,cleanup
2026-10-10T08:07:12.154642Z,0x647f73d87a182e74dcd20e5916435f8b7f1e416cf1555d47b31d28e0ae7a3e27,AM6Qwi3vwMCGpRbJ55zDatByeAtsbcfXvXBh77be8C9T,Morpho2VPeTr2E1Jx6monxCzF7mqwUnjz74RdwLXYyP,11111111111111111111111111111111,MORPHO,SOL (native),sell,22887136,4944585,22887136,4968534,fulfilled,Executed,28da…jxyN,5,61ATxq2Xt1asFDxJAwrZ9XkNgL1UhB7MzjrYWDiZucLKvMCZKSqeA78K22i5w8BvN1cqcCRjj34QHT3uTqtjQqYo,,cleanup
2026-10-10T08:07:12.387164Z,0x030e1ffa0d77893df699a243183f557b39d15030b2da568884fcf954f11fe980,AM6Qwi3vwMCGpRbJ55zDatByeAtsbcfXvXBh77be8C9T,6FrrzDk5mQARGc1TDYoyVnSyRdds1t4PbtohCD6p3tgG,11111111111111111111111111111111,USX,SOL (native),sell,599593,5417325,599593,5443562,fulfilled,Executed,28da…jxyN,5,43Gok5HsVad7Bt24wE3RwCScMEUvFSQU1qZC8VdbH1xuuSNDpLJgCKg5pS4JJT3mEuXGtABULb396AL3EMuQ6gnd,,cleanup
2026-10-10T08:07:12.665603Z,0x5a67dc3e381eba3ddc5a31f958880d14fddb744d2fa5de0d8075adac6dde60af,AM6Qwi3vwMCGpRbJ55zDatByeAtsbcfXvXBh77be8C9T,Df6yfrKC8kZE3KNkrHERKzAetSxbrWeniQfyJY4Jpump,11111111111111111111111111111111,CHILLGUY,SOL (native),sell,54574237,5351464,54574237,5378355,fulfilled,Executed,28da…jxyN,4,2twXuVQJQdNugB3BASYU6Sc6e3gWWEoqfGCTDNJvy1AvwTKdmGASKJSrXQyVwjMK8CMJF2Wu5BtJifd44fazPJEC,,cleanup
2026-10-10T08:07:13.268848Z,0xfe5e543deba5497294360043f8a23f8998a73d0b93c4cbae7e8a9a0fd040134b,AM6Qwi3vwMCGpRbJ55zDatByeAtsbcfXvXBh77be8C9T,Fch1oixTPri8zxBnmdCEADoJW2toyFHxqDZacQkwdvSP,11111111111111111111111111111111,HARAMBE,SOL (native),sell,1706959959710,4834947,1706959959710,4859243,fulfilled,Executed,28da…jxyN,4,boY4RmU3jG58rRmyLGNQgdUrzgJphfFAfrQBHT4vDvYVMLJqAQk9P8VQTCiHSTvP9zWBLTbNCZg2PBMdRVfMUvs,,cleanup
2026-10-10T08:07:13.576116Z,0xc0026bb2a5320682ae1346f82f3af5af1fe5114d988c2c329bffc1aa017c6d2d,AM6Qwi3vwMCGpRbJ55zDatByeAtsbcfXvXBh77be8C9T,3ThdFZQKM6kRyVGLG48kaPg5TRMhYMKY1iCRa9xop1WC,11111111111111111111111111111111,eUSX,SOL (native),sell,570067,5397113,570067,5423134,fulfilled,Executed,28da…jxyN,3,5ckhdLKvRreggdgtqAFqB7RTW1KaRTn7Pzsb71cgzEZUPJkFE3dHn46Eh8EhsAp93QvzTPNNo31wP6gvZqT91PrJ,,cleanup
2026-10-10T08:07:13.780016Z,0x5da86f9d573ed685024c0fc7917a020e6128708e2216d3912f9969cd73761ef6,AM6Qwi3vwMCGpRbJ55zDatByeAtsbcfXvXBh77be8C9T,WENWENvqqNya429ubCdR81ZmD69brwQaaBYY6p3LCpk,11111111111111111111111111111111,WEN,SOL (native),sell,9110081398,5316462,9110081398,5343177,fulfilled,Executed,28da…jxyN,3,2731SyZyidv2idkcWiMsFaWMQ6fCUopA87p1qyGnjkE74SELA6TgpHcCSUS2sAHwa1ZDQfiaen8oNScPP4Mjcsxp,,cleanup
2026-10-10T08:07:14.254131Z,0x7b791721d09758e83cc895d3e33f4d504a8330e5d49df671f58819b8efc9b65e,AM6Qwi3vwMCGpRbJ55zDatByeAtsbcfXvXBh77be8C9T,utLyQQCPvjuCc6zeaXdsFeEC3JNdxKS3vxaZWoGdoge,11111111111111111111111111111111,OGDOGE,SOL (native),sell,375857140,5065081,375857140,5090533,fulfilled,Executed,28da…jxyN,3,5BCTnj3L6d7vsA8okPu6GmbgQ9xP4EqAAUNPpYPgiv6ZB2ijtUCgebUcvKtZ3aFHcJjw8H4Ct8tNveqwXJY8uxzm,,cleanup
2026-10-10T08:07:14.645985Z,0x4098876000d0387686f37c201c11753f3c90c9d0d129f23370a406e1c43e6488,AM6Qwi3vwMCGpRbJ55zDatByeAtsbcfXvXBh77be8C9T,A7bdiYdS5GjqGFtxf17ppRHtDKPkkRqbKtR27dxvQXaS,11111111111111111111111111111111,ZEC,SOL (native),sell,49470,5509255,49470,5540937,fulfilled,Executed,28da…jxyN,2,kGchyNGwDDY9quyr32xMJCLsmqPqFHSLZjAeJUHG46tfV4GN5zPqLRLiRzhcxLsgSKdYTFe3uxqWNnBZN2jgvuu,,cleanup
2026-10-10T08:07:14.832568Z,0xa9405ceb36956054de22507fd430f061d5b7c33ebe2b0a29906736527da2544d,AM6Qwi3vwMCGpRbJ55zDatByeAtsbcfXvXBh77be8C9T,947tEoG318GUmyjVYhraNRvWpMX7fpBTDQFBoJvSkSG3,11111111111111111111111111111111,CHAT,SOL (native),sell,19710550208,4852538,19710550208,4876922,fulfilled,Executed,28da…jxyN,2,otzsTTi52tp4Vqp3CmxVy9kBNsgRabCNMaKAP8LusT6eBzdCCibVcRAtsKZYG5SMvn6ZHevX9F3tRfaDuCc512S,,cleanup
2026-10-10T08:07:15.002693Z,0xc278884830903c525d1555920c454ed50e9a8fa8f242f49a745445b937ef1f88,AM6Qwi3vwMCGpRbJ55zDatByeAtsbcfXvXBh77be8C9T,XsqE9cRRpzxcGKDXj1BJ7Xmg4GRhZoyY1KpmGSxAWT2,11111111111111111111111111111111,MCDx,SOL (native),sell,249687,5458202,249687,5485630,fulfilled,Executed,28da…jxyN,2,2V1ddosAFpGQC4sVY8T9GJQ4ybsSL6daDjVGP8a5pp725rQfW74htEb5qHarn529pHhNuxpXqp1BwqXL2Q8jSoZe,,cleanup
2026-10-10T08:07:15.614110Z,0x693a9ad5a0e67365c3e6deeffd434a59311c4ea41a8aa8cafb0ba2c40eefbad8,AM6Qwi3vwMCGpRbJ55zDatByeAtsbcfXvXBh77be8C9T,RKLBnAXGqv31iZomqsuAWkQm1aqC7JwwvbCfzGdqAhz,11111111111111111111111111111111,RKLB,SOL (native),sell,7948,4912382,7948,4937067,fulfilled,Executed,28da…jxyN,1,TNsN1uqbCStkCMYwBfsbwEWfkxowsrK5pPK4SnnVw67nUoTHbuh6xJKCvCnKEuTGJP9HVnXN1hnwKAG2VdFqG3J,,cleanup
2026-10-10T08:07:16.022767Z,0x1e39749ec94041e10df8155a35da2232b802206e81ac9e5de37e54b46dc3eeb7,AM6Qwi3vwMCGpRbJ55zDatByeAtsbcfXvXBh77be8C9T,XsbEhLAtcf6HdfpFZ5xEMdqW8nfAvcsP5bdudRLJzJp,11111111111111111111111111111111,AAPLx,SOL (native),sell,118447,3607944,118447,3626074,fulfilled,Executed,28da…jxyN,5,124tGpgX3uxwF3wpDcGiz3tgVPuzpE3Jo8A4jwK6oGts9hG7hQxasGm31YABnkQ4qQHviVtC7ykCyqRUcCYpye3B,,cleanup
2026-10-10T08:07:16.428576Z,0x2e4e8b65e10c8fd75ffb5b6545c75065f67fe27d0f21b9c67906fb37dfe59c44,AM6Qwi3vwMCGpRbJ55zDatByeAtsbcfXvXBh77be8C9T,DRAMjSWR7HRfJKjRkvQWYL2bcaejaVhuxEcjf4pAY4Cw,11111111111111111111111111111111,DRAM,SOL (native),sell,9827,5099382,9827,5119343,fulfilled,Executed,28da…jxyN,5,4caJdFr8s1qWDdntWarAXqWqnTpmT16Kw8Xmy54DcJRj9hVaCRNzAUcNfEwwTfuzZ75gfdGT4BETuDVFegNvRTTG,,cleanup
2026-10-10T08:07:16.632904Z,0xa9eba57a38e922976cc007637a7539f115bcca188c71387814fae7d5d74c5d9d,AM6Qwi3vwMCGpRbJ55zDatByeAtsbcfXvXBh77be8C9T,Xsf9mBktVB9BSU5kf4nHxPq5hCBJ2j2ui3ecFGxPRGc,11111111111111111111111111111111,GMEx,SOL (native),sell,1251801,3027301,1251801,3042513,fulfilled,Executed,28da…jxyN,4,4wB7r7uBh2ZWqrdJ7FUjPza3Adw5DVZzTxXwxUMiAyzKCWCGvJLKWBZkP8CpG75A9C2uLGk3E6TM8bmrviQY9yyb,,cleanup
2026-10-10T08:07:16.828145Z,0x8a250c8a1ea3e6b906f476d00558ad9879e44f7129a9885f83f4272fd4602a15,AM6Qwi3vwMCGpRbJ55zDatByeAtsbcfXvXBh77be8C9T,SKHYhSjuRWHgikq8eRKbtBbpABgJSkd7ytQV14i9EQ3,11111111111111111111111111111111,SKHY,SOL (native),sell,3501,5393574,3501,5419201,fulfilled,Executed,28da…jxyN,3,PAG5bhKWfZKHFq9hnHTTDtsax8nfUM4aHvTBjgb6NogFGn9iD4d6JPfdHSb2nCZqoZPQScPFR7DkzykXV3Whdaf,,cleanup
2026-10-10T08:07:17.040Z,0xe720bb829d0bf455d3b8499302ccf77aee1bee3f8e110bec478380c64ab68984,AM6Qwi3vwMCGpRbJ55zDatByeAtsbcfXvXBh77be8C9T,CbcyNo7m1amFWqEQm2m4PLv1UNvpcL3C1Ujm6AkzpKoU,11111111111111111111111111111111,e/acc,SOL (native),sell,254327374,4720345,254327374,4766451,fulfilled,Executed,28da…jxyN,3,5AAdKtmkiLHXkSbqT9TJmTz9aDeFiwGGbeho15BywCvTyUdwvimmTDJRRaNtWqt8bWjXT4P32t34uYNVvmdrA9LU,,cleanup
2026-10-10T08:07:17.434604Z,0x5b4fa8e71b9de1b532ed6c4641643ba6083f3676f6d175a94d07d9815993a750,AM6Qwi3vwMCGpRbJ55zDatByeAtsbcfXvXBh77be8C9T,XsvNBAYkrDRNhA7wPHQfX3ZUXZyZLdnCQDfHZ56bzpg,11111111111111111111111111111111,HOODx,SOL (native),sell,367602,3626476,367602,3643780,fulfilled,Executed,28da…jxyN,4,5uE2g9zWwaDAGiCdwRFzUgCwEfibFET2AfdmjX82uNBqSUbYVW8aCabawRzk2AE2R7HtoTvRPXXc5tPzHs31AHag,,cleanup
2026-10-10T08:07:17.652873Z,0xcf9a19991c92f9961e8a65dc5810813af46f243cf66b0de1f3c573dfc5823643,7RqUGHCV2tngEBctNc8o58nPDy6AsYzsUHAW2JgA2XX9,AavE1kKKnesPw4MuRJmJ9jZs9QzEE8CPxQ3ViczUDfc1,11111111111111111111111111111111,AAVE,SOL (native),sell,355318,5574967,355318,5602981,fulfilled,Executed,28da…jxyN,2,3Wa66SKScLmgwFMECYTyF6j8ejnmq6NVbmZz5991fZW4iRXvUDUXVH8TiB13hGpMGoNvtZroMGjyW61o68YkX8YD,,cleanup
2026-10-10T08:07:17.652873Z,0x073eef7e1e3aeca8086287e06f4a8c309b8913970cd8a8690bfa425133083cc2,7RqUGHCV2tngEBctNc8o58nPDy6AsYzsUHAW2JgA2XX9,zGh48JtNHVBb5evgoZLXwgPD2Qu4MhkWdJLGDAupump,11111111111111111111111111111111,retire,SOL (native),sell,262241456,4896616,262241456,4921222,fulfilled,Executed,28da…jxyN,3,BJghqkotAzw764b2YgC6p19HbbKsmvt8ESQdET2VAkWSx4ddXbpmQu3hRAn7NneJsJYHvuqLUANdMhfgqAQntFQ,,cleanup
2026-10-10T08:07:18.570125Z,0x228b7a94bc2b6ba73a4374747f37bfb1e96b62a5779b2160283d6cd66b1ce373,7RqUGHCV2tngEBctNc8o58nPDy6AsYzsUHAW2JgA2XX9,GoLDppdjB1vDTPSGxyMJFqdnj134yH6Prg9eqsGDiw6A,11111111111111111111111111111111,GOLD,SOL (native),sell,141,5288545,141,5324373,fulfilled,Executed,28da…jxyN,1,5RZjZLomLZsEtNSiqxuvDjntmD2SZwptRha8usN1hQzCkC5bBiSvMmGCxcJhHo6ZoADN11cp9mM9T99jgBpQngD3,,cleanup
2026-10-10T08:07:18.570125Z,0xa1c017565ebc0255dd4916b35284ef5bd0012740c8e6b70b2b48a92ad3ec9884,7RqUGHCV2tngEBctNc8o58nPDy6AsYzsUHAW2JgA2XX9,GTH3wG3NErjwcf7VGCoXEXkgXSHvYhx5gtATeeM5JAS1,11111111111111111111111111111111,WHALES,SOL (native),sell,44215436,4923305,44215436,4948045,fulfilled,Executed,28da…jxyN,2,SYR9383r1uYZi15dqLUXim175QAm7Ta2wLFSXZSdyisCQRTZVaacQE4ZkRyQmPK25U5QV2vJQVEF4L9oehchqGz,,cleanup
2026-10-10T08:07:19.229445Z,0xc640f9e51cc4ed0e059cafc01f1d64609201c4c90f3d847718d8bd43b1e6f2e1,7RqUGHCV2tngEBctNc8o58nPDy6AsYzsUHAW2JgA2XX9,WXMRyRZhsa19ety5erZhHg4N3xj3EVN92u94422teJp,11111111111111111111111111111111,XMR,SOL (native),sell,1036393792,4937326,1036393792,4962136,fulfilled,Executed,28da…jxyN,1,5BE7TiLPA5UoHSUBYhnUWHMnUJnuJqmGrZ68WHseFt79Gfo8mvkPN1ZG3yCYAh3SjJ9fF2YDQojPD61dqXXFZ61u,,cleanup
2026-10-10T08:07:19.229445Z,0x01e48bb085e6f22093a9cb0482eb2fde7409386e6983db864ab1fe0ffa794888,7RqUGHCV2tngEBctNc8o58nPDy6AsYzsUHAW2JgA2XX9,AvZZF1YaZDziPY2RCK4oJrRVrbN3mTD9NL24hPeaZeUj,11111111111111111111111111111111,syrupUSDC,SOL (native),sell,504927,5417748,504927,5442940,fulfilled,Executed,28da…jxyN,1,2iJeyHDjuQR1xatEFcAsRGn41vLwwJjtYGR74e7542o3HDJF7uZwZ3wK5wrpgQ86qhUXyeKC8ipQhCWz4imiLvpk,,cleanup
2026-10-10T08:07:19.419467Z,0x85ac7f72a8a360699656dc4580cd54a3c4166ba94a3c4b857b49c42e227dc07d,7RqUGHCV2tngEBctNc8o58nPDy6AsYzsUHAW2JgA2XX9,EzfgjvkSwthhgHaceR3LnKXUoRkP6NUhfghdaHAj1tUv,11111111111111111111111111111111,FTX Token,SOL (native),sell,215285423,4919438,215285423,4944158,fulfilled,Executed,28da…jxyN,2,2314xNyiGBWbXYs3hipuFATUz5vFYetZ1rsNbpebwCuhGuNnaKYLYHeyrB5Z6eXnuQGxJNTo2K7zsuSHd6o7wuyy,,cleanup
2026-10-10T08:07:19.686986Z,0x7a7cd0366a243b5dd28df21632f192552f908f809372b9a2540bba7310d502c7,7RqUGHCV2tngEBctNc8o58nPDy6AsYzsUHAW2JgA2XX9,STREAMribRwybYpMmSYoCsQUdr6MZNXEqHgm7p1gu9M,11111111111111111111111111111111,STREAM,SOL (native),sell,56823959,4941333,56823959,4966163,fulfilled,Executed,28da…jxyN,0,4HkLQn4sEC4JVaYKnLYv3ysJYmDyxGsHeNWfQpEagQKSC6iUSwMQn8iponVq3JBbYk1rZ25Xbwri6BvtXXkfD9QG,,cleanup
2026-10-10T08:07:20.317331Z,0xcc74acafc234791780af829c879dcaacd87184a216019247748f20fa54d747c3,7RqUGHCV2tngEBctNc8o58nPDy6AsYzsUHAW2JgA2XX9,PEAQjk7SRS6rXHVFFmpRr7zrC4g5ZuEebpwTxvaLr3b,11111111111111111111111111111111,PEAQ,SOL (native),sell,12401260109,4812701,12401260109,4835212,fulfilled,Executed,28da…jxyN,1,2oj59pw66xf4EnEAaSrRz674R6hMoYDdo8u96JJSWuA76WuK4vtx28osB73Pokrtrj2Nu8gfe35MwUxUdGRDECXb,,cleanup
2026-10-10T08:07:20.580124Z,0x35d0ddb7417a13ef2caa8fa1d4577ff9c7f0a92260cca630b4dc8aef0317cd3d,7RqUGHCV2tngEBctNc8o58nPDy6AsYzsUHAW2JgA2XX9,9LzCMqDgTKYz9Drzqnpgee3SGa89up3a247ypMj2xrqM,11111111111111111111111111111111,AUDIO,SOL (native),sell,3281570544,4904164,3281570544,4927107,fulfilled,Executed,28da…jxyN,0,4mahvpVZvn9vEoiDKEZ3Wq8XA8JXbR4X7EcMG1ZpHtPxKDZvnXFV1ERrQDA8soSJha8mTB92uDszMrRPcQ7tGFxP,,cleanup
2026-10-10T08:07:20.933355Z,0x89d7e3a0661fad004af8684261c99a8a8720a3273255b878a4be99798d298ce0,7RqUGHCV2tngEBctNc8o58nPDy6AsYzsUHAW2JgA2XX9,LinkhB3afbBKb2EQQu7s7umdZceV3wcvAUJhQAfQ23L,11111111111111111111111111111111,LINK,SOL (native),sell,46605103,5424224,46605103,5451481,fulfilled,Executed,28da…jxyN,4,coQX7R5zRNk1YUs9Z2QpzChYbKSPjweiHG5pFMdk69ub1Crn1zwrodASKr58bD9iAbp7hMmeqLD6ZSEgcWzPP7n,,cleanup
2026-10-10T08:07:21.425810Z,0x90880958cc23c12e6fe7461c3d5e3957ddb13fc7a6073614646deb7f349f2b86,7RqUGHCV2tngEBctNc8o58nPDy6AsYzsUHAW2JgA2XX9,JuprjznTrTSp2UFa3ZBUFgwdAmtZCq4MQCwysN55USD,11111111111111111111111111111111,JupUSD,SOL (native),sell,599523,5416872,599523,5442132,fulfilled,Executed,28da…jxyN,4,2BW5VM5NiQ7iQTWY9aVG1gHh23ZPaf57dXZytNjAiTvB3ACJ7j2CKc7iwQ5BoqpoiqSAmUhmEeFmXbhdrMr8XSnQ,,cleanup
2026-10-10T08:07:21.703010Z,0x8aa42ce142b4f4a816810171f609ae8b5c8c69941909219955861486202d30dd,7RqUGHCV2tngEBctNc8o58nPDy6AsYzsUHAW2JgA2XX9,Hh3oTaqDCKKfdBgsQEvxp9sUwyNf8x9qmKqEMLBWpump,11111111111111111111111111111111,HODL,SOL (native),sell,704046473,10570754,704046473,10623873,fulfilled,Executed,28da…jxyN,3,3VFQTMwLw3wHpXKcFH8hech8B5oBRxwPRd5BrhyhRByFSairS5vPGmbKPaSNhCwi22wjjbvYnxoEn4CZcDLuT8V6,,cleanup
2026-10-10T08:07:21.833306Z,0x8ede2ada19ecbc4e0fe6ce99716ac481804e73b2e188eaf94962d98ad384091a,7RqUGHCV2tngEBctNc8o58nPDy6AsYzsUHAW2JgA2XX9,XsqE9cRRpzxcGKDXj1BJ7Xmg4GRhZoyY1KpmGSxAWT2,11111111111111111111111111111111,MCDx,SOL (native),sell,151871,3319927,151871,3336611,fulfilled,Executed,28da…jxyN,3,YpeQWxSFPd6i5BxsGo6Pe3dtpnexodQmjqchgYJocpFoUzQb7xARHGhK8qA7woShHvMwv45Mb1WJ8694Hy5iPyX,,cleanup
2026-10-10T08:07:22.050396Z,0x1275f606613c6e455263bca3f577d99fc6ac393a03069b4cf53ba5439d0bee64,7RqUGHCV2tngEBctNc8o58nPDy6AsYzsUHAW2JgA2XX9,Xs3eBt7uRfJX8QUs4suhyU8p2M6DoUDrJyWBa8LLZsg,11111111111111111111111111111111,AMZNx,SOL (native),sell,148145,3516764,148145,3533380,fulfilled,Executed,28da…jxyN,3,43X39MBaVGE6cuerrg8b5pkRo4Pr15uGbgeaLWvQN19x5YERBwdQR3P125srffRJzgvuYdEPc8ByFSGM67iD4rrs,,cleanup
2026-10-10T08:07:22.494940Z,0xc0e479b7df15fb5d9475d108dc65e4d602727e7a9223a07a266a8d4940f43705,7RqUGHCV2tngEBctNc8o58nPDy6AsYzsUHAW2JgA2XX9,XspzcW1PRtgf6Wj92HCiZdjzKCyFekVD8P5Ueh3dRMX,11111111111111111111111111111111,MSFTx,SOL (native),sell,111076,5396404,111076,5421688,fulfilled,Executed,28da…jxyN,3,53VLbduDEkQsiBnXsRygUfpjPL9pBUHVaDVYbmDcNAHqHxfPuqCRbXdL2Sbxgv4HsPwgW2aq9j8nG68HWCPjKme5,,cleanup
2026-10-10T08:07:22.890507Z,0x82104fead7eac5d4d0a9895160be6e8c74632a794e7fba8e219f5265f1c0bfe2,7RqUGHCV2tngEBctNc8o58nPDy6AsYzsUHAW2JgA2XX9,Xs78JED6PFZxWc2wCEPspZW9kL3Se5J7L5TChKgsidH,11111111111111111111111111111111,STRCx,SOL (native),sell,310350,3046554,310350,3060822,fulfilled,Executed,28da…jxyN,8,4zXyzku3Net641WdFLLrgViEwE8SGJdW4YviB4Vax6myjFRiZGzCUKjopM4DefGagiagyCj43Kms5xqrnY84T3ki,,cleanup
2026-10-10T08:07:23.051919Z,0x86c9e6e386b2ef9d0fc4bb1d300b1d3b265f316b0a4fceba2d4168464f9db14b,FjcXArDzUrBTJ1Lv6Yc8n9atjkNYaxKosVjn6VSxZTrK,26KMQVgDUoB6rEfnJ51yAABWWJND8uMtpnQgsHQ64Udr,11111111111111111111111111111111,HAMMY,SOL (native),sell,2306033701,4940478,2306033701,4965304,fulfilled,Executed,28da…jxyN,2,5GWK2r3ibQ383gstxunzSAZXunsLqjabPdUxYnXPfnjNTRvCR7hZ4fZeGKQ3QzFLUmVK2DKQSNYBmAVrZuUZzLaK,,cleanup
2026-10-10T08:07:23.257031Z,0xb7a0b80e1cc79beb4dfc1832e53997ef9e2d657faeaf1c95d3047cc2f21d014d,FjcXArDzUrBTJ1Lv6Yc8n9atjkNYaxKosVjn6VSxZTrK,CtzPWv73Sn1dMGVU3ZtLv9yWSyUAanBni19YWDaznnkn,11111111111111111111111111111111,xBTC,SOL (native),sell,725,5413329,725,5441087,fulfilled,Executed,28da…jxyN,2,4ip7S7xXo4F5JSuCZhrbdWVsPRCtLrzUe2GF4faBVjajBU6BNSREnu7vEcainfPQRm9T39Pcn1grsitWoQaUR2K4,,cleanup
2026-10-10T08:07:23.461523Z,0x16fbd4a25cb6f9952c46d29508713187115ff447bb2e71ae32beababb2e09f7e,FjcXArDzUrBTJ1Lv6Yc8n9atjkNYaxKosVjn6VSxZTrK,4qQeZ5LwSz6HuupUu8jCtgXyW1mYQcNbFAW1sWZp89HL,11111111111111111111111111111111,Cake,SOL (native),sell,274019868,5505795,274019868,5533462,fulfilled,Executed,28da…jxyN,2,2RTMuWbB7VWYYikGRB6SK1JXTS2zqvARxSevActqQAGUJjfp3uQeqhPJU6drSsZ6WwiSAEjeLDpAN4d1y3Acsyqb,,cleanup
2026-10-10T08:07:24.004828Z,0x1e8584794016353dee3855d933f0b39e29ebd341d1eaae2da5c9f5dd9ca00088,FjcXArDzUrBTJ1Lv6Yc8n9atjkNYaxKosVjn6VSxZTrK,7dHbWXmci3dT8UFYWYZweBLXgycu7Y3iL6trKn1Y7ARj,11111111111111111111111111111111,stSOL,SOL (native),sell,4977674,5455659,4977674,5483074,fulfilled,Executed,28da…jxyN,1,3z8vgDRVR5KQU6xkGTqMnQA4DwWXGfFUmFmeedLTWvTSbDhEg36Q6SbJwC2aPANxQoR8ckgi6UQTh1WTaiKywoaX,,cleanup
2026-10-10T08:07:24.421152Z,0x7fb2c58bd1e9dae71420c66f21ab5ff670f70e3b1c71cf8df4a3173805684706,FjcXArDzUrBTJ1Lv6Yc8n9atjkNYaxKosVjn6VSxZTrK,5YMkXAYccHSGnHn9nob9xEvv6Pvka9DZWH7nTbotTu9E,11111111111111111111111111111111,hyUSD,SOL (native),sell,599256,5409090,599256,5433985,fulfilled,Executed,28da…jxyN,1,ea8BtpJT9mCQ86CjdC9HbBKwi7Y3v2mZtGNsY4qGXXkbeBdNHpZqKAxi31CARpBj77rkgxK6ZB9bsKsaCv7atT9,,cleanup
2026-10-10T08:07:24.744805Z,0xff5539fedde1d3750d43bb5c67734f07c9e127f0d4119364c9358f4cd2ee3e7f,FjcXArDzUrBTJ1Lv6Yc8n9atjkNYaxKosVjn6VSxZTrK,GkyPYa7NnCFbduLknCfBfP7p8564X1VZhwZYJ6CZpump,11111111111111111111111111111111,CHILLHOUSE,SOL (native),sell,492207679,5183531,492207679,5209578,fulfilled,Executed,28da…jxyN,0,kqQKrQpc6ZRFg35XmuGmNp7PwPyUDxn29kTgd9ecopyjrQUq3vCfh6XCdp1NwEbu9aaRiLY6kbBQcrwPeqNrAaR,,cleanup
2026-10-10T08:07:24.938784Z,0x2c03d758de214f4ebc309d1dd2c1a6356e12c34128ff3fe1dd467706e88eb5ae,FjcXArDzUrBTJ1Lv6Yc8n9atjkNYaxKosVjn6VSxZTrK,HKJHsYJHMVK5VRyHHk5GhvzY9tBAAtPvDkZfDH6RLDTd,11111111111111111111111111111111,READY,SOL (native),sell,134345496839,5490247,134345496839,5517836,fulfilled,Executed,28da…jxyN,0,5Avnu5qmGfKKVCJQK6xZ2JKNRWCf2wsE63T5UDNge6u54bv7hnTnW9EYgp5vrgttSF1Ju3VQd4C532rGNoLnrKvf,,cleanup
2026-10-10T08:07:25.090634Z,0xd13d6dfa1b00533e5099bd48140c8944e9fff4bfade4d41d8a8a072df57ead32,FjcXArDzUrBTJ1Lv6Yc8n9atjkNYaxKosVjn6VSxZTrK,8Ki8DpuWNxu9VsS3kQbarsCWMcFGWkzzA8pUPto9zBd5,11111111111111111111111111111111,LOCKIN,SOL (native),sell,602370866568,5286626,602370866568,5313191,fulfilled,Executed,28da…jxyN,-0,4sFHTgTMqJ3LTVeCTRHvm9hVe6RVenWkjFQ7mv3N1a195CwaDeC8UtWuJNjcj19xztoM7VZCe3rm4nHUYWCACqe3,,cleanup
2026-10-10T08:07:25.499087Z,0xd0fb76fd3072bcec6f25f90a2733b93c1a5197b06878e2a8798b726dc3fabc7b,FjcXArDzUrBTJ1Lv6Yc8n9atjkNYaxKosVjn6VSxZTrK,he1iusmfkpAdwvxLNGV8Y1iSbj4rUy6yMhEA3fotn9A,11111111111111111111111111111111,hSOL,SOL (native),sell,4620492,5462798,4620492,5490249,fulfilled,Executed,28da…jxyN,-0,3qCZ9tw965ukjvCWrSdL2AnLH1wM3SiETsYC2Q8EyhdTUhCh8ysT7xWXMb1UMucygU8SCr5hSrEBdQNriXbCxhDa,,cleanup
2026-10-10T08:07:25.906616Z,0xde63ab13072969ff0c0fe84874d95eafcf12181bfc1ef5c4d37c46ff86d05479,FjcXArDzUrBTJ1Lv6Yc8n9atjkNYaxKosVjn6VSxZTrK,C1mBfBoDkwWfd6uTFZp62ARHLjeVp3bDpCDMfMZtPngE,11111111111111111111111111111111,HOOKED,SOL (native),sell,68100308,4636589,68100308,4659888,fulfilled,Executed,28da…jxyN,5,QTdjbbx662grhFtkAXZ3rNGDMVTb5DLCD1jwG29AF61t48W6EizXTn29dN8nYKNhcaY7fC4ZJqHTTyeN2HsSvSg,,cleanup
2026-10-10T08:07:26.149690Z,0xc29c80fc3c27ad7405880eaa85b14c112dfe84bf7d2a568afa118c2e88582ae8,FjcXArDzUrBTJ1Lv6Yc8n9atjkNYaxKosVjn6VSxZTrK,XsoBhf2ufR8fTyNSjqfU71DYGaE6Z3SUGAidpzriAA4,11111111111111111111111111111111,PLTRx,SOL (native),sell,164335,3104744,164335,3119035,fulfilled,Executed,28da…jxyN,5,4rkCzR7woTbajbASWCkHVwdZ5PETZB6wjGaXA2Nirhk1wp2LL6ys9mNpuVcNBoKgmwkHG1okSRZSdDuwcCMNJJ9N,,cleanup
2026-10-10T08:07:26.537801Z,0x64f87422f34a85c6c4a2be50328e8da1dd17ab7c91aa73fbb57bc4c869123b29,FjcXArDzUrBTJ1Lv6Yc8n9atjkNYaxKosVjn6VSxZTrK,XsfCC9VL4DamVGNgdJpfLXB3sBVa158Gbx8sh7NzmTk,11111111111111111111111111111111,VIDAx,SOL (native),sell,30223707,3850837,30223707,3870187,fulfilled,Executed,28da…jxyN,4,65YMHLj3VuEsFqhKzRVF9bPmbSmvLPVPAynhFBrP8Toyb2AnHRJokjE4yS4Y7pPEPQ6cwkr6JFoLv5LQtCPNYmSB,,cleanup
2026-10-10T08:07:26.738692Z,0xe126172174fcc666bcb3ab4300ecf172472b43929e0ddc0bd2266654352b1305,FjcXArDzUrBTJ1Lv6Yc8n9atjkNYaxKosVjn6VSxZTrK,Xs2yquAgsHByNzx68WJC55WHjHBvG9JsMB7CWjTLyPy,11111111111111111111111111111111,DFDVx,SOL (native),sell,8511904,3605121,8511904,3622843,fulfilled,Executed,28da…jxyN,4,3srpQj3L3z895GrTwAuthQ6DPVxDK98fWpbuxa843Nn6hD3ELFjQorW9AzkDXda5V9jTFyWpxYVjopyoSmYFowss,,cleanup
2026-10-10T08:07:27.093909Z,0xd0cb66c6668fe929a00e837d9953f0efbc8e75069652756102f4ec1b1895c5a9,FjcXArDzUrBTJ1Lv6Yc8n9atjkNYaxKosVjn6VSxZTrK,2b1kV6DkPAnxd5ixfnxCpjxmKwqjjaYmCZfHsFu24GXo,11111111111111111111111111111111,PYUSD,SOL (native),sell,599065,5415678,599065,5440554,fulfilled,Executed,28da…jxyN,4,2bBZpb92HSQ9E9qLizFj6CBpr8Dd5cpAweb1hS9B4STcLPb66oUmCTAobK5FD1dzNAaa4tG6WNqsLvupbNTq1WZt,,cleanup
2026-10-10T08:07:27.446806Z,0x251afe09dac39ab4595a2610495caf5cb6a77c3a6de7c8a84e51b0f607aa6279,FjcXArDzUrBTJ1Lv6Yc8n9atjkNYaxKosVjn6VSxZTrK,WingsAYbfs4qnEgcw8jpSvetqp8XHM3GkKvow54WLcd,11111111111111111111111111111111,WINGS,SOL (native),sell,327550485,9906452,327550485,9954126,fulfilled,Executed,28da…jxyN,4,2QZtprF64EYDREt89kmdJbG51E9WNBdUodk5WjcJYkFthwV6CCMGDddKAAtVtaFmVpAvmLq4mZ4ydWWF23kweXX4,,cleanup
2026-10-10T08:07:27.663296Z,0x8c4d772bd80dd4c70bdde205b7fae9376fbd090f71a79f8119982c32fed6c6be,BPmy52DKPodqoSUirZUBedULujAZr6s778i4hc153r1X,HZ1JovNiVvGrGNiiYvEozEVgZ58xaU3RKwX8eACQBCt3,11111111111111111111111111111111,PYTH,SOL (native),sell,7317348,5258830,7317348,5284057,fulfilled,Executed,28da…jxyN,3,318YmZPaAXZNxVt9whYnBezUhRQziGFLnggPqBAgFFMnWszcUyaga1L2QT8dh5cY2RFwQfRGiSPPdjmkKEX8WjAX,,cleanup
2026-10-10T08:07:28.049318Z,0x16f35b71b0eb3d61205c85606480e3cfdfbf14aad71ce33762bc2a2bdb43fa72,BPmy52DKPodqoSUirZUBedULujAZr6s778i4hc153r1X,DEkqHyPN7GMRJ5cArtQFAWefqbZb33Hyf6s5iCwjEonT,11111111111111111111111111111111,USDe,SOL (native),sell,599673755,5416888,599673755,5442878,fulfilled,Executed,28da…jxyN,3,4ExhFSyVGsX884kjc717dz3Q17UePqYFzcf8gTxYd8rUqHBcVPNRgVahXzGazv9xhWFyoY5aHGis1KYL4GT7eyxA,,cleanup
2026-10-10T08:07:28.473358Z,0x5d500988024e7af48878ddccbcc21b6822bc7344648fbdc1f6aabab52040c154,BPmy52DKPodqoSUirZUBedULujAZr6s778i4hc153r1X,31k88G5Mq7ptbRDf3AM13HAq6wRQHXHikR8hik7wPygk,11111111111111111111111111111111,GP,SOL (native),sell,1075634992,5802803,1075634992,5830657,fulfilled,Executed,28da…jxyN,3,3vKrPg9hAtWEMpTbcewa4ZR2m66TXuNXDQMVkMoh4ARBtUq5ZzCyWGP7vWzKsVcHrXYr6a96GAi3RK7pV2AUSbX4,,cleanup
2026-10-10T08:07:28.941702Z,0x1e21751df1ce8bc6f975bfe887ef9aa1ed7498d585879d9467850fb1bb1f6e26,BPmy52DKPodqoSUirZUBedULujAZr6s778i4hc153r1X,CJMihkPYswa3k6az9SUbepjKnkJQ6KWpGG5p9qW9n7NV,11111111111111111111111111111111,LIKE,SOL (native),sell,1163025723993,4914608,1163025723993,4939304,fulfilled,Executed,28da…jxyN,2,3Yf7hkpCssqjAgUVTtJDByiaDk2vsqNjiiE8jm97uF14pVEQjuSjE159UbVYiByqJKHbrwNqKxF9VeqpweongbZP,,cleanup
2026-10-10T08:07:29.474521Z,0x410121d1b6ec94c0bba6ee75ad52211243f3200c773cb95a1ee4f1a5f3f84be6,BPmy52DKPodqoSUirZUBedULujAZr6s778i4hc153r1X,GJAFwWjJ3vnTsrQVabjBVK2TYB1YtRCQXRDfDgUnpump,11111111111111111111111111111111,ACT,SOL (native),sell,55535368,5033439,55535368,5058732,fulfilled,Executed,28da…jxyN,2,4eoNLrUFLfNnqNpC81m75NTWXWZcGuPSrJQtKyabs12Bpx9GAfooubi97uCWkDab9bWKfyeDHLA4M38Gc5Rpj1Y8,,cleanup
2026-10-10T08:07:29.752325Z,0xb653fb447f28a74faaf6e25ddbb5eb5e438a582861744ccb344aef3fa73c7bdd,BPmy52DKPodqoSUirZUBedULujAZr6s778i4hc153r1X,6ogzHhzdrQr9Pgv6hZ2MNze7UrzBMAFyBBWUYp1Fhitx,11111111111111111111111111111111,RETARDIO,SOL (native),sell,424700804,4923486,424700804,4948213,fulfilled,Executed,28da…jxyN,1,5kgnWpZUCMfTZeme7giP6wGpCYbuJqoYsnd4zwBFoZZeXgDZVgBChH2TYCTqgCCfoVZJVSSZvvXKw8QkNhgvzvRD,,cleanup
2026-10-10T08:07:29.899460Z,0xc746d4ff9ac21d128e9081898f5807b3003969f29e68e4e94e3a62be11aedca0,BPmy52DKPodqoSUirZUBedULujAZr6s778i4hc153r1X,9McvH6w97oewLmPxqQEoHUAv3u5iYMyQ9AeZZhguYf1T,11111111111111111111111111111111,Anon,SOL (native),sell,1565796916,4955913,1565796916,4980817,fulfilled,Executed,28da…jxyN,1,2vSk2rB7ZPyBh1vuU1beEUCiTgCeCTnB8rGPBJWkzFuhrrRmygjTDBrm3DGAuCpxyMNQC2f9AkLCwL9TAPdMmYAA,,cleanup
2026-10-10T08:07:30.170396Z,0xf585a9f4cee4d3a1f2c9f8259137706c91a277cf364aa8c8bf8540c2b565b271,BPmy52DKPodqoSUirZUBedULujAZr6s778i4hc153r1X,5Y8NV33Vv7WbnLfq3zBcKSdYPrk7g2KoiQoe7M2tcxp5,11111111111111111111111111111111,ONyc,SOL (native),sell,520482356,5417295,520482356,5443960,fulfilled,Executed,28da…jxyN,1,3yNfpouVfgG2YyYVMc4oMDDsR9dxRsmXQnypkN8WwBidduyZWwfzuQdsBtB94i39SRuyjxG2LaRJYVEmUDLJiPvL,,cleanup
2026-10-10T08:07:30.347553Z,0x6f9474a9119e8de291cced35ffda4416290521ec465a25358d708dcaa52922ea,BPmy52DKPodqoSUirZUBedULujAZr6s778i4hc153r1X,3B5wuUrMEi5yATD7on46hKfej3pfmd7t1RKgrsN3pump,11111111111111111111111111111111,BILLY,SOL (native),sell,1204706401,4936988,1204706401,4961796,fulfilled,Executed,28da…jxyN,1,xcYML7R3V7PV5AhsFSVPoubqHazm5PmfR7nGTpU3qEyNWeWRSC7FMLMMH5nobZHaist3K7DVBVJYmrtgtvk94Kv,,cleanup
2026-10-10T08:07:30.699713Z,0x8f1e5580952d9843ec45acf2410838d1be6416c5a9e26ef0c09172e53ea7fffa,BPmy52DKPodqoSUirZUBedULujAZr6s778i4hc153r1X,6n7Janary9fqzxKaJVrhL9TG2F61VbAtwUMu1YZscaQS,11111111111111111111111111111111,Hobbes,SOL (native),sell,5612163475,4946222,5612163475,4971077,fulfilled,Executed,28da…jxyN,4,59dpBarPFDspK6TYjt7hLyed5q4hGHHGgBPkpxDHYtu8uYYAVsMX55phURiegsHoNRqFjgCA5UecmUc3peX94BrH,,cleanup
2026-10-10T08:07:31.230938Z,0xb6adb5f28beea2eae938a3ff8a90b38cae4259538f4122a9494c4350fce7b14e,BPmy52DKPodqoSUirZUBedULujAZr6s778i4hc153r1X,KENJSUYLASHUMfHyy5o4Hp2FdNqZg1AsUPhfH2kYvEP,11111111111111111111111111111111,GRIFFAIN,SOL (native),sell,30166364,5569642,30166364,5597630,fulfilled,Executed,28da…jxyN,4,5Jg3Xzu3Em9zNVxEmdd5nikSQbEpjbPSMfW7yj9WBu6KV6HAFLdfrUWmKZx1ckLBPuiraabWrjCwDeNNiTUaqDNi,,cleanup
2026-10-10T08:07:31.531126Z,0x042db2663ba331a411f792866aeec0b4137396d7de190a1da953544198f7286f,BPmy52DKPodqoSUirZUBedULujAZr6s778i4hc153r1X,Xs6B6zawENwAbWVi7w92rjazLuAr5Az59qgWKcNb45x,11111111111111111111111111111111,BRK.Bx,SOL (native),sell,74928,3482104,74928,3498634,fulfilled,Executed,28da…jxyN,28,2CGTAsddCehyGFokM3iMEsaZASJT1m5Z86i74yz9db7puxajC6sZGHQ9Z98yRskur3q7tQH7DSzf9f7V7vVauLVU,,cleanup
2026-10-10T08:07:31.928946Z,0x305abc94963c41b05b3a2404e211d61445152f36d1f9812e756b0b1fad75f916,BPmy52DKPodqoSUirZUBedULujAZr6s778i4hc153r1X,XsaBXg8dU5cPM6ehmVctMkVqoiRG2ZjMo1cyBJ3AykQ,11111111111111111111111111111111,KOx,SOL (native),sell,410295,3329062,410295,3344245,fulfilled,Executed,28da…jxyN,19,5E3ZZ5d31fC7EjD9oJatovHPAAihtMfFATxeAymTFWNTG4QjLEeqaEnC9hXJ4WKdSQ8S7NqtXzgdit4JxtGoRtxb,,cleanup
2026-10-10T08:07:32.254266Z,0x72bd37a046204f6ee5dc3ea6ccb46d7c3c571ad0e2e2ec005b4172c7709206aa,BPmy52DKPodqoSUirZUBedULujAZr6s778i4hc153r1X,iNTCy1qTsUEZQe3DSocLz1ZXXai34Gdw8THQh5rxFaF,11111111111111111111111111111111,INTC,SOL (native),sell,5168,4897069,5168,4921677,fulfilled,Executed,28da…jxyN,3,9f5przmYdw2qS1bztsxfTYSNAURLvHtudLuLtL7TSVngV1zZWSdVY4sb9Jgcm6hKZ3rt8Ce2JQEGBmngsD9BXQF,,cleanup
2026-10-10T08:07:32.716825Z,0x9d0dbdb093f2ab0f714292472dbce51894ede389ed8324e43ecc192d07f71c0e,BPmy52DKPodqoSUirZUBedULujAZr6s778i4hc153r1X,XshPgPdXFRWB8tP1j82rebb2Q9rPgGX37RuqzohmArM,11111111111111111111111111111111,INTCx,SOL (native),sell,434199,4105306,434199,4125935,fulfilled,Executed,28da…jxyN,2,5yNa7NaYCQKSoeoUkfam5Z1v49zWWqbj8Bj4cPkc5kpyjXQE7MnUAdH6jDGDERLPAN15AxWTApyH26WrjnYxSTeB,,cleanup
2026-10-10T08:07:33.006787Z,0x4098cb22c847f1c26aafac472cd7f509599e848516ba688c0fcef0440e1d35ca,BPmy52DKPodqoSUirZUBedULujAZr6s778i4hc153r1X,Xsv9hRk1z5ystj9MhnA7Lq4vjSsLwzL2nxrwmwtD3re,11111111111111111111111111111111,GLDx,SOL (native),sell,155653,5401829,155653,5426882,fulfilled,Executed,28da…jxyN,18,2UDQVZKnqcd4cDStS1rRMXTadsjdmCeWm7b39V2n9CgqGC2rxKFsT4RqC1Gz9xNUcaaLwj8QKLHigDkcme32mQwU,,cleanup
2026-10-10T08:07:33.511029Z,0xf086eeb9c60c71d7e5becf2ed0b461b9c94c35670e5eaa7bb77e146cb1c1907f,HTsxGEXBSe8rdUJjtW7e4v4YChNXTVmLQXuqBvvQtJuF,3vgopg7xm3EWkXfxmWPUpcf7g939hecfqg18sLuXDzVt,11111111111111111111111111111111,HAROLD,SOL (native),sell,4470166,6314543,4470166,6346274,fulfilled,Executed,28da…jxyN,1,2ArftgRSBbYvXUH5XGFMZbTLydXRWpVreXiJaFYMQTDBSy4AMmEcGWuuDhnrgkMonUpaRVmSkTgJxRkCBdPUrzNc,,cleanup
2026-10-10T08:07:33.663493Z,0x0407d30a6da5b732ebfa8babdea679b33fc8a5b3eebef65d05bbc5bdceb3bcbc,HTsxGEXBSe8rdUJjtW7e4v4YChNXTVmLQXuqBvvQtJuF,ARXwZkNAtzPfdcoqQiduJn8EPv9fKiDfGn2KyggyDrFs,11111111111111111111111111111111,ARX,SOL (native),sell,2265588109,5126033,2265588109,5149727,fulfilled,Executed,28da…jxyN,21,4yXJApaG7sfeUj7j3Jm9sx4vrvCRC5mDsG7JpMXLqqZ129YpBE3SgBUPkqxnnKADT9TQfsthaJDYXohKAqNbdyX3,,cleanup
2026-10-10T08:07:34.154749Z,0x26cdcf6974c2139c892e7c9249d6a2e0221dce16b8da1adcf96b50a2700e4f14,HTsxGEXBSe8rdUJjtW7e4v4YChNXTVmLQXuqBvvQtJuF,GMzuntWYJLpNuCizrSR7ZXggiMdDzTNiEmSNHHunpump,11111111111111111111111111111111,dreams,SOL (native),sell,176423901,5313986,176423901,5340689,fulfilled,Executed,28da…jxyN,1,2Ddf7ohoCAf8rX7MihuKachDPtzQY3UiXA48WaVy1pWYNzVPmomrGnkheqWxRZ3Ap2JDzrofUp5AQhpN8kk36VJp,,cleanup
2026-10-10T08:07:34.551862Z,0xd2aaf4110d3fcbb0da373deeeb33252f7ae2d72a0a5cf335c19cd530db6598a6,HTsxGEXBSe8rdUJjtW7e4v4YChNXTVmLQXuqBvvQtJuF,AujTJJ7aMS8LDo3bFzoyXDwT3jBALUbu4VZhzZdTZLmG,11111111111111111111111111111111,$BEER,SOL (native),sell,661958261734,4940219,661958261734,4965044,fulfilled,Executed,28da…jxyN,0,4XbWguaNm2VFLP1bFaFUv6vSADvvcVDz1NkbdULA9KCpFipfMgcwCFKE4iFBcVxTNtvFXG9rf3vqeFAz95sgW9xy,,cleanup
2026-10-10T08:07:34.551862Z,0xb4f1f1b0e4772eca39a6357c3d6f750fd6f6f155155e3086aa2d0d0a2d8b20cb,HTsxGEXBSe8rdUJjtW7e4v4YChNXTVmLQXuqBvvQtJuF,eL5fUxj2J4CiQsmW85k5FG9DvuQjjUoBHoQBi2Kpump,11111111111111111111111111111111,UFD,SOL (native),sell,86050901,5445752,86050901,5473117,fulfilled,Executed,28da…jxyN,0,4wksjBSNaGDNR6BgLe7UZPd1VL4X5fRQhRgXxYxKzh3pzUjQXUDd7Ax88RmVRCAWZdhvBwnJ4jy3dqtMebxY8vmr,,cleanup
2026-10-10T08:07:34.680270Z,0x397392fd412a4e0423ab0c6c5275a1136533455b37bbdec21fda41b122c82b57,HTsxGEXBSe8rdUJjtW7e4v4YChNXTVmLQXuqBvvQtJuF,PEPEqnuuCDbBC89p1u9vpnP1KQ2oj1xTcQBsjt9X55m,11111111111111111111111111111111,PEPE,SOL (native),sell,1396443839,5085911,1396443839,5111468,fulfilled,Executed,28da…jxyN,0,BowythbKYiSLL4Ywv7tQiaApRf8Rn51QDzX6F1WuZFbxHkNyLJbCk68niENipKAZdeNHKtR8GjGAJJwoPA21w23,,cleanup
2026-10-10T08:07:34.983160Z,0x9903864d0f11848431c30d1740948c195db6b33d7f8d73b90aab00b6e54115e6,HTsxGEXBSe8rdUJjtW7e4v4YChNXTVmLQXuqBvvQtJuF,5Jr9hGmJgxBRjjF8XGcGgQzXUdsbpZNNMpigEv8Wpump,11111111111111111111111111111111,MUSHU,SOL (native),sell,152700824,4859041,152700824,4883458,fulfilled,Executed,28da…jxyN,0,3nA4gwTU6uaQ2aEN1WPhub69fpQG1uV63xso3cCwRFf9d4oDueYNMyMrGaqRHvNztARwoqzfjNmp1NhkQqy9m6wy,,cleanup
2026-10-10T08:07:35.146524Z,0x576c7bebca603f5c45cf9700f8c09a65cf0dd3f1a927aaabcccbb69c049cb532,HTsxGEXBSe8rdUJjtW7e4v4YChNXTVmLQXuqBvvQtJuF,LnTRntk2kTfWEY6cVB8K9649pgJbt6dJLS1Ns1GZCWg,11111111111111111111111111111111,lanternSOL,SOL (native),sell,4420675,5459685,4420675,5487120,fulfilled,Executed,28da…jxyN,-0,hWH87WRoiohQ1V1NdAumDFHYZ1Sebx6s6dGYLWk1TVhCQm3BRQT1ScmFypGZGUEptwARm1rC9cQC86fCff61rvK,,cleanup
2026-10-10T08:07:35.452362Z,0x4d262bcbeac900566d3369127ebda81310f1e44435facd00f0b7811382287c8e,HTsxGEXBSe8rdUJjtW7e4v4YChNXTVmLQXuqBvvQtJuF,BBKPiLM9KjdJW7oQSKt99RVWcZdhF6sEHRKnwqeBGHST,11111111111111111111111111111111,GHOST,SOL (native),sell,471350014120,5727825,471350014120,5756608,fulfilled,Executed,28da…jxyN,-0,adcJqvDkzzmoZWbMhcDnfiF8AJfgvffUrG8iV8RJAnGDjakGoeUg5zLMqyKGq7meCzCvMa3StkgEkH2gk9bdX8z,,cleanup
2026-10-10T08:07:35.528206Z,0x56fd9b1367540a6cfb6dca8d55b16feffa7c3467fdeb150ded00e49c3a744487,HTsxGEXBSe8rdUJjtW7e4v4YChNXTVmLQXuqBvvQtJuF,8XtRWb4uAAJFMP4QQhoYYCWR6XXb7ybcCdiqPwz9s5WS,11111111111111111111111111111111,ALON,SOL (native),sell,143788514,5555594,143788514,5581595,fulfilled,Executed,28da…jxyN,-1,2JxsyUChquGox2asLH8oAcCrgpoepj9gEo2e9JFSBKuqNdqs4ot1FqBYdHQ5KcqGV7unhTbb82UKYQLLBCRgPqCr,,cleanup
2026-10-10T08:07:35.528206Z,0x9d7e738a7b528093a9826c6177d0286a83938ddc5d43d3c8a37857b051d4e10d,HTsxGEXBSe8rdUJjtW7e4v4YChNXTVmLQXuqBvvQtJuF,XsQLZycSZ7QnBBdBXQaTbQdiUcbRqjNJgyBGAMzhHav,11111111111111111111111111111111,MUx,SOL (native),sell,37449,3555386,37449,3572161,fulfilled,Executed,28da…jxyN,15,45RagoWqHATUrH4RpK5yCzAsi8o3J4xMYRYjP1XNkTNRc1QZP887mVAwEacp53h1ytetA5yCRWQHszBJcER1XHs5,,cleanup
2026-10-10T08:07:35.806186Z,0x4a8a61e80a9167a63aecf697a6a5bde71829bd98f957e6f44e98a439c82dc7a4,HTsxGEXBSe8rdUJjtW7e4v4YChNXTVmLQXuqBvvQtJuF,XsjQP3iMAaQ3kQScQKthQpx9ALRbjKAjQtHg6TFomoc,11111111111111111111111111111111,TQQQx,SOL (native),sell,671415,10006521,671415,10053922,fulfilled,Executed,28da…jxyN,15,475BiM1cv7yhXfSzhqh11Wh9J4AYMV69cyJQ5gLkqMQhYkGkd1tt6Mkm9UMGP2MZZPaf5Z3aksBqV7UJzV9VcxGg,,cleanup
2026-10-10T08:07:36.063975Z,0x59c617e983e8f8f76a001c9240a5a702ca566f1ca7ad19b15d26077e1a4c6467,HTsxGEXBSe8rdUJjtW7e4v4YChNXTVmLQXuqBvvQtJuF,XsbEhLAtcf6HdfpFZ5xEMdqW8nfAvcsP5bdudRLJzJp,11111111111111111111111111111111,AAPLx,SOL (native),sell,176876,5387354,176876,5412967,fulfilled,Executed,28da…jxyN,7,3aLC4btcMDHA3AfE9LNxdVb6yzH2Lv7DxMNNu9mQavvqAraNZy16wgUHEo836KchGrQoD5SfCMyLLVvkiFQNBxmK,,cleanup
2026-10-10T08:07:36.279567Z,0xa2ec969b97ef71088e1a74aafdccdaf693f1a9e8536a8e219d286853a057674b,HTsxGEXBSe8rdUJjtW7e4v4YChNXTVmLQXuqBvvQtJuF,CTPoyCwkjMvoJwU4xvZZqoD8tiYk6yDchySiN5gGpump,11111111111111111111111111111111,fone,SOL (native),sell,119359966,5215458,119359966,5241666,fulfilled,Executed,28da…jxyN,9,JabZyv8Z5AyPcsVQnxvJeNGCfWki9XKpdmyVXoQ6nC25bMArKtQKWoZCkGJU3c1ua9BhBHz4ZDhZd9vzuAGDis7,,cleanup
2026-10-10T08:07:36.552361Z,0x747bcce452de5b1eede3165d91c2e1aa93f31d853861f232726ec456414a5696,HTsxGEXBSe8rdUJjtW7e4v4YChNXTVmLQXuqBvvQtJuF,pumpCmXqMfrsAkQ5r49WcJnRayYRqmXz6ae8H7H9Dfn,11111111111111111111111111111111,PUMP,SOL (native),sell,112126630,5695831,112126630,5719305,fulfilled,Executed,28da…jxyN,6,FistGrpB47JJx45UmEwiRsxHDD6gxBAu5ULrhqS4KHw5QJWHdetAmLDq7ixKUz8rPdoQRXfVbPXGF61NhnRxtYZ,,cleanup
2026-10-10T08:07:36.654346Z,0x17a6ca2fb404d6020660bc5d84be25c9a5bec9d20587b41d917e9bbb7c43c078,HTsxGEXBSe8rdUJjtW7e4v4YChNXTVmLQXuqBvvQtJuF,XsjFwUPiLofddX5cWFHW35GCbXcSu1BCUGfxoQAQjeL,11111111111111111111111111111111,ORCLx,SOL (native),sell,274778,3500385,274778,3517026,fulfilled,Executed,28da…jxyN,14,ErxJC3ZFybXLuNx6kKrdd7YyuXn5UKBKa6X56EexRQWYCBekngVau3qkK4AxAGLmJ8A37JkcURvTreJNLvHzQRG,,cleanup
2026-10-10T08:07:37.046377Z,0x4a8cf1486572ae5b410868c228e7f7eb683c5efb151b113c0c35922a18ad70de,HTsxGEXBSe8rdUJjtW7e4v4YChNXTVmLQXuqBvvQtJuF,BCdwQBAn8dYB5YjTsoB6TdHAWokxv28k2oZUodERpump,11111111111111111111111111111111,MANIFEST,SOL (native),sell,65668135,5304565,65668135,5331744,fulfilled,Executed,28da…jxyN,6,3LybPsYRf8E5rgd5NBuQi5ukcBbDtDf23iBn6ZYGHWVJkqdLeWS5z7tRGt1FyBxdFao9JSDzT6FWrokvTEtgCPMT,,cleanup
2026-10-10T08:07:37.316055Z,0xbc6fcc4b4f4a4a9dbf96623c76c8306711cfb959627cce20e16d52f9467d95c4,GcY8jk3HeHLDmdPa8wRVnHkn8f77frWdZxRWr6rrdyus,cbbtcf3aa214zXHbiAZQwf4122FBYbraNdFqgw4iMij,11111111111111111111111111111111,cbBTC,SOL (native),sell,1387,10370819,1387,10421245,fulfilled,Executed,28da…jxyN,14,3rvW2UCqMBsj4HHsCgcoqQtKZRH86HongcPogdkxQnTZjGuSUPPW4Dm2Vi74LpGLvrjACWzygVYBivu7UBphk3Pq,,cleanup
2026-10-10T08:07:37.439471Z,0x30417a6b3c0cba9072481c2378260da3be0e7254aa2533a97fc9b614de7a123f,GcY8jk3HeHLDmdPa8wRVnHkn8f77frWdZxRWr6rrdyus,x95HN3DWvbfCBtTjGm587z8suK3ec6cwQwgZNLbWKyp,11111111111111111111111111111111,$HACHI,SOL (native),sell,6326588327874,5281872,6326588327874,5308413,fulfilled,Executed,28da…jxyN,6,vgjHdin2fKicUuTaZx8FbRWwsMmes8n7TKkdL4z5VbBgS7ecWSKx4frdtwLzMtLfJN1MoLm6eAjAekcwiV4TPgV,,cleanup
2026-10-10T08:07:37.643951Z,0xcb3c842a5040acf317db34bd469184e0689d9fb787ca1f6d565db7ed300e6ef6,GcY8jk3HeHLDmdPa8wRVnHkn8f77frWdZxRWr6rrdyus,5UUH9RTDiSpq6HKS6bp4NdU9PNJpXRXuiw6ShBTBhgH2,11111111111111111111111111111111,TROLL,SOL (native),sell,15647524,5442932,15647524,5470000,fulfilled,Executed,28da…jxyN,5,4PwA6Aka71YLCwpJjEaee6R3rW2A6mMsH1KF5LP5V2LiQKQ5xsiuARjMAW5GzoZZfzzj1q2G9axpwV4bGoihSHHT,,cleanup
2026-10-10T08:07:37.902101Z,0x70df2b2786ec055d71248bd8b8a4779c91084e7ba5c496e4ca4c7a73491d5096,GcY8jk3HeHLDmdPa8wRVnHkn8f77frWdZxRWr6rrdyus,vSoLxydx6akxyMD9XEcPvGYNGq6Nn66oqVb3UkGkei7,11111111111111111111111111111111,vSOL,SOL (native),sell,4676641,5458105,4676641,5485532,fulfilled,Executed,28da…jxyN,5,LbAc4rFjVSJdxFGN3B5vMpjWYkKA1LraGZrGXBwA5kJ5ersfFGahMUduKrTcxVLoTR8iFNEfD5Ba7tzVxVkJDHX,,cleanup
2026-10-10T08:07:37.902101Z,0x45fcecfc3c312981478a1324547597a95b05c4c1eff473b6fb36109274737945,GcY8jk3HeHLDmdPa8wRVnHkn8f77frWdZxRWr6rrdyus,Dfh5DzRgSvvCFDoYc2ciTkMrbDfRKybA4SoFbPmApump,11111111111111111111111111111111,pippin,SOL (native),sell,34723390,5464610,34723390,5492070,fulfilled,Executed,28da…jxyN,5,2d4zFkEeBdNs47hMWxRuus16fTLnJf1SndnGnwcxjV5hP6ZsoyWPG7WrHPtgMeYDtufnr6MZyjsEMNMoHJzBC8X1,,cleanup
2026-10-10T08:07:38.102480Z,0x21046d732c6144c502817cc8badffa8b1f897d232e8441735bbbfc0c50e0c800,GcY8jk3HeHLDmdPa8wRVnHkn8f77frWdZxRWr6rrdyus,CLoUDKc4Ane7HeQcPpE3YHnznRxhMimJ4MyaUqyHFzAu,11111111111111111111111111111111,SANC,SOL (native),sell,16725643671,10292795,16725643671,10341554,fulfilled,Executed,28da…jxyN,17,3wp89eng2vnaYPRdTN1RVMkLMox2u79qXqMRsLFsuqPCKYsjwizgPu44R93eS8si84DDU8xQZxMWoU75oi8Dy24G,,cleanup
2026-10-10T08:07:38.262232Z,0xdc500845a74a29fd5504b54945577e030d40681296f36077b22264b1b9525275,GcY8jk3HeHLDmdPa8wRVnHkn8f77frWdZxRWr6rrdyus,HQ7DaoiUxzC2K1Dr7KXRHccNtXvEYgNvoUextXe8dmBh,11111111111111111111111111111111,SLOTH,SOL (native),sell,498016415,5881634,498016415,5911189,fulfilled,Executed,28da…jxyN,5,3mXcaLAHHe1UvUVDriiRMBaKBxKZExy6wZ5PGK6fuW348JkhoeqjQjt8RqfS1HE7zcH4LwYmPcr9MyAHQJjPURYB,,cleanup
2026-10-10T08:07:38.559558Z,0xc7564c2dea9c3a6ee77c2f275b0a02576f48195c2c0ae6f0f68d0bd41d88afe0,GcY8jk3HeHLDmdPa8wRVnHkn8f77frWdZxRWr6rrdyus,9PR7nCP9DpcUotnDPVLUBUZKu5WAYkwrCUx9wDnSpump,11111111111111111111111111111111,Ban,SOL (native),sell,8835284,4890731,8835284,4913272,fulfilled,Executed,28da…jxyN,4,2Dmf1KDSkwZ6o49vLCWf6t39nzruBnp9KW5e7tg7hghaqnQhktduMVDJuEkr8etnexSRFwq72K1w6yKd7H2PAKcf,,cleanup
2026-10-10T08:07:38.559558Z,0x1b0801bb0d9e67a05e2e1a97fa5010d03f6de893361c5549c8b37b0509d3a42c,GcY8jk3HeHLDmdPa8wRVnHkn8f77frWdZxRWr6rrdyus,HgBRWfYxEfvPhtqkaeymCQtHCrKE46qQ43pKe8HCpump,11111111111111111111111111111111,Bert,SOL (native),sell,36482116,5170136,36482116,5196116,fulfilled,Executed,28da…jxyN,4,4tb7pU2QqGniXjDuSNb36qSyiT2SGoKzwQUAP2uZz94mnVT6fdHTt1Zgvesc9iPoE7ewYMyadw4xBxtGd2Kh4Ff3,,cleanup
2026-10-10T08:07:38.884129Z,0x9721330272fc2e904c2bb5d2edbc07297d8d05b92eaf109ed2b01e173ec7639f,GcY8jk3HeHLDmdPa8wRVnHkn8f77frWdZxRWr6rrdyus,CREDBHvVqREBCAxMihzr8D1nepHMr2gmQoZWpmgGmeta,11111111111111111111111111111111,CRED,SOL (native),sell,820541,5255148,820541,5280000,fulfilled,Executed,28da…jxyN,6,5iioRJA65wTeDZCiahVZS6mRvH2iAnqT5Ub4qNjt5TKqR6Vho74GLeEq4mhJyEqhveCzzXjy2i7QtJScLQmXTHEh,,cleanup
2026-10-10T08:07:39.074347Z,0x8cd89d90c9de0a62ad2141d656974bef1589aad02e0846882e8c72f5b930de70,GcY8jk3HeHLDmdPa8wRVnHkn8f77frWdZxRWr6rrdyus,5Y8NV33Vv7WbnLfq3zBcKSdYPrk7g2KoiQoe7M2tcxp5,11111111111111111111111111111111,ONyc,SOL (native),sell,476000000,4953808,476000000,4977905,fulfilled,Executed,28da…jxyN,4,3D8V1CimAXexWcCQjvhEbNuQ25NumK6Y2SVREj33hHKE2xX53snZfdc9P3b6UqLhdCRBifJbNr4JBVphgMK8Dy5r,,cleanup
2026-10-10T08:07:39.402205Z,0x16a10b1380cc4218a97f788a3c05733f895adde73847c5025ebabda0fa148276,GcY8jk3HeHLDmdPa8wRVnHkn8f77frWdZxRWr6rrdyus,DoGEV7LASBkQbibMc5k5vKnTZoMg423GpJ5QtJEGfm7R,11111111111111111111111111111111,DOGE,SOL (native),sell,645480902,5023775,645480902,5049020,fulfilled,Executed,28da…jxyN,4,Ctzb9Wb9qFNaZ5GRiAtFBEVH21Ls8SZJB3nqj4Suvms6G6QQ5zUkjRrraxer8g8RtUrxPzRWoGjU6EDCbe2LA7z,,cleanup
2026-10-10T08:07:39.693278Z,0xc760ce648e125887d3cb5ebcae7885c1f96fb1f5bfb4f39ff35995b175d26723,GcY8jk3HeHLDmdPa8wRVnHkn8f77frWdZxRWr6rrdyus,SKRbvo6Gf7GondiT3BbTfuRDPqLWei4j2Qy2NPGZhW3,11111111111111111111111111111111,SKR,SOL (native),sell,33500000,4935656,33500000,4960458,fulfilled,Executed,28da…jxyN,3,iEpHK31bAazeGxZzHSAzJ9cdCTyy93PtBjdpNmrsbtjoEzmhyh1QMT9RQJhg9Voua3ZuXxcu4TEV2io4EFtDC5C,,cleanup
2026-10-10T08:07:39.693278Z,0xb11c6530c1349a5247a9ba811dba5b7a63c451930e9c7b4108c19c00cf7ef688,GcY8jk3HeHLDmdPa8wRVnHkn8f77frWdZxRWr6rrdyus,3Dgwn5E7H5a8k6iGrz3qirkaJqUaJrKHEZ2xPcLRpump,11111111111111111111111111111111,knightcat,SOL (native),sell,763940579,3974826,0,0,open,Still open,,,,,cleanup
2026-10-10T08:07:39.845743Z,0x1918a994e8e1869afe9d4500c35a7202a12e3f0acd8ac27ad9d82bc09a5c6d93,GcY8jk3HeHLDmdPa8wRVnHkn8f77frWdZxRWr6rrdyus,Xs151QeqTCiuKtinzfRATnUESM2xTU6V9Wy8Vy538ci,11111111111111111111111111111111,WMTx,SOL (native),sell,335580,3399498,335580,3415674,fulfilled,Executed,28da…jxyN,11,3XKAj6oaqmrfiVssVUKCSncTzo9stmUvPZ7tj3ZLeC381sZ3j7LS8FK7HwcJt7U3AJBzHVSjjEhdQNg1jcockDqE,,cleanup
2026-10-10T08:07:40.049724Z,0xfc0dd16027b7a659abf886ec26e2eec9b7fc63bbfc9d049ccbba925a9865ab59,GcY8jk3HeHLDmdPa8wRVnHkn8f77frWdZxRWr6rrdyus,XsDoVfqeBukxuZHWhdvWHBhgEHjGNst4MLodqsJHzoB,11111111111111111111111111111111,TSLAx,SOL (native),sell,157841,5460313,157841,5486345,fulfilled,Executed,28da…jxyN,11,5ydKT5a5DPKcPK7V77iy9r26TJN3EPaU2mYu3jbDYcsHBKgCrGTKpvrYtwzpenKj2xVqALNjELGDhsVXYR14Dumu,,cleanup
2026-10-10T08:07:40.225306Z,0x6825321f8b156b933bcd158333ad511b39e48cbf53b30d75a5410859c52c1aaa,GcY8jk3HeHLDmdPa8wRVnHkn8f77frWdZxRWr6rrdyus,SNDKbwMUQvZhnLnxLduradgLHG5KrPuKwpnrkkGRhfH,11111111111111111111111111111111,SNDK,SOL (native),sell,372,5337869,372,5365252,fulfilled,Executed,28da…jxyN,11,3K6Ed2tqpAUTG2Yfrz9CNwNkM4fL85ucfCvwS8vuWR9mnGL28rcweXw9GXy4iGUAb1xuwFszWLykgSdtGCZk8JML,,cleanup
2026-10-10T08:07:40.500280Z,0x65b631b20c07bb956f82b4e55886c3adc4d94ca79307995ce2cb055849e220f6,GcY8jk3HeHLDmdPa8wRVnHkn8f77frWdZxRWr6rrdyus,XsEH7wWfJJu2ZT3UCFeVfALnVA6CP5ur7Ee11KmzVpL,11111111111111111111111111111111,NFLXx,SOL (native),sell,27620,1770514,27620,1779411,fulfilled,Executed,28da…jxyN,2,3csJQmSFe7rCjUuBVXCzt41ny5nau53Dyd6tbSvhDErwEGAqbzaztbiYKb6yWQyG37EhNM1M7dSZ9B5Jo52A7L6S,,cleanup
2026-10-10T08:07:40.919883Z,0xf0c1d3ea0f1e16a725f619f60fd0bf40a0dd0861e55721ae465d449350656982,GcY8jk3HeHLDmdPa8wRVnHkn8f77frWdZxRWr6rrdyus,XsgSaSvNSqLTtFuyWPBhK9196Xb9Bbdyjj4fH3cPJGo,11111111111111111111111111111111,AVGOx,SOL (native),sell,108038,3549569,108038,3566490,fulfilled,Executed,28da…jxyN,10,327FT6DvKN2W5n6T8cxzBfomuSNLaNEgdiq7MfPn85TM1DhDbaJu4XtLXvEA1MhXnvEuZqXCo4z78csihAQcFkXk,,cleanup
2026-10-10T08:07:41.128629Z,0x87de19708eccc02f3771b317c61d303bc2130fb694bea2d18daa32375fe8ad52,GcY8jk3HeHLDmdPa8wRVnHkn8f77frWdZxRWr6rrdyus,LMT3i1BHgixFqPUgcyteJhnEz2dpy9i3cYy4pi9BoeV,11111111111111111111111111111111,LMT,SOL (native),sell,1072,4930969,1072,4954253,fulfilled,Executed,28da…jxyN,4,66uaYeEo4VTSDehhBvxbsDUvB1LMVTXtBiseR8Ek3vYv7xcsgr33pXxSYrZiToQqNWagCAakmKMXLamEjRwR9K5J,,cleanup
2026-10-10T08:08:13.202001Z,0xbe5e745de0577ade09016388c107338fd08e582916e9a1dab793688dfbd2f753,CaMSDEBp5zy2QxSYqDxqbk28qxFwzLXiNdFJiv9TKqhU,3wtGGWZ8wLWW6BqtC5rxmkHdqvM62atUcGTH4cw3pump,11111111111111111111111111111111,ALPHA,SOL (native),sell,93518775,3775575,93518775,3794547,fulfilled,Executed,28da…jxyN,2,4cjGBwCJiZgRfJh92F1BE176NeyWTco2ivq2MBEGCtRFTbFgEVX9btpyB7ZJyTDJheYRerZCzPW6xs55CXM6BMSf,,cleanup
2026-10-10T08:08:13.345407Z,0xf35cd7b33b34c5b21f23443f70ffbf6c4fc5f1af67d68c408b74ac31edf67cc1,CaMSDEBp5zy2QxSYqDxqbk28qxFwzLXiNdFJiv9TKqhU,7vfCXTUXx5WJV5JADk17DUJ4ksgau7utNKj4b963voxs,11111111111111111111111111111111,ETH,SOL (native),sell,24100,5434156,24100,5462641,fulfilled,Executed,28da…jxyN,2,2P3CUKj5ApFgdzQqwAgDHonX5kNtZM72DZ74YM3cJk384B3J8oKJxCs9XBvL13vzE3rKCzb4NNGQcwPWK4CnFP6m,,cleanup
2026-10-10T08:08:13.970443Z,0x4753a310f7dfbb58899b13f2e997fb093302f090435a8b311127ef661644227b,CaMSDEBp5zy2QxSYqDxqbk28qxFwzLXiNdFJiv9TKqhU,EicWvteVi2fWepEzS3FYWsnuPoP6caZfjnKqNvydLjCH,11111111111111111111111111111111,LIT,SOL (native),sell,15227736,4902336,15227736,4927517,fulfilled,Executed,28da…jxyN,31,3kS4ks4WPs4XNNATczyYYfq78vBJFrbWJ2zYAgGB7hbfrtuZJEyPtstFPjCZYX6Q4u2M4xc9nYRpyrCvGvFqMrC2,,cleanup
2026-10-10T08:08:14.482787Z,0x0bc22e7d754e25e2ec02797850ebd56c5caa72d2784289be4c82d07f488a10f6,CaMSDEBp5zy2QxSYqDxqbk28qxFwzLXiNdFJiv9TKqhU,DezXAZ8z7PnrnRJjz3wXBoRgixCa6xjnB7YaB1pPB263,11111111111111111111111111111111,Bonk,SOL (native),sell,18008066796,5551019,18008066796,5578913,fulfilled,Executed,28da…jxyN,1,UrnhZSVm2DPYn8mUWZb6W3syv7PgHYFjAPkUY2g5at5nRmdCRemdzX8CK9M9C5HxD9VSks5gCTmjwngT3W1rk8Y,,cleanup
2026-10-10T08:08:14.872302Z,0xbc71c4ae84e9305fa71243fcb49ef800a476dadb5f1ddcc3ca95d70bf570ce00,CaMSDEBp5zy2QxSYqDxqbk28qxFwzLXiNdFJiv9TKqhU,DLUNTKRQt7CrpqSX1naHUYoBznJ9pvMP65uCeWQgYnRK,11111111111111111111111111111111,SOLC,SOL (native),sell,42797071,4965199,42797071,4990149,fulfilled,Executed,28da…jxyN,0,66d7fqHZxdUimm8AcDYTGNrzEzEi8AV2LwuTCZRXvK86H2AJ5tq1ZkxQhoAd5zqsvDrZx3oiW4q5NckohHoKEegF,,cleanup
2026-10-10T08:08:15.383269Z,0x2fea5bb60a077cf60e045862c7cc18ebaeb713de98588e6c9adccc8a63f2f2a6,CaMSDEBp5zy2QxSYqDxqbk28qxFwzLXiNdFJiv9TKqhU,DvjbEsdca43oQcw2h3HW1CT7N3x5vRcr3QrvTUHnXvgV,11111111111111111111111111111111,DOOD,SOL (native),sell,377857301715,5358375,377857301715,5386655,fulfilled,Executed,28da…jxyN,-0,pXefjBTmX5saLZQnzAVjBekVEnZF9soe1VWzqw1yFcsYqncK1i9tUJhKwTMxKy1QYfYpZibf6DEGsomYFVBhjD3,,cleanup
2026-10-10T08:08:15.722980Z,0xd3f0b13fc841209fe0fb0d5385a792a09054809123f680686679ff8302b31495,CaMSDEBp5zy2QxSYqDxqbk28qxFwzLXiNdFJiv9TKqhU,HfMbPyDdZH6QMaDDUokjYCkHxzjoGBMpgaUvpLWGbF5p,11111111111111111111111111111111,PBTC,SOL (native),sell,3503303822,4911073,3503303822,4935751,fulfilled,Executed,28da…jxyN,4,Gok9RwJLyBz53WiqxS79BwgQzrrXaDCvZi8wmRGSGha1t4YU68hWSAz4Gv19fqC1SQtDwW1CQWEkpBq61GvDBRa,,cleanup
2026-10-10T08:08:15.992014Z,0xae6d2ca4d4829d6ba01506ed0b4a83ddc54cdf8599edf4d42dc6f91f48cfca9b,CaMSDEBp5zy2QxSYqDxqbk28qxFwzLXiNdFJiv9TKqhU,H74CYmXgMkYHYuSRsZt6RJb4NYp2u72Vw8BS5huApump,11111111111111111111111111111111,LMAO!,SOL (native),sell,272608506,5695475,272608506,5731164,fulfilled,Executed,28da…jxyN,4,3MN3h8hkGmT2JLsz7ihneRe6Lo4xLn2B7cRrTd14dJxEsj94gq2Ey1uyBvk2FKQ5tAV2gkLxsCh2KNdLNzdKZdoe,,cleanup
2026-10-10T08:08:16.337388Z,0xd94235c52e9721a526e3abe76bb997f544a61d6456533746f282bc1eaea5abff,CaMSDEBp5zy2QxSYqDxqbk28qxFwzLXiNdFJiv9TKqhU,Ce2gx9KGXJ6C9Mp5b5x1sn9Mg87JwEbrQby4Zqo3pump,11111111111111111111111111111111,neet,SOL (native),sell,19383003,5429870,19383003,5459075,fulfilled,Executed,28da…jxyN,4,2d2k8hYZSmGN6QYXVKqNYsQfh5nBxkF2VpKajfErXKe1FrvEqUUoxvwRrWS7dkWSAYUVuuN5JNJBAZZr1TEuxwkw,,cleanup
2026-10-10T08:08:16.877870Z,0x5c5efbca9d98304bee7c35933845c6f9ca341e6f044ca44026b74fd8f609fd6e,CaMSDEBp5zy2QxSYqDxqbk28qxFwzLXiNdFJiv9TKqhU,B5WTLaRwaUQpKk7ir1wniNB6m5o8GgMrimhKMYan2R6B,11111111111111111111111111111111,Pepe,SOL (native),sell,750529293,5437979,750529293,5465305,fulfilled,Executed,28da…jxyN,3,QoRvjGrEYYoPd8ojeQXm9NtvzDY2cqzdCoap4zD8eiNin6g3VtKz9F1EnZsh2ECTvibnSZUYSUTZkBb67bFEw6i,,cleanup
2026-10-10T08:08:17.213295Z,0xdb508331eedf6d40270b1d6099378648f07d2dfea40777e8a0cf81c0ffdd304e,CaMSDEBp5zy2QxSYqDxqbk28qxFwzLXiNdFJiv9TKqhU,XsXcJ6GZ9kVnjqGsjBnktRcuwMBmvKWh8S93RefZ1rF,11111111111111111111111111111111,AMDx,SOL (native),sell,72832,3939593,72832,3960806,fulfilled,Executed,28da…jxyN,3,3ZuQh1WdCWCJn5xrw2zXutnUEy8ogJyVTDV9vSEDw7vZTr5WD7vVfm7LePdsT4z25U4vj7XF3Rmjs5VY3cesyeK3,,cleanup
2026-10-10T08:08:17.213295Z,0xcc8655cbc83370c1004ed90b0b3d143cd0439c808889da0789cb81bcd4dbd87c,CaMSDEBp5zy2QxSYqDxqbk28qxFwzLXiNdFJiv9TKqhU,XsuxRGDzbLjnJ72v74b7p9VY6N66uYgTCyfwwRjVCJA,11111111111111111111111111111111,MRVLx,SOL (native),sell,145534,3613151,145534,3632610,fulfilled,Executed,28da…jxyN,3,53KdwhjAzbJUDFBK1UPzoQyEQU3eAsxHocSbLfmjsx6CK6KpLYuHnZJVomyDss4Lzkz2HfZ7HQv1MydNsM9adCX5,,cleanup
2026-10-10T08:08:17.672423Z,0xb143a49bd28ba31b5e5603f2b36718ac5ee202eaffe5294bf0c4bdc459fb9c3b,CaMSDEBp5zy2QxSYqDxqbk28qxFwzLXiNdFJiv9TKqhU,Xs7ZdzSHLU9ftNJsii5fCeJhoRWSC32SQGzGQtePxNu,11111111111111111111111111111111,COINx,SOL (native),sell,328817,5366781,328817,5393749,fulfilled,Executed,28da…jxyN,2,2TRv18eGexAXc85fwyQ4E1Zp4NDZuYtFe19MUQodATUdC3K1Kw1ktusukRJBffmiESmmjzjbwYEcntaM1YzXazCT,,cleanup
2026-10-10T08:08:17.904549Z,0xc3a6a6d7632ed21a5f552b612a419a5d38bf0da9fbc03bcb9cbc4197d71a5b3c,CaMSDEBp5zy2QxSYqDxqbk28qxFwzLXiNdFJiv9TKqhU,8wxkvAfEns76yBzu4MnbV7VnXWjg3iDPA9uwAQ6cpump,11111111111111111111111111111111,SOLANGELES,SOL (native),sell,1197100114,9993532,1197100114,10046410,fulfilled,Executed,28da…jxyN,2,ySUGDwQHkDAX4hfTfK3gSYWSwmS6NWgduTucJ7MdnZN4UmRVqfKqcshmfGAginZHAVEgcmpawxg5mfZS2yi3zLT,,cleanup
2026-10-10T08:08:18.321066Z,0xf13c8fb39d11a48db7c6f53a87ed411da7b23843bf530a196e0eb6903652c0fc,CaMSDEBp5zy2QxSYqDxqbk28qxFwzLXiNdFJiv9TKqhU,CZEB3WNZuF2Yz1z2H81RcCk8T7fsw82KB33zqamASVsg,11111111111111111111111111111111,COST,SOL (native),sell,576,4910166,576,4937238,fulfilled,Executed,28da…jxyN,2,5c447sBgVFLDDjj3gsD1Uy3yrVkGacv789uWQgT8sG13U6pgbPZgr9iSZsGJU9KMxqpeypmbWf33DjKhQYQYRx9n,,cleanup
2026-10-10T08:08:18.438605Z,0x3110908fdd223684d2be66e4bed4329522f8609a8131265b1c30663ffadc0387,CaMSDEBp5zy2QxSYqDxqbk28qxFwzLXiNdFJiv9TKqhU,XsaHND8sHyfMfsWPj6kSdd5VwvCayZvjYgKmmcNL5qh,11111111111111111111111111111111,XOMx,SOL (native),sell,208820,3195392,208820,3211928,fulfilled,Executed,28da…jxyN,2,4kABWrFhVRCCKnugc548UVXGu1VHKBvbbJhwYEeQAAcco2FBxwtAy476Ebgh6DyLSKk2uB2VnKr8TfDNb4KdP8ZM,,cleanup
2026-10-10T08:08:19.079778Z,0x14647a3a66781b6964e2098ec942c29ddf0b76886f286333af81a5c192371a0a,AQHstwk1uwAEnz8JE41HEbbD1EaPBjBwtid2qbo1Q3KD,Hax9LTgsQkze1YFychnBLtFH8gYbQKtKfWKKg2SP6gdD,11111111111111111111111111111111,TAI,SOL (native),sell,137823763361,4923301,137823763361,4948041,fulfilled,Executed,28da…jxyN,1,3xaWhM7CNnT8QNrqAKJZUrGrrtamVKWNiDcMYHxwEKafYcfwD4q5nhGrgSx3e3PTAECx7PmjbRaQH4JnCgvcaU7j,,cleanup
2026-10-10T08:08:19.431424Z,0xa58b0c7770a9a472bbfcc8af159f9fbaa1c97f2a436ab75589941064a2b6b031,AQHstwk1uwAEnz8JE41HEbbD1EaPBjBwtid2qbo1Q3KD,7JA5eZdCzztSfQbJvS8aVVxMFfd81Rs9VvwnocV1mKHu,11111111111111111111111111111111,GEOD,SOL (native),sell,1977590605,5373876,1977590605,5400880,fulfilled,Executed,28da…jxyN,1,311LEkoR6WkNb3ePJsXm1rXMJQT4SAdJ6UpKxU4zMwEW3ErWkqRLLyRNYQ9JAobco5tfbTwPqtXX9xmBF3DA1ytB,,cleanup
2026-10-10T08:08:19.811136Z,0xbe870ddc3c0b099d8c0a6fa32214303b13e8b14f02e66c44b4ad90005aa39bd6,AQHstwk1uwAEnz8JE41HEbbD1EaPBjBwtid2qbo1Q3KD,ATRLuHph8dxnPny4WSNW7fxkhbeivBrtWbY6BfB4xpLj,11111111111111111111111111111111,ATR,SOL (native),sell,745330115788,4935165,745330115788,4960469,fulfilled,Executed,28da…jxyN,0,m7M9XDpu5nCd8zaWd3bqyB2P7xJVoUbWAaBUuGn3UECheGeY9gBBTgpHBudnU2pLJog2BiayDbpxDUz6xFHe5Ck,,cleanup
2026-10-10T08:08:20.081547Z,0xe3eb5b8364722feff4466f5f10457a9ea4bc0331af62ccbf48f8d95e48d5195d,AQHstwk1uwAEnz8JE41HEbbD1EaPBjBwtid2qbo1Q3KD,1NJMqVM4PadjuzYmeB7zV7q7DV8oB3ExaQCd9x6KsLz,11111111111111111111111111111111,INJ,SOL (native),sell,158077160,10067595,158077160,10118886,fulfilled,Executed,28da…jxyN,-0,3R7BHRxbPUHxMrrvW2ZYWDFsjqcTTw9sjbEtF5dXGeSrQmA1wTXUyjrBafBf42PtV71SPrFqYftkg5jQtZBZjZn7,,cleanup
2026-10-10T08:08:20.509350Z,0xf2e6894e4fa3353d91139f3224b8960f015a205351fcc49478dd8e4f9eecc238,AQHstwk1uwAEnz8JE41HEbbD1EaPBjBwtid2qbo1Q3KD,4QsNTBKwHgyYUUHq9tDzk1CCVu7y5hK7z3GE9R36pump,11111111111111111111111111111111,nub,SOL (native),sell,212994052,4970057,212994052,4995032,fulfilled,Executed,28da…jxyN,-1,4T6i3H8FP8581Yx6stRzbrSuKDpNK6BKV76KZs54CkVSbEhDL5LVBmbrHhM1f3mVWJjkVUWenQeHEoa7dH9uedNm,,cleanup
2026-10-10T08:08:20.509350Z,0x0b07a1d44addf8b854bd1b8c02b6bb4e5fb306756bdee7674148d839059b38b2,AQHstwk1uwAEnz8JE41HEbbD1EaPBjBwtid2qbo1Q3KD,Grass7B4RdKfBCjTKgSqnXkqjwiGvQyFbuSCUJr3XXjs,11111111111111111111111111111111,GRASS,SOL (native),sell,841257893,4929471,841257893,4954242,fulfilled,Executed,28da…jxyN,-1,2SM9nVnXFR9Gas9JCDUrud3LczpTgUcwtZGxKEuqghRgzQ86MfjqRpcHAwjSaFbCJeBKNVemi2oX8Loxpd8HHwYF,,cleanup
2026-10-10T08:08:21.002741Z,0x0f2d256454c019598e1719f828dd3c615145f355b66853d1148fb5f6b4c06658,AQHstwk1uwAEnz8JE41HEbbD1EaPBjBwtid2qbo1Q3KD,Eg2ymQ2aQqjMcibnmTt8erC6Tvk9PVpJZCxvVPJz2agu,11111111111111111111111111111111,PUMPCADE,SOL (native),sell,43785128,5268084,43785128,5294556,fulfilled,Executed,28da…jxyN,4,4zcZviguA17XaabpPMicjTzw4aiYqcGha1pt7DbUkj4D9QjAwyy3AGVxSRE62HYr2RikzfTN71sjbwHVFqfK95ZH,,cleanup
2026-10-10T08:08:21.364711Z,0xeb2b57dd26fb19b2d1c85c8dce74aa64ee9215126b4726109274c11f452b06ae,AQHstwk1uwAEnz8JE41HEbbD1EaPBjBwtid2qbo1Q3KD,8PzFWyLpCVEmbZmVJcaRTU5r69XKJx1rd7YGpWvnpump,11111111111111111111111111111111,Percolator,SOL (native),sell,243420466,4806270,243420466,4830422,fulfilled,Executed,28da…jxyN,4,57kEaJ9ZCDmW5f36GXm8TWt8d8JhmmrAqwkNsbXJDxWPZxC67H561GXMszT3bDEXTtUxi3ArN4chLaBQth6kFWBp,,cleanup
2026-10-10T08:08:21.569219Z,0x8628ef30c9bebbe7646abbfbaa9652bc4819771a08280f2e5d74c089e3127830,AQHstwk1uwAEnz8JE41HEbbD1EaPBjBwtid2qbo1Q3KD,BPxxfRCXkUVhig4HS1Lh7kZqV6SPJhzfEk4x6fVBjPCy,11111111111111111111111111111111,BP,SOL (native),sell,480781594,5283690,480781594,5309250,fulfilled,Executed,28da…jxyN,3,43muR1tmGofiAJSNAFDP3NgGQG9oDWU93ZSh4H7QPn6Gxva9x7mbsn2wAmRs61rP5QoQUVRc4Aoy3zwnvWyjQP5H,,cleanup
2026-10-10T08:08:21.721167Z,0xb704a097d8991976475c804b2a57844cc321112d23b276695cf03a9904c81543,AQHstwk1uwAEnz8JE41HEbbD1EaPBjBwtid2qbo1Q3KD,Xswbpc8UqU6e1j9QZEWCjBMjyvz4twqD7PCy6j2e7jj,11111111111111111111111111111111,SNDKx,SOL (native),sell,23108,3200625,23108,3216246,fulfilled,Executed,28da…jxyN,23,Nb1aPR3kv6b8eV4wykikaWqAmrTo2SqWK9SHarpmFyjDR9jnqBTEGawxXqjTACLnSKqat6HgHA9rTVXnvF122nH,,cleanup
2026-10-10T08:08:22.207968Z,0x3db69f861e355eae1f1c5727f5a86e89e7b5d1758fa34fa94426044e64cc1c6a,AQHstwk1uwAEnz8JE41HEbbD1EaPBjBwtid2qbo1Q3KD,TTWofwAge91oFhZs7kpQdyrVRkmevgM88xijGvQFbKo,11111111111111111111111111111111,TTWO,SOL (native),sell,2799,5383892,2799,5410946,fulfilled,Executed,28da…jxyN,3,3z6jGgcHXsvmYoozBL1RFKFYpZsDmQg3uVP1zYKtu2YKJnvpqKoFTMBY9YcpPksgSa98aPq5VDwJ71rAbj26KfBr,,cleanup
2026-10-10T08:08:22.450126Z,0x15a94bac327eb7f39eb794f257bac1c51cc6c8546c2f0a0420245592a5c04b73,AQHstwk1uwAEnz8JE41HEbbD1EaPBjBwtid2qbo1Q3KD,XsafvsGtzFqqHgTnA3aPC83EAMkacU5mcGtcSayhpVV,11111111111111111111111111111111,TSMx,SOL (native),sell,90645,3699950,90645,3718510,fulfilled,Executed,28da…jxyN,23,3zd88J2cGFcU6km3mGbNsGJ2vEfrdK7koEQL2vpLHGaGRTuNezCsBLncBFagh8zdEVnhhrVPPJJUzZsnW67u1W1x,,cleanup
2026-10-10T08:08:22.869149Z,0xf79ab153c32537a8cb4827815f511963b72d35722702eb2d0645d6d171b1c32a,AQHstwk1uwAEnz8JE41HEbbD1EaPBjBwtid2qbo1Q3KD,7HgfXftRBBqsYtAEYcqjGLQrNJLL6Tww9ek4rE3Apump,11111111111111111111111111111111,RKC,SOL (native),sell,388506535,4844588,388506535,4868932,fulfilled,Executed,28da…jxyN,2,2P5i8jej3U9XA6uhE6pnQdVFWxReRntPY6m31r2eP15S9uGpi2xRbgsU1NzEhkEZk4YbwfRmLZLBM5H89TJxv8vk,,cleanup
2026-10-10T08:08:23.289672Z,0x0b00bc247f353181db3db1ab2c38f9e8fa5cf5b2dee24d592db07a733eae4aed,AQHstwk1uwAEnz8JE41HEbbD1EaPBjBwtid2qbo1Q3KD,XszvaiXGPwvk2nwb3o9C1CX4K6zH8sez11E6uyup6fe,11111111111111111111111111111111,UNHx,SOL (native),sell,95024,3347742,95024,3364683,fulfilled,Executed,28da…jxyN,22,5H4PCDDacst8xty7hwEqhqqD1Cqxkjv6xaRAcnUFfZmvJDPUVAqAg2KQWeGovWRr2cgb5cD1kFgzPufeZPAQ8Tjs,,cleanup
2026-10-10T08:08:23.677273Z,0xd832f4afcd766a47d1a33e709b4388ba12616731f345c9ed24f4658710c21c72,CDY1rvEes25vx7DZwxp5BRSgAewDQMgwBExfAMEymdMC,59obFNBzyTBGowrkif5uK7ojS58vsuWz3ZCvg6tfZAGw,11111111111111111111111111111111,PST,SOL (native),sell,525508,5404825,525508,5431217,fulfilled,Executed,28da…jxyN,1,4sPGeDNJmCC54K4GNb179iNhNjR3pGbdP4RYXrfGmKjymayZWZHvAy3hwi2dfcVwgTJxdKcbf34KGcHcBu2BCvf2,,cleanup
2026-10-10T08:08:23.982507Z,0x0c12d959c5d34b4eb041f04c70f48486e454cccfa27f30e461e42cff8f22a923,CDY1rvEes25vx7DZwxp5BRSgAewDQMgwBExfAMEymdMC,oreoU2P8bN6jkk3jbaiVxYnG1dCXcYxwhwyK9jSybcp,11111111111111111111111111111111,ORE,SOL (native),sell,559585129,5373545,559585129,5401316,fulfilled,Executed,28da…jxyN,1,4WwyRbR78UKt6gpnPcXmMy6U7HXWRDXsxWCvtHvRGzateksXFVZwKCYMNtfx9jjD2ZBV5o7aHdV1JfKodxLbgxeG,,cleanup
2026-10-10T08:08:23.982507Z,0x5123c99574babe6d873e9c9809830900ce95729369a6a8f0c65406394ffbbcb1,CDY1rvEes25vx7DZwxp5BRSgAewDQMgwBExfAMEymdMC,2JcXacFwt9mVAwBQ5nZkYwCyXQkRcdsYrDXn6hj22SbP,11111111111111111111111111111111,mini,SOL (native),sell,564770700,4940957,564770700,4965785,fulfilled,Executed,28da…jxyN,1,4GWHnAAS94az1F59F82znP7UUx4NFNfi72a5vWkwwgybEXWwdGbey6BaBuiDojkjJWQnkJoNRdVH1mwbppvVykcm,,cleanup
2026-10-10T08:08:24.410444Z,0x4dc70e83dfe79541c29fc5cefd8e850bc6238b2f043b51facd1e237da2671106,CDY1rvEes25vx7DZwxp5BRSgAewDQMgwBExfAMEymdMC,CniPCE4b3s8gSUPhUiyMjXnytrEqUrMfSsnbBjLCpump,11111111111111111111111111111111,pwease,SOL (native),sell,157776911,5525746,157776911,5553513,fulfilled,Executed,28da…jxyN,1,9WXuu9oRnYTUXEjg7j6oG5Ny231rfQA4s2qkW8HfGnUaCUkzEgy71xWw7bg7fwNhowEUGoK314aJqULwCP89CnL,,cleanup
2026-10-10T08:08:24.598145Z,0xa50017c570184d25658e607e358f0688d4887a1a4d79703320c2f17f9f1dc17b,CDY1rvEes25vx7DZwxp5BRSgAewDQMgwBExfAMEymdMC,A8C3xuqscfmyLrte3VmTqrAq8kgMASius9AFNANwpump,11111111111111111111111111111111,FWOG,SOL (native),sell,121609047,5627724,121609047,5656004,fulfilled,Executed,28da…jxyN,0,4DxLkPVtWGgg3Ju3iFV49nHYfUVrhpeqjdhZEuuUHtMQzn5ziJg6Jkco8PacT5hJgwk3LpAA1sydbNE4xZnzxH9u,,cleanup
2026-10-10T08:08:25.196104Z,0x2c0ea3cdaa135aa7251ee0c2e11cbb5df6ae55ad205c78d802685e1965079524,CDY1rvEes25vx7DZwxp5BRSgAewDQMgwBExfAMEymdMC,4YK1njyeCkBuXG6phNtidJWKCbBhB659iwGkUJx98P5Z,11111111111111111111111111111111,DOLAN,SOL (native),sell,151297481,4940660,151297481,4965487,fulfilled,Executed,28da…jxyN,-0,5FVAhBuLow47jJjxAwYePPyy5QrgKTw7LL824LagzxKf8i7qzuYmQSAUa8yjT1Ve6gYdCFAvGCf5PxJuae4xTzDq,,cleanup
2026-10-10T08:08:25.196104Z,0x5d150b984e236cf1993ce93ea07f448c41a0796e96aeac005b069924cd7a5d72,CDY1rvEes25vx7DZwxp5BRSgAewDQMgwBExfAMEymdMC,6NwarBvDkXhByqVp2Qkq5i9XbtA2B3Bwe8SWGu9vpump,11111111111111111111111111111111,Cupsey,SOL (native),sell,91312512,5313965,91312512,5340668,fulfilled,Executed,28da…jxyN,-0,2qBedkxZvewdaEo44Rucqx5Fjesp8L5da4ykeKK46UcnUuqpEyPuRLgybYhJTqT4dsA6RsKF4aPPuqpJn721tVsr,,cleanup
2026-10-10T08:08:25.655700Z,0xba0bc695fb598753b86efe90a4b92cfb91ccaa01d041b82e7eae46e801d6009d,CDY1rvEes25vx7DZwxp5BRSgAewDQMgwBExfAMEymdMC,98sMhvDwXj1RQi5c5Mndm3vPe9cBqPrbLaufMXFNMh5g,11111111111111111111111111111111,HYPE,SOL (native),sell,7130463,5441127,7130463,5467421,fulfilled,Executed,28da…jxyN,31,3do4LFuroD4AdGC18cbPxgRnUZpNLdeh1XvZUD7L3Tiu34Mb3WSLffvnwRHFsBMaQPtwQp3wBTiLDMwQdBC4dgBR,,cleanup
2026-10-10T08:08:26.001336Z,0x6808f692c289058460185e4b60c82946d2e5f484f2dbfd75f4394561ec4b729b,CDY1rvEes25vx7DZwxp5BRSgAewDQMgwBExfAMEymdMC,orcaEKTdK7LKz57vaAYr9QeNsVEPfiu6QeMU1kektZE,11111111111111111111111111111111,ORCA,SOL (native),sell,261140,5519887,261140,5541460,fulfilled,Executed,28da…jxyN,5,5EbKPm4rkr4HAjdj97yC5dydDpLCjv7KYFsBcsXuzQgYYj8kMDnC3wYS1RxKuvcoJzsSMNwqfQLuSzPgEwrbZHmG,,cleanup
2026-10-10T08:08:26.195092Z,0x64583afff27a2dd8374d4cd6e47b1b86021e13b866d18a1f7086157d5b4cc770,CDY1rvEes25vx7DZwxp5BRSgAewDQMgwBExfAMEymdMC,DQnkBM4eYYMnVE8Qy2K3BB7uts1fh2EwBVktEz6jpump,11111111111111111111111111111111,DJI6930,SOL (native),sell,100333089,4752167,100333089,4776047,fulfilled,Executed,28da…jxyN,5,2L1rD8CHzktqG8zDcuFWyH5sUQL9D4eZR6fahTnNdUXMH29Zp8JmmH5rZRyWJAuBbuaux2yNWXF2ivu791fUJ1ku,,cleanup
2026-10-10T08:08:26.505914Z,0x276ef6a121821fd25434400be82e86f00c8ba241e16a88f3107a3ae4568aac63,CDY1rvEes25vx7DZwxp5BRSgAewDQMgwBExfAMEymdMC,CYPHuMmCL1GxJWa2tsPhLKykC7GrHJTCHwbXD4g5uawK,11111111111111111111111111111111,CYPH,SOL (native),sell,196698,5277829,196698,5303027,fulfilled,Executed,28da…jxyN,18,46aAgkp4tWy37JoNRdZ74PyieiqhN1SXDRKQYzwfqaXoyjE18pCMJEtrJKMfpQiCuUR9PPPVBC8v7SAPk4cwHC7a,,cleanup
2026-10-10T08:08:26.934567Z,0x96f38b1312b6116cdea529be32cb9aa5c3a20db6da853fb8e8329fb8d7dd5775,CDY1rvEes25vx7DZwxp5BRSgAewDQMgwBExfAMEymdMC,XsnhgGRQwhExfS2bmWzR6EYddKGPRGDEjeJsatkmKqU,11111111111111111111111111111111,SKHYx,SOL (native),sell,612359,9850224,612359,9900643,fulfilled,Executed,28da…jxyN,18,WEih6WBQM8JNH6fkAMkbGHeipEXPQBhTsaScEVQuQJbqcTKGyXMwtnsyoo9EPFt6gZgXGNNkN1c6zXNF8b9csqm,,cleanup
2026-10-10T08:08:27.432385Z,0x71af01cb41770a26f956b7bead0a5f69a7ba8f9e0d63347f64109c3694b3181c,91V7pVaQyARieyPXcNpxQZdqk5KoH7P1vgg2YHNBfSti,4sWNB8zGWHkh6UnmwiEtzNxL4XrN7uK9tosbESbJFfVs,11111111111111111111111111111111,xSOL,SOL (native),sell,8261449,5535001,8261449,5562815,fulfilled,Executed,28da…jxyN,4,55AbRCLkYjKJPCrxNMwDZ9C6t3wrHgDs3dRohPxVrn6ATdEvse3wZyf1dYwrBCThs1HW9cQwa2bSBazR9cghJizQ,,cleanup
2026-10-10T08:08:27.657689Z,0xb295f8aae1dd1ff2b705713d6e0336c358a11a66691fd2674c264b38ef7a6bee,91V7pVaQyARieyPXcNpxQZdqk5KoH7P1vgg2YHNBfSti,7JA5eZdCzztSfQbJvS8aVVxMFfd81Rs9VvwnocV1mKHu,11111111111111111111111111111111,GEOD,SOL (native),sell,1820000000,4945645,1820000000,4970433,fulfilled,Executed,28da…jxyN,3,AToyYAX1y1A5AbVHGpTHHVYkNQrfK2CBpzkRskcWDJprkesodvAGyzG6HQV2hxKKsf7xDGXDWD5mRtga2SAZWzY,,cleanup
2026-10-10T08:08:28.090818Z,0xb2e61403900b323f6d7814661cdd2a06632661b772cbfa789d5d6a7dd775aef2,91V7pVaQyARieyPXcNpxQZdqk5KoH7P1vgg2YHNBfSti,5SVG3T9CNQsm2kEwzbRq6hASqh1oGfjqTtLXYUibpump,11111111111111111111111111111111,SIGMA,SOL (native),sell,443000000,5022293,443000000,5047530,fulfilled,Executed,28da…jxyN,3,3ygZ1BbnLnaHHBxUWQTjmcRnXY4sPHRnmk4zWVrLDMEVqhyxP9a9xdQRchT4NjNPMLp7J3CG1v2myXaBdSDqVoGF,,cleanup
2026-10-10T08:08:28.090818Z,0x0fae79e467540f26e66c0f59aa376b330cee5e90b061307a4d40e528cf6765d8,91V7pVaQyARieyPXcNpxQZdqk5KoH7P1vgg2YHNBfSti,1zJX5gRnjLgmTpq5sVwkq69mNDQkCemqoasyjaPW6jm,11111111111111111111111111111111,KLED,SOL (native),sell,57270686491,5768889,57270686491,5797878,fulfilled,Executed,28da…jxyN,3,56A4enrmeER3bUVZP4gmY5ucqowmSDxMy7KdYpoe2yGNeun9VXeCMwCxLTj4UznWAqPGgzwQGd4Bn78KE9aqxPrc,,cleanup
2026-10-10T08:08:28.456394Z,0x787c3c3c6f6a9ca28d8c90d5fdabfe996adc1328d9561677e47540f3b71ad47d,91V7pVaQyARieyPXcNpxQZdqk5KoH7P1vgg2YHNBfSti,EKpQGSJtjMFqKZ9KQanSqYXRcF8fBopzLHYxdM65zcjm,11111111111111111111111111111111,$WIF,SOL (native),sell,2844702,5603942,2844702,5628964,fulfilled,Executed,28da…jxyN,3,3rj4nUxaE3XmrNwXMzpQMe57QKiQ1r9MCxTyu3Te5QL2cVj6d9iUpktcCxJ1veZEkhJgkpXLg2t1n6Gbfa2i4Erj,,cleanup
2026-10-10T08:08:28.644054Z,0x1bec848d83029475ce3ceb7d169a2d6e7e010df2d17c5800237d5b7492a05c86,91V7pVaQyARieyPXcNpxQZdqk5KoH7P1vgg2YHNBfSti,Fh7mLxtPAysdvHcMcJ37A3vc6WvBVh7JVDwxmwk6pump,11111111111111111111111111111111,GBACK,SOL (native),sell,128742835,7891309,128742835,7930963,fulfilled,Executed,28da…jxyN,2,3GeGQFs3yGRshh7CReUtGxmNwGcTXnoAGDCxC9yhMU1cNTk7bvnTjdNeCdbHS1wwmaRCttJ79Fpa7C1NqEde1kuZ,,cleanup
2026-10-10T08:08:29.014211Z,0x7834a78687fab88aedd9942b1ae0119fb9caeba7da684a68be2270062d304178,91V7pVaQyARieyPXcNpxQZdqk5KoH7P1vgg2YHNBfSti,J9BcrQfX4p9D1bvLzRNCbMDv8f44a9LFdeqNE4Yk2WMD,11111111111111111111111111111111,ISC,SOL (native),sell,251934,4932233,251934,4957018,fulfilled,Executed,28da…jxyN,2,3185avzWCtkQrdAV44BfexXc4PrZx3dwdCmMuQwbBy55GFtgStXbLHsQnU12YEnXp642JCCyhG8DJBK1dZEfGtqk,,cleanup
2026-10-10T08:08:29.465419Z,0xd0eb794cb8964c26b9d4d6cb7e532b2c0314b8fe6e8cf6515bb0ac20cc1a1e22,91V7pVaQyARieyPXcNpxQZdqk5KoH7P1vgg2YHNBfSti,jtojtomepa8beP8AuQc6eXt5FriJwfFMwQx2v2f9mCL,11111111111111111111111111111111,JTO,SOL (native),sell,1183394898,5580671,1183394898,5603858,fulfilled,Executed,28da…jxyN,6,uxSs54nDaykzx4Fux3CGH7S3a577BQMVaq7JgZf3rmLA5XWSjQcL6eUtiWNk9q9WuW73bzfQ9gmit8DbBJqGAFU,,cleanup
2026-10-10T08:08:29.793564Z,0xe3771b6f64dfad67ff7ecc6f05ab1459aff298d3f60be9e9433d0d115599ed17,91V7pVaQyARieyPXcNpxQZdqk5KoH7P1vgg2YHNBfSti,HNg5PYJmtqcmzXrv6S9zP1CDKk5BgDuyFBxbvNApump,11111111111111111111111111111111,ALCH,SOL (native),sell,12800000,4934237,12800000,4959032,fulfilled,Executed,28da…jxyN,5,4GSFdVoghknoasw91hacJMCbLxhj4RgUfpfgJqHSx9U1FK2Km4AN9MYT3voJ6kX7GXSdo5f4E14j7PYySLgLR4qj,,cleanup
2026-10-10T08:08:29.793564Z,0x5c4ae38b472b759f201f5f6d0eaac94539437cdb08df4832687536a4502a6670,91V7pVaQyARieyPXcNpxQZdqk5KoH7P1vgg2YHNBfSti,suifhC9gU1VbJAPYPTBkHJyyyStKGLLYPVDTmPoqbvA,11111111111111111111111111111111,SUI,SOL (native),sell,51392074,5179783,51392074,5204320,fulfilled,Executed,28da…jxyN,15,3APyfgutcuDvtnSKFLvBJBGDeRUukUfBohUBp9NhEsATMLDfg11GrBgaAsUu8F5mZpGBPi63kq2recJKEd6nvNiE,,cleanup
2026-10-10T08:08:30.080416Z,0x6bffcc13dc26e13cfeb1b22f0faffa1c5ddafd35e46d72646cd40a02275dd16c,91V7pVaQyARieyPXcNpxQZdqk5KoH7P1vgg2YHNBfSti,71Jvq4Epe2FCJ7JFSF7jLXdNk1Wy4Bhqd9iL6bEFELvg,11111111111111111111111111111111,GOR,SOL (native),sell,369150343,4831654,369150343,4855933,fulfilled,Executed,28da…jxyN,1,592VeHm5ZAA1rGF8vWmphemFteYBvaPmfvRb8tJANm2ETTHAVmAHw4qiUZ35KZg5xZBvuxTMg4Y2KHtTjDC2cZcn,,cleanup
2026-10-10T08:08:30.270117Z,0x337f07e3b268702bedf6709fb0f0ab7db8afe36bf7a92db6aef8f92e34d1f903,91V7pVaQyARieyPXcNpxQZdqk5KoH7P1vgg2YHNBfSti,LBTCgU4b3wsFKsPwBn1rRZDx5DoFutM6RPiEt1TPDsY,11111111111111111111111111111111,LBTC,SOL (native),sell,659,4929894,659,4953831,fulfilled,Executed,28da…jxyN,50,49eoxtzvEYLAQXWmN6MPYUvtVjJZohfVUSks5Yr6XSibcPCjGfCo5QeBzzRDVj46H71EyTUf8L7o7MYmPMBxqQ83,,cleanup
2026-10-10T08:08:30.475178Z,0xc98d3eb1d8d433ede11b53e6c1bfc6dfa4563923173d7b716ea98ae841f88b81,91V7pVaQyARieyPXcNpxQZdqk5KoH7P1vgg2YHNBfSti,4Zp52aF4hZi9fzH19xpbWKYKQvgLyCN67KFbrQDqeTKh,11111111111111111111111111111111,ZAMA,SOL (native),sell,7430000000,5100015,7430000000,5125643,fulfilled,Executed,28da…jxyN,5,3V2783EH26k8LGQLckRh4ifrZN9zj8P5URNPxpAbhrbHnwzgLHBQgu5eP9yQp8gLNe1vZhTe6qQuTR6hDRdjFSrR,,cleanup
2026-10-10T08:08:30.475178Z,0x08b717a787b9a448d8a2f5be0c59aa58e8a7a7c3c1fa53516a4836e84ca3bbbc,91V7pVaQyARieyPXcNpxQZdqk5KoH7P1vgg2YHNBfSti,BeGY8KqKxboEwRbJd1q9H2K829jS4Rc5dEyNMYXCbV5p,11111111111111111111111111111111,NPC,SOL (native),sell,2820108389,5480850,2820108389,5508391,fulfilled,Executed,28da…jxyN,1,9fGm6tnuX1Z9SfrMU7eiAvWYDbHQ9V1hBVTnmPJryHa3Qrbh877e3QLpvU2RfPnVV9VNN4arNwZh6dRV87EGTWe,,cleanup
2026-10-10T08:08:30.721960Z,0xa26c6a520f5f4218afb1428a1c934bb67ad399d920b6921dad1cdf019703bb0f,91V7pVaQyARieyPXcNpxQZdqk5KoH7P1vgg2YHNBfSti,XsAsZLF4MmsvS1sDxRMrUz7REjHfwbC9UAMXSRBqgEB,11111111111111111111111111111111,UBERx,SOL (native),sell,543476,3401007,543476,3417110,fulfilled,Executed,28da…jxyN,14,5TPbnMXxqnu5tupScYMjmc6z5FaAT3e72qBhAYHsKZKXikWGkdDnDuKWMQYXyKhJUgkWon1mi8FXyuPAtim9v3D8,,cleanup
2026-10-10T08:08:30.995013Z,0x280eec5394cbd387d2902e003c72d43ed4d82f72072b24c5c9eb6338f511d78e,91V7pVaQyARieyPXcNpxQZdqk5KoH7P1vgg2YHNBfSti,CASHx9KJUStyftLFWGvEVf59SGeG9sh5FfcnZMVPCASH,11111111111111111111111111111111,CASH,SOL (native),sell,599498,5415806,599498,5443833,fulfilled,Executed,28da…jxyN,4,4YR3q8gtYxVRmGiZLrCxB14vU2J4JvS16AXfeNPSaytvHC6mV4c9t6iCAS5MWeiX2xfmjq2oEEoq2U4auhWeRRC2,,cleanup
2026-10-10T08:08:30.995013Z,0x6ac864134f3f4f7c01e850fcb2f5d37f9b653e3397c6dbfecc7f254ff899e327,91V7pVaQyARieyPXcNpxQZdqk5KoH7P1vgg2YHNBfSti,6dX5M8DY6VTFtVRX5yzWn9RE4MkJTyoAVbAodk6cpump,11111111111111111111111111111111,GEOM,SOL (native),sell,218504817,4518242,218504817,4540946,fulfilled,Executed,28da…jxyN,4,ENhyyVo7hBkzVkr5aMBUQJ9ccJRZT78obXKzEtRTRPeuobpo93oEnTCuE2K2HYLRRJ3eMYMrajEP9NWTDqzhzYh,,cleanup
2026-10-10T08:08:31.429716Z,0x2d6ed2690621d58b6c1bb8658a2732a748cf867b01694b16ca107a00fbb5a3fe,91V7pVaQyARieyPXcNpxQZdqk5KoH7P1vgg2YHNBfSti,XsrBCwaH8c46xiqXBChzobgufRKxQxAWUWbndgBNzFn,11111111111111111111111111111111,BMNRx,SOL (native),sell,1597725,2882549,1597725,2896133,fulfilled,Executed,28da…jxyN,14,56HHGYnA1nr3xKcUKZwzBkWwn73bRjZ3FdyzJ6sYTDQSsxDBBbXvaMPS47tqwunYttUiPE5GUtxSBQNSLmEFsxNt,,cleanup
2026-10-10T08:08:31.600434Z,0xc1a8440430d612ea96853072ed1f636fe20130898ae68ede48537b5cbdedcf75,91V7pVaQyARieyPXcNpxQZdqk5KoH7P1vgg2YHNBfSti,bioJ9JTqW62MLz7UKHU69gtKhPpGi1BQhccj2kmSvUJ,11111111111111111111111111111111,BIO,SOL (native),sell,19510296029,5074130,19510296029,5099628,fulfilled,Executed,28da…jxyN,3,4Qkn13oJum9aeGJerFLpTAQBU7aDN92WwBP5ahWxU7oJWRquP2GeuBiHaKW7WsF9j26aS7z5Rx45jh1erAujpSQH,,cleanup
2026-10-10T08:08:31.600434Z,0xbb811e6c72d0e8be1fc6a12ed76b10c8017fdc26a72d16318e1cd4125666eb82,91V7pVaQyARieyPXcNpxQZdqk5KoH7P1vgg2YHNBfSti,USDvUSpnhCr9yBgj3UyVrD239HRUv4RsHwH2FxsWuMk,11111111111111111111111111111111,USDv,SOL (native),sell,545540,4931661,545540,4955084,fulfilled,Executed,28da…jxyN,13,5QSMvwT88cNMWZS2yjyxhnrUost9LWeDHm3UM9mE5sebSdefqmo29XQDq2Xv8bx5pm9yfT55W4g36R8PwkHAcsAm,,cleanup
2026-10-10T08:08:31.988500Z,0x130ae6cba306b01b7254a6da92dc7ea7a0be6946915e8889a421b1abdd2248df,91V7pVaQyARieyPXcNpxQZdqk5KoH7P1vgg2YHNBfSti,WENAZ2WyPbmgvUcKfQ8hyMDfBQP9bZ65hsZ5KTFrRGZ,11111111111111111111111111111111,WEN,SOL (native),sell,87602,4933480,87602,4958271,fulfilled,Executed,28da…jxyN,3,Ro4W9g1dkFNDnqoyWMdHRMdJ44eySxkZh5MCxVZ8dgpHty1Z5tt9J6Tiu4cvDdwgXs98gxrsdjcuRxtwgxhq7AE,,cleanup
2026-10-10T08:08:32.125464Z,0x747ef4b9fcad1d24b3ea05d18c7615e5db451f13c62bb460bd33edbb711b9117,91V7pVaQyARieyPXcNpxQZdqk5KoH7P1vgg2YHNBfSti,Xsnuv4omNoHozR6EEW5mXkw8Nrny5rB3jVfLqi6gKMH,11111111111111111111111111111111,LLYx,SOL (native),sell,31451,3357614,31451,3373422,fulfilled,Executed,28da…jxyN,13,2b2sgDnrTU2VWxSHDk9REeG5APDpumWoT2MJNcKZ5J92EKDRiWUTD6CsqgMCJhJTt33AjgEXEjcU8MGNER6c3Z7L,,cleanup
