created_utc,uid,owner,sell_token,buy_token,sell_symbol,buy_symbol,kind,sell_amount,buy_amount,executed_sell,executed_buy,api_status,cause,solver,seconds_to_execution,tx_signature,sim_row,sim_step
2026-10-02T23:29:48.005706Z,0x6a378e33577e6768241804c853ab85e5347134569b5e058d5ca27f3077eeda17,CagkCmsroJWAiUWrigym7vR9wGYV5aKWanTGu3ZARKqD,So11111111111111111111111111111111111111112,Es9vMFrzaCERmJfrF4H2FYD4KCoNkY11McCe8BenwNYB,wSOL,USDT,sell,4280000,504233,4280000,506525,fulfilled,Executed,fractal,27,x4Zr7pvt5nHvGowsV51FdnDzesbPosrWiFYajmUNVXwCUTRR13YtzRmWXuwxsgXD1SXFjWB5uakhVyXNVVM2u2L,1,main
2026-10-02T23:29:58.638633Z,0x2ab652b97f9a1352fb1ca1ad7eb7bbafe583d57eca4d05bcb0b3fa86805abd9b,FjcXArDzUrBTJ1Lv6Yc8n9atjkNYaxKosVjn6VSxZTrK,So11111111111111111111111111111111111111112,DezXAZ8z7PnrnRJjz3wXBoRgixCa6xjnB7YaB1pPB263,wSOL,Bonk,buy,3666715,12000000000,0,0,expired,Winner too late: creation blockhash expired,,,,2,main
2026-10-02T23:29:59.561627Z,0x3a95de82c1aa82f5f10adb1eb97ec5af5c285fc7da9dfc316e9762634f59203a,HoWtt82mr4wqKqMDy4jFDRs1C9kt3kY6KtXH3i83fyn5,So11111111111111111111111111111111111111112,EPjFWdd5AufqSSqeM2qN1xzybapC8G4wEGGkZwyTDt1v,wSOL,USDC,sell,3600000,424049,3600000,426554,fulfilled,Executed,fractal,45,GrGTVDVTWzyCf4MZ341B9qCgaF4bEadMWm6RhDrimHDTs6CZnLUtULfUukMB6ErHwVyWNF9kEozWR8uHqZyMca1,4,main
2026-10-02T23:30:01.116444Z,0x319a955c955bd17dd7e8753f24df312f7fbf50efdf9d60bd3e821b48cc5bc275,3FHY6qZALHavE387YcUMyqFYdYCiR5PbLSxdQBpwR6JK,So11111111111111111111111111111111111111112,EPjFWdd5AufqSSqeM2qN1xzybapC8G4wEGGkZwyTDt1v,wSOL,USDC,buy,3627323,427247,0,0,expired,Expired without a fill,,,,3,acquire
2026-10-02T23:30:05.065961Z,0x8ae7f400df90278431c933cdb85983d17c4f6063ea5382793272c1680af3c736,2kV12Qsin6Wfxr2Pr6M8bqUbjqMppw4gpqAbV18TiFfJ,So11111111111111111111111111111111111111112,EPjFWdd5AufqSSqeM2qN1xzybapC8G4wEGGkZwyTDt1v,wSOL,USDC,buy,3821234,450087,3802373,450087,fulfilled,Executed,jupiter-solve,11,pKKeX7EGTmvyGbY5NXtCCLnoms24sMkRDq35Yjm115TvzNrV2VV8oHNxFnEuJkJZvKHP2XZ7gfo9P2hEp7Ry7yz,5,acquire
2026-10-02T23:30:07.273727Z,0xec7a96af898e6a1ea691635e2b99bf716c6613a136e8ae4e54148908860583e6,EDimKwHuMtcwxxbAfQPT3EaH9CPpyTLARxLRRwiZV26v,So11111111111111111111111111111111111111112,EPjFWdd5AufqSSqeM2qN1xzybapC8G4wEGGkZwyTDt1v,wSOL,USDC,sell,3600000,424040,0,0,expired,Winner too late: creation blockhash expired,,,,6,main
2026-10-02T23:30:12.787417Z,0x65ea7e1ce15373526a9474a876f959df61f6cef29dcc566f921ddefe6260d0a0,7RqUGHCV2tngEBctNc8o58nPDy6AsYzsUHAW2JgA2XX9,So11111111111111111111111111111111111111112,DezXAZ8z7PnrnRJjz3wXBoRgixCa6xjnB7YaB1pPB263,wSOL,Bonk,buy,3666715,12000000000,0,0,expired,Winner too late: creation blockhash expired,,,,7,main
2026-10-02T23:30:14.858145Z,0xe59ee0ef87dfecb9f644931c29859acac63b8269123de229fbe111b4c240830f,GcY8jk3HeHLDmdPa8wRVnHkn8f77frWdZxRWr6rrdyus,So11111111111111111111111111111111111111112,6p6xgHyF7AeE6TZkSmFsko444wqoP15icUSqi2jfGiPN,wSOL,TRUMP,buy,3664645,206000,0,0,expired,Winner too late: creation blockhash expired,,,,8,main
2026-10-02T23:30:16.480430Z,0xc0a817aa2ffe2788ef0f9a47befc79a76d12c2f99d91ca7bf988e247654e7be3,91V7pVaQyARieyPXcNpxQZdqk5KoH7P1vgg2YHNBfSti,So11111111111111111111111111111111111111112,EPjFWdd5AufqSSqeM2qN1xzybapC8G4wEGGkZwyTDt1v,wSOL,USDC,buy,3750695,441761,3730918,441761,fulfilled,Executed,jupiter-solve,117,5kRp2B7EuKPBC7VbBRfyLN1Kii7YW6y5wjmgMemahWEnVb8aw8C7rRiaUgR1TAErFQimyKryGqQmPLvQjdjSXfd5,9,acquire
2026-10-02T23:30:18.285985Z,0x43a87f8e31ba13f8bc722404c86c80ccec5084a85ff49d207a192a5dcc0dff27,GikSpMABHu6MJERkF3N9GMmwPXfEBxABjChVkK1W9ji4,So11111111111111111111111111111111111111112,6p6xgHyF7AeE6TZkSmFsko444wqoP15icUSqi2jfGiPN,wSOL,TRUMP,buy,3663491,206000,0,0,expired,Winner too late: creation blockhash expired,,,,10,main
2026-10-02T23:30:21.053786Z,0xf7d18e49805244a31cf236eff973fb1b8f9137e0a7d9e32517363adfc42f8aa5,HTsxGEXBSe8rdUJjtW7e4v4YChNXTVmLQXuqBvvQtJuF,So11111111111111111111111111111111111111112,7GCihgDB8fe6KNjn2MYtkzZcRjQy3t9GHdC8uHYmW2hr,wSOL,POPCAT,buy,3663348,8150000000,0,0,expired,Expired without a fill,,,,11,main
2026-10-02T23:30:21.645392Z,0xd67b6fd053664e21ac3a2e8453fd95a095b5940061aae14b9829262b98db99e8,2kV12Qsin6Wfxr2Pr6M8bqUbjqMppw4gpqAbV18TiFfJ,EPjFWdd5AufqSSqeM2qN1xzybapC8G4wEGGkZwyTDt1v,4k3Dyjzvzp8eMZWUXbBCjEvwSkkk59S5iCNLY3QrkX6R,USDC,RAY,buy,436978,225000,0,0,expired,Winner too late: creation blockhash expired,,,,5,main
2026-10-02T23:30:22.069197Z,0x304d6a6786cb9850576e32052b602d7fd53307f316eda746b646ce79f3082b77,AQtmpjmjjZTzzs5W2Ld4gPteDe1teLKMpwj3v5GAv7ef,So11111111111111111111111111111111111111112,EPjFWdd5AufqSSqeM2qN1xzybapC8G4wEGGkZwyTDt1v,wSOL,USDC,buy,3783728,445632,3764846,445632,fulfilled,Executed,jupiter-solve,54,2NSSpwGNC28aRwJt2Q1446FAdrqG8AcFKoQCmffV8HFK7tNLsuCr7bwCRnBNJs8EBogpLxeQF2xTU36WbncGhABv,12,acquire
2026-10-02T23:30:23.812307Z,0xb80762c0b15d12f403304500172d02d2f1359166799495f23ddd9613f4de85d0,BPmy52DKPodqoSUirZUBedULujAZr6s778i4hc153r1X,So11111111111111111111111111111111111111112,EPjFWdd5AufqSSqeM2qN1xzybapC8G4wEGGkZwyTDt1v,wSOL,USDC,buy,3655169,430479,0,0,expired,Winner too late: creation blockhash expired,,,,13,acquire
2026-10-02T23:30:24.881204Z,0xdac1da555e4cebde492a0d7606aa426b2cec8a8d676ac687fee521fce26e9433,4p3tgZxpw2gKnJnVwQ4Ah3av47HywcXfFaXTFGNU2aTT,So11111111111111111111111111111111111111112,7GCihgDB8fe6KNjn2MYtkzZcRjQy3t9GHdC8uHYmW2hr,wSOL,POPCAT,buy,3661964,8150000000,0,0,expired,Winner too late: creation blockhash expired,,,,15,main
2026-10-02T23:30:26.959204Z,0xd3a0b599509725b2fbc477f0ff9a65174830e6f1e464b94fa2828f087b991068,94bjVVSp8jgvP4ivAW3wFomkRpeE3xBouyCWErsR1ANz,So11111111111111111111111111111111111111112,DezXAZ8z7PnrnRJjz3wXBoRgixCa6xjnB7YaB1pPB263,wSOL,Bonk,buy,3665562,12000000000,0,0,expired,Winner too late: creation blockhash expired,,,,16,main
2026-10-02T23:30:27.210399Z,0xe704eda574ec7f35f155ed75b0f189097ded068ae128dac1065a75a4c558186f,9XSrZ8RkSZ3WDoGkrgWHrmMhixsoWZTLnPxBtQNWNK9c,So11111111111111111111111111111111111111112,EPjFWdd5AufqSSqeM2qN1xzybapC8G4wEGGkZwyTDt1v,wSOL,USDC,buy,3627817,427317,0,0,expired,Winner too late: creation blockhash expired,,,,17,acquire
2026-10-02T23:30:28.281634Z,0x280ad943a38e58e816fe5332c4a5a7a2524e17a91dcd51ca8615ac938c3e68e4,CcQdkRAXeX7seuZLmiapfpM6CVBndVrsvMe38E4Uypyg,So11111111111111111111111111111111111111112,EPjFWdd5AufqSSqeM2qN1xzybapC8G4wEGGkZwyTDt1v,wSOL,USDC,sell,4920000,579597,4920000,582323,fulfilled,Executed,fractal,23,ycnwy28wHxGfZgWPZQgcPobhhwZpAp157j9ndNmVfLwTsrQpK45RDtfFmcTMjBsTgvEHVuCNwaWeNfvtkVwgua4,19,main
2026-10-02T23:30:29.284163Z,0xcc2d3faa3e31b6740a9cd919198721423ed424eed9f2da2d6615253c2dd7036b,CagkCmsroJWAiUWrigym7vR9wGYV5aKWanTGu3ZARKqD,So11111111111111111111111111111111111111112,Es9vMFrzaCERmJfrF4H2FYD4KCoNkY11McCe8BenwNYB,wSOL,USDT,sell,3600000,424081,3600000,425942,fulfilled,Executed,fractal,11,33U6D2svayrRBpT84ipAUkg7Y2WwLtphVELkgKgcotXYeHj7KhshRNzWZttdfkH1WhhA9kcic9sgTSFLGLvkqxti,20,main
2026-10-02T23:30:32.809518Z,0x41772a58a718ffc4cf7cfe530eded8fb8019788147e0bd333d508cf866f67da9,EGXsUdM4HLc983jD276LHz87k5zBZSJrJc137qcokK8D,So11111111111111111111111111111111111111112,DezXAZ8z7PnrnRJjz3wXBoRgixCa6xjnB7YaB1pPB263,wSOL,Bonk,buy,3669829,12000000000,3652066,12000000000,fulfilled,Executed,jupiter-solve,12,3zziyLaUZv5o241Q2gK1j5i76ZCUYEMrxKbLe7biVSetuDzYbs4unGGicLDwcJ6CF3G3ZsCu7NpE9H7kWbG2c4y5,21,main
2026-10-02T23:30:37.155137Z,0x8d8977eea8e8bff1406ec5045c5225b00cdb79b3bcb4c681458e7fd096ac5934,BsXAAY6SvTyWYjwKCa5SUs1kDBK6n7ia7qvRPVj5dFgz,So11111111111111111111111111111111111111112,6p6xgHyF7AeE6TZkSmFsko444wqoP15icUSqi2jfGiPN,wSOL,TRUMP,buy,3663531,206000,0,0,expired,Winner too late: creation blockhash expired,,,,22,main
2026-10-02T23:30:38.249718Z,0x0622ebda0a23e5fd7762cf16e0c268f6aeb4386b07584eb43f0a2a8e7ff26077,BQAD73uj3XftKnCB5ZB7P67b7AvEdfLefYbLiipch5oC,So11111111111111111111111111111111111111112,EPjFWdd5AufqSSqeM2qN1xzybapC8G4wEGGkZwyTDt1v,wSOL,USDC,buy,3821526,450087,0,0,expired,Expired without a fill,,,,23,acquire
2026-10-02T23:30:41.453531Z,0x22bfd8a3c5b650a65139391255a6d792d53398c2acd9a09d778ee30d716b27da,CDY1rvEes25vx7DZwxp5BRSgAewDQMgwBExfAMEymdMC,So11111111111111111111111111111111111111112,Es9vMFrzaCERmJfrF4H2FYD4KCoNkY11McCe8BenwNYB,wSOL,USDT,sell,4280000,504290,4280000,506517,fulfilled,Executed,fractal,21,5sHAwtuPQWEvCVEKnyWzyCaUBPd22wxq3THLXMgrJ4sRJAuWHB4dRUwX9CHpdsspNydDCsYbTEdNpEXi5K7qwVG4,26,main
2026-10-02T23:30:42.801720Z,0xde896023a67696cd7fb257e3273e413209bab7b9c185aa85fd9c673f312a1b9c,FjcXArDzUrBTJ1Lv6Yc8n9atjkNYaxKosVjn6VSxZTrK,So11111111111111111111111111111111111111112,DezXAZ8z7PnrnRJjz3wXBoRgixCa6xjnB7YaB1pPB263,wSOL,Bonk,buy,3670326,12000000000,0,0,expired,Winner too late: creation blockhash expired,,,,2,main
2026-10-02T23:30:44.761418Z,0x03a50567be8de4c202f53a0493ae20dc6f17482beee382868b6c80029bf0eec3,AQHstwk1uwAEnz8JE41HEbbD1EaPBjBwtid2qbo1Q3KD,So11111111111111111111111111111111111111112,EPjFWdd5AufqSSqeM2qN1xzybapC8G4wEGGkZwyTDt1v,wSOL,USDC,buy,3754521,442301,3739496,442301,fulfilled,Executed,rosato,56,54NRuAYCC1oVhcAQbzPpbdkiJH3rBjmtEATchzcKDuXioZMfaXfCXv5o8VMUpox8RJBfKHf4qfLUc2idUQSH1wME,24,acquire
2026-10-02T23:30:45.979982Z,0x885007e495d1dd334ecec1e1d391943abcad3cb2ef041fa2c75f85621669a119,AM6Qwi3vwMCGpRbJ55zDatByeAtsbcfXvXBh77be8C9T,So11111111111111111111111111111111111111112,EPjFWdd5AufqSSqeM2qN1xzybapC8G4wEGGkZwyTDt1v,wSOL,USDC,sell,3600000,424156,0,0,expired,Winner too late: creation blockhash expired,,,,27,main
2026-10-02T23:30:46.174997Z,0x61b74dd841fe406516cf846755d9cb2452d3d5c85f673124f8d030e912624e26,CaMSDEBp5zy2QxSYqDxqbk28qxFwzLXiNdFJiv9TKqhU,So11111111111111111111111111111111111111112,Es9vMFrzaCERmJfrF4H2FYD4KCoNkY11McCe8BenwNYB,wSOL,USDT,sell,3600000,424146,3600000,425936,fulfilled,Executed,fractal,22,h5e9tLpXzw2yfX2W4Ri4LKw2BnsgfpCDQeiG68NqUw2QDzqSGCFnSmuEtWN1uaFo3fHS3gBUdWJ54paLQKsVT2h,28,main
2026-10-02T23:30:47.415786Z,0x95d7313c4045f4757a4225bfc020d8a3cc02df6e1a9aaac99d00f0b9c2fa69ef,DoD7Kb5bE6Jr7Eq2JTdYwfLn7718RzpYxKyQen2rxiBQ,So11111111111111111111111111111111111111112,EPjFWdd5AufqSSqeM2qN1xzybapC8G4wEGGkZwyTDt1v,wSOL,USDC,sell,4930000,580731,4930000,583489,fulfilled,Executed,fractal,9,2SpagwhsRHpqWMMB2zbnNJzoENY6Ej3x25frVH6CCwCNVzjUYSNxUZBSdUnvxbkSqwXCAbCDATwoRyYVGvp6zruC,30,main
2026-10-02T23:30:49.300033Z,0xc8613056914a977aa7d1df7d93d53a075b580ee33f0b2685b44857feebd948d0,CagkCmsroJWAiUWrigym7vR9wGYV5aKWanTGu3ZARKqD,So11111111111111111111111111111111111111112,Es9vMFrzaCERmJfrF4H2FYD4KCoNkY11McCe8BenwNYB,wSOL,USDT,sell,3600000,424129,3600000,425948,fulfilled,Executed,fractal,8,2dMPJAfZKHaYQEceJRMma1DDezvduAH96N9BoyvTQjMyxawBG225fj1CXZkmw4UfwedPfAKXHgXL3cVtJcvfEGTz,32,main
2026-10-02T23:30:50.421230Z,0xf357ed1590b8c8065ee3757f8ef523e330907bda1de7402378c47811cd047154,HoWtt82mr4wqKqMDy4jFDRs1C9kt3kY6KtXH3i83fyn5,So11111111111111111111111111111111111111112,EPjFWdd5AufqSSqeM2qN1xzybapC8G4wEGGkZwyTDt1v,wSOL,USDC,sell,3600000,424048,3600000,425960,fulfilled,Executed,fractal,36,4gmmAhgjzLZU58He3UdWcUfRFaxfBxCwd7J6yZ8h6fFrHoVfa6jzYV6Y4CjTwxTAu95vpYJv34MWNhHxjQAKz2Zu,14,main
2026-10-02T23:30:52.549135Z,0xa345d3850c369f223a55c2182dd4f29359610cbe9b7fa9b930d7e7cce27af1ed,EDimKwHuMtcwxxbAfQPT3EaH9CPpyTLARxLRRwiZV26v,So11111111111111111111111111111111111111112,EPjFWdd5AufqSSqeM2qN1xzybapC8G4wEGGkZwyTDt1v,wSOL,USDC,sell,3600000,424045,0,0,expired,Winner too late: creation blockhash expired,,,,6,main
2026-10-02T23:30:55.757331Z,0x0db92f9b1f81e459a097ea98899386212a73b664612f5c36d4048813a4d77d2d,EGXsUdM4HLc983jD276LHz87k5zBZSJrJc137qcokK8D,So11111111111111111111111111111111111111112,6p6xgHyF7AeE6TZkSmFsko444wqoP15icUSqi2jfGiPN,wSOL,TRUMP,buy,3664548,206000,3646135,206000,fulfilled,Executed,jupiter-solve,47,25PfQ2HhyyjJwm588JGy24Bs6T5WmXLo2hp81SdYwRU2qUzGt99sEeGKKKoagR2tYPjZCdob8r5zNqQoKSnSuCwo,33,main
2026-10-02T23:30:58.107069Z,0x2d0751e78ac9a828ae77d8a384b5b92e7afa8e3cf5921464d1943068f2f47ee1,7RqUGHCV2tngEBctNc8o58nPDy6AsYzsUHAW2JgA2XX9,So11111111111111111111111111111111111111112,DezXAZ8z7PnrnRJjz3wXBoRgixCa6xjnB7YaB1pPB263,wSOL,Bonk,buy,3671813,12000000000,3654040,12000000000,fulfilled,Executed,jupiter-solve,20,2JfRB7KNJ2e2RjBAK3XCvaQKnRhWtvJRjfNTAf8MPDTBMbq8T3t17KN8cePWKCwKQtsXr3jDZwBEZuUgJQhwhAbs,7,main
2026-10-02T23:30:59.128266Z,0xdb83dc9da91f023f5cde8a483f2efa5dcf1b4c5e0bf2265501bd8bc0b5a76629,GcY8jk3HeHLDmdPa8wRVnHkn8f77frWdZxRWr6rrdyus,So11111111111111111111111111111111111111112,6p6xgHyF7AeE6TZkSmFsko444wqoP15icUSqi2jfGiPN,wSOL,TRUMP,buy,3664548,206000,0,0,expired,Winner too late: creation blockhash expired,,,,8,main
2026-10-02T23:31:02.299222Z,0x75d6abfd3d96581f09094ba37a0a311e648e655c3ecd415a82a8726cf37c9da7,GikSpMABHu6MJERkF3N9GMmwPXfEBxABjChVkK1W9ji4,So11111111111111111111111111111111111111112,6p6xgHyF7AeE6TZkSmFsko444wqoP15icUSqi2jfGiPN,wSOL,TRUMP,buy,3664548,206000,0,0,expired,Winner too late: creation blockhash expired,,,,10,main
2026-10-02T23:31:05.595098Z,0x151dd83e4d1a2809b60329125ccba0a7f11423985d0d4994382b07fbe4b51fee,2kV12Qsin6Wfxr2Pr6M8bqUbjqMppw4gpqAbV18TiFfJ,EPjFWdd5AufqSSqeM2qN1xzybapC8G4wEGGkZwyTDt1v,4k3Dyjzvzp8eMZWUXbBCjEvwSkkk59S5iCNLY3QrkX6R,USDC,RAY,buy,437049,225000,434903,225000,fulfilled,Executed,jupiter-solve,10,5JaSt3dzCjTSj9RB1FbXzJyEaRnostsh3JNFggd52hRzmNGhLv9TMLfVLmK2abHJZ4PjJdZiV7TSbkQQyYEUMnTf,5,main
2026-10-02T23:31:08.246098Z,0x7f5036f8dcf04b385de49a5f58e61fd080d189a2fc159ee794173d8975094ef8,DoD7Kb5bE6Jr7Eq2JTdYwfLn7718RzpYxKyQen2rxiBQ,EPjFWdd5AufqSSqeM2qN1xzybapC8G4wEGGkZwyTDt1v,11111111111111111111111111111111,USDC,SOL (native),sell,478000,4010009,478000,4027856,fulfilled,Executed,fractal,12,5UEhUNdL5TtXds6ujjLNYdM8FKAy5YAF3i767gyBve6AV3AYp2mrTVa9gfDJZqRuWAj3rxnqts6ysh8rmTeqkbNj,40,main
2026-10-02T23:31:09.038678Z,0xe3c70957dcabe89dd625dceb2b3e603d8e460ba38ab3ccd4b3ad96a7d98d7058,BPmy52DKPodqoSUirZUBedULujAZr6s778i4hc153r1X,So11111111111111111111111111111111111111112,EPjFWdd5AufqSSqeM2qN1xzybapC8G4wEGGkZwyTDt1v,wSOL,USDC,buy,3655069,430479,0,0,expired,Winner too late: creation blockhash expired,,,,13,acquire
2026-10-02T23:31:10.371845Z,0xbc6bd17c802764519bb101776e75299668849a67e0e963f52b41b6da67b57a1b,4p3tgZxpw2gKnJnVwQ4Ah3av47HywcXfFaXTFGNU2aTT,So11111111111111111111111111111111111111112,7GCihgDB8fe6KNjn2MYtkzZcRjQy3t9GHdC8uHYmW2hr,wSOL,POPCAT,buy,3667805,8150000000,0,0,expired,Winner too late: creation blockhash expired,,,,15,main
2026-10-02T23:31:11.520489Z,0x14def430de7bb67519ebe605f4b467fd54161369f53dd9237ffc4c4521cd1e60,94bjVVSp8jgvP4ivAW3wFomkRpeE3xBouyCWErsR1ANz,So11111111111111111111111111111111111111112,DezXAZ8z7PnrnRJjz3wXBoRgixCa6xjnB7YaB1pPB263,wSOL,Bonk,buy,3672310,12000000000,0,0,expired,Winner too late: creation blockhash expired,,,,16,main
2026-10-02T23:31:13.466283Z,0x09c97ee1f45a73a2c8a083d35563a3027bb6bf172062d93960a0958636aecfd4,9XSrZ8RkSZ3WDoGkrgWHrmMhixsoWZTLnPxBtQNWNK9c,So11111111111111111111111111111111111111112,EPjFWdd5AufqSSqeM2qN1xzybapC8G4wEGGkZwyTDt1v,wSOL,USDC,buy,3628167,427317,0,0,expired,Winner too late: creation blockhash expired,,,,17,acquire
2026-10-02T23:31:23.465447Z,0xe50a221b94bc287195a904f432faab7d96fb0ee45db355460c2c177cb2831bbf,BsXAAY6SvTyWYjwKCa5SUs1kDBK6n7ia7qvRPVj5dFgz,So11111111111111111111111111111111111111112,6p6xgHyF7AeE6TZkSmFsko444wqoP15icUSqi2jfGiPN,wSOL,TRUMP,buy,3664548,206000,0,0,expired,Winner too late: creation blockhash expired,,,,22,main
2026-10-02T23:31:25.823834Z,0x65052c0b7fa6a2eca08dea8681e228baf02d2520dd660ec717a02a0d9d5438bb,AQtmpjmjjZTzzs5W2Ld4gPteDe1teLKMpwj3v5GAv7ef,EPjFWdd5AufqSSqeM2qN1xzybapC8G4wEGGkZwyTDt1v,jtojtomepa8beP8AuQc6eXt5FriJwfFMwQx2v2f9mCL,USDC,JTO,buy,432741,835000000,430778,835000000,fulfilled,Executed,jupiter-solve,76,5bHSV161S9t4oi51EEGN7qryZ5r6ctfnh5i31uCgpkYd4MGo3AWeydRgVzjP1QE33yBDAFVxtWJWYVumDsuUNVAK,12,main
2026-10-02T23:31:26.651579Z,0x9e244934e38edaaa4d5615b5cb267334cf6a003fedb8c4bfbcb8f2237bbc252e,2kV12Qsin6Wfxr2Pr6M8bqUbjqMppw4gpqAbV18TiFfJ,So11111111111111111111111111111111111111112,EPjFWdd5AufqSSqeM2qN1xzybapC8G4wEGGkZwyTDt1v,wSOL,USDC,buy,3654442,430539,0,0,expired,Winner too late: creation blockhash expired,,,,18,acquire
2026-10-02T23:31:27.958956Z,0xe4bcf55d00253f6eceed22402b97eafe3496c69434176f7a11436294326af018,CagkCmsroJWAiUWrigym7vR9wGYV5aKWanTGu3ZARKqD,Es9vMFrzaCERmJfrF4H2FYD4KCoNkY11McCe8BenwNYB,11111111111111111111111111111111,USDT,SOL (native),sell,908000,7615839,908000,7653435,fulfilled,Executed,fractal,11,yU4uTjmFMvSyd7vMj3Xp9mgJVqyTFghxqKaBrJ2oFurc5dpHRTohD9inr99pobfd915gqEBk79j6P6kgAfmkA4R,47,main
2026-10-02T23:31:29.057697Z,0xfea11f89ec8558a60ebc4864fa6ffe26bb3d047a14a0251f4a2af79bc939095c,7RqUGHCV2tngEBctNc8o58nPDy6AsYzsUHAW2JgA2XX9,So11111111111111111111111111111111111111112,DezXAZ8z7PnrnRJjz3wXBoRgixCa6xjnB7YaB1pPB263,wSOL,Bonk,buy,3672387,12000000000,0,0,expired,Winner too late: creation blockhash expired,,,,25,main
2026-10-02T23:31:31.206108Z,0xc0646e36f044a56ff616e7a495875c65991fa3d9e2f16faf34cc3d2f476bb83d,AM6Qwi3vwMCGpRbJ55zDatByeAtsbcfXvXBh77be8C9T,So11111111111111111111111111111111111111112,EPjFWdd5AufqSSqeM2qN1xzybapC8G4wEGGkZwyTDt1v,wSOL,USDC,sell,3600000,424133,0,0,expired,Winner too late: creation blockhash expired,,,,27,main
2026-10-02T23:31:33.366707Z,0x284ff5c36a767eaeb9bda428bd7f8e347f9ddace9adeb84877f8d30d98cd0b3a,HoWtt82mr4wqKqMDy4jFDRs1C9kt3kY6KtXH3i83fyn5,So11111111111111111111111111111111111111112,Es9vMFrzaCERmJfrF4H2FYD4KCoNkY11McCe8BenwNYB,wSOL,USDT,sell,3600000,424225,3600000,426330,fulfilled,Executed,jupiter-solve,12,WueR5vDm9siv1xkF47oPou7J9pVaNV3Ac6Fx9iWDLyDV6AcUCxJEvFXk4CUnbx5zNn6iJiRUuDcoSottH5DQGoi,29,main
2026-10-02T23:31:34.365587Z,0x38b30fc8c1b2dcb6222f88bd3aed9b54c22d1ffc0e4b0241ac7f9b026f68e61d,FjcXArDzUrBTJ1Lv6Yc8n9atjkNYaxKosVjn6VSxZTrK,So11111111111111111111111111111111111111112,7GCihgDB8fe6KNjn2MYtkzZcRjQy3t9GHdC8uHYmW2hr,wSOL,POPCAT,buy,3666937,8150000000,3649273,8150000000,fulfilled,Executed,jupiter-solve,11,GwiX9BEZJi5qMpZAokFGD6xyg3ePPXYAXSoZwk1d2hWYtJaMBKd4UkRTz5aCA61WE6eMgdfErpYR8PvjFMvA2Ez,50,main
2026-10-02T23:31:38.682675Z,0xce0757573d8b1b3cfcf19f18e284d42eeb5b344c72c2dbb388d409da82f17dcd,DoD7Kb5bE6Jr7Eq2JTdYwfLn7718RzpYxKyQen2rxiBQ,So11111111111111111111111111111111111111112,Es9vMFrzaCERmJfrF4H2FYD4KCoNkY11McCe8BenwNYB,wSOL,USDT,sell,3600000,424220,0,0,expired,Winner too late: creation blockhash expired,,,,51,main
2026-10-02T23:31:44.577053Z,0x13ccc638c0cb7f84041ecf1d340606754b2f5d98c33aa3b3d60fb8e9e0db574c,AQHstwk1uwAEnz8JE41HEbbD1EaPBjBwtid2qbo1Q3KD,EPjFWdd5AufqSSqeM2qN1xzybapC8G4wEGGkZwyTDt1v,mSoLzYCxHdYgdzU16g5QSh3i5K3z3KZK7ytfqcJm7So,USDC,mSOL,buy,429527,2560000,427447,2560000,fulfilled,Executed,jupiter-solve,28,3s14m1M9PNPWvHyTf47GX63fk8xvCRVYFvFzkwUUZxJ6j8A5C7YDiNWo6LYtdtT8WLyBAFUEuC8yhLFh8moBng3w,24,main
2026-10-02T23:31:46.573299Z,0x2c9d1024935c3aa5bfc5cdc2002ca296eec18c1492126b108ab35235b687cd69,EDimKwHuMtcwxxbAfQPT3EaH9CPpyTLARxLRRwiZV26v,So11111111111111111111111111111111111111112,EPjFWdd5AufqSSqeM2qN1xzybapC8G4wEGGkZwyTDt1v,wSOL,USDC,buy,3268115,385000,0,0,expired,Winner too late: creation blockhash expired,,,,55,acquire
2026-10-02T23:31:48.323977Z,0xf73d6e0c3289e5fc03ae60d91115f4d381a003f832d0c7764b479d90e1b7f97e,GcY8jk3HeHLDmdPa8wRVnHkn8f77frWdZxRWr6rrdyus,So11111111111111111111111111111111111111112,6p6xgHyF7AeE6TZkSmFsko444wqoP15icUSqi2jfGiPN,wSOL,TRUMP,buy,3237453,182000,0,0,expired,Expired without a fill,,,,54,acquire
2026-10-02T23:31:49.716996Z,0x1ed678bf8061cda1cee29b64d32c50e5eef50d3c98473cfe4e0eac03bb6217cb,HoWtt82mr4wqKqMDy4jFDRs1C9kt3kY6KtXH3i83fyn5,So11111111111111111111111111111111111111112,EPjFWdd5AufqSSqeM2qN1xzybapC8G4wEGGkZwyTDt1v,wSOL,USDC,sell,4370000,514834,4370000,517226,fulfilled,Executed,fractal,6,4WYBFoxWsYk65KjCXxUVTiB8Ft6jjgsGUuPXuF6yd8CCfCcoZQkykJYMBRLVF6kay1sSjP6Bm8mw1BUobP2HHcR7,39,main
2026-10-02T23:31:50.739149Z,0x0d92a37b3a0a005604ae43ecb77cc47b7dc3bb2a86da59b824dab6be7914cc65,GikSpMABHu6MJERkF3N9GMmwPXfEBxABjChVkK1W9ji4,So11111111111111111111111111111111111111112,6p6xgHyF7AeE6TZkSmFsko444wqoP15icUSqi2jfGiPN,wSOL,TRUMP,buy,2525924,142000,2512071,142000,fulfilled,Executed,jupiter-solve,51,3yXdNPNh52RToxqpenkpWuiz823XpbgdaW7s3MxfcSUTrF8Q5o8MaTqV93utWZmRprtw4d76VKLbq3j42BK5HRak,35,acquire
2026-10-02T23:31:55.220570Z,0xb5405c1f77c04429ec3db32a24140c34fa52a6fcb0e7c27fc5b16e6c74866e76,BPmy52DKPodqoSUirZUBedULujAZr6s778i4hc153r1X,So11111111111111111111111111111111111111112,EPjFWdd5AufqSSqeM2qN1xzybapC8G4wEGGkZwyTDt1v,wSOL,USDC,buy,3624500,426995,0,0,expired,Winner too late: creation blockhash expired,,,,34,acquire
2026-10-02T23:32:02.081509Z,0x28d29d230d6ed08b790f8a7f2918cb2d5ca54fcb80794fd08b4adbf30ee28db0,9XSrZ8RkSZ3WDoGkrgWHrmMhixsoWZTLnPxBtQNWNK9c,So11111111111111111111111111111111111111112,EPjFWdd5AufqSSqeM2qN1xzybapC8G4wEGGkZwyTDt1v,wSOL,USDC,buy,3695432,435402,3682048,435402,fulfilled,Executed,rosato,114,25XC44A29Toe4JavokB3jy7mhM9JFhGnduj4JuRL7FNpf7ttwmcBqg9kigwGa5wCPbRSSpiB9WBBtxLVyp7M86x7,58,acquire
2026-10-02T23:32:02.922838Z,0x6eceff53cb1737eaf64ceda63726695c995d00b0df4a4ded4ba0152eaca50e40,HoWtt82mr4wqKqMDy4jFDRs1C9kt3kY6KtXH3i83fyn5,So11111111111111111111111111111111111111112,Es9vMFrzaCERmJfrF4H2FYD4KCoNkY11McCe8BenwNYB,wSOL,USDT,sell,3600000,424265,3600000,426358,fulfilled,Executed,jupiter-solve,11,2ZfbrUc8R7RVZQn16Ft1yhj41UDTEe4aWtPDnV7rs1Z8qZXeHYPBrnMymtmaerprg8X3fpwuGkytZbgNLjk2UgLH,53,main
2026-10-02T23:32:09.719321Z,0xa9287f28f25687786aac034ebed3e3c0f2ce0f2d90eebedd0643e2ed4a7dc8c9,BsXAAY6SvTyWYjwKCa5SUs1kDBK6n7ia7qvRPVj5dFgz,So11111111111111111111111111111111111111112,6p6xgHyF7AeE6TZkSmFsko444wqoP15icUSqi2jfGiPN,wSOL,TRUMP,buy,3663999,206000,0,0,expired,Winner too late: creation blockhash expired,,,,36,main
2026-10-02T23:32:12.060239Z,0xe5df8240e09c344d81d3d1c13a5c0cde3981208993ff9c0db5c114b915777af2,3FHY6qZALHavE387YcUMyqFYdYCiR5PbLSxdQBpwR6JK,So11111111111111111111111111111111111111112,EPjFWdd5AufqSSqeM2qN1xzybapC8G4wEGGkZwyTDt1v,wSOL,USDC,buy,3626463,427247,0,0,expired,Expired without a fill,,,,3,acquire
2026-10-02T23:32:14.088885Z,0xc0379e99fb1cfef408a537ec7bf40f947d7dc3fab1aa63169c0e2775ee8128f1,2kV12Qsin6Wfxr2Pr6M8bqUbjqMppw4gpqAbV18TiFfJ,So11111111111111111111111111111111111111112,EPjFWdd5AufqSSqeM2qN1xzybapC8G4wEGGkZwyTDt1v,wSOL,USDC,buy,3654612,430539,0,0,expired,Winner too late: creation blockhash expired,,,,18,acquire
2026-10-02T23:32:16.145762Z,0x87b975f80782c465799d2c770140d890ad85aa46fb05778d7becdf52bafbc1f9,7RqUGHCV2tngEBctNc8o58nPDy6AsYzsUHAW2JgA2XX9,So11111111111111111111111111111111111111112,DezXAZ8z7PnrnRJjz3wXBoRgixCa6xjnB7YaB1pPB263,wSOL,Bonk,buy,3668186,12000000000,3647037,12000000000,fulfilled,Executed,jupiter-solve,26,QH21dPhWSHWneGnnoBZDycQzX1c5ZLdDguC1nHUJeyCtcJzTsPonjEmed1zkJPUbbZPHBgcKYwCQfKWRQbtupqw,25,main
2026-10-02T23:32:18.492091Z,0x137ed07af476e018f30c5162c0f94d1f4a1a17232e53ffc1f7951140438ef690,HoWtt82mr4wqKqMDy4jFDRs1C9kt3kY6KtXH3i83fyn5,So11111111111111111111111111111111111111112,Es9vMFrzaCERmJfrF4H2FYD4KCoNkY11McCe8BenwNYB,wSOL,USDT,sell,3770000,444233,3770000,446333,fulfilled,Executed,fractal,18,UpsWK19GzzzYbNyBh1h6wBK5wRxE5mbZJbPCoWis2DwvkB7s2ZTVuAhkFJSsJXKW7MdfDVFeoMKJXXZB8ZK8dE7,62,main
2026-10-02T23:32:19.810526Z,0x1b8fda6d395d183e00d77e3e314df33002536418f516eea929ef2cc9ba728e83,91V7pVaQyARieyPXcNpxQZdqk5KoH7P1vgg2YHNBfSti,EPjFWdd5AufqSSqeM2qN1xzybapC8G4wEGGkZwyTDt1v,J1toso1uCk3RLmjorhTtrVwY9HJ7X8V9yYac6Y7kGCPn,USDC,JitoSOL,buy,428955,2760000,426805,2760000,fulfilled,Executed,jupiter-solve,50,3NimXaQsRkfvmHStXzCrFQ6eeoLZQaMCK3QTAvDyVoZwzB8NmN5N8suFWozVPQYt8AXzSMKGX56mmgMVYYcn7dTs,9,main
2026-10-02T23:32:20.799494Z,0x7e242c2d479382e15943175c46929a78c70eb52923e6a9bc6d2b25ae15fe0276,AM6Qwi3vwMCGpRbJ55zDatByeAtsbcfXvXBh77be8C9T,So11111111111111111111111111111111111111112,EPjFWdd5AufqSSqeM2qN1xzybapC8G4wEGGkZwyTDt1v,wSOL,USDC,sell,3600000,424149,3600000,426076,fulfilled,Executed,fractal,21,V3esvJpt8ppjWmQLY6D71mGWxWaWq2d4SHiRuVFezfvsu2sYsKkrRJR6KWhGVYqqVgjgDHWavyEUSZms1KbBCRT,38,main
2026-10-02T23:32:21.816770Z,0x662361cc75e90f5a54f775245b8fe02f405d349b3dd233d1056d6be5035f60cf,AQHstwk1uwAEnz8JE41HEbbD1EaPBjBwtid2qbo1Q3KD,mSoLzYCxHdYgdzU16g5QSh3i5K3z3KZK7ytfqcJm7So,jtojtomepa8beP8AuQc6eXt5FriJwfFMwQx2v2f9mCL,mSOL,JTO,sell,2150000,691821431,2150000,693902064,fulfilled,Executed,fractal,9,2aAjGwKCvUvmZd6iognYLwrujucnDcs4SXimgUN2TdxBWMgwt5q7zSLAfFbLte3JELDAXt5U3yf4vxW7zf9KBFe,49,main
2026-10-02T23:32:25.031666Z,0xdabb355802ca2d475f1f683ce85324c18319b67839ebf7522674885bfc9c8bfa,DoD7Kb5bE6Jr7Eq2JTdYwfLn7718RzpYxKyQen2rxiBQ,So11111111111111111111111111111111111111112,Es9vMFrzaCERmJfrF4H2FYD4KCoNkY11McCe8BenwNYB,wSOL,USDT,sell,3600000,424130,0,0,expired,Winner too late: creation blockhash expired,,,,51,main
2026-10-02T23:32:27.089418Z,0x1cd0a055d6727f8ae43c31365f2a9672f10fc74963cf7cff04d0901ac47fd0b8,CagkCmsroJWAiUWrigym7vR9wGYV5aKWanTGu3ZARKqD,So11111111111111111111111111111111111111112,Es9vMFrzaCERmJfrF4H2FYD4KCoNkY11McCe8BenwNYB,wSOL,USDT,sell,3600000,424152,3600000,426424,fulfilled,Executed,jupiter-solve,15,273cMSLRPEycUeSBp8rx9SWssaNtXYLmmJJtDCnVoobyKzEDG8wuzy7Mi2RWyD6inACN2PEHWYNuvhgL6FJXSf2H,68,main
2026-10-02T23:32:29.816515Z,0x49be5011b772808d9a3c064ca82ccbb4266113b21d742ad29b97e18b1c0c084f,HTsxGEXBSe8rdUJjtW7e4v4YChNXTVmLQXuqBvvQtJuF,So11111111111111111111111111111111111111112,7GCihgDB8fe6KNjn2MYtkzZcRjQy3t9GHdC8uHYmW2hr,wSOL,POPCAT,buy,3666814,8150000000,0,0,expired,Expired without a fill,,,,11,main
2026-10-02T23:32:30.384731Z,0xc8b823776ff0ef4747a118f5b06cdf7bbab4beaa7079b08d158c113c59b41ff2,EDimKwHuMtcwxxbAfQPT3EaH9CPpyTLARxLRRwiZV26v,So11111111111111111111111111111111111111112,EPjFWdd5AufqSSqeM2qN1xzybapC8G4wEGGkZwyTDt1v,wSOL,USDC,buy,3268664,385000,0,0,expired,Winner too late: creation blockhash expired,,,,55,acquire
2026-10-02T23:32:36.966221Z,0x31edda422dd2d37fc15fad13289f0ed0728ef64004ce1233851d804b2f4362f0,EGXsUdM4HLc983jD276LHz87k5zBZSJrJc137qcokK8D,So11111111111111111111111111111111111111112,DezXAZ8z7PnrnRJjz3wXBoRgixCa6xjnB7YaB1pPB263,wSOL,Bonk,buy,3665272,12000000000,0,0,expired,Winner too late: creation blockhash expired,,,,70,main
2026-10-02T23:32:38.444795Z,0xb6504dbbba93940e81476f52d22cb3011c205351ecfe2d567a27c41e6a3095e7,FjcXArDzUrBTJ1Lv6Yc8n9atjkNYaxKosVjn6VSxZTrK,7GCihgDB8fe6KNjn2MYtkzZcRjQy3t9GHdC8uHYmW2hr,11111111111111111111111111111111,POPCAT,SOL (native),sell,7740000000,3437194,7740000000,3442506,fulfilled,Executed,fractal,10,62Rf9XtApt6HC3uW9HZJekvwbuZBBuJiQu5oBkfUPtbifWrdYmTV79Zq81iZXZAYBAP4NKpyUYUbyYueK6xNoZeA,71,main
2026-10-02T23:32:39.166399Z,0x2961b587da1ef944b08101e73ef38908c36bfbf9368c06bf5572d64af8521e8d,AQHstwk1uwAEnz8JE41HEbbD1EaPBjBwtid2qbo1Q3KD,So11111111111111111111111111111111111111112,EPjFWdd5AufqSSqeM2qN1xzybapC8G4wEGGkZwyTDt1v,wSOL,USDC,buy,3696151,435527,0,0,expired,Winner too late: creation blockhash expired,,,,57,acquire
2026-10-02T23:32:41.490562Z,0x0db00a3d1cf68f8295e7702a0ecdcd152b77c1de11011b092d2fb047a7a6d139,BPmy52DKPodqoSUirZUBedULujAZr6s778i4hc153r1X,So11111111111111111111111111111111111111112,EPjFWdd5AufqSSqeM2qN1xzybapC8G4wEGGkZwyTDt1v,wSOL,USDC,buy,3623805,426995,3610108,426995,fulfilled,Executed,rosato,34,4joh3CvNy7mao1Md4f5X9irjCpscprcYZmneUiyc1HsMZgkhze9RpWGvZQsvBH2wExAjVzAE9bGE4aabShpEUufs,34,acquire
2026-10-02T23:32:42.489227Z,0xb3596eb550b289568135b7295837a8035076a032b49814707afe07ed2230a516,CaMSDEBp5zy2QxSYqDxqbk28qxFwzLXiNdFJiv9TKqhU,So11111111111111111111111111111111111111112,Es9vMFrzaCERmJfrF4H2FYD4KCoNkY11McCe8BenwNYB,wSOL,USDT,sell,4470000,526820,4470000,529252,fulfilled,Executed,fractal,11,2G6xkJuEXWSD7Xogu9h6FVaV9jNTrEi6v4q7vpovFj3ZBDBGwsUVN1sXENTLnQ7dqqxShSxzQmPuH21CiuPbdPc9,73,main
2026-10-02T23:32:45.857359Z,0x131b4573f82d356069ae39a5cdc0973770d6ae4805f26f9d33c1a2042c4b47f0,AQtmpjmjjZTzzs5W2Ld4gPteDe1teLKMpwj3v5GAv7ef,jtojtomepa8beP8AuQc6eXt5FriJwfFMwQx2v2f9mCL,4k3Dyjzvzp8eMZWUXbBCjEvwSkkk59S5iCNLY3QrkX6R,JTO,RAY,sell,798000000,211494,798000000,211742,fulfilled,Executed,fractal,34,3UEEwtFXrvcnDbQivsurCwaPf88utWN4vte5akwXtBYkojjBG4tsNtEFyLRdnnFznVUyWW4sdj8PSY1F5JTqKvw3,31,main
2026-10-02T23:32:47.333424Z,0x2e0751788029a08fee0b10783ac929765533d21944a2a31f52ba1ccafa222506,AM6Qwi3vwMCGpRbJ55zDatByeAtsbcfXvXBh77be8C9T,So11111111111111111111111111111111111111112,EPjFWdd5AufqSSqeM2qN1xzybapC8G4wEGGkZwyTDt1v,wSOL,USDC,buy,1832486,215924,0,0,expired,Winner too late: creation blockhash expired,,,,46,acquire
2026-10-02T23:32:49.166349Z,0xa0287ae1f219fea710410e74b34ae8060eaebd6282eb8d3d663590e19f4ce2b5,GikSpMABHu6MJERkF3N9GMmwPXfEBxABjChVkK1W9ji4,6p6xgHyF7AeE6TZkSmFsko444wqoP15icUSqi2jfGiPN,11111111111111111111111111111111,TRUMP,SOL (native),sell,174000,3058362,174000,3067483,fulfilled,Executed,fractal,10,4xXbBjF7Ynvc1XCmEiUCCHZkRi4mqXZhrBMNdc3wWhYqz8KFMxbyMAAskNDVUYpDNemHW53oRQ5niJmEdFkdD9nx,35,main
2026-10-02T23:32:50.262525Z,0x1054f5a3116823fc11e43f023b1b5773a5942ce5f69f38e91678a1e8434bc227,BQAD73uj3XftKnCB5ZB7P67b7AvEdfLefYbLiipch5oC,So11111111111111111111111111111111111111112,EPjFWdd5AufqSSqeM2qN1xzybapC8G4wEGGkZwyTDt1v,wSOL,USDC,buy,3819536,450087,3801283,450087,fulfilled,Executed,jupiter-solve,20,JS7BKsopUZsRr28gQo7PTEPobtUAZJCxoSTEWu6Q6m9XR95Rne4VSj5P4GQFFvvDEtbfkR7LFRNYsSD7vHjiLqp,23,acquire
2026-10-02T23:32:51.508562Z,0xad9a545945a17d2412c672080e3a77850864971d9e1a6beb6d402e37902ea7fe,HoWtt82mr4wqKqMDy4jFDRs1C9kt3kY6KtXH3i83fyn5,So11111111111111111111111111111111111111112,Es9vMFrzaCERmJfrF4H2FYD4KCoNkY11McCe8BenwNYB,wSOL,USDT,sell,4740000,558625,4740000,561229,fulfilled,Executed,fractal,7,2PMaD9tBezEgQhLFWhGbfZLu9pVDmyrgZQrfpMR9YUT1QomsNVQrYikSmf3fAy16QcqzPAMCNjCkkcmGDvbKL1VY,76,main
2026-10-02T23:32:53.761179Z,0xb706f901fe4a5fc5399297d347eb2b1aefae33b501a1af6482ab3f62c7000fe2,7RqUGHCV2tngEBctNc8o58nPDy6AsYzsUHAW2JgA2XX9,So11111111111111111111111111111111111111112,EKpQGSJtjMFqKZ9KQanSqYXRcF8fBopzLHYxdM65zcjm,wSOL,$WIF,buy,3697460,1750000,0,0,expired,Expired without a fill,,,,56,main
2026-10-02T23:32:55.702993Z,0x0fe4d7efc4a674318ab938f23e3dd36e5385ad4a42bc97323e965098f2346e6c,BsXAAY6SvTyWYjwKCa5SUs1kDBK6n7ia7qvRPVj5dFgz,So11111111111111111111111111111111111111112,6p6xgHyF7AeE6TZkSmFsko444wqoP15icUSqi2jfGiPN,wSOL,TRUMP,buy,3663695,206000,3649110,206000,fulfilled,Executed,rosato,14,3R56Sk3vyCCFTwvze1UP4DdMFJ8SBUSfEM8xZGEHmRTi4Z9rbGAXAfbuZ2u7e4J7d7fuBEPjEeXZxm51WNCyUj4T,36,main
2026-10-02T23:32:58.513829Z,0xb4829db0bac2fa74663bf00ba8ceedc2a7c4e548918e09a092e2ab8f53044807,4p3tgZxpw2gKnJnVwQ4Ah3av47HywcXfFaXTFGNU2aTT,So11111111111111111111111111111111111111112,7GCihgDB8fe6KNjn2MYtkzZcRjQy3t9GHdC8uHYmW2hr,wSOL,POPCAT,buy,3266380,7260000000,3253122,7260000000,fulfilled,Executed,jupiter-solve,67,3PtLn3K9bFU5qDVAvVN4aHmEke3192QJ2L5RSm9fYqi6KADvR1xE3S75ExLQt1G425j8jreevaNdapPZuUFW2SPK,80,acquire
2026-10-02T23:33:00.349904Z,0x79d6d83e62910050cfba847e00fa8da0fa4e76f7c7926e316a9a4315dd7755d1,2kV12Qsin6Wfxr2Pr6M8bqUbjqMppw4gpqAbV18TiFfJ,So11111111111111111111111111111111111111112,jtojtomepa8beP8AuQc6eXt5FriJwfFMwQx2v2f9mCL,wSOL,JTO,buy,3598029,822000000,3581752,822000000,fulfilled,Executed,jupiter-solve,38,3GaUtCZmXJAHRZ181aRDdQ7maPpJR48QRnMUiVRCjQndVHG2actFh4k5XFv7BaWKZrN5fjUk1xnZ1HcRWxpwgYRe,41,acquire
2026-10-02T23:33:02.774961Z,0xe11274a18546cb3454fbc40c2d843e263cf4e3617dc51506316f7148f5c0545b,CaMSDEBp5zy2QxSYqDxqbk28qxFwzLXiNdFJiv9TKqhU,Es9vMFrzaCERmJfrF4H2FYD4KCoNkY11McCe8BenwNYB,11111111111111111111111111111111,USDT,SOL (native),sell,700000,5870104,700000,5899470,fulfilled,Executed,fractal,7,5SgmU8meFENn3K8cDM4Fn28wh8Efdv6jjxZaK7hTmeUdT656184YV8eB4yHemV3SwcSA29AMZba1Q5w7VBpfyAbQ,83,main
2026-10-02T23:33:06.134219Z,0xaebc8bc6d2334d4518f9748f307052e740be4e6fd0e7ad0b3e2dfe17d1b95e72,CcQdkRAXeX7seuZLmiapfpM6CVBndVrsvMe38E4Uypyg,EPjFWdd5AufqSSqeM2qN1xzybapC8G4wEGGkZwyTDt1v,11111111111111111111111111111111,USDC,SOL (native),sell,478000,4009197,478000,4027183,fulfilled,Executed,fractal,9,5cWXqcpjyB6beeLexLQvNVtJQUEvNnwgQS6jPMmuGJa4951qWWfxP3ZwKHgKSEVspXT8ssuf1sju7dKj1G22EBPq,85,main
2026-10-02T23:33:08.238719Z,0x20df954e61db9c0c52af3866b9857434a05cddbd629cfcd58a31adb8bf4e5079,GikSpMABHu6MJERkF3N9GMmwPXfEBxABjChVkK1W9ji4,So11111111111111111111111111111111111111112,7GCihgDB8fe6KNjn2MYtkzZcRjQy3t9GHdC8uHYmW2hr,wSOL,POPCAT,buy,3666814,8150000000,3652221,8150000000,fulfilled,Executed,rosato,29,3xGpX53i8emDyAA2i1HEXVPLV4UDx9xGX97k6SpVSzHEzCMfRK3FgcYVVUNXrhqHiXFpiGt39EQvxBq2Nwi7knP7,44,main
2026-10-02T23:33:11.386508Z,0x0dd5e6d0cb37a3d0b5aa9cab5ed7a254a2a7d509927e69277034d4b7dec282f6,DoD7Kb5bE6Jr7Eq2JTdYwfLn7718RzpYxKyQen2rxiBQ,So11111111111111111111111111111111111111112,Es9vMFrzaCERmJfrF4H2FYD4KCoNkY11McCe8BenwNYB,wSOL,USDT,buy,3386221,399000,3373376,399000,fulfilled,Executed,rosato,38,5brb4eHcRWZtBH75VM937dTxaCc3KM51u1W2L8i1gpXDM4oLSyKUcgrG1D3UjCkDio2PUPtyY5bPFMS7pAYG3rMy,84,acquire
2026-10-02T23:33:16.733923Z,0x7f7e5298f13dcc70f90129fdf4dab5b0344ecd610388792d2b527eac4d961feb,BQAD73uj3XftKnCB5ZB7P67b7AvEdfLefYbLiipch5oC,EPjFWdd5AufqSSqeM2qN1xzybapC8G4wEGGkZwyTDt1v,4k3Dyjzvzp8eMZWUXbBCjEvwSkkk59S5iCNLY3QrkX6R,USDC,RAY,buy,437264,225000,0,0,expired,Winner too late: creation blockhash expired,,,,23,main
2026-10-02T23:33:17.920525Z,0x50bfcd913dfb6b2d3f0be17987a55f2fdd0d8bb93baa6c8e6fc9de6087cc019e,BsXAAY6SvTyWYjwKCa5SUs1kDBK6n7ia7qvRPVj5dFgz,So11111111111111111111111111111111111111112,6p6xgHyF7AeE6TZkSmFsko444wqoP15icUSqi2jfGiPN,wSOL,TRUMP,buy,3663695,206000,3647627,206000,fulfilled,Executed,jupiter-solve,19,4NdH9hCgdVdGiCTEu9cMZwR4YebADKN4yziLA7VnpUihAw16gAHa1W5iyBb1b6E7ShyV3TvsLGkht61REs4mi1m8,72,main
2026-10-02T23:33:19.887639Z,0xefe70e4ff51bbb43f3f54b462d0629b0384399c558b105817cb732a61b9b1bdd,EDimKwHuMtcwxxbAfQPT3EaH9CPpyTLARxLRRwiZV26v,So11111111111111111111111111111111111111112,EPjFWdd5AufqSSqeM2qN1xzybapC8G4wEGGkZwyTDt1v,wSOL,USDC,sell,4450000,524265,0,0,expired,Winner too late: creation blockhash expired,,,,79,main
2026-10-02T23:33:21.080684Z,0xda41ed35a240c7d947bc2021a8aaf198fbcba7ab83d73560a27e6d4fde43d90e,BPmy52DKPodqoSUirZUBedULujAZr6s778i4hc153r1X,EPjFWdd5AufqSSqeM2qN1xzybapC8G4wEGGkZwyTDt1v,J1toso1uCk3RLmjorhTtrVwY9HJ7X8V9yYac6Y7kGCPn,USDC,JitoSOL,buy,428950,2760000,0,0,expired,Winner too late: creation blockhash expired,,,,34,main
2026-10-02T23:33:22.183700Z,0x45b1905d77c10946d758608990f8320d1a486d2b9d1109f42ce1feabf0342847,EGXsUdM4HLc983jD276LHz87k5zBZSJrJc137qcokK8D,So11111111111111111111111111111111111111112,DezXAZ8z7PnrnRJjz3wXBoRgixCa6xjnB7YaB1pPB263,wSOL,Bonk,buy,3665276,12000000000,3649654,12000000000,fulfilled,Executed,jupiter-solve,44,24zuZaYLiphjhvr69tcvtkSt87eg4KWBDJKsjsS4ZTSG2JfXv2A23hsxeKWYoWQsucDczzeUSyqSsJuRRmE7UCMy,70,main
2026-10-02T23:33:26.681443Z,0x42ea9fb620e83535d323858cfab75d7ea8fd6efa8429afc0dff9625411ddbdb8,AQHstwk1uwAEnz8JE41HEbbD1EaPBjBwtid2qbo1Q3KD,So11111111111111111111111111111111111111112,EPjFWdd5AufqSSqeM2qN1xzybapC8G4wEGGkZwyTDt1v,wSOL,USDC,buy,3696542,435527,3679203,435527,fulfilled,Executed,jupiter-solve,11,5upmTM4SgDyMTzo647BDXLQi85D4tEt5F3chEdWgXP2w4my6GEcLQvsnzEsF9mCDR7HQqsaFv2E7NxSAgeveEq5n,57,acquire
2026-10-02T23:33:27.833163Z,0xd104e6b088a2751b661554c637e06c306940eb511d9b2ed08e7c32711983eb84,AQtmpjmjjZTzzs5W2Ld4gPteDe1teLKMpwj3v5GAv7ef,4k3Dyjzvzp8eMZWUXbBCjEvwSkkk59S5iCNLY3QrkX6R,mSoLzYCxHdYgdzU16g5QSh3i5K3z3KZK7ytfqcJm7So,RAY,mSOL,sell,201000,2314731,0,0,expired,Winner too late: creation blockhash expired,,,,48,main
2026-10-02T23:33:32.083044Z,0xd7759770454b1277a1360efcc875a584a76c17d52e2af9afab33b4f53e9cf15e,CDY1rvEes25vx7DZwxp5BRSgAewDQMgwBExfAMEymdMC,So11111111111111111111111111111111111111112,EPjFWdd5AufqSSqeM2qN1xzybapC8G4wEGGkZwyTDt1v,wSOL,USDC,sell,3600000,424136,0,0,expired,Winner too late: creation blockhash expired,,,,93,main
2026-10-02T23:33:33.139065Z,0xfbb73bf82494f9e8ea7e64879845e0b46baf48eeff64c01f5878ac904d2bfd4f,AM6Qwi3vwMCGpRbJ55zDatByeAtsbcfXvXBh77be8C9T,So11111111111111111111111111111111111111112,EPjFWdd5AufqSSqeM2qN1xzybapC8G4wEGGkZwyTDt1v,wSOL,USDC,buy,1832835,215924,0,0,expired,Winner too late: creation blockhash expired,,,,46,acquire
2026-10-02T23:33:34.441162Z,0xd92b108ba45bca99f6d0cfa4965b7269faa3bea7f0a50662eeeeabd4a610cee7,HoWtt82mr4wqKqMDy4jFDRs1C9kt3kY6KtXH3i83fyn5,EPjFWdd5AufqSSqeM2qN1xzybapC8G4wEGGkZwyTDt1v,11111111111111111111111111111111,USDC,SOL (native),sell,1250000,10488034,1250000,10542677,fulfilled,Executed,fractal,10,xUhhneQdcxzpnAP1SqfMohJKj7op4xd7oRBfgmDu4YwV2hWFCSiwoKk72srxCZRtcY2RgneRnU47DBVJvgYrG6S,94,main
2026-10-02T23:33:36.465403Z,0x92d9c611f769aa8f4ec79debae18bc97c8913a6f873c4855d7ba33a8b2f2fbe6,CcQdkRAXeX7seuZLmiapfpM6CVBndVrsvMe38E4Uypyg,So11111111111111111111111111111111111111112,EPjFWdd5AufqSSqeM2qN1xzybapC8G4wEGGkZwyTDt1v,wSOL,USDC,sell,3600000,424048,3600000,425890,fulfilled,Executed,fractal,8,2whxtkxxmET42sbsHabwYcnGmB17nx87AzqM1gjc1mZyTpQU2qocXUVwkKZvHJLHBnaMGUaXUhMC3P384ZnZNLLY,97,main
2026-10-02T23:33:43.201976Z,0x69e57c29cc0a950bd66968f1d4b9b257ae7df0027296d324faf66c6a195a7793,91V7pVaQyARieyPXcNpxQZdqk5KoH7P1vgg2YHNBfSti,J1toso1uCk3RLmjorhTtrVwY9HJ7X8V9yYac6Y7kGCPn,EPjFWdd5AufqSSqeM2qN1xzybapC8G4wEGGkZwyTDt1v,JitoSOL,USDC,sell,2670000,409896,2670000,411507,fulfilled,Executed,fractal,7,61ExTFzCdPku4mHjqksWvgpicGxyRKEWkkGgChFMsGwQMzPb12gdjc6umqJepuSWxSJzSYZHNVK8D2J1feqPn9Yy,100,main
2026-10-02T23:33:44.118406Z,0x98428d69db9f386c8ed65d892715522afd7c8960a9b6bf7f0f0e73ebc016f23e,AQHstwk1uwAEnz8JE41HEbbD1EaPBjBwtid2qbo1Q3KD,EPjFWdd5AufqSSqeM2qN1xzybapC8G4wEGGkZwyTDt1v,4k3Dyjzvzp8eMZWUXbBCjEvwSkkk59S5iCNLY3QrkX6R,USDC,RAY,buy,437314,225000,435270,225000,fulfilled,Executed,jupiter-solve,22,5pfr9fwo3eYdTrs8yRCJvkMrELz7u4j9eVU8m5UtnmTqtPG54suuVZLKjYoqdwpP3H3VRL9FHy5HVqMdmktpoc2b,57,main
2026-10-02T23:33:45.375074Z,0xed52f8a6501414af047311a7983e82a0aff8661e744492145219dd13ed35f54b,CagkCmsroJWAiUWrigym7vR9wGYV5aKWanTGu3ZARKqD,So11111111111111111111111111111111111111112,EPjFWdd5AufqSSqeM2qN1xzybapC8G4wEGGkZwyTDt1v,wSOL,USDC,sell,3600000,424041,0,0,expired,Winner too late: creation blockhash expired,,,,102,main
2026-10-02T23:33:45.630235Z,0x2abe3bbc322d4fd448f6c3bf567fe0428574c15c60b8d247e084bd6af88ed928,2kV12Qsin6Wfxr2Pr6M8bqUbjqMppw4gpqAbV18TiFfJ,jtojtomepa8beP8AuQc6eXt5FriJwfFMwQx2v2f9mCL,6p6xgHyF7AeE6TZkSmFsko444wqoP15icUSqi2jfGiPN,JTO,TRUMP,sell,822000000,201160,822000000,202046,fulfilled,Executed,rosato,10,5z9CyoVT6qEmo53A7tqT7sXAZMVwh1tgpZPJSTwv9M59ZjcFgqzmMAHvZyUEFghmEcB5BfdqhKEoFmqxM5wDrZLG,41,main
2026-10-02T23:33:45.646302Z,0xfb3d484da686c1c4f10e63edcf7dd1a3a1e00a021da7fe52bd7d1833467c32c1,GikSpMABHu6MJERkF3N9GMmwPXfEBxABjChVkK1W9ji4,7GCihgDB8fe6KNjn2MYtkzZcRjQy3t9GHdC8uHYmW2hr,11111111111111111111111111111111,POPCAT,SOL (native),sell,7400000000,3286381,7400000000,3291048,fulfilled,Executed,fractal,9,4pWDgsJnSVm79KSwLSKurvVG2D9LfrRk9g2De7zgkt6nTMccojKCPe3H8usSUVTGQkWfskvK1WvVWL5V1CB3Fztc,63,main
2026-10-02T23:33:46.806821Z,0xa93ae4ca88c2a94d66571679108d80fefebc57e4e81cf6ae0d7467815dddf5d5,BsXAAY6SvTyWYjwKCa5SUs1kDBK6n7ia7qvRPVj5dFgz,So11111111111111111111111111111111111111112,J1toso1uCk3RLmjorhTtrVwY9HJ7X8V9yYac6Y7kGCPn,wSOL,JitoSOL,buy,3618982,2760000,3600978,2760000,fulfilled,Executed,jupiter-solve,19,4yFpvQHStjBUwqSnjU5qhiW9Jyzzo9gfGToVT7X1MdsGiLyWBPwxN2xb9rWujxxjxtRfViSYnTpVELxtwLMr23BA,82,main
2026-10-02T23:33:47.473719Z,0x724d815f277e6cdcc072a5022c69d66d341f224b181ee8e38796b681ea655a1c,CaMSDEBp5zy2QxSYqDxqbk28qxFwzLXiNdFJiv9TKqhU,So11111111111111111111111111111111111111112,Es9vMFrzaCERmJfrF4H2FYD4KCoNkY11McCe8BenwNYB,wSOL,USDT,sell,3600000,424109,3600000,425981,fulfilled,Executed,fractal,8,24RXZkgGkVpaqmjdsJBDcR4PfNBZ8bkSGfauG8emwFjXvJbeaPviuB8MG8VDjvaw31eaWqzJxk1w3wBAgXTHg9t6,103,main
2026-10-02T23:33:52.073116Z,0xed32270ed8ae3fb045396f2f796758ed4bc74652b648235c260c394c7de54182,DoD7Kb5bE6Jr7Eq2JTdYwfLn7718RzpYxKyQen2rxiBQ,Es9vMFrzaCERmJfrF4H2FYD4KCoNkY11McCe8BenwNYB,11111111111111111111111111111111,USDT,SOL (native),sell,399000,3346344,399000,3360586,fulfilled,Executed,fractal,8,5WK4ci5SWrnZnzDphLDdaiu3oQhfDNREdtU7UBBS2bKwq43zwPd4wu7XaVhYpRvGJypUV8bDsPJutrfUXNrv4nzW,84,main
2026-10-02T23:34:00.373077Z,0x6af20f78be5d92889d7f211853a565ba3d7725fab9bfb56fbebb8b4c7760d03b,GcY8jk3HeHLDmdPa8wRVnHkn8f77frWdZxRWr6rrdyus,So11111111111111111111111111111111111111112,6p6xgHyF7AeE6TZkSmFsko444wqoP15icUSqi2jfGiPN,wSOL,TRUMP,buy,3238097,182000,0,0,expired,Expired without a fill,,,,54,acquire
2026-10-02T23:34:00.631355Z,0x0c52e77d4add49057de77ab2c600488ca3c94f447500da7a9a597ca88b8d29e9,9XSrZ8RkSZ3WDoGkrgWHrmMhixsoWZTLnPxBtQNWNK9c,EPjFWdd5AufqSSqeM2qN1xzybapC8G4wEGGkZwyTDt1v,4k3Dyjzvzp8eMZWUXbBCjEvwSkkk59S5iCNLY3QrkX6R,USDC,RAY,buy,437446,225000,436097,225000,fulfilled,Executed,rosato,56,wgv68B8LyowzqwS7xP8tMecPEGDU3fv6bY3tzqS2YrCSLMddfTUeizgi88iKmB4AnJHrts2xK3bbKyUszzRR7PK,58,main
2026-10-02T23:34:02.855388Z,0x56d53eb1a873afee64489c1d2ee4f0f956b6b3f75e044d643288e28847fdd47f,BQAD73uj3XftKnCB5ZB7P67b7AvEdfLefYbLiipch5oC,EPjFWdd5AufqSSqeM2qN1xzybapC8G4wEGGkZwyTDt1v,4k3Dyjzvzp8eMZWUXbBCjEvwSkkk59S5iCNLY3QrkX6R,USDC,RAY,buy,437446,225000,0,0,expired,Winner too late: creation blockhash expired,,,,23,main
2026-10-02T23:34:05.557621Z,0x86e683ef421ba0d38baeae55cbc6bbd853c243065df04eb45c7b4670b2ef5a0d,GikSpMABHu6MJERkF3N9GMmwPXfEBxABjChVkK1W9ji4,So11111111111111111111111111111111111111112,DezXAZ8z7PnrnRJjz3wXBoRgixCa6xjnB7YaB1pPB263,wSOL,Bonk,buy,3667902,12000000000,0,0,expired,Expired without a fill,,,,99,main
2026-10-02T23:34:06.189980Z,0xc86eb7159fd918e9cc004f7d466a1e769db6c0a8891c54d206406550361718e0,EDimKwHuMtcwxxbAfQPT3EaH9CPpyTLARxLRRwiZV26v,So11111111111111111111111111111111111111112,EPjFWdd5AufqSSqeM2qN1xzybapC8G4wEGGkZwyTDt1v,wSOL,USDC,sell,4450000,524135,0,0,expired,Winner too late: creation blockhash expired,,,,79,main
2026-10-02T23:34:07.390097Z,0xa77ecd5a234f35ebbcf6a7b417210b81d4ffe2331833448be1bcdff6599f3b73,BPmy52DKPodqoSUirZUBedULujAZr6s778i4hc153r1X,EPjFWdd5AufqSSqeM2qN1xzybapC8G4wEGGkZwyTDt1v,J1toso1uCk3RLmjorhTtrVwY9HJ7X8V9yYac6Y7kGCPn,USDC,JitoSOL,buy,428881,2760000,0,0,expired,Winner too late: creation blockhash expired,,,,34,main
2026-10-02T23:34:09.974005Z,0x82c9b5c387f2cc9377ae6ca166e8f56a78c6188877c9e1e496bca617383a3824,DoD7Kb5bE6Jr7Eq2JTdYwfLn7718RzpYxKyQen2rxiBQ,So11111111111111111111111111111111111111112,Es9vMFrzaCERmJfrF4H2FYD4KCoNkY11McCe8BenwNYB,wSOL,USDT,sell,3960000,466557,3960000,468567,fulfilled,Executed,fractal,13,2rVspTqgqPs6kk8Q1Q9nEEj2m3SC5grvZ39QSEsrAUgkf7nEVd5dbXhwdNLzXCPd8P5yroDeeAssGh2jvrhsr8x8,91,main
2026-10-02T23:34:11.996170Z,0x12f6f8bd83192bc605d44e8d1d2cd0fbb6f5f315b9855e3a2c722b15b832b48e,EGXsUdM4HLc983jD276LHz87k5zBZSJrJc137qcokK8D,DezXAZ8z7PnrnRJjz3wXBoRgixCa6xjnB7YaB1pPB263,11111111111111111111111111111111,Bonk,SOL (native),sell,17200000000,5194787,17200000000,5218076,fulfilled,Executed,fractal,11,4NWKcc4Tem827az5k2P1Bo3CnS3FrY8dH2KmgKGjTkyPAEUbdj8SmMLF887fwamrtdvsRUp1RHqC8JCe3Hk27Qyu,90,main
2026-10-02T23:34:13.904741Z,0x431a5faaf8294d427a911bc9e681f29f2696bd19e3eb4cdd0c780f75930ebd52,AQtmpjmjjZTzzs5W2Ld4gPteDe1teLKMpwj3v5GAv7ef,4k3Dyjzvzp8eMZWUXbBCjEvwSkkk59S5iCNLY3QrkX6R,mSoLzYCxHdYgdzU16g5QSh3i5K3z3KZK7ytfqcJm7So,RAY,mSOL,sell,201000,2315983,201000,2326207,fulfilled,Executed,fractal,20,44fbCZHFbTN8WWV1U7Mo6hUaoMbFFdEXfAUPgjF8jma5PfAx38eZC4Fdcfa3R4JnSrt7idXHc3gMGhJMZD1GWJPq,48,main
2026-10-02T23:34:14.308631Z,0x1aab90f7dad07a41cbdfbf9525279857902cfa7a4cb9d625e934c2c59c507e8f,4p3tgZxpw2gKnJnVwQ4Ah3av47HywcXfFaXTFGNU2aTT,7GCihgDB8fe6KNjn2MYtkzZcRjQy3t9GHdC8uHYmW2hr,11111111111111111111111111111111,POPCAT,SOL (native),sell,7260000000,3226788,7260000000,3228685,fulfilled,Executed,fractal,9,5S99JfXUvmqsbtMo39ubqBTRjxL4ddrpLeg4q78axq1R6RbsVAgZJU5Ti3gieKSURMr3hxfDVorL9dZNxc8kdu8w,80,main
2026-10-02T23:34:15.048611Z,0x377de5cfb27f0aeb3061a3d332774ab3334fa9e8b53ea8321f5c98ce523580c3,BsXAAY6SvTyWYjwKCa5SUs1kDBK6n7ia7qvRPVj5dFgz,So11111111111111111111111111111111111111112,7GCihgDB8fe6KNjn2MYtkzZcRjQy3t9GHdC8uHYmW2hr,wSOL,POPCAT,buy,3669942,8150000000,3651684,8150000000,fulfilled,Executed,jupiter-solve,19,2D1wofjXgao6tHR5Viyrqphmte7c7pmtQtsn2e2BpSXcW6dx3u9SCiiW4YVrv8TXZywH5aG3b2ZxkxUU15Fk5GXB,89,main
2026-10-02T23:34:17.131764Z,0x34907966d31142e1a092215a6ee62c9ab08dbb7ffb1e2314301fbaff548bcde0,CDY1rvEes25vx7DZwxp5BRSgAewDQMgwBExfAMEymdMC,So11111111111111111111111111111111111111112,EPjFWdd5AufqSSqeM2qN1xzybapC8G4wEGGkZwyTDt1v,wSOL,USDC,sell,3600000,423978,3600000,425934,fulfilled,Executed,fractal,29,4uW9VBst1PBG8DJDwDA6tdASwbjpLovpmoXy3RnV2cBw2hU4DtkufMFkLv3SXytWMBRdDMjiFJknho8qH2TzK9Jq,93,main
2026-10-02T23:34:18.354638Z,0x489c85144f751678870d6aeb50a5539e7a18660ffe6ce025bf28a98201eda346,AQHstwk1uwAEnz8JE41HEbbD1EaPBjBwtid2qbo1Q3KD,So11111111111111111111111111111111111111112,EPjFWdd5AufqSSqeM2qN1xzybapC8G4wEGGkZwyTDt1v,wSOL,USDC,buy,3697588,435471,0,0,expired,Winner too late: creation blockhash expired,,,,81,acquire
2026-10-02T23:34:19.447824Z,0x1646c11a792500b601b2de4e04df43475348767009fc909f4a08b6707b1aa1c7,94bjVVSp8jgvP4ivAW3wFomkRpeE3xBouyCWErsR1ANz,So11111111111111111111111111111111111111112,DezXAZ8z7PnrnRJjz3wXBoRgixCa6xjnB7YaB1pPB263,wSOL,Bonk,buy,3150055,10300000000,0,0,expired,Expired without a fill,,,,114,acquire
2026-10-02T23:34:20.561786Z,0xd0e0918b755a1613f722d2c401c4c44cb8fd58ef39febb3144bc45a065ed4168,AM6Qwi3vwMCGpRbJ55zDatByeAtsbcfXvXBh77be8C9T,So11111111111111111111111111111111111111112,EPjFWdd5AufqSSqeM2qN1xzybapC8G4wEGGkZwyTDt1v,wSOL,USDC,sell,3600000,423978,3600000,425825,fulfilled,Executed,fractal,8,2Q4VTkAEqUd4dhmCXobQpxs8XRvFSrbw1TDEL9HvL1pnVXWAt7wts7MKKD3yBdpXRJz3HB7BG9F31BWJmwkuUHJV,59,main
2026-10-02T23:34:24.953541Z,0x68c6d8623323f338164cd4db9ed3679a4f1a0ed4955fe2789a031677a651b05c,3FHY6qZALHavE387YcUMyqFYdYCiR5PbLSxdQBpwR6JK,So11111111111111111111111111111111111111112,mSoLzYCxHdYgdzU16g5QSh3i5K3z3KZK7ytfqcJm7So,wSOL,mSOL,buy,3354835,2370000,0,0,expired,Winner too late: creation blockhash expired,,,,42,acquire
2026-10-02T23:34:25.961649Z,0x521e428bb45df58f1e008108bc4a9536e46a23b01d0b2000354dcba3392ba70c,FjcXArDzUrBTJ1Lv6Yc8n9atjkNYaxKosVjn6VSxZTrK,So11111111111111111111111111111111111111112,EKpQGSJtjMFqKZ9KQanSqYXRcF8fBopzLHYxdM65zcjm,wSOL,$WIF,buy,3698676,1750000,3682647,1750000,fulfilled,Executed,jupiter-solve,42,3Y7PELc5FyRQBkkXBEQvGxcBdmZH9fNEm5U6Ktw4UZPEvBHaTREpX4tS9XxPgKfNXQgoSV5sfA75BSFkgHhkfdpw,116,main
2026-10-02T23:34:29.606642Z,0x273fa8ea9dd2c8b095154bde8740964f50990c8bc35196da0908d1e4e9e30b84,EGXsUdM4HLc983jD276LHz87k5zBZSJrJc137qcokK8D,6p6xgHyF7AeE6TZkSmFsko444wqoP15icUSqi2jfGiPN,EPjFWdd5AufqSSqeM2qN1xzybapC8G4wEGGkZwyTDt1v,TRUMP,USDC,sell,172000,358823,172000,360728,fulfilled,Executed,fractal,10,22f72kkief36giitWqfAERkYNJgD12iJkuJCu4gLv1Sn51foRm9hf31zYh7wmEQXysdcB4Szi6iPZsYjxK1DpYMA,107,main
2026-10-02T23:34:30.356932Z,0xc6b9cff15419d42804608a16815a3b7fb4cee4160c7ecfbc131b205aa81a3ad3,CagkCmsroJWAiUWrigym7vR9wGYV5aKWanTGu3ZARKqD,So11111111111111111111111111111111111111112,EPjFWdd5AufqSSqeM2qN1xzybapC8G4wEGGkZwyTDt1v,wSOL,USDC,sell,3600000,423967,0,0,expired,Winner too late: creation blockhash expired,,,,102,main
2026-10-02T23:34:31.477802Z,0xced850aa6552811833ccbacb664137f4ecb43466507a3d4c76a7831f92cebd1d,4p3tgZxpw2gKnJnVwQ4Ah3av47HywcXfFaXTFGNU2aTT,So11111111111111111111111111111111111111112,6p6xgHyF7AeE6TZkSmFsko444wqoP15icUSqi2jfGiPN,wSOL,TRUMP,buy,3668873,206000,0,0,expired,Winner too late: creation blockhash expired,,,,86,main
2026-10-02T23:34:33.783212Z,0x139ef7b39d480045fe9059937e8e5854cb3c9e1fbed46a41fbb14f7f4745fbf1,AM6Qwi3vwMCGpRbJ55zDatByeAtsbcfXvXBh77be8C9T,So11111111111111111111111111111111111111112,EPjFWdd5AufqSSqeM2qN1xzybapC8G4wEGGkZwyTDt1v,wSOL,USDC,sell,3600000,424052,3600000,425912,fulfilled,Executed,fractal,18,dusCJrmG4rQVfrXTYyiNYShWLkTYUJafrNsRdjWkNfRzDUPXXTEt3j5NCohpQniH8sjvU7tX4HzvBQ9MF94jamn,74,main
2026-10-02T23:34:37.020670Z,0x49c45a494eb1c75be85e188ebc7c74519ff183af98e07cb848434a02e4a2b26b,DoD7Kb5bE6Jr7Eq2JTdYwfLn7718RzpYxKyQen2rxiBQ,Es9vMFrzaCERmJfrF4H2FYD4KCoNkY11McCe8BenwNYB,11111111111111111111111111111111,USDT,SOL (native),sell,369000,3096110,369000,3107597,fulfilled,Executed,fractal,9,5P72BM3wHxrCEbyC9wHwzFcXSrjaT2NnAVttm8wUqELhMuRY8ti2p1rfcfQJjRqWmyXh6nrzKEbvCj7GTD48qo8k,120,main
2026-10-02T23:34:41.600176Z,0x894bde8fc197a091b9297482178579890eba8d2fa072f3d764449accecf847f0,HTsxGEXBSe8rdUJjtW7e4v4YChNXTVmLQXuqBvvQtJuF,So11111111111111111111111111111111111111112,7GCihgDB8fe6KNjn2MYtkzZcRjQy3t9GHdC8uHYmW2hr,wSOL,POPCAT,buy,2796402,6210000000,2782490,6210000000,fulfilled,Executed,jupiter-solve,76,48cJ4xDb4W1Vo8qgeHmyFH6iQwcnJCSnuHi3LpwgpWJDrrTiHorZPyuvVKgjiHhEbMUsrJcKZoDGK64jK6MeAcMX,37,acquire
2026-10-02T23:34:42.508459Z,0x23663419fa69cf2a6f117f8af29b37ed87dcff72b8f0ea281570247d535812e2,BsXAAY6SvTyWYjwKCa5SUs1kDBK6n7ia7qvRPVj5dFgz,So11111111111111111111111111111111111111112,mSoLzYCxHdYgdzU16g5QSh3i5K3z3KZK7ytfqcJm7So,wSOL,mSOL,buy,3623788,2560000,3605760,2560000,fulfilled,Executed,jupiter-solve,24,4iDRkEL2KHQqc5o7F2RpWR1o2bzC4UukVjX1Enr47tdLVKnKFGcVxB2kK4EMdVutsHxhbma1xQMFaaUcPnidXMsQ,98,main
2026-10-02T23:34:47.021653Z,0x5438c7cba94df407a14bdf103ee0d19d215cf32d237f9f8623bf1e801d894785,BQAD73uj3XftKnCB5ZB7P67b7AvEdfLefYbLiipch5oC,So11111111111111111111111111111111111111112,4k3Dyjzvzp8eMZWUXbBCjEvwSkkk59S5iCNLY3QrkX6R,wSOL,RAY,buy,2578350,157000,0,0,expired,Winner too late: creation blockhash expired,,,,66,acquire
2026-10-02T23:34:48.145145Z,0xe35a94e0ddbbacad33043b4075cb0a1aabb9d1b43888579cde96593e1c88d47a,EGXsUdM4HLc983jD276LHz87k5zBZSJrJc137qcokK8D,So11111111111111111111111111111111111111112,7GCihgDB8fe6KNjn2MYtkzZcRjQy3t9GHdC8uHYmW2hr,wSOL,POPCAT,buy,3670020,8150000000,0,0,expired,Winner too late: creation blockhash expired,,,,115,main
2026-10-02T23:34:50.156141Z,0xd37d1d1d02478e3fe5b186cdeea57ac325f3b4a8141184e2b16a5aa1452d6014,EDimKwHuMtcwxxbAfQPT3EaH9CPpyTLARxLRRwiZV26v,So11111111111111111111111111111111111111112,EPjFWdd5AufqSSqeM2qN1xzybapC8G4wEGGkZwyTDt1v,wSOL,USDC,sell,3600000,424062,0,0,expired,Winner too late: creation blockhash expired,,,,111,main
2026-10-02T23:34:51.295086Z,0x44ba5d31692a7320a07465410ed5b2d55ab5fad80b054d1be28f460f75f84b34,CDY1rvEes25vx7DZwxp5BRSgAewDQMgwBExfAMEymdMC,So11111111111111111111111111111111111111112,EPjFWdd5AufqSSqeM2qN1xzybapC8G4wEGGkZwyTDt1v,wSOL,USDC,sell,3600000,424057,3600000,425912,fulfilled,Executed,fractal,7,5LubyLriaTodK12Vhk55wM4tnqjiyoP3vEhLq5875ZRTh1jAVZhchBPCigw7niCqWeZ4RgNXao15SbLgnkkkRGx,104,main
2026-10-02T23:34:53.649267Z,0x34d493e63635d44bb1d6b0918ead4a29cc9e726a2420194af3a29f434ef69e5c,BPmy52DKPodqoSUirZUBedULujAZr6s778i4hc153r1X,So11111111111111111111111111111111111111112,J1toso1uCk3RLmjorhTtrVwY9HJ7X8V9yYac6Y7kGCPn,wSOL,JitoSOL,buy,3500972,2670000,3483555,2670000,fulfilled,Executed,jupiter-solve,14,65LytPCujGoL1c9aeBMnEEKphMsf8UHwk7JwNS7zLQw13qALibRetS47CQ7WeYtUvPiPoLUmxuNEvnZMCCBeLQ5a,43,acquire
2026-10-02T23:34:56.874856Z,0x79d7c4500939142d4a7bb0126117801fb68e2f068acbc07323b98859e9af621f,DoD7Kb5bE6Jr7Eq2JTdYwfLn7718RzpYxKyQen2rxiBQ,So11111111111111111111111111111111111111112,Es9vMFrzaCERmJfrF4H2FYD4KCoNkY11McCe8BenwNYB,wSOL,USDT,sell,3600000,424107,3600000,425961,fulfilled,Executed,fractal,7,qDLyz9FHAcyW59zp7adJsri4DXMhCf83rdbvfZexFomzdBhb5nqPKWD4iXFSUtFRXU6GYeb5em6S5A5hbt11FMo,125,main
2026-10-02T23:34:59.012894Z,0x01b71a6596738917bd9ace4483d3077e4ce5af7cdcc64b543fba003f46458782,AM6Qwi3vwMCGpRbJ55zDatByeAtsbcfXvXBh77be8C9T,EPjFWdd5AufqSSqeM2qN1xzybapC8G4wEGGkZwyTDt1v,11111111111111111111111111111111,USDC,SOL (native),sell,744000,6241486,744000,6272575,fulfilled,Executed,fractal,9,5UWdEQWA8M2HtzDhZN7ajGUnk3SewZuFqW88LkjtaTHWcwnaMBZaa6cgLFofZHSYqSKonUj5yHxn9P4VoR74bYBg,101,main
2026-10-02T23:35:05.060695Z,0xe470c3f0db4ade00999038eda25b16e418ccec9abb346afb38d64f44eece07be,7RqUGHCV2tngEBctNc8o58nPDy6AsYzsUHAW2JgA2XX9,So11111111111111111111111111111111111111112,EKpQGSJtjMFqKZ9KQanSqYXRcF8fBopzLHYxdM65zcjm,wSOL,$WIF,buy,3701060,1750000,0,0,expired,Expired without a fill,,,,56,main
2026-10-02T23:35:05.639294Z,0x50cdcf0bfbcf23a943588cf7765d6e979cf33aae79827bf96dd667e8f218391d,9XSrZ8RkSZ3WDoGkrgWHrmMhixsoWZTLnPxBtQNWNK9c,So11111111111111111111111111111111111111112,EPjFWdd5AufqSSqeM2qN1xzybapC8G4wEGGkZwyTDt1v,wSOL,USDC,buy,3629205,427462,3609015,427462,fulfilled,Executed,jupiter-solve,25,3zZM3U24bypYzAHuLpHkFpDgKBWjeqP62EAYPBkePTo8s89EN7ankye8S51JNAGtwG4DZsJSDqev6q8dFcYef3Zd,64,acquire
2026-10-02T23:35:06.985878Z,0x93997af8983614ec94df42bf027b9096159fac0eb38f7115b68dc5a41109bee6,AQHstwk1uwAEnz8JE41HEbbD1EaPBjBwtid2qbo1Q3KD,So11111111111111111111111111111111111111112,EPjFWdd5AufqSSqeM2qN1xzybapC8G4wEGGkZwyTDt1v,wSOL,USDC,buy,3697204,435471,0,0,expired,Winner too late: creation blockhash expired,,,,81,acquire
2026-10-02T23:35:07.156537Z,0x08cba6974c7c5a460175f606100550df337ae4a2fe3be22b51615e41a1278020,CDY1rvEes25vx7DZwxp5BRSgAewDQMgwBExfAMEymdMC,So11111111111111111111111111111111111111112,Es9vMFrzaCERmJfrF4H2FYD4KCoNkY11McCe8BenwNYB,wSOL,USDT,sell,3600000,424149,3600000,426222,fulfilled,Executed,fractal,18,3qwdnNXa4sUjqDiwXrs2cYVttD6PDN5eh7bUZtYwzqsYJg1PwFBT9mftoBRmjjJaXUdKyESBSuxQ4DmGpAVZ8c4V,127,main
2026-10-02T23:35:08.964805Z,0xc0d80d4929fcd7a7c244210523d4a9614eb34917fc712ab0b89dffbd2ca46937,2kV12Qsin6Wfxr2Pr6M8bqUbjqMppw4gpqAbV18TiFfJ,So11111111111111111111111111111111111111112,EPjFWdd5AufqSSqeM2qN1xzybapC8G4wEGGkZwyTDt1v,wSOL,USDC,buy,3654480,430429,0,0,expired,Winner too late: creation blockhash expired,,,,128,acquire
2026-10-02T23:35:12.181487Z,0x44ac706e5f6967ba2857f1df476e7bcad9f7638787626fb4b1a80b3467f1cbe4,3FHY6qZALHavE387YcUMyqFYdYCiR5PbLSxdQBpwR6JK,So11111111111111111111111111111111111111112,mSoLzYCxHdYgdzU16g5QSh3i5K3z3KZK7ytfqcJm7So,wSOL,mSOL,buy,3354837,2370000,3338147,2370000,fulfilled,Executed,jupiter-solve,73,58Wk1K3f9psQy9Pn7Th2yiJjy7mpTW1DuV2TmdYS8A2ZDk3dxEhGjc5oK6wzohqjryWR93duQUzZh5CmxQVgX8Ac,42,acquire
2026-10-02T23:35:13.259845Z,0xbf1db30b956a6ad69306dc60217145d2fad7056acb891859f613dfd4cf1b3da6,BsXAAY6SvTyWYjwKCa5SUs1kDBK6n7ia7qvRPVj5dFgz,So11111111111111111111111111111111111111112,6p6xgHyF7AeE6TZkSmFsko444wqoP15icUSqi2jfGiPN,wSOL,TRUMP,buy,3693242,206000,0,0,expired,Winner too late: creation blockhash expired,,,,108,main
2026-10-02T23:35:14.379773Z,0xee44e8400a96172e1692f070b10809c8c9afd349a1cac4e2c41dc358975192af,BPmy52DKPodqoSUirZUBedULujAZr6s778i4hc153r1X,J1toso1uCk3RLmjorhTtrVwY9HJ7X8V9yYac6Y7kGCPn,jtojtomepa8beP8AuQc6eXt5FriJwfFMwQx2v2f9mCL,JitoSOL,JTO,sell,2670000,793146049,0,0,expired,Winner too late: creation blockhash expired,,,,43,main
2026-10-02T23:35:15.720049Z,0x7448069bb3899b24bec806ee04a802de1573b10ed74726d7295dfc628495353c,CaMSDEBp5zy2QxSYqDxqbk28qxFwzLXiNdFJiv9TKqhU,Es9vMFrzaCERmJfrF4H2FYD4KCoNkY11McCe8BenwNYB,11111111111111111111111111111111,USDT,SOL (native),sell,514000,4308756,514000,4330329,fulfilled,Executed,jupiter-solve,15,5esE3sexJcxyaaQozTW6NQbFJmBWyg6WkLvnePSpU6YsY5HN8xJBLFdTWxm7jhdtMTQbfQcZbs4x7JDtye9gVxrU,130,main
2026-10-02T23:35:18.007896Z,0x502d9371cd8991c74a9fb60c7c005e8353e5a9c5573f39d80d0ce0f074565575,CagkCmsroJWAiUWrigym7vR9wGYV5aKWanTGu3ZARKqD,Es9vMFrzaCERmJfrF4H2FYD4KCoNkY11McCe8BenwNYB,11111111111111111111111111111111,USDT,SOL (native),sell,540000,4526529,540000,4548609,fulfilled,Executed,fractal,7,2w2dBJcAqY2wtLZvs2R7Bw1LNW5GuwRPMN6YRRv2PmWkTccPvwd3ZqsPgzQwESW9nabEbinghFyQUa6WQ4TGHSop,110,main
2026-10-02T23:35:20.247667Z,0x35f9aeb12101c5edab460eb6d2bb54735e9d7c9980e164ab940be32b607d5d20,4p3tgZxpw2gKnJnVwQ4Ah3av47HywcXfFaXTFGNU2aTT,So11111111111111111111111111111111111111112,6p6xgHyF7AeE6TZkSmFsko444wqoP15icUSqi2jfGiPN,wSOL,TRUMP,buy,3696515,206000,3676186,206000,fulfilled,Executed,jupiter-solve,11,3UGi6GJdWpuYnvYgVrsVoQFf9Pe9a7pi5XfLe498jQf2px7kgCUvWaUk3skxgPMTmFbsNoVwPzmvh8gwJanD9xe7,86,main
2026-10-02T23:35:25.498693Z,0x84eb69795de96f42d9d960b8f7629149d0c7ffa707a2e21e9e54b31475e29526,AQtmpjmjjZTzzs5W2Ld4gPteDe1teLKMpwj3v5GAv7ef,So11111111111111111111111111111111111111112,EPjFWdd5AufqSSqeM2qN1xzybapC8G4wEGGkZwyTDt1v,wSOL,USDC,buy,3656935,430984,3638939,430984,fulfilled,Executed,jupiter-solve,33,44sHTZqahQYtCJysrxBu9BQEoXcz7rX1ttkiCAEkwmXeTa6RHa1XKvRN4bki8HYDA5GugXkwsXqyv3U4hyJzxBDY,132,acquire
2026-10-02T23:35:28.759899Z,0x567315dc81c8e7b73b230f09e113d3e20cf5b86d9e32c2c4b2957fc442c110cb,CagkCmsroJWAiUWrigym7vR9wGYV5aKWanTGu3ZARKqD,So11111111111111111111111111111111111111112,Es9vMFrzaCERmJfrF4H2FYD4KCoNkY11McCe8BenwNYB,wSOL,USDT,sell,3600000,424364,3600000,426214,fulfilled,Executed,fractal,7,5RpfjCFq4x8KvcPPK6SJdj24UptQoEhzERx6PaUGmfkUq5LBNFMsF55DP2EQVEmF36FpFqXfmmtHd6ovVwKDZdf,118,main
2026-10-02T23:35:32.090453Z,0xd66c85fecb8c2ad73cc3aa5a43a74342e4b8fb5a03867f7d7eeac711b5cfdfc8,BQAD73uj3XftKnCB5ZB7P67b7AvEdfLefYbLiipch5oC,So11111111111111111111111111111111111111112,4k3Dyjzvzp8eMZWUXbBCjEvwSkkk59S5iCNLY3QrkX6R,wSOL,RAY,buy,2577204,157000,0,0,expired,Winner too late: creation blockhash expired,,,,66,acquire
2026-10-02T23:35:35.316244Z,0xbca728308c097ed19681d26dfbd22d97d62d78cb469acb2498fbe117734f0584,EGXsUdM4HLc983jD276LHz87k5zBZSJrJc137qcokK8D,So11111111111111111111111111111111111111112,7GCihgDB8fe6KNjn2MYtkzZcRjQy3t9GHdC8uHYmW2hr,wSOL,POPCAT,buy,3670020,8150000000,0,0,expired,Winner too late: creation blockhash expired,,,,115,main
2026-10-02T23:35:37.664137Z,0xfd277b10c12503e4e973c39a366ca5f4e953df1d1bcc49c058eac6b3e2091994,9XSrZ8RkSZ3WDoGkrgWHrmMhixsoWZTLnPxBtQNWNK9c,EPjFWdd5AufqSSqeM2qN1xzybapC8G4wEGGkZwyTDt1v,J1toso1uCk3RLmjorhTtrVwY9HJ7X8V9yYac6Y7kGCPn,USDC,JitoSOL,buy,429070,2760000,0,0,expired,Winner too late: creation blockhash expired,,,,64,main
2026-10-02T23:35:38.599673Z,0xb599fde757693852690c7140115a72820273be103b09dee91a0269e1415018fb,EDimKwHuMtcwxxbAfQPT3EaH9CPpyTLARxLRRwiZV26v,So11111111111111111111111111111111111111112,EPjFWdd5AufqSSqeM2qN1xzybapC8G4wEGGkZwyTDt1v,wSOL,USDC,sell,3600000,424281,0,0,expired,Winner too late: creation blockhash expired,,,,111,main
2026-10-02T23:35:41.336842Z,0xb536f173590ff2f60597237e92934ee6af90165fec59bd6fc5bb99050398c5bf,CDY1rvEes25vx7DZwxp5BRSgAewDQMgwBExfAMEymdMC,EPjFWdd5AufqSSqeM2qN1xzybapC8G4wEGGkZwyTDt1v,11111111111111111111111111111111,USDC,SOL (native),sell,726000,6088159,726000,6117722,fulfilled,Executed,fractal,6,3haj4Cot5fYNDWLFXyY5Kd75pEcMQVS95j1SYYg6pjSrCvrh5xae6R9UrM7JfpoLk5iVAHXZATtFrYFH6W5RnkFG,136,main
2026-10-02T23:35:42.081492Z,0x66b1a61901870af1d949a9d46e0342cfaec192327e7ac99b171131f16e52e3e4,CaMSDEBp5zy2QxSYqDxqbk28qxFwzLXiNdFJiv9TKqhU,So11111111111111111111111111111111111111112,EPjFWdd5AufqSSqeM2qN1xzybapC8G4wEGGkZwyTDt1v,wSOL,USDC,sell,3600000,424297,3600000,426163,fulfilled,Executed,fractal,21,5v5UnJyKhtssZFNyDZHJxWF59dGJwDyox3mzniFZtNn8Kb5pAypssmP4ZibNi8bJYgrf3Uoaiopjde5PxbgwXUDH,137,main
2026-10-02T23:35:56.197585Z,0xe04d1ad34cff05a23afcc9e0e1217e10eb4b4a5ac13cb3ff5f9d2d678c52fd9d,2kV12Qsin6Wfxr2Pr6M8bqUbjqMppw4gpqAbV18TiFfJ,So11111111111111111111111111111111111111112,EPjFWdd5AufqSSqeM2qN1xzybapC8G4wEGGkZwyTDt1v,wSOL,USDC,buy,3652424,430429,0,0,expired,Winner too late: creation blockhash expired,,,,128,acquire
2026-10-02T23:35:57.290741Z,0x97c4ac500f678f2e5a45e1da87a873e084b45b5ab11611de961f6f4909c9c2e2,AQHstwk1uwAEnz8JE41HEbbD1EaPBjBwtid2qbo1Q3KD,So11111111111111111111111111111111111111112,EPjFWdd5AufqSSqeM2qN1xzybapC8G4wEGGkZwyTDt1v,wSOL,USDC,buy,3621859,426832,3604910,426832,fulfilled,Executed,jupiter-solve,29,r9qctXK4ekdivCERsuF1SS2aCmV2GHVn4Vxo4xnJtnxZEuALy2x8kGzj5ijjNT22nhrE7AJgFmxdDxwdDkjbzvq,88,acquire
2026-10-02T23:35:59.633472Z,0xe138509c78edf1c3e08978381fa8209ceca450132b6f3fdbbcd07802ec906f56,BsXAAY6SvTyWYjwKCa5SUs1kDBK6n7ia7qvRPVj5dFgz,So11111111111111111111111111111111111111112,6p6xgHyF7AeE6TZkSmFsko444wqoP15icUSqi2jfGiPN,wSOL,TRUMP,buy,3696100,206000,0,0,expired,Winner too late: creation blockhash expired,,,,108,main
2026-10-02T23:36:01.797962Z,0x934c1888e6f9a008e2a37b8e375be10db1d9591d73cc91a3d0e10d9a02ce19bc,BPmy52DKPodqoSUirZUBedULujAZr6s778i4hc153r1X,J1toso1uCk3RLmjorhTtrVwY9HJ7X8V9yYac6Y7kGCPn,jtojtomepa8beP8AuQc6eXt5FriJwfFMwQx2v2f9mCL,JitoSOL,JTO,sell,2670000,793043798,2670000,797028942,fulfilled,Executed,jupiter-solve,23,2tuHwfBrp7A8Wa9G8qRJrVG2cmRp4D9Tk1J86ufpG28z8P2AU85jTsvZAU1aK2WLDPYpM6rhUdgnKf9KmVSY2Jq6,43,main
2026-10-02T23:36:03.322514Z,0x340054bbf528d114077d255eb03a58b32cc6f2227b7dfd78016ebc58083bc219,HTsxGEXBSe8rdUJjtW7e4v4YChNXTVmLQXuqBvvQtJuF,7GCihgDB8fe6KNjn2MYtkzZcRjQy3t9GHdC8uHYmW2hr,11111111111111111111111111111111,POPCAT,SOL (native),sell,7180000000,3191427,7180000000,3204257,fulfilled,Executed,rosato,7,4eZK5aZ5u4eEdEGLKmmn15YPjJdzoCFZ5hz5Kk8GzVQdv1rGbETR6m93pNYYWX1eYPFgVXqxG1G3JqFhQmFVgMcj,37,main
2026-10-02T23:36:03.986650Z,0xcee5513a126397b969c801e1c9045f8249e3db30d38702d039c18c19697b2386,AQtmpjmjjZTzzs5W2Ld4gPteDe1teLKMpwj3v5GAv7ef,EPjFWdd5AufqSSqeM2qN1xzybapC8G4wEGGkZwyTDt1v,JUPyiwrYJFskUPiHa7hkeR8VUtAeFoSYbKedZNsDvCN,USDC,JUP,buy,433088,1370000,0,0,expired,Winner too late: creation blockhash expired,,,,132,main
2026-10-02T23:36:12.686786Z,0xfaea48f183701f9a67cec233f4f2c5d1247264a1f9621a6f9b9d26abb4dd5d07,GcY8jk3HeHLDmdPa8wRVnHkn8f77frWdZxRWr6rrdyus,So11111111111111111111111111111111111111112,DezXAZ8z7PnrnRJjz3wXBoRgixCa6xjnB7YaB1pPB263,wSOL,Bonk,buy,3704680,12000000000,0,0,expired,Winner too late: creation blockhash expired,,,,60,main
2026-10-02T23:36:16.582340Z,0x78569ea3bfbade28cbf3a19d52f38006d87bfde4e9314416cf074816863e3f17,GikSpMABHu6MJERkF3N9GMmwPXfEBxABjChVkK1W9ji4,So11111111111111111111111111111111111111112,DezXAZ8z7PnrnRJjz3wXBoRgixCa6xjnB7YaB1pPB263,wSOL,Bonk,buy,3704409,12000000000,3684648,12000000000,fulfilled,Executed,jupiter-solve,8,bw97ape5P8XpQXwDG6cUaiqHowAW9EgvzLRgRGNFW2YChYmX4YaKUty82ztC6QnnuowzvZWBAWS1znKYyZvqEJ4,99,main
2026-10-02T23:36:20.419896Z,0x10e309638d106d30a8ed357260c2c1278ca391c63aa4a5449efd27ecb412e452,HTsxGEXBSe8rdUJjtW7e4v4YChNXTVmLQXuqBvvQtJuF,So11111111111111111111111111111111111111112,DezXAZ8z7PnrnRJjz3wXBoRgixCa6xjnB7YaB1pPB263,wSOL,Bonk,buy,3704572,12000000000,3684974,12000000000,fulfilled,Executed,jupiter-solve,32,gKsH9SyB9oyLfp3g4qqbnPiGPmvaYgRnaTAtJvAEMNYBrgUUiBNjmUctXeNecHkr6M1RLDft3qcsSLkmJF8YF4U,45,main
2026-10-02T23:36:22.738120Z,0xa28e9a374f9147f47aad29da40ddfcf7e5916450deb4f4a4a553feea20f06e7f,BQAD73uj3XftKnCB5ZB7P67b7AvEdfLefYbLiipch5oC,EPjFWdd5AufqSSqeM2qN1xzybapC8G4wEGGkZwyTDt1v,mSoLzYCxHdYgdzU16g5QSh3i5K3z3KZK7ytfqcJm7So,USDC,mSOL,buy,429525,2560000,427339,2560000,fulfilled,Executed,jupiter-solve,29,UtkfPW8qTKkYXcF8m1D5u4e8oqt7LJ5AWKLuWPYbvyLkEM7SdtPwYJgQizeKWkhvEUSqh6gwxvUNSENzzGa9Q74,75,main
2026-10-02T23:36:23.731098Z,0xbdae3689532b70bb0505409eb4567d22e3ee2c9cb266192b68a6b093f7c38624,EDimKwHuMtcwxxbAfQPT3EaH9CPpyTLARxLRRwiZV26v,So11111111111111111111111111111111111111112,EPjFWdd5AufqSSqeM2qN1xzybapC8G4wEGGkZwyTDt1v,wSOL,USDC,sell,4190000,493677,0,0,expired,Winner too late: creation blockhash expired,,,,131,main
2026-10-02T23:36:25.775840Z,0x21c38267f4149d2bbd68f8cfb7ffe7a370c76da7d7c25cfebf9f2336e78e25a1,EGXsUdM4HLc983jD276LHz87k5zBZSJrJc137qcokK8D,So11111111111111111111111111111111111111112,6p6xgHyF7AeE6TZkSmFsko444wqoP15icUSqi2jfGiPN,wSOL,TRUMP,buy,3699723,206000,3677435,206000,fulfilled,Executed,jupiter-solve,26,MPsi8Tm5iqFsP1F84yEpP8Rbv8JGFSHTzCT5462e26QWVnqMvf7TxgZ3FbQsk1zzB2wSb3L49wT3DhTnhRWLdS1,139,main
2026-10-02T23:36:26.246546Z,0x009efe49eb6c0b9515f3594e6c891b700075b44d7a456668c31b7169d829c65a,9XSrZ8RkSZ3WDoGkrgWHrmMhixsoWZTLnPxBtQNWNK9c,EPjFWdd5AufqSSqeM2qN1xzybapC8G4wEGGkZwyTDt1v,J1toso1uCk3RLmjorhTtrVwY9HJ7X8V9yYac6Y7kGCPn,USDC,JitoSOL,buy,428943,2760000,0,0,expired,Expired without a fill,,,,64,main
2026-10-02T23:36:28.238451Z,0xd3a744c95e7cbc37fec77795d0341f22a691b293a53b5882b6393ec52ecfe413,94bjVVSp8jgvP4ivAW3wFomkRpeE3xBouyCWErsR1ANz,So11111111111111111111111111111111111111112,DezXAZ8z7PnrnRJjz3wXBoRgixCa6xjnB7YaB1pPB263,wSOL,Bonk,buy,3178749,10300000000,0,0,expired,Winner too late: creation blockhash expired,,,,114,acquire
2026-10-02T23:36:31.453023Z,0xc74073c937a4c7e23857613558bfc5317d805ae1dab855594eae1a56b4a0cd18,3FHY6qZALHavE387YcUMyqFYdYCiR5PbLSxdQBpwR6JK,mSoLzYCxHdYgdzU16g5QSh3i5K3z3KZK7ytfqcJm7So,7GCihgDB8fe6KNjn2MYtkzZcRjQy3t9GHdC8uHYmW2hr,mSOL,POPCAT,sell,2370000,7405012646,2370000,7442223764,fulfilled,Executed,jupiter-solve,22,2VbejFg48kwgbFdtbZ198ydL4posRS24xErC4B6uEyF88YkNPnJETtiVxFaSSe4kfVkhkPxfRRB1Z4EZBxVywhhg,42,main
2026-10-02T23:36:32.640570Z,0x06a4b299779c390cc4edd06c8981538dfcd20d9b9f33233f597d19c9582ddd20,AQHstwk1uwAEnz8JE41HEbbD1EaPBjBwtid2qbo1Q3KD,EPjFWdd5AufqSSqeM2qN1xzybapC8G4wEGGkZwyTDt1v,J1toso1uCk3RLmjorhTtrVwY9HJ7X8V9yYac6Y7kGCPn,USDC,JitoSOL,buy,428998,2760000,426805,2760000,fulfilled,Executed,jupiter-solve,76,4ZZrmnSZWjcjJ89jZNFXT31ftq7QAHSXs7m78fLGLWgided4AJCyPY8q4e4q4wqxnVmR7RQCMu59Zh85854PWT5p,88,main
2026-10-02T23:36:33.623286Z,0xdad3054cb2d45b56934da2855024a9338c6197c92bc17321f930aeb986783b7a,BPmy52DKPodqoSUirZUBedULujAZr6s778i4hc153r1X,So11111111111111111111111111111111111111112,EPjFWdd5AufqSSqeM2qN1xzybapC8G4wEGGkZwyTDt1v,wSOL,USDC,buy,47008,5539,0,0,expired,Winner too late: creation blockhash expired,,,,69,acquire
2026-10-02T23:36:47.136083Z,0xa3d9a79661ce71b4dc6c1fc521e2c587f701a1f842691ac2f1713a8c6219b563,AQtmpjmjjZTzzs5W2Ld4gPteDe1teLKMpwj3v5GAv7ef,EPjFWdd5AufqSSqeM2qN1xzybapC8G4wEGGkZwyTDt1v,JUPyiwrYJFskUPiHa7hkeR8VUtAeFoSYbKedZNsDvCN,USDC,JUP,buy,432883,1370000,430656,1370000,fulfilled,Executed,jupiter-solve,89,3johtDgsAR1Fn3qTG18tsP5Wy3FxepdnrNB7uTrKPcFe1KhKhuXcusTXXAMzx14avaSAcRue5aPYLiPJ18UCnHwx,132,main
2026-10-02T23:36:51.503613Z,0x71f6fbd3514bd403b7e901a1d1763957955ef3e14323185d251e1aad8444bec6,BsXAAY6SvTyWYjwKCa5SUs1kDBK6n7ia7qvRPVj5dFgz,So11111111111111111111111111111111111111112,DezXAZ8z7PnrnRJjz3wXBoRgixCa6xjnB7YaB1pPB263,wSOL,Bonk,buy,3703398,12000000000,3681875,12000000000,fulfilled,Executed,jupiter-solve,29,4yiaKF9cWenadj5ETWxazSCUqPx7R2R7r7mGvVPeq1QRgKxz1V9fm4aZcetnjzCygQT5hJffhWP62cSCJL1AtgN6,140,main
2026-10-02T23:37:00.124692Z,0x8f1d2811268e361c3b589d31ae60fd9016f97595e7061787e0e9ee54d3eb6eab,GcY8jk3HeHLDmdPa8wRVnHkn8f77frWdZxRWr6rrdyus,So11111111111111111111111111111111111111112,DezXAZ8z7PnrnRJjz3wXBoRgixCa6xjnB7YaB1pPB263,wSOL,Bonk,buy,3703402,12000000000,0,0,expired,Winner too late: creation blockhash expired,,,,60,main
2026-10-02T23:37:01.215591Z,0x92b30ec6148f6b4d786b6432bdc9e6f379b8917ed13b193bad91b601deff3942,BQAD73uj3XftKnCB5ZB7P67b7AvEdfLefYbLiipch5oC,So11111111111111111111111111111111111111112,EPjFWdd5AufqSSqeM2qN1xzybapC8G4wEGGkZwyTDt1v,wSOL,USDC,buy,3591946,423132,0,0,expired,Winner too late: creation blockhash expired,,,,117,acquire
2026-10-02T23:37:02.215831Z,0x6b1de6fcbe932fedcc1ddf0b3fa157741c576af5a3cb2c1e5f5b78e4ddd56c54,HTsxGEXBSe8rdUJjtW7e4v4YChNXTVmLQXuqBvvQtJuF,So11111111111111111111111111111111111111112,EKpQGSJtjMFqKZ9KQanSqYXRcF8fBopzLHYxdM65zcjm,wSOL,$WIF,buy,3706402,1750000,3688923,1750000,fulfilled,Executed,jupiter-solve,47,5ASRy4tCBk4zmT9P4GBcLeQwPoSoMBxR7Ca5r72gu8fUBxgg8xSBLn67A3Jy9bvgi3yBP69BYtLD6r85aLWa4StE,52,main
2026-10-02T23:37:04.508552Z,0x49e05f1257dcff76b1465f18de3e8fb2dbd03d6c018a93a23540f29a8e32cc63,3FHY6qZALHavE387YcUMyqFYdYCiR5PbLSxdQBpwR6JK,So11111111111111111111111111111111111111112,EPjFWdd5AufqSSqeM2qN1xzybapC8G4wEGGkZwyTDt1v,wSOL,USDC,buy,3905326,460051,3886722,460051,fulfilled,Executed,jupiter-solve,71,24fyKRajQ7BJ8snHmbvraMwpFXn1jxHo57hbiA4iMjXPuSczgUu4KT72EPBYHxsUtvHKorM33hXJbbiZjKoKwaRc,95,acquire
2026-10-02T23:37:06.749567Z,0x7b07c0ae31a568b688cd17f4be8439966e015898e0297a944065f92486f8c15a,EDimKwHuMtcwxxbAfQPT3EaH9CPpyTLARxLRRwiZV26v,So11111111111111111111111111111111111111112,EPjFWdd5AufqSSqeM2qN1xzybapC8G4wEGGkZwyTDt1v,wSOL,USDC,sell,4190000,493639,4190000,496088,fulfilled,Executed,jupiter-solve,15,4bdjv3SgMRAxb5ppDeRDgL2NRsSF53tgHJ77zDTSN7AW8YvtHRU94FTSqkY6WEoCQZqmjDCRPQJUtHKbtoDVc9vk,131,main
2026-10-02T23:37:16.513814Z,0xd24b37bcf58ac1c42671ac7fe6654bdfe53a4c5a9899664a373756dccac0e722,94bjVVSp8jgvP4ivAW3wFomkRpeE3xBouyCWErsR1ANz,So11111111111111111111111111111111111111112,6p6xgHyF7AeE6TZkSmFsko444wqoP15icUSqi2jfGiPN,wSOL,TRUMP,buy,3694284,206000,0,0,expired,Winner too late: creation blockhash expired,,,,124,main
2026-10-02T23:37:19.815238Z,0x4e849ba54684c76d90a6b28b60f5ee8a56e9939a773ebd47246dbc3a86c88e97,BPmy52DKPodqoSUirZUBedULujAZr6s778i4hc153r1X,So11111111111111111111111111111111111111112,EPjFWdd5AufqSSqeM2qN1xzybapC8G4wEGGkZwyTDt1v,wSOL,USDC,buy,47021,5539,0,0,expired,Expired without a fill,,,,69,acquire
2026-10-02T23:37:20.954482Z,0x1c5660bee2892f3f08ce83d861a67927f7014533c8bed8184bd165bb8a5baf32,7RqUGHCV2tngEBctNc8o58nPDy6AsYzsUHAW2JgA2XX9,So11111111111111111111111111111111111111112,DezXAZ8z7PnrnRJjz3wXBoRgixCa6xjnB7YaB1pPB263,wSOL,Bonk,buy,3700284,12000000000,3681879,12000000000,fulfilled,Executed,jupiter-solve,28,568HvToGmNs3wupz3hjNTqWn4aFD76TEc8h9gB8g1Gx1FDs8ZwgUMtUijQdmy6fH5FjQjZ2PzXcrWw6in79zecHW,61,main
2026-10-02T23:37:45.412189Z,0xa72d3798a1d910fa67fd7f759ca60d62c29139e2721b22ac37ef60621f739c28,BQAD73uj3XftKnCB5ZB7P67b7AvEdfLefYbLiipch5oC,So11111111111111111111111111111111111111112,EPjFWdd5AufqSSqeM2qN1xzybapC8G4wEGGkZwyTDt1v,wSOL,USDC,buy,3592052,423132,0,0,expired,Winner too late: creation blockhash expired,,,,117,acquire
2026-10-02T23:37:48.555359Z,0x779498fe4bc10ee242c2c20503de531149b9285238351fbf95c646474c072d56,GcY8jk3HeHLDmdPa8wRVnHkn8f77frWdZxRWr6rrdyus,So11111111111111111111111111111111111111112,EKpQGSJtjMFqKZ9KQanSqYXRcF8fBopzLHYxdM65zcjm,wSOL,$WIF,buy,3707367,1750000,3686223,1750000,fulfilled,Executed,jupiter-solve,28,33VWHFMk5XNLs66vAAh8caTrmivQkQytGfzZBMx9V1NzEcqGYANxTMRat3AEMA6NfSePiJrftHTTCkk2a9xtS7dJ,67,main
2026-10-02T23:37:54.016790Z,0xa57b6a9a938b103b6f77c389695a3ec1dbbb7e8926ffea6ae78922a842f73541,AQHstwk1uwAEnz8JE41HEbbD1EaPBjBwtid2qbo1Q3KD,So11111111111111111111111111111111111111112,4k3Dyjzvzp8eMZWUXbBCjEvwSkkk59S5iCNLY3QrkX6R,wSOL,RAY,buy,2414167,147000,2400510,147000,fulfilled,Executed,jupiter-solve,50,66X9U1U9qiJRKDVno8EMQDfVNrboi4oTfFbvEP8NJYvQpueEvA6zJn6ocSox77ZH6CgGuXt8vVu65bfj67SZWEcc,106,acquire
2026-10-02T23:37:59.807320Z,0x7545d036f921e80c7b5bdcae5de28d9de4d5c655e97f3f141c3e6f889784d9e7,HTsxGEXBSe8rdUJjtW7e4v4YChNXTVmLQXuqBvvQtJuF,So11111111111111111111111111111111111111112,7GCihgDB8fe6KNjn2MYtkzZcRjQy3t9GHdC8uHYmW2hr,wSOL,POPCAT,buy,3670172,8150000000,3651913,8150000000,fulfilled,Executed,jupiter-solve,16,47xDBc4RpiHdu9CiqfQXNfLxYDJo7yhswXPNz3YrU7aJgQhwyKCFmzw6i8m7XGJbHoRENLTynJyWmys83q8LvLoH,65,main
2026-10-02T23:38:00.530514Z,0x6b12a28145c9b7ca9b5a0a2c7670b1abd6c38b2c51c7c22accefb53daf9ce7ad,94bjVVSp8jgvP4ivAW3wFomkRpeE3xBouyCWErsR1ANz,So11111111111111111111111111111111111111112,6p6xgHyF7AeE6TZkSmFsko444wqoP15icUSqi2jfGiPN,wSOL,TRUMP,buy,3692140,206000,3680330,206000,fulfilled,Executed,rosato,11,2PHDXm7Vd6qbDjJBjJdaNp2qG9iVCEw9wvYTNXEUuQrjaprsvRxNbSBnN7aZuY6f3bULKvJWBFj2VFAhoWbdfL41,124,main
2026-10-02T23:38:03.929822Z,0xd467a47de602b90b14b71261f5cc43dc052b4ab08724c5b83f0a7727bf6b03ab,7RqUGHCV2tngEBctNc8o58nPDy6AsYzsUHAW2JgA2XX9,So11111111111111111111111111111111111111112,EKpQGSJtjMFqKZ9KQanSqYXRcF8fBopzLHYxdM65zcjm,wSOL,$WIF,buy,3619975,1710000,0,0,expired,Winner too late: creation blockhash expired,,,,92,acquire
2026-10-02T23:38:19.334452Z,0x5ec629329a9b3c19bfe55f6a89a064323385e8f6b3bddb4828b59d075f05475e,3FHY6qZALHavE387YcUMyqFYdYCiR5PbLSxdQBpwR6JK,EPjFWdd5AufqSSqeM2qN1xzybapC8G4wEGGkZwyTDt1v,4k3Dyjzvzp8eMZWUXbBCjEvwSkkk59S5iCNLY3QrkX6R,USDC,RAY,buy,460896,237000,458621,237000,fulfilled,Executed,jupiter-solve,25,m2CcYkJDfysHhZWmeazrjAf7QvAfLvf32nyJ1WiPNGU2chSLR5nHWEkLGGS2hjBDCPMThv5nttusTWZUX9NLmj5,95,main
2026-10-02T23:38:24.813172Z,0x9a3f566d9e4451f1709a965b55c093d3d1fec30a3eb8dc7e7a246f1c3ee0db4d,GcY8jk3HeHLDmdPa8wRVnHkn8f77frWdZxRWr6rrdyus,So11111111111111111111111111111111111111112,EKpQGSJtjMFqKZ9KQanSqYXRcF8fBopzLHYxdM65zcjm,wSOL,$WIF,buy,3704665,1750000,3684998,1750000,fulfilled,Executed,jupiter-solve,20,2KbK98KcPx59N7UHd8cGv5TfMfToCef8RDbW2PBswqTeVFmCSGGKNwYd9bjtUweqhHrRHwV6742kUN8SiBuxYUif,112,main
2026-10-02T23:38:26.929853Z,0x174c0232606669eaf07356f8522566f460e7aac82426fc200b95d85925870f7b,HTsxGEXBSe8rdUJjtW7e4v4YChNXTVmLQXuqBvvQtJuF,So11111111111111111111111111111111111111112,DezXAZ8z7PnrnRJjz3wXBoRgixCa6xjnB7YaB1pPB263,wSOL,Bonk,buy,3696381,12000000000,3683226,12000000000,fulfilled,Executed,rosato,33,2kEYnPCwSn1D5MufrZ4y57rdg3c5MFXSWTDsBp6vPbbKzspSG8oYYhesZ6TWMbqGd9Rk6MvceFNwUyYmns2ftBMd,109,main
2026-10-02T23:38:31.481166Z,0xe857627d9b67cf62e504336a677557842422ce9ded37a24b0cb3cbb532200da3,BQAD73uj3XftKnCB5ZB7P67b7AvEdfLefYbLiipch5oC,So11111111111111111111111111111111111111112,EPjFWdd5AufqSSqeM2qN1xzybapC8G4wEGGkZwyTDt1v,wSOL,USDC,buy,3866731,455434,3847647,455434,fulfilled,Executed,jupiter-solve,14,38jq5L5GpuAZUYGMq7mE2UNTr8CLRJC8mefrCZvYUeEYGnTvQsRz7BYUaQK1aXWT4kRZjXWwsLiDzMkybbT1rRKs,141,acquire
2026-10-02T23:38:36.927709Z,0x565229cbe12469f07354c2a6c6c8a29f55bd5997169cf36e97f2e190b8f0ca0a,9XSrZ8RkSZ3WDoGkrgWHrmMhixsoWZTLnPxBtQNWNK9c,So11111111111111111111111111111111111111112,EPjFWdd5AufqSSqeM2qN1xzybapC8G4wEGGkZwyTDt1v,wSOL,USDC,buy,34480,4061,34289,4061,fulfilled,Executed,jupiter-solve,65,498ok7rBk7E4C26ATqVBGUkjFh62A8TTZc3KJAjahRgoRauwHs8RsEsnCHZx97SZVypXrTak5iXDaLVNzyGDMNZN,78,acquire
2026-10-02T23:38:48.969792Z,0x8b594ef1f654454ebd8101243f78b37ab815765de79a1ee5be1972fe3f4c4d64,AQHstwk1uwAEnz8JE41HEbbD1EaPBjBwtid2qbo1Q3KD,4k3Dyjzvzp8eMZWUXbBCjEvwSkkk59S5iCNLY3QrkX6R,JUPyiwrYJFskUPiHa7hkeR8VUtAeFoSYbKedZNsDvCN,RAY,JUP,sell,372000,2274224,372000,2286772,fulfilled,Executed,jupiter-solve,24,4DfZKcak2Sm3tXAx1eDDF8RLh6BXL3AjVjvmeRwqZ3nqYDpMbmBcEu8cxAaMEZ8471XcpP26MrTzfWwrCpzUV8vU,106,main
2026-10-02T23:38:51.157313Z,0xd4a9f518429a4554c86f85b09e5b5db289f96777eb7fd510d3f41fe0d18c690d,BQAD73uj3XftKnCB5ZB7P67b7AvEdfLefYbLiipch5oC,EPjFWdd5AufqSSqeM2qN1xzybapC8G4wEGGkZwyTDt1v,jtojtomepa8beP8AuQc6eXt5FriJwfFMwQx2v2f9mCL,USDC,JTO,buy,464288,892000000,461979,892000000,fulfilled,Executed,jupiter-solve,22,2acnK8ugP3WvBwrREVSJFJSWrt6q64ADhBmcp4cfuji5bXrPXT7C2HMm2eUQkoBwWMT8Nc9QQh8PLCCNdwSwQanP,141,main
2026-10-02T23:38:52.381650Z,0x446920be8bb8d64ac6e1faf97bddc03862c1ac400ecceb87e330f68e2f3d6e21,7RqUGHCV2tngEBctNc8o58nPDy6AsYzsUHAW2JgA2XX9,DezXAZ8z7PnrnRJjz3wXBoRgixCa6xjnB7YaB1pPB263,11111111111111111111111111111111,Bonk,SOL (native),sell,27200000000,8277673,27200000000,8318059,fulfilled,Executed,fractal,9,5KFnk1Ld3nrY7Rt5vkkq6d6yMNujavFjVzvfJihz4ZCpMTXyGWZAUDkYwdnCxSgHHao2jsCtCks7zP9rAaykRmH8,122,main
2026-10-02T23:38:54.503637Z,0x9b2c38bdcd9d6c31d4cedba00e65cc923d9e05190dea90d45b9261c3eb0df623,3FHY6qZALHavE387YcUMyqFYdYCiR5PbLSxdQBpwR6JK,So11111111111111111111111111111111111111112,EPjFWdd5AufqSSqeM2qN1xzybapC8G4wEGGkZwyTDt1v,wSOL,USDC,buy,3686597,434198,3667544,434198,fulfilled,Executed,jupiter-solve,17,2r1azmBUwEYZfnBxt4fwuj9QSNF1ojpzPRfSiFsChYH61R6hC7ogbu55vSx8rv7MKFGEAtB9Zk2koZce6fzRAswu,133,acquire
2026-10-02T23:39:09.239835Z,0xdd431f3b4ab87bcf6cf4de4d93aa0f540f33e9da6cf522fc4ce5d9501887d4a5,7RqUGHCV2tngEBctNc8o58nPDy6AsYzsUHAW2JgA2XX9,So11111111111111111111111111111111111111112,EKpQGSJtjMFqKZ9KQanSqYXRcF8fBopzLHYxdM65zcjm,wSOL,$WIF,buy,3701938,1750000,3683138,1750000,fulfilled,Executed,jupiter-solve,32,3zPprLWvBpP8urB676EWXcaJKHkG1cHYpoQN4aftPqgzVFLyNKLedE9D3c7zUtoxWr9J5tYHZwuTHCyiRpYTC59i,134,main
2026-10-02T23:39:10.961136Z,0x1f7d1d974c0b9d137fe5c6b8144b52a56cd4eb5594f540f5ce90ca0bcd4d5f0b,HTsxGEXBSe8rdUJjtW7e4v4YChNXTVmLQXuqBvvQtJuF,So11111111111111111111111111111111111111112,EKpQGSJtjMFqKZ9KQanSqYXRcF8fBopzLHYxdM65zcjm,wSOL,$WIF,buy,3701938,1750000,3681509,1750000,fulfilled,Executed,jupiter-solve,55,4BhhWnXCwAhSNzg1vjEdXgnxdywDWmMPSejFr4BnPNPJUGXaLemBZ3SnM6XAVksPRSuHHgrpwh47pCWffsLW4pHj,119,main
2026-10-02T23:39:15.313692Z,0x4162987c6bc3ecf4563b3709dbe41878a0e08ebd092325c69a782d596e70c15f,3FHY6qZALHavE387YcUMyqFYdYCiR5PbLSxdQBpwR6JK,EPjFWdd5AufqSSqeM2qN1xzybapC8G4wEGGkZwyTDt1v,4k3Dyjzvzp8eMZWUXbBCjEvwSkkk59S5iCNLY3QrkX6R,USDC,RAY,buy,437592,225000,435790,225000,fulfilled,Executed,jupiter-solve,27,2VfjeiGQFYxKZvxujb99H1F7gdueLzreimfrUTCEqSavMnXoxFgLBBPKUsvAULN4AVfgdvVAgRgHJsNssEGDHx79,133,main
2026-10-02T23:39:17.652085Z,0x9384b29472ad6fdac38b78c2ccad007ca42360444e5e4390f771577fa47d2c60,AQHstwk1uwAEnz8JE41HEbbD1EaPBjBwtid2qbo1Q3KD,J1toso1uCk3RLmjorhTtrVwY9HJ7X8V9yYac6Y7kGCPn,mSoLzYCxHdYgdzU16g5QSh3i5K3z3KZK7ytfqcJm7So,JitoSOL,mSOL,sell,2460000,2265050,2460000,2273842,fulfilled,Executed,fractal,11,z4StTMkW3LkdzFBqQB6thiESQVzqLz4ccGtyt8ZcESUUjkFjLXKp665BghT9aaM4V8yHNvHRB17s1KUjhv9ARRh,113,main
2026-10-02T23:39:30.823526Z,0x2676bdece4da9dbd35037522d3f767e839fb7dcf15abb13b26f1955ea3180425,BPmy52DKPodqoSUirZUBedULujAZr6s778i4hc153r1X,So11111111111111111111111111111111111111112,jtojtomepa8beP8AuQc6eXt5FriJwfFMwQx2v2f9mCL,wSOL,JTO,buy,2384902,542971058,2374779,542971058,fulfilled,Executed,rosato,12,3d5oZw5kqD3GA9NnaLUYwtECUVYpo8udNybxu5KmZZNPzUrYykfazbFE3BDbUPTSoD6PqDdHLeYZ3jxUjMc1WCPX,77,acquire
2026-10-02T23:39:35.125908Z,0xce3c2144f19f1cd2e53aaef9a3e5895a83ddd58f45fd2ccb7f6be34da575d1c8,AQHstwk1uwAEnz8JE41HEbbD1EaPBjBwtid2qbo1Q3KD,So11111111111111111111111111111111111111112,EPjFWdd5AufqSSqeM2qN1xzybapC8G4wEGGkZwyTDt1v,wSOL,USDC,buy,3654167,430669,3636436,430669,fulfilled,Executed,jupiter-solve,62,3rcVbawVepBSSWCmKm9JT46hpXPbZ54N5hGQtjhKpv1FMsYEhUeeAqW6kd21wmhwsWKefUfG9wterd1dQNDRKtro,121,acquire
2026-10-02T23:39:47.407812Z,0xe2a800f18aa71fa55807b88dc1dfe97bd1c37a4b0422a4193a6922faffc50915,9XSrZ8RkSZ3WDoGkrgWHrmMhixsoWZTLnPxBtQNWNK9c,EPjFWdd5AufqSSqeM2qN1xzybapC8G4wEGGkZwyTDt1v,JUPyiwrYJFskUPiHa7hkeR8VUtAeFoSYbKedZNsDvCN,USDC,JUP,buy,432886,1370000,430733,1370000,fulfilled,Executed,jupiter-solve,22,2AdAc4aqLzrBe72MECzP6RAd5qK8rdFdVKyG9fT3xWDgvNSTYJ6Z1U7hGh1uUaQ3aBZsuBJn5v2JdSp68yP13wJ6,78,main
2026-10-02T23:39:49.452420Z,0xb3074cbac1efe4732e69fdde706bcfcd1bd31a876bd094bb45aeb67e9fc0263a,BPmy52DKPodqoSUirZUBedULujAZr6s778i4hc153r1X,jtojtomepa8beP8AuQc6eXt5FriJwfFMwQx2v2f9mCL,EPjFWdd5AufqSSqeM2qN1xzybapC8G4wEGGkZwyTDt1v,JTO,USDC,sell,1340000000,687944,1340000000,690705,fulfilled,Executed,rosato,7,5i1XGfwyaWNhqErUYPmgF7ZhCEzNixJJkEyiWyHYreiTi8WeGkcSUdybsnrYFxyxPvFf4GMrUK4VZnt98sAf7wVd,77,main
2026-10-02T23:40:01.654574Z,0x0bf9e84afc96ca362e105500a5c370eb7154f674a8b1b0cecb7decee84c52d39,BPmy52DKPodqoSUirZUBedULujAZr6s778i4hc153r1X,EPjFWdd5AufqSSqeM2qN1xzybapC8G4wEGGkZwyTDt1v,J1toso1uCk3RLmjorhTtrVwY9HJ7X8V9yYac6Y7kGCPn,USDC,JitoSOL,sell,660000,4245704,660000,4267099,fulfilled,Executed,fractal,14,b6pX1D2XVxQSTM4mAaFe4C82vpr23XbJnTjnD8xt1Bhs9zXjuRLwZ4Fev7J6SB7iKS11PeQs2kWdUco3XGPKMcs,87,main
2026-10-02T23:40:12.550382Z,0x3fe5d4c2cc0efcfdc1284688628517cd933aea2f89b4c5302e463815282032c3,HTsxGEXBSe8rdUJjtW7e4v4YChNXTVmLQXuqBvvQtJuF,DezXAZ8z7PnrnRJjz3wXBoRgixCa6xjnB7YaB1pPB263,11111111111111111111111111111111,Bonk,SOL (native),sell,17900000000,5472899,0,0,expired,Winner too late: creation blockhash expired,,,,123,main
2026-10-02T23:40:14.739342Z,0x46223863f49efe43f40333e1c08d790f7397735729482166b83e2c56c76b1ad5,9XSrZ8RkSZ3WDoGkrgWHrmMhixsoWZTLnPxBtQNWNK9c,JUPyiwrYJFskUPiHa7hkeR8VUtAeFoSYbKedZNsDvCN,DezXAZ8z7PnrnRJjz3wXBoRgixCa6xjnB7YaB1pPB263,JUP,Bonk,sell,1200000,10324289465,1200000,10365040775,fulfilled,Executed,rosato,6,3HWgmHoo3AcSgQnfYsU47vz51ggqNEzph9znK6uTkt6XnxZbQb2atcrGjubHDvnp5AZrzLQ1X1jxCEXDdyZuprj9,129,main
2026-10-02T23:40:19.137425Z,0x4bc264878d1d51003b1dce8f60173932c99536b0ca51c44995c392f6c711490d,BPmy52DKPodqoSUirZUBedULujAZr6s778i4hc153r1X,J1toso1uCk3RLmjorhTtrVwY9HJ7X8V9yYac6Y7kGCPn,DezXAZ8z7PnrnRJjz3wXBoRgixCa6xjnB7YaB1pPB263,JitoSOL,Bonk,sell,3510000,14858348625,3510000,14926376815,fulfilled,Executed,rosato,10,4dfyiUAAamkJBxP1Tae7xuyTbgJQ2byDbSz7bk5FmXxWPD7QBc3pesacxewrg76PFWaVq6pdiC4HXxs21SLGWRK1,96,main
2026-10-02T23:40:33.520785Z,0x7dc7fe730e415dbfa5c3f4378ab3dce60513bd1fff17464622f724c3d8ae6f38,BPmy52DKPodqoSUirZUBedULujAZr6s778i4hc153r1X,DezXAZ8z7PnrnRJjz3wXBoRgixCa6xjnB7YaB1pPB263,Es9vMFrzaCERmJfrF4H2FYD4KCoNkY11McCe8BenwNYB,Bonk,USDT,sell,14800000000,533769,14800000000,535914,fulfilled,Executed,fractal,9,3Udg97LAH2hvDzgsSTeUAYu89ijTncyukesr8Ztdfj3pf15QYhLAGNijTXshvz8B2v115U6BR2owLme3SEcM7iir,105,main
2026-10-02T23:40:43.370852Z,0xc97f1e254e9507726b363846a45f8c7c645bb6c0ffa2f4bc5fe18a5e454efa70,AQHstwk1uwAEnz8JE41HEbbD1EaPBjBwtid2qbo1Q3KD,EPjFWdd5AufqSSqeM2qN1xzybapC8G4wEGGkZwyTDt1v,JUPyiwrYJFskUPiHa7hkeR8VUtAeFoSYbKedZNsDvCN,USDC,JUP,buy,432902,1370000,431180,1370000,fulfilled,Executed,rosato,16,xNWna9dFZhuKn55BNd5McmokYoiMBCxidf3RaeW2pU9Cayb89r5XwGoEubppQxrrKsW4hqM3Z93ynuzHguF3q9F,121,main
2026-10-02T23:40:51.069319Z,0xeb8a09ef2028cb3e88b8f3c39f552c0fcce7994bbf013d1338d9907bb830cb00,BPmy52DKPodqoSUirZUBedULujAZr6s778i4hc153r1X,EPjFWdd5AufqSSqeM2qN1xzybapC8G4wEGGkZwyTDt1v,mSoLzYCxHdYgdzU16g5QSh3i5K3z3KZK7ytfqcJm7So,USDC,mSOL,buy,429671,2560000,427470,2560000,fulfilled,Executed,jupiter-solve,14,33yv71eGPar7UyV11E8aQkQ7eNhEpRujqSjzJUhzwcVWCShR71ZC7n6xJqnrmB5pdXB24isQoPMx5LYvbAhJumBj,126,main
2026-10-02T23:40:55.489085Z,0xf76fede9afe72aceba2e5c6dd153f301c9987ead5a30528b73c2d50377781320,HTsxGEXBSe8rdUJjtW7e4v4YChNXTVmLQXuqBvvQtJuF,DezXAZ8z7PnrnRJjz3wXBoRgixCa6xjnB7YaB1pPB263,11111111111111111111111111111111,Bonk,SOL (native),sell,17900000000,5447052,17900000000,5476561,fulfilled,Executed,jupiter-solve,10,5MRzYZh2B2MhPZXBiQ2fNkzrTUULtGbZ6pvyb3MvHPYGe4NKdJU5kcVdgGnPR8jQQK7vGNNJFJitwaDsFix3t9KT,123,main
2026-10-02T23:41:08.675418Z,0xa988504248534cfbc7f76f434f4b38a567c26a37fed6f074d4b6eb4a503bb7f6,BPmy52DKPodqoSUirZUBedULujAZr6s778i4hc153r1X,Es9vMFrzaCERmJfrF4H2FYD4KCoNkY11McCe8BenwNYB,J1toso1uCk3RLmjorhTtrVwY9HJ7X8V9yYac6Y7kGCPn,USDT,JitoSOL,sell,493000,3170642,493000,3183577,fulfilled,Executed,fractal,6,3YhgfKACPAwtUVtmLhpZUhv4VjfAjyauzmS5Ts1CcFuWMRG59knfUe5kjY6UkZNVh7yA4jZV1HYSXnf37SWYkWc4,135,main
2026-10-02T23:41:10.809752Z,0x5bdbd83f663e9b02923fd04f74adc2148cfaa232ca0610852b16baa539df3ba9,HTsxGEXBSe8rdUJjtW7e4v4YChNXTVmLQXuqBvvQtJuF,So11111111111111111111111111111111111111112,7GCihgDB8fe6KNjn2MYtkzZcRjQy3t9GHdC8uHYmW2hr,wSOL,POPCAT,buy,3662188,8150000000,3648594,8150000000,fulfilled,Executed,jupiter-solve,17,4r1Ev3dxqQLFayABX8zcn3RtpGAMkZFqBRMvxTfiv2RjFRMRYNftVcV89Fiyf28nLJqRCe4447GLKCZc9Ln4VY6a,138,main
2026-10-02T23:41:31.978922Z,0x8d1adfdbc1ccaef42dda04c21e08d848d4b58d8583efbdc5084f19909c2cc723,4p3tgZxpw2gKnJnVwQ4Ah3av47HywcXfFaXTFGNU2aTT,6p6xgHyF7AeE6TZkSmFsko444wqoP15icUSqi2jfGiPN,11111111111111111111111111111111,TRUMP,SOL (native),sell,206000,3643777,206000,3660271,fulfilled,Executed,jupiter-solve,53,5ATzghzPFojYojj1sQV85uYvn5sU5Reep2a9GCnxY5qEveyqmbGTtnz9uSpfpfeAocDkeZuLrTQXvb6iN8ysq169,,cleanup
2026-10-02T23:41:33.302506Z,0x8e581dba1cc243a0427a965cd90f4e1dfbd8bbd9cb4cce20a3e0ccd75ff59323,BQAD73uj3XftKnCB5ZB7P67b7AvEdfLefYbLiipch5oC,jtojtomepa8beP8AuQc6eXt5FriJwfFMwQx2v2f9mCL,11111111111111111111111111111111,JTO,SOL (native),sell,892000000,3862476,892000000,3873295,fulfilled,Executed,fractal,8,5EuXTLNBWQw9HAZ6LQV8tnujAAAs4dkgfT3RydUN7XdP8fTswrH6bfVzC3Cah9kVGzYhgxQsHUsuqmphGJx8u2Ae,,cleanup
2026-10-02T23:41:34.448250Z,0x7f324e465750f763c1486ce688b56194262870e585d26d5bf9bba53310a1a124,DoD7Kb5bE6Jr7Eq2JTdYwfLn7718RzpYxKyQen2rxiBQ,EPjFWdd5AufqSSqeM2qN1xzybapC8G4wEGGkZwyTDt1v,11111111111111111111111111111111,USDC,SOL (native),sell,210837,1766663,210837,1775224,fulfilled,Executed,jupiter-solve,51,4uD1TRNBHadoP4GHZZ5KNfyqG8w4y3HRXZBeE4YzfrRhga4hywVFtrpxC8yay1CEmVLWzES3bVVd6amDTAJcGcat,,cleanup
2026-10-02T23:41:36.754981Z,0xa162cfbf494adb127af95436458ad66cbb7181127c8203dbe051d724cf9697da,AM6Qwi3vwMCGpRbJ55zDatByeAtsbcfXvXBh77be8C9T,EPjFWdd5AufqSSqeM2qN1xzybapC8G4wEGGkZwyTDt1v,11111111111111111111111111111111,USDC,SOL (native),sell,533813,4474477,533813,4496900,fulfilled,Executed,fractal,10,2uwdtJJzXFabfKsECMfSX57V7ou9sLNxy7BNq9XCLJ8h68XHAx86uSHACbUmcmSM9Gd7otbUA9Ky486xygiLAnHU,,cleanup
2026-10-02T23:41:36.958488Z,0xa8f04271bbcf854daada2cc411cf3902aeeabd0fd4f0ae90c32329a300563f28,3FHY6qZALHavE387YcUMyqFYdYCiR5PbLSxdQBpwR6JK,4k3Dyjzvzp8eMZWUXbBCjEvwSkkk59S5iCNLY3QrkX6R,11111111111111111111111111111111,RAY,SOL (native),sell,462000,7487100,462000,7523879,fulfilled,Executed,fractal,10,dVVFZWpENt5hGNL5ADbxa3cpEJs1L96TLvuM38NQkkSAkshr4cLt5km5fS6fnZKL5hFXD2WqKSm9rL6NDzaVwuY,,cleanup
2026-10-02T23:41:46.608768Z,0x9e872b4534d2ead9cf5e07336fff4ad6fe3cf8f3abadc3e27be7ea27c6255be4,BQAD73uj3XftKnCB5ZB7P67b7AvEdfLefYbLiipch5oC,mSoLzYCxHdYgdzU16g5QSh3i5K3z3KZK7ytfqcJm7So,11111111111111111111111111111111,mSOL,SOL (native),sell,2560000,3580341,2560000,3595724,fulfilled,Executed,fractal,5,2yqVPJhpJyikTSbKgjGitzXSMD7cfQvVAsmu1v1vN755H73TYgLHmtdLTgXiG3Qz5MCpEnjjA3FMvuT2HZyBHr14,,cleanup
2026-10-02T23:41:50.985082Z,0xf33248185d22d842e79a9ab39772d4470c7ed7ece503fc504193c27785609231,3FHY6qZALHavE387YcUMyqFYdYCiR5PbLSxdQBpwR6JK,7GCihgDB8fe6KNjn2MYtkzZcRjQy3t9GHdC8uHYmW2hr,11111111111111111111111111111111,POPCAT,SOL (native),sell,7442223764,3305153,7442223764,3321761,fulfilled,Executed,jupiter-solve,7,EN5ge4Yz2QN4ojAmnvTRdPENnYm1qH3iGdbzaEsWbSzFn9LGbGGLExxEkiRyPeCRLvzPzQwF24PCnEmA83PmGrL,,cleanup
2026-10-02T23:42:01.760901Z,0xd1143bc5e1c18a7cbb8be4aba84a3cb977cfd6f193369b5b5644b57753ddfd78,BQAD73uj3XftKnCB5ZB7P67b7AvEdfLefYbLiipch5oC,4k3Dyjzvzp8eMZWUXbBCjEvwSkkk59S5iCNLY3QrkX6R,11111111111111111111111111111111,RAY,SOL (native),sell,34000,550803,0,0,expired,Expired without a fill,,,,,cleanup
2026-10-02T23:42:04.100521Z,0x6f7a837b4b51ed452ba4a0f097a1eea2492e3aa028c15e668ef3b5d8d986d434,3FHY6qZALHavE387YcUMyqFYdYCiR5PbLSxdQBpwR6JK,EPjFWdd5AufqSSqeM2qN1xzybapC8G4wEGGkZwyTDt1v,11111111111111111111111111111111,USDC,SOL (native),sell,14920,125018,0,0,expired,Expired without a fill,,,,,cleanup
2026-10-02T23:42:11.423771Z,0xae8cd5c5688c281353b6b0cc1467e7449acdd520843eff6448d35d9881af8a83,7RqUGHCV2tngEBctNc8o58nPDy6AsYzsUHAW2JgA2XX9,DezXAZ8z7PnrnRJjz3wXBoRgixCa6xjnB7YaB1pPB263,11111111111111111111111111111111,Bonk,SOL (native),sell,8800000000,2676309,8800000000,2689528,fulfilled,Executed,jupiter-solve,38,Y8aGma7UJW9UMyaA9VCDBqAmjH16P7iu6PBGB5pGDipvFnLfkmKzzvVL3FQoQM5GkMXqKenuUnrjvnSnNg1xGrW,,cleanup
2026-10-02T23:42:32.476271Z,0xd7443df027ce20858356bc8d2c5cbc89faf71121ae0484b7dfe7c2aa0d4baf9b,DoD7Kb5bE6Jr7Eq2JTdYwfLn7718RzpYxKyQen2rxiBQ,Es9vMFrzaCERmJfrF4H2FYD4KCoNkY11McCe8BenwNYB,11111111111111111111111111111111,USDT,SOL (native),sell,525528,4402713,525528,4424741,fulfilled,Executed,fractal,9,2aoyv6C9LGsWvgRGyN2b2iQng6SPZn1BtqLSLvPLpnvYfzy3iTCam6kmBwxE2qotBf5YtYg7pgkSA5vAceHjDa5y,,cleanup
2026-10-02T23:42:54.657872Z,0xa2daedb241d5b4a83eed9b4b97d7488253d5f06b080a53f7bf4b6f39623c9678,FjcXArDzUrBTJ1Lv6Yc8n9atjkNYaxKosVjn6VSxZTrK,7GCihgDB8fe6KNjn2MYtkzZcRjQy3t9GHdC8uHYmW2hr,11111111111111111111111111111111,POPCAT,SOL (native),sell,820000000,364159,0,0,expired,Expired without a fill,,,,,cleanup
2026-10-02T23:42:57.112054Z,0xf2d688099c7b117374c56c2d9b384046b66b3566daec384c76b2ab083a7539e2,7RqUGHCV2tngEBctNc8o58nPDy6AsYzsUHAW2JgA2XX9,EKpQGSJtjMFqKZ9KQanSqYXRcF8fBopzLHYxdM65zcjm,11111111111111111111111111111111,$WIF,SOL (native),sell,1750000,3656057,1750000,3672559,fulfilled,Executed,fractal,14,56zeCLemB624iz72ASLHB7LT3CpMisevAswaiNxaPwE2c8BVEKxormsbDjXuJSGdYcmtdeYTYCfcnHSyKoyUBdYj,,cleanup
2026-10-02T23:43:04.593462Z,0x5f1884e3b419ffbdce61a4fee6b483053a50120e2bc973b44aa01810c44a1753,BPmy52DKPodqoSUirZUBedULujAZr6s778i4hc153r1X,mSoLzYCxHdYgdzU16g5QSh3i5K3z3KZK7ytfqcJm7So,11111111111111111111111111111111,mSOL,SOL (native),sell,2560000,3580341,2560000,3598332,fulfilled,Executed,jupiter-solve,35,3SuzrFmC6cLsetekBsWwN1cnUiRYCfuRjnXEeE8GRFZpZJmeGv2nSr3xGvpfh1StaGEQotVE8NUsyonqoRZRpk5y,,cleanup
2026-10-02T23:43:17.008544Z,0xfaa7000f1308fdd4543aaa965d1fe8408afbfeb67731165779110ac2d45eb9bb,7RqUGHCV2tngEBctNc8o58nPDy6AsYzsUHAW2JgA2XX9,EPjFWdd5AufqSSqeM2qN1xzybapC8G4wEGGkZwyTDt1v,11111111111111111111111111111111,USDC,SOL (native),sell,54302,454937,0,0,expired,Expired without a fill,,,,,cleanup
2026-10-02T23:43:45.762986Z,0x60f8a204fc7dd386313fcec45f677f59cd07a41f2104e27a11e7418a5824dd1d,BPmy52DKPodqoSUirZUBedULujAZr6s778i4hc153r1X,DezXAZ8z7PnrnRJjz3wXBoRgixCa6xjnB7YaB1pPB263,11111111111111111111111111111111,Bonk,SOL (native),sell,126376815,38520,0,0,expired,Expired without a fill,,,,,cleanup
2026-10-02T23:44:07.709308Z,0xa08de91ff3a76903ce244e31ce4cd48b17a9cabf4ffb549a902fde45aa86b258,BQAD73uj3XftKnCB5ZB7P67b7AvEdfLefYbLiipch5oC,4k3Dyjzvzp8eMZWUXbBCjEvwSkkk59S5iCNLY3QrkX6R,11111111111111111111111111111111,RAY,SOL (native),sell,34000,550410,0,0,expired,Expired without a fill,,,,,cleanup
2026-10-02T23:44:15.845269Z,0xfc4f2ea07bbccc8d942490a3a75764e66873894b2b277b23673c8669c22ae7a4,3FHY6qZALHavE387YcUMyqFYdYCiR5PbLSxdQBpwR6JK,EPjFWdd5AufqSSqeM2qN1xzybapC8G4wEGGkZwyTDt1v,11111111111111111111111111111111,USDC,SOL (native),sell,14920,124974,0,0,expired,Expired without a fill,,,,,cleanup
2026-10-02T23:45:05.935254Z,0xd9c9ddd500f70ac7a469b2885569db266b9de647479b27c383b9e14d222263ad,FjcXArDzUrBTJ1Lv6Yc8n9atjkNYaxKosVjn6VSxZTrK,7GCihgDB8fe6KNjn2MYtkzZcRjQy3t9GHdC8uHYmW2hr,11111111111111111111111111111111,POPCAT,SOL (native),sell,820000000,364175,0,0,expired,Expired without a fill,,,,,cleanup
2026-10-02T23:45:28.468641Z,0x40df245ec3cb642a2fc7801e06edaf280ba089946f7cc94961893b8ce93b3648,7RqUGHCV2tngEBctNc8o58nPDy6AsYzsUHAW2JgA2XX9,EPjFWdd5AufqSSqeM2qN1xzybapC8G4wEGGkZwyTDt1v,11111111111111111111111111111111,USDC,SOL (native),sell,54302,454760,0,0,expired,Expired without a fill,,,,,cleanup
2026-10-02T23:45:56.153420Z,0xf08f6bd420137237f33dbf6daff9f88afea0efea37e89834ce4291ff2499d499,BPmy52DKPodqoSUirZUBedULujAZr6s778i4hc153r1X,DezXAZ8z7PnrnRJjz3wXBoRgixCa6xjnB7YaB1pPB263,11111111111111111111111111111111,Bonk,SOL (native),sell,126376815,38584,0,0,expired,Expired without a fill,,,,,cleanup
2026-10-02T23:46:18.950545Z,0xfd9a8ca393f4eabb2b2b1c00549f90d1d4de525a60e21afd9c40908716551d2e,BQAD73uj3XftKnCB5ZB7P67b7AvEdfLefYbLiipch5oC,EPjFWdd5AufqSSqeM2qN1xzybapC8G4wEGGkZwyTDt1v,11111111111111111111111111111111,USDC,SOL (native),sell,16203,135768,0,0,expired,Expired without a fill,,,,,cleanup
2026-10-02T23:46:38.237397Z,0x11b6a448c6cd71d7a2a45b199efef265ac84e46225d6f81a9a90a1c51be7bef9,HTsxGEXBSe8rdUJjtW7e4v4YChNXTVmLQXuqBvvQtJuF,7GCihgDB8fe6KNjn2MYtkzZcRjQy3t9GHdC8uHYmW2hr,11111111111111111111111111111111,POPCAT,SOL (native),sell,16300000000,7239378,16300000000,7279989,fulfilled,Executed,jupiter-solve,22,zo2L4enXBYxCGuqM2cvYE3iFx6WE3EbWhFgWuc4D3ks8DxypXzk2qHxTJnWPcQ8AC7BBZYV2e47itduUU9JRWz1,,cleanup
2026-10-02T23:47:05.952177Z,0x20df5a7df034e1fc6a940f4f82dfed7615db4af801495c6d3e36c8e325c45b4a,HTsxGEXBSe8rdUJjtW7e4v4YChNXTVmLQXuqBvvQtJuF,DezXAZ8z7PnrnRJjz3wXBoRgixCa6xjnB7YaB1pPB263,11111111111111111111111111111111,Bonk,SOL (native),sell,6100000000,1852883,6100000000,1861118,fulfilled,Executed,rosato,17,3K2bq6xy7uEFmy8w2AdDufhWBTCDaYd4Bmy9yonevzFTbna4CRem81vuXnU3XCSYeeU1JnfVwPz2TMgn6ujyBrFa,,cleanup
2026-10-02T23:47:18.047482Z,0x9bd03ec2cff1d6b70b0dbcb4f84dd8fb1ec280e7cb3ed2c36e5cf5983b871d0c,FjcXArDzUrBTJ1Lv6Yc8n9atjkNYaxKosVjn6VSxZTrK,EKpQGSJtjMFqKZ9KQanSqYXRcF8fBopzLHYxdM65zcjm,11111111111111111111111111111111,$WIF,SOL (native),sell,1750000,3652038,1750000,3670389,fulfilled,Executed,jupiter-solve,9,E5zWV8T3SCjm2PbN6V18DwUCxZP27i2YtWENV9Ee1rVS1EQhY7hUXYcPTsneRGUzdBCotbPeqLrf6wBXanUQsFr,,cleanup
2026-10-02T23:47:28.971453Z,0xe3f8448559483102b1058c275aba769afe61a79c24fa7b783917959bf5b4cdf2,HTsxGEXBSe8rdUJjtW7e4v4YChNXTVmLQXuqBvvQtJuF,EKpQGSJtjMFqKZ9KQanSqYXRcF8fBopzLHYxdM65zcjm,11111111111111111111111111111111,$WIF,SOL (native),sell,3500000,7307042,3500000,7342577,fulfilled,Executed,fractal,7,4yZUwQ3xa57L7GTULdBEghxCkhtQsTKEo8dM2wZUMNjq1jhHhJRZBEicw67Fg1RcWXNUFHYuvWif11LxiKa3uStM,,cleanup
2026-10-02T23:47:41.160600Z,0x0cdba56d8d29604a305ace8137e42d12fda9cca256b523d79a3c6a9a4a4c1677,GcY8jk3HeHLDmdPa8wRVnHkn8f77frWdZxRWr6rrdyus,EKpQGSJtjMFqKZ9KQanSqYXRcF8fBopzLHYxdM65zcjm,11111111111111111111111111111111,$WIF,SOL (native),sell,3500000,7306996,3500000,7342554,fulfilled,Executed,fractal,5,51HTiX6QUWy3iF8ioDjxKpbycv8fQEbrgjuQdXdDwTuhrsxrAQDKR6SVnbzyeLP7Tn1pv4vPETpq8BBqn1rXjhpp,,cleanup
2026-10-02T23:48:09.936852Z,0x904874df81ffe33c1d3406b5c098d1fd80eb655317c3be04484e8ddef26ca71c,BPmy52DKPodqoSUirZUBedULujAZr6s778i4hc153r1X,EPjFWdd5AufqSSqeM2qN1xzybapC8G4wEGGkZwyTDt1v,11111111111111111111111111111111,USDC,SOL (native),sell,45072,377507,0,0,expired,Expired without a fill,,,,,cleanup
2026-10-02T23:48:29.124256Z,0x482ae37299e69b1faae7fd12b397d742a8f81d4b0be71a63c7fc796526913ed1,CaMSDEBp5zy2QxSYqDxqbk28qxFwzLXiNdFJiv9TKqhU,EPjFWdd5AufqSSqeM2qN1xzybapC8G4wEGGkZwyTDt1v,11111111111111111111111111111111,USDC,SOL (native),sell,426163,3570606,426163,3586598,fulfilled,Executed,fractal,24,ZXmTFFScCq4WwcLaeQAk9PjHdsFFdM8da9x7t5PjD3aJroT2aygKjm6Qu4i3K4ihgtVxVXjdthTNEdx3RkoxqgP,,cleanup
2026-10-02T23:48:31.356987Z,0xd1ce520e7026fb21a64bfda340a879eac5a45b75cdbbb09a902d5d74d16a2bdd,BQAD73uj3XftKnCB5ZB7P67b7AvEdfLefYbLiipch5oC,EPjFWdd5AufqSSqeM2qN1xzybapC8G4wEGGkZwyTDt1v,11111111111111111111111111111111,USDC,SOL (native),sell,16203,135714,0,0,expired,Expired without a fill,,,,,cleanup
2026-10-02T23:48:33.389716Z,0xa9380aa07f701df34b6a1b9dd0279b8ce3d4e1fb503e176c672e6e783d4e235a,AQHstwk1uwAEnz8JE41HEbbD1EaPBjBwtid2qbo1Q3KD,JUPyiwrYJFskUPiHa7hkeR8VUtAeFoSYbKedZNsDvCN,11111111111111111111111111111111,JUP,SOL (native),sell,3656772,9646620,3656772,9693586,fulfilled,Executed,fractal,11,CFC7CnxSToJnP5H2nq15FGYYsddFq7BrnLJ22npjSNMnLAaVvbtigskPqQxMWMuc8oo7i74GdRKsh62AYEzhFNa,,cleanup
2026-10-02T23:48:52.198894Z,0xa3c5e5b0225b45538f0072e813119b198d92831b2fb382e75c1d421b8368722b,AQHstwk1uwAEnz8JE41HEbbD1EaPBjBwtid2qbo1Q3KD,jtojtomepa8beP8AuQc6eXt5FriJwfFMwQx2v2f9mCL,11111111111111111111111111111111,JTO,SOL (native),sell,693902064,3006868,693902064,3019248,fulfilled,Executed,rosato,5,5XwcbxkjGXgX3exBdD1kLYxi4DXzwwCNbEYuZ76nEjoKXrFmjQ7ZT7eWKe1Lhj49Q1WoScisDDFr62PTvRGorRYu,,cleanup
2026-10-02T23:48:57.851978Z,0xeed34ce2335b659b463feda6817dc4e71d1c51db5e5633e2d265c1c6f3bc4085,CaMSDEBp5zy2QxSYqDxqbk28qxFwzLXiNdFJiv9TKqhU,Es9vMFrzaCERmJfrF4H2FYD4KCoNkY11McCe8BenwNYB,11111111111111111111111111111111,USDT,SOL (native),sell,167169,1399676,167169,1406672,fulfilled,Executed,jupiter-solve,36,59eXULkUCpkDivzc66dKPfx2UmD1hXw61cmbaAZPfWHnNecqdXF5hCvpXc49mLbfCKg6gF655yq8HSP5WD7m38th,,cleanup
2026-10-02T23:48:59.634929Z,0xa051292a1dd12e77cfe95a10728e4847c1aeb9fc36774b99b7e55fa596597fca,CDY1rvEes25vx7DZwxp5BRSgAewDQMgwBExfAMEymdMC,EPjFWdd5AufqSSqeM2qN1xzybapC8G4wEGGkZwyTDt1v,11111111111111111111111111111111,USDC,SOL (native),sell,125846,1053906,125846,1059159,fulfilled,Executed,jupiter-solve,10,4GX2uj5DX1czDDwiDQ9ZzyydCTXEuqbw4iuu3Z7zD4tSQx4Rc4wLdKSPc4RgiunPRgfQ43iXndUkd4yhg3dmt4nu,,cleanup
2026-10-02T23:49:02.091845Z,0x86fc9ca8485e075ec08324d2f58108633d6b90fd74cb73fd3153773050fab794,AQHstwk1uwAEnz8JE41HEbbD1EaPBjBwtid2qbo1Q3KD,mSoLzYCxHdYgdzU16g5QSh3i5K3z3KZK7ytfqcJm7So,11111111111111111111111111111111,mSOL,SOL (native),sell,2683842,3753542,2683842,3772404,fulfilled,Executed,jupiter-solve,8,APyHZ95QdmKHNshZkbZkQZUmkshZU6rJhF58fdUantUJxQA274D6wmXe6fyhm94hkAnDWAyERtKWhXV174z7nbU,,cleanup
2026-10-02T23:49:15.583981Z,0x49ef86ac7bfbf4031189b42da596cc03fe84f975a8da52ae3cc234b24056737d,CDY1rvEes25vx7DZwxp5BRSgAewDQMgwBExfAMEymdMC,Es9vMFrzaCERmJfrF4H2FYD4KCoNkY11McCe8BenwNYB,11111111111111111111111111111111,USDT,SOL (native),sell,932739,7815718,932739,7852868,fulfilled,Executed,fractal,9,3FM8XmQPxkaFRoYuWYhN8RJNidwR9c5x6EDv3ef8NFg1AZ2WYnWEpuDocKqfwZecQV8g3DuurFuuVsjMqFiGhh1T,,cleanup
2026-10-02T23:49:16.195339Z,0x77249f22cd7edfb23d8af6d8f5ea478dc211c2baae3896209abebfcbf84cf573,AQHstwk1uwAEnz8JE41HEbbD1EaPBjBwtid2qbo1Q3KD,EPjFWdd5AufqSSqeM2qN1xzybapC8G4wEGGkZwyTDt1v,11111111111111111111111111111111,USDC,SOL (native),sell,14627,122487,0,0,expired,Expired without a fill,,,,,cleanup
2026-10-02T23:49:43.740194Z,0x73fda9d813b874288c13f83cefb478cc3f7f9b69823a8db94554ffcc0883a90e,91V7pVaQyARieyPXcNpxQZdqk5KoH7P1vgg2YHNBfSti,EPjFWdd5AufqSSqeM2qN1xzybapC8G4wEGGkZwyTDt1v,11111111111111111111111111111111,USDC,SOL (native),sell,426463,3572258,426463,3588863,fulfilled,Executed,fractal,11,4J87DnRUDqUkvzbEAkd9oguFfP4bcyHQreVP77P91D65veJm6uuQ5qsFq829wRLsrB46UP7Z4VX9dXhmYatZxnxD,,cleanup
2026-10-02T23:49:55.084366Z,0x5d79e3b5ee19b832efcfeaf139cb19aee1db9895ed783f444c527e46c010ff8d,CcQdkRAXeX7seuZLmiapfpM6CVBndVrsvMe38E4Uypyg,EPjFWdd5AufqSSqeM2qN1xzybapC8G4wEGGkZwyTDt1v,11111111111111111111111111111111,USDC,SOL (native),sell,530213,4443066,530213,4462412,fulfilled,Executed,jupiter-solve,6,2sfZM7Y8fUxrCzUVmRCiY82oDGyagyuds58MrwZjRWPipG2oqsD9tPqA36ZLYzf58hueyjzxRLv9tgoQevzzneNK,,cleanup
2026-10-02T23:50:00.731154Z,0xa3d55328369f3e599c2689b842a4f5a11aecf7ce06a625cf6b4ea59b02aac705,91V7pVaQyARieyPXcNpxQZdqk5KoH7P1vgg2YHNBfSti,J1toso1uCk3RLmjorhTtrVwY9HJ7X8V9yYac6Y7kGCPn,11111111111111111111111111111111,JitoSOL,SOL (native),sell,90000,116597,0,0,expired,Expired without a fill,,,,,cleanup
2026-10-02T23:50:13.792874Z,0xdfea21050b91bf260c0c495fcd944ab77333eccdba10fe40a74c40d75e0be931,EGXsUdM4HLc983jD276LHz87k5zBZSJrJc137qcokK8D,6p6xgHyF7AeE6TZkSmFsko444wqoP15icUSqi2jfGiPN,11111111111111111111111111111111,TRUMP,SOL (native),sell,240000,4249476,240000,4273289,fulfilled,Executed,jupiter-solve,10,2MwnkNPkUzvhtr4KD6JMad4nxNGiGpfKc8fNR9sg18NhLrzCSeRYbXYPDnZWZHPRvbQDhPeRtTurm1LrvdxVDDX7,,cleanup
2026-10-02T23:50:21.370615Z,0xd411c65f90546884bde22dd91a42d0d534c4755ae78b56dd99977875b988ab2f,BPmy52DKPodqoSUirZUBedULujAZr6s778i4hc153r1X,EPjFWdd5AufqSSqeM2qN1xzybapC8G4wEGGkZwyTDt1v,11111111111111111111111111111111,USDC,SOL (native),sell,45072,377494,0,0,expired,Expired without a fill,,,,,cleanup
2026-10-02T23:50:29.391095Z,0x51540fc18265f7c92b13c5d71acb05de085db5781c59d4d4b0750093bbb28284,EGXsUdM4HLc983jD276LHz87k5zBZSJrJc137qcokK8D,DezXAZ8z7PnrnRJjz3wXBoRgixCa6xjnB7YaB1pPB263,11111111111111111111111111111111,Bonk,SOL (native),sell,6800000000,2068136,6800000000,2087807,fulfilled,Executed,fractal,35,4Sbe32D67UidnoxMTgS31YgVWDgxKEEtD1zTx4pvFEtjmopGrcHbTczxsMPjaVCMdsoySaoPCSjbRF2T8QWqPuXU,,cleanup
2026-10-02T23:51:07.103652Z,0x436b21f61bb1c07039e133da05eb65f3cebbe361136c3b1dbff87a284319b1b4,BsXAAY6SvTyWYjwKCa5SUs1kDBK6n7ia7qvRPVj5dFgz,mSoLzYCxHdYgdzU16g5QSh3i5K3z3KZK7ytfqcJm7So,11111111111111111111111111111111,mSOL,SOL (native),sell,2560000,3580341,2560000,3598332,fulfilled,Executed,jupiter-solve,9,4EmYGJ5USRZWhY6Gb4PFdLBA1ntAkna9bvLjuxur54h8nvLitGinSt3g15GnPY84JuG2x3T1aCQBb1nN5tmxA9X4,,cleanup
2026-10-02T23:51:08.790706Z,0x861750ce7afbeec1b90d78f38da1b572145677ae85cfdc42d42faedc32d54d0d,EGXsUdM4HLc983jD276LHz87k5zBZSJrJc137qcokK8D,EPjFWdd5AufqSSqeM2qN1xzybapC8G4wEGGkZwyTDt1v,11111111111111111111111111111111,USDC,SOL (native),sell,360728,3021691,360728,3036035,fulfilled,Executed,jupiter-solve,37,eAkWiYWVLd4t4wSJhymTEnswXBkifVcfDbN6MQwXv9WZc6u6AB3WP4wwKENvz6LYKtztVhricydYbLBwVeVhXjg,,cleanup
2026-10-02T23:51:22.798060Z,0x81502c1d2a7ed193f7ef33aaf939be8f2655df6080b532f70cf20caaf8f71131,BsXAAY6SvTyWYjwKCa5SUs1kDBK6n7ia7qvRPVj5dFgz,6p6xgHyF7AeE6TZkSmFsko444wqoP15icUSqi2jfGiPN,11111111111111111111111111111111,TRUMP,SOL (native),sell,412000,7304540,412000,7338720,fulfilled,Executed,fractal,9,2Z3fpxGasyHGxDHSwCdAjAwsEWpemi1aSDjtJoyoNU9J98XAhDC513Vyrzoh6iXbtA6EPqyhLYfNyRgxtUAzH2Xb,,cleanup
2026-10-02T23:51:28.238691Z,0x461f5b8e0c47f3c81c67a393f461ef66abbf3e2bb3d2e768cb98188d05d508e4,AQHstwk1uwAEnz8JE41HEbbD1EaPBjBwtid2qbo1Q3KD,EPjFWdd5AufqSSqeM2qN1xzybapC8G4wEGGkZwyTDt1v,11111111111111111111111111111111,USDC,SOL (native),sell,14627,122515,0,0,expired,Expired without a fill,,,,,cleanup
2026-10-02T23:51:35.894836Z,0xa1b3ad6ed2c7f3415be883981e8c062fc3d8d482ebbcdcaa35a569dc1dd88877,BsXAAY6SvTyWYjwKCa5SUs1kDBK6n7ia7qvRPVj5dFgz,7GCihgDB8fe6KNjn2MYtkzZcRjQy3t9GHdC8uHYmW2hr,11111111111111111111111111111111,POPCAT,SOL (native),sell,8150000000,3625075,8150000000,3643291,fulfilled,Executed,jupiter-solve,10,ccC4QVpkdybQpfJu1DyXtxDn21eEUvPieNHqqEBfh5Z7f5xRPChn5Fb8SF8xEMhhFdPQQ4uGJm39B2o9xBwmfsZ,,cleanup
2026-10-02T23:51:49.786360Z,0x4589ea2e00dcca1825adf9d7bcbabb635e6732259485dc3bdaa9ad42a406dc15,BsXAAY6SvTyWYjwKCa5SUs1kDBK6n7ia7qvRPVj5dFgz,DezXAZ8z7PnrnRJjz3wXBoRgixCa6xjnB7YaB1pPB263,11111111111111111111111111111111,Bonk,SOL (native),sell,12000000000,3661699,12000000000,3681080,fulfilled,Executed,jupiter-solve,20,4pr1BYGHtTem7wB7mpcxzACfA1Y9y5KBjSNR6dsEetmFWFpqxCvLdErArdWAXdgtTxM8trP4PwFG885hmsMPMwXf,,cleanup
2026-10-02T23:52:05.133163Z,0xe5f0b06ce393c41307fa2b7d9b752d98f6929f0926e324fe821335bf55d55153,94bjVVSp8jgvP4ivAW3wFomkRpeE3xBouyCWErsR1ANz,6p6xgHyF7AeE6TZkSmFsko444wqoP15icUSqi2jfGiPN,11111111111111111111111111111111,TRUMP,SOL (native),sell,206000,3649434,206000,3667707,fulfilled,Executed,jupiter-solve,5,3b14sp49NdsbKJTMsA3npyGjCTD4yawTPBoDknB3CWuN29tjjhhicmWt78fTRNJpYGJBVLeLziygHNExSFt1y5NH,,cleanup
2026-10-02T23:52:12.755733Z,0x2e35bec797d87cf193bb960367c9050e770d9c1e38bb7198f97ecdbeb8eb4543,91V7pVaQyARieyPXcNpxQZdqk5KoH7P1vgg2YHNBfSti,J1toso1uCk3RLmjorhTtrVwY9HJ7X8V9yYac6Y7kGCPn,11111111111111111111111111111111,JitoSOL,SOL (native),sell,90000,116597,0,0,expired,Expired without a fill,,,,,cleanup
2026-10-02T23:52:16.113013Z,0x34900146fc2630b6c36cbd2660ee5613117e333cedb5f556705a89090e2ec360,BsXAAY6SvTyWYjwKCa5SUs1kDBK6n7ia7qvRPVj5dFgz,J1toso1uCk3RLmjorhTtrVwY9HJ7X8V9yYac6Y7kGCPn,11111111111111111111111111111111,JitoSOL,SOL (native),sell,2760000,3575648,2760000,3593616,fulfilled,Executed,jupiter-solve,48,4QWqWU56EXnqjo6uyGvJoU3PsowaNzqYSSRp7Cqq8By7wVeF6brGmLKsDyKovQQJGi796PmFMtzVEkT2k77b5N83,,cleanup
2026-10-02T23:52:25.355292Z,0xa95f6dc03dc071d5eb52cb5c951c166974dfa913835a2f0e0b9e10e377c17a87,2kV12Qsin6Wfxr2Pr6M8bqUbjqMppw4gpqAbV18TiFfJ,4k3Dyjzvzp8eMZWUXbBCjEvwSkkk59S5iCNLY3QrkX6R,11111111111111111111111111111111,RAY,SOL (native),sell,225000,3641800,225000,3656644,fulfilled,Executed,fractal,6,3WVuZTZ88vd6Z2zLhBNJ2hS5UfxWy8ru3wM434y9fRMXvPU2dSeTj26DFJtWDJBr7uFuHWokw5TudYYWqqFSshru,,cleanup
2026-10-02T23:52:33.255073Z,0x90ae9fe3e73240e9557f5d16078f9a450fe2b245076a1a9e2ccb2263e0454481,BPmy52DKPodqoSUirZUBedULujAZr6s778i4hc153r1X,Es9vMFrzaCERmJfrF4H2FYD4KCoNkY11McCe8BenwNYB,11111111111111111111111111111111,USDT,SOL (native),sell,115598,967951,115598,972748,fulfilled,Executed,jupiter-solve,31,5rrSMY3ugX28aaoA6hJmCKn5sF6HaGQfYyWhuVqxNWvgSCRcxyrkKb83ohk8ZyxdwXchUnRcjiFxLhKwK2xmm1SY,,cleanup
2026-10-02T23:52:35.420890Z,0xaa075315262fe1be72e3b41a5c37733ec682a08282eb4815e54005b923fb2d19,2kV12Qsin6Wfxr2Pr6M8bqUbjqMppw4gpqAbV18TiFfJ,6p6xgHyF7AeE6TZkSmFsko444wqoP15icUSqi2jfGiPN,11111111111111111111111111111111,TRUMP,SOL (native),sell,202046,3574930,202046,3589724,fulfilled,Executed,fractal,7,3E6d359X62uiL9U6gKm98J1EzRbpC8WXeHBHNGwUsinp1UnGu8at3iVUpMmsYfriBzGug6eU5ZQBDGvmYQqwfakV,,cleanup
2026-10-02T23:52:48.054154Z,0xbeb76138862695110c64d77d53bbfbec3c434531f6e38df1f2cb5aee6f7c81fb,2kV12Qsin6Wfxr2Pr6M8bqUbjqMppw4gpqAbV18TiFfJ,EPjFWdd5AufqSSqeM2qN1xzybapC8G4wEGGkZwyTDt1v,11111111111111111111111111111111,USDC,SOL (native),sell,15184,127157,0,0,expired,Expired without a fill,,,,,cleanup
2026-10-02T23:53:08.657344Z,0xf58f8b55f732c715fd3eba53a8b2f9923995f59e1d39fbd55bf7ad4b6b635661,BPmy52DKPodqoSUirZUBedULujAZr6s778i4hc153r1X,J1toso1uCk3RLmjorhTtrVwY9HJ7X8V9yYac6Y7kGCPn,11111111111111111111111111111111,JitoSOL,SOL (native),sell,3940676,5107002,3940676,5130358,fulfilled,Executed,fractal,4,5yrHb2a61rtwLhcF3RJMacXD6sA77Sn83AY19uYMCe3xAxBebgLDx8VTMt5qgsWboyU9kJLt7pq9qMLQsQ7HzDTJ,,cleanup
2026-10-02T23:53:32.620737Z,0x78612e312aeac041375c6c73c439f668257c0ce2b4cb881b2e50f34b223bec42,9XSrZ8RkSZ3WDoGkrgWHrmMhixsoWZTLnPxBtQNWNK9c,JUPyiwrYJFskUPiHa7hkeR8VUtAeFoSYbKedZNsDvCN,11111111111111111111111111111111,JUP,SOL (native),sell,170000,448517,0,0,expired,Expired without a fill,,,,,cleanup
2026-10-02T23:53:39.740945Z,0xddbccc31e696af359541d18baa709ba33363d84a4f8c3dd1e7a1c96eeab099d1,AQHstwk1uwAEnz8JE41HEbbD1EaPBjBwtid2qbo1Q3KD,J1toso1uCk3RLmjorhTtrVwY9HJ7X8V9yYac6Y7kGCPn,11111111111111111111111111111111,JitoSOL,SOL (native),sell,300000,388656,0,0,expired,Expired without a fill,,,,,cleanup
2026-10-02T23:53:47.967777Z,0xe2d216ec7d539e1ac7b1fcfae13e840e36539ce3c208c5fb938e3672a746cf1f,HoWtt82mr4wqKqMDy4jFDRs1C9kt3kY6KtXH3i83fyn5,EPjFWdd5AufqSSqeM2qN1xzybapC8G4wEGGkZwyTDt1v,11111111111111111111111111111111,USDC,SOL (native),sell,119740,1003034,119740,1003407,fulfilled,Executed,fractal,51,5j5o5RRDZ6oKPkt7Q4k7nx8Nvfzf67fF7BABxUu8VeV7xEr6qZsEzRqL588moZJqdsMZNKu41DnFowF2v511imJU,,cleanup
2026-10-02T23:54:33.788853Z,0xa81bdeb05e0fbc512af9106563693f5545479ae208a306cda97a634cb4992efc,CagkCmsroJWAiUWrigym7vR9wGYV5aKWanTGu3ZARKqD,Es9vMFrzaCERmJfrF4H2FYD4KCoNkY11McCe8BenwNYB,11111111111111111111111111111111,USDT,SOL (native),sell,763053,6392551,763053,6423110,fulfilled,Executed,fractal,5,29VpNJ5bUDZtGHtA2LoyvHPs5SJnyy4xavSLtAkWfJX7mX68W2wMaHF4vKoocMnEz2bwfF8er9HZEhoYzBEjxuiV,,cleanup
2026-10-02T23:54:44.276688Z,0x03297915002b2a02b5088e5613f38c125ec59478ea1a6356c81f5baf69a83fef,HoWtt82mr4wqKqMDy4jFDRs1C9kt3kY6KtXH3i83fyn5,Es9vMFrzaCERmJfrF4H2FYD4KCoNkY11McCe8BenwNYB,11111111111111111111111111111111,USDT,SOL (native),sell,1860250,15590388,1860250,15667201,fulfilled,Executed,fractal,4,4w6Frdbr2rQCaCN5EhSmJDZwTSYHHCPv6KksNkpcdoTb5wb6Y1gGwqa3ABzntboKFNjh17Z7GDNeB7orEnYCb4Zu,,cleanup
2026-10-02T23:55:00.526419Z,0x7805739d705dc1bdfa8a7dc3a1d50e9045c60f56460cbcb09c613cdf99f74f3d,GikSpMABHu6MJERkF3N9GMmwPXfEBxABjChVkK1W9ji4,7GCihgDB8fe6KNjn2MYtkzZcRjQy3t9GHdC8uHYmW2hr,11111111111111111111111111111111,POPCAT,SOL (native),sell,1500000000,667455,0,0,expired,Expired without a fill,,,,,cleanup
2026-10-02T23:55:03.779401Z,0xb4a7a554f592f543e65d719411a87f46c3b664473908ff69cf7f587519df6f56,2kV12Qsin6Wfxr2Pr6M8bqUbjqMppw4gpqAbV18TiFfJ,EPjFWdd5AufqSSqeM2qN1xzybapC8G4wEGGkZwyTDt1v,11111111111111111111111111111111,USDC,SOL (native),sell,15184,127190,0,0,expired,Expired without a fill,,,,,cleanup
2026-10-02T23:55:14.445310Z,0x8e305a7a9e39406b4387ac6f7d5f35f39bfe02cab03374786c241933d9c81e26,EDimKwHuMtcwxxbAfQPT3EaH9CPpyTLARxLRRwiZV26v,EPjFWdd5AufqSSqeM2qN1xzybapC8G4wEGGkZwyTDt1v,11111111111111111111111111111111,USDC,SOL (native),sell,496088,4157544,496088,4178208,fulfilled,Executed,jupiter-solve,19,49zq9KuEecJG3TSmeCAudN7dQdUEuwzZgou7VfjgA7VmWRRzC79ci35nXZVzKD4gJ5myzgHDeNQ5tQrCbwEM69rc,,cleanup
2026-10-02T23:55:46.750746Z,0x08a7e873309c0ea06e4ca96607fdb73c8601b3324fa9f0bde6ce81198e64a425,9XSrZ8RkSZ3WDoGkrgWHrmMhixsoWZTLnPxBtQNWNK9c,JUPyiwrYJFskUPiHa7hkeR8VUtAeFoSYbKedZNsDvCN,11111111111111111111111111111111,JUP,SOL (native),sell,170000,448513,0,0,expired,Expired without a fill,,,,,cleanup
2026-10-02T23:55:51.548964Z,0xb17ebb13e027b8d2e7021ecff85d61dda8e30a663206f275961905635203b8c8,AQHstwk1uwAEnz8JE41HEbbD1EaPBjBwtid2qbo1Q3KD,J1toso1uCk3RLmjorhTtrVwY9HJ7X8V9yYac6Y7kGCPn,11111111111111111111111111111111,JitoSOL,SOL (native),sell,300000,388666,0,0,expired,Expired without a fill,,,,,cleanup
2026-10-02T23:55:53.910404Z,0x1f243557a0f1b1c2e5c06b386b4faa77b463c12ce09c1e225f94a3e93e1571a7,AQtmpjmjjZTzzs5W2Ld4gPteDe1teLKMpwj3v5GAv7ef,JUPyiwrYJFskUPiHa7hkeR8VUtAeFoSYbKedZNsDvCN,11111111111111111111111111111111,JUP,SOL (native),sell,1370000,3612611,1370000,3631478,fulfilled,Executed,jupiter-solve,109,4SF68YvBf9au59XmfpLGNWZRaU4zYbWc4WpRCTq1NoAinKVArNQLF4a8UZLwEgzs4UYGDqGp8v17S9zo2a3tqXAP,,cleanup
2026-10-02T23:57:14.493256Z,0x3bc4bede238226ae9c80362aad14a774d5757fa40568cdd6efa24bbeba6052d6,GikSpMABHu6MJERkF3N9GMmwPXfEBxABjChVkK1W9ji4,7GCihgDB8fe6KNjn2MYtkzZcRjQy3t9GHdC8uHYmW2hr,11111111111111111111111111111111,POPCAT,SOL (native),sell,1500000000,666530,0,0,expired,Expired without a fill,,,,,cleanup
2026-10-02T23:57:46.507489Z,0xc16771cc0e84174cabc4dc4aaa120305a39567d5582c71f6ee7e48c8a05dc90a,AQtmpjmjjZTzzs5W2Ld4gPteDe1teLKMpwj3v5GAv7ef,jtojtomepa8beP8AuQc6eXt5FriJwfFMwQx2v2f9mCL,11111111111111111111111111111111,JTO,SOL (native),sell,37000000,160623,0,0,expired,Expired without a fill,,,,,cleanup
2026-10-02T23:57:56.791022Z,0x43695a2317d63c69775c34944cbdbb45aed79d8c91f94fe18e40c6190c679c35,9XSrZ8RkSZ3WDoGkrgWHrmMhixsoWZTLnPxBtQNWNK9c,4k3Dyjzvzp8eMZWUXbBCjEvwSkkk59S5iCNLY3QrkX6R,11111111111111111111111111111111,RAY,SOL (native),sell,225000,3645650,225000,3660002,fulfilled,Executed,fractal,16,52V5yGYjJ6hfv1AfCEx4BiueZG5acE5DDuiSNarebeuLNumxKJAxiGmz5w9Xu3nB4BhzDb7rhCc3AowtmDZSc62D,,cleanup
2026-10-02T23:58:18.368612Z,0x2edd23b02eccc1d8ab772cc0ae68293c8b6082b126b80769edf36cde948fef6b,9XSrZ8RkSZ3WDoGkrgWHrmMhixsoWZTLnPxBtQNWNK9c,DezXAZ8z7PnrnRJjz3wXBoRgixCa6xjnB7YaB1pPB263,11111111111111111111111111111111,Bonk,SOL (native),sell,10365040775,3161085,10365040775,3176005,fulfilled,Executed,jupiter-solve,10,2y9cd42DCqAiGkDmEZFFnK3mPi3vjmkKMjKEy3TBcU8Y2p7osQNJSmGipkER4c5Fx52whGXnpN5YR76RfRDcivsp,,cleanup
2026-10-02T23:58:33.832539Z,0x0e9c5895cf68fb648ebab94345f03a8672ae4640af321be6355fe40fab175ca1,9XSrZ8RkSZ3WDoGkrgWHrmMhixsoWZTLnPxBtQNWNK9c,EPjFWdd5AufqSSqeM2qN1xzybapC8G4wEGGkZwyTDt1v,11111111111111111111111111111111,USDC,SOL (native),sell,15074,126346,0,0,expired,Expired without a fill,,,,,cleanup
2026-10-02T23:59:26.428492Z,0xb19f33122ac68d882edd3d0b7eb02f5a5cd3bc77fbc4fed8432bafda5ae6178e,GikSpMABHu6MJERkF3N9GMmwPXfEBxABjChVkK1W9ji4,DezXAZ8z7PnrnRJjz3wXBoRgixCa6xjnB7YaB1pPB263,11111111111111111111111111111111,Bonk,SOL (native),sell,12000000000,3658283,12000000000,3676914,fulfilled,Executed,jupiter-solve,17,3QLVb2dPsVv7TiFhZLAMVUzb3GZxft4TWr4GcXAp8HK6Tz3Ki2WGQy1EWS1zKN31U28zVHSKwPWuuAPVkchLLFH7,,cleanup
2026-10-02T23:59:59.836690Z,0x08c7b232952d0fea8a43a4444dd53efea8707d75dcbabc730b7af1f64e35368f,AQtmpjmjjZTzzs5W2Ld4gPteDe1teLKMpwj3v5GAv7ef,jtojtomepa8beP8AuQc6eXt5FriJwfFMwQx2v2f9mCL,11111111111111111111111111111111,JTO,SOL (native),sell,37000000,160688,0,0,expired,Expired without a fill,,,,,cleanup
2026-10-03T00:00:44.866774Z,0x6e533a04af98f3b894f7f1d08a309a6dd48897723fe95591c3d84689b41c3326,9XSrZ8RkSZ3WDoGkrgWHrmMhixsoWZTLnPxBtQNWNK9c,EPjFWdd5AufqSSqeM2qN1xzybapC8G4wEGGkZwyTDt1v,11111111111111111111111111111111,USDC,SOL (native),sell,15074,126355,0,0,expired,Expired without a fill,,,,,cleanup
2026-10-03T00:02:10.587596Z,0xa38822efb997d1bdcd29ed9113635e57bc2fe3c9fdd574354b643097a5a00cef,AQtmpjmjjZTzzs5W2Ld4gPteDe1teLKMpwj3v5GAv7ef,mSoLzYCxHdYgdzU16g5QSh3i5K3z3KZK7ytfqcJm7So,11111111111111111111111111111111,mSOL,SOL (native),sell,2326207,3253372,2326207,3269720,fulfilled,Executed,jupiter-solve,32,41U9AyUPYrRgFcSt4FwrS5wsvRQ4L612ApBtzkywqWVUGzkgCJr5ehb4euwSvVGNgomag7Ppjb5ASAjhbPW9LBj9,,cleanup
2026-10-03T00:02:48.922827Z,0x52f36528c03f960ef5213a3ecafd1c0510f24533d39504bde4e863ec913d1bed,AQtmpjmjjZTzzs5W2Ld4gPteDe1teLKMpwj3v5GAv7ef,4k3Dyjzvzp8eMZWUXbBCjEvwSkkk59S5iCNLY3QrkX6R,11111111111111111111111111111111,RAY,SOL (native),sell,10742,173289,0,0,expired,Expired without a fill,,,,,cleanup
2026-10-03T00:05:00.665827Z,0xb8a74ba67fd6e21fad68a1a7004b2f9d4e4b60a24e5ce70e802aded9c9321769,AQtmpjmjjZTzzs5W2Ld4gPteDe1teLKMpwj3v5GAv7ef,4k3Dyjzvzp8eMZWUXbBCjEvwSkkk59S5iCNLY3QrkX6R,11111111111111111111111111111111,RAY,SOL (native),sell,10742,173296,0,0,expired,Expired without a fill,,,,,cleanup
2026-10-03T00:07:13.428054Z,0xf496d9f1fc7f0fa1523ddce3edcd04425f56e22bd0bafccdc3c63f199f49b713,AQtmpjmjjZTzzs5W2Ld4gPteDe1teLKMpwj3v5GAv7ef,EPjFWdd5AufqSSqeM2qN1xzybapC8G4wEGGkZwyTDt1v,11111111111111111111111111111111,USDC,SOL (native),sell,15182,127648,0,0,expired,Expired without a fill,,,,,cleanup
2026-10-03T00:09:25.876636Z,0xc32a7b445e2f4f7cc5e53272acf55d8114a87821d75c0592d7e23f2ab9bf28eb,AQtmpjmjjZTzzs5W2Ld4gPteDe1teLKMpwj3v5GAv7ef,EPjFWdd5AufqSSqeM2qN1xzybapC8G4wEGGkZwyTDt1v,11111111111111111111111111111111,USDC,SOL (native),sell,15182,127775,0,0,expired,Expired without a fill,,,,,cleanup
