# Solana Default (https://files.cow.fi/token-lists/SolanaDefault.json), classified on staging on 2026-10-07.
# 562 tradable tokens (109 Token-2022): sell 0.005 SOL into each, then 90% of the quote back. 30 traders, ~19 tokens each, back to back.
# Fund with --sol-funding-per-trader 0.05.
# Regenerate: pnpm sim generate-token-list-session --list https://files.cow.fi/token-lists/SolanaDefault.json -o ../scenarios/token-lists/solana-default
trader,time,type,amount,token,other_token,mode,note
1,0,sell,0.005,SOL,1NJMqVM4PadjuzYmeB7zV7q7DV8oB3ExaQCd9x6KsLz,sponsored,INJ (classic): SOL to token
1,0,sell,0.0697,1NJMqVM4PadjuzYmeB7zV7q7DV8oB3ExaQCd9x6KsLz,SOL,sponsored,INJ (classic): token to SOL
2,0,sell,0.005,SOL,1zJX5gRnjLgmTpq5sVwkq69mNDQkCemqoasyjaPW6jm,sponsored,KLED (classic): SOL to token
2,0,sell,48.2,1zJX5gRnjLgmTpq5sVwkq69mNDQkCemqoasyjaPW6jm,SOL,sponsored,KLED (classic): token to SOL
3,0,sell,0.005,SOL,25hAyBQfoDhfWx9ay6rarbgvWGwDdNqcHsXS3jQ3mTDJ,sponsored,MANEKI (classic): SOL to token
3,0,sell,1680,25hAyBQfoDhfWx9ay6rarbgvWGwDdNqcHsXS3jQ3mTDJ,SOL,sponsored,MANEKI (classic): token to SOL
4,0,sell,0.005,SOL,25p2BoNp6qrJH5As6ek6H7Ei495oSkyZd3tGb97sqFmH,sponsored,soba (classic): SOL to token
4,0,sell,1810,25p2BoNp6qrJH5As6ek6H7Ei495oSkyZd3tGb97sqFmH,SOL,sponsored,soba (classic): token to SOL
5,0,sell,0.005,SOL,26KMQVgDUoB6rEfnJ51yAABWWJND8uMtpnQgsHQ64Udr,sponsored,HAMMY (classic): SOL to token
5,0,sell,2080,26KMQVgDUoB6rEfnJ51yAABWWJND8uMtpnQgsHQ64Udr,SOL,sponsored,HAMMY (classic): token to SOL
6,0,sell,0.005,SOL,27G8MtK7VtTcCHkpASjSDdkWWYfoqT6ggEuKidVJidD4,sponsored,JLP (classic): SOL to token
6,0,sell,0.109,27G8MtK7VtTcCHkpASjSDdkWWYfoqT6ggEuKidVJidD4,SOL,sponsored,JLP (classic): token to SOL
7,0,sell,0.005,SOL,2AF7CqwieUjUPALL7icuZtL3X7wENdjUjGBMmfV2pump,sponsored,TINY (token-2022): SOL to token
7,0,sell,842,2AF7CqwieUjUPALL7icuZtL3X7wENdjUjGBMmfV2pump,SOL,sponsored,TINY (token-2022): token to SOL
8,0,sell,0.005,SOL,2FPyTwcZLUg1MDrwsyoP4D6s1tM7hAkHYRjkNb5w6Pxk,sponsored,soETH (classic): SOL to token
8,0,sell,0.00157,2FPyTwcZLUg1MDrwsyoP4D6s1tM7hAkHYRjkNb5w6Pxk,SOL,sponsored,soETH (classic): token to SOL
9,0,sell,0.005,SOL,2JcXacFwt9mVAwBQ5nZkYwCyXQkRcdsYrDXn6hj22SbP,sponsored,mini (classic): SOL to token
9,0,sell,525,2JcXacFwt9mVAwBQ5nZkYwCyXQkRcdsYrDXn6hj22SbP,SOL,sponsored,mini (classic): token to SOL
10,0,sell,0.005,SOL,2XPqoKfJitk8YcMDGBKy7CMzRRyF2X9PniZeCykDUZev,sponsored,HUND (classic): SOL to token
10,0,sell,1510,2XPqoKfJitk8YcMDGBKy7CMzRRyF2X9PniZeCykDUZev,SOL,sponsored,HUND (classic): token to SOL
11,0,sell,0.005,SOL,2b1kV6DkPAnxd5ixfnxCpjxmKwqjjaYmCZfHsFu24GXo,sponsored,PYUSD (token-2022: mintCloseAuthority permanentDelegate transferFeeConfig confidentialTransferMint confidentialTransferFeeConfig transferHook): SOL to token
11,0,sell,0.522,2b1kV6DkPAnxd5ixfnxCpjxmKwqjjaYmCZfHsFu24GXo,SOL,sponsored,PYUSD (token-2022: mintCloseAuthority permanentDelegate transferFeeConfig confidentialTransferMint confidentialTransferFeeConfig transferHook): token to SOL
12,0,sell,0.005,SOL,2fUFhZyd47Mapv9wcfXh5gnQwFXtqcYu9xAN4THBpump,sponsored,RNT (classic): SOL to token
12,0,sell,656,2fUFhZyd47Mapv9wcfXh5gnQwFXtqcYu9xAN4THBpump,SOL,sponsored,RNT (classic): token to SOL
13,0,sell,0.005,SOL,2oGLxYuNBJRcepT1mEV6KnETaLD7Bf6qq3CM6skasBfe,sponsored,PUPS (classic): SOL to token
13,0,sell,113,2oGLxYuNBJRcepT1mEV6KnETaLD7Bf6qq3CM6skasBfe,SOL,sponsored,PUPS (classic): token to SOL
14,0,sell,0.005,SOL,2qEHjDLDLbuBgRYvsxhc5D6uDWAivNFZGan56P1tpump,sponsored,Pnut (classic): SOL to token
14,0,sell,10.6,2qEHjDLDLbuBgRYvsxhc5D6uDWAivNFZGan56P1tpump,SOL,sponsored,Pnut (classic): token to SOL
15,0,sell,0.005,SOL,2u1tszSeqZ3qBWF3uNGPFc8TzMk2tdiwknnRMWGWjGWH,sponsored,USDG (token-2022: mintCloseAuthority permanentDelegate transferFeeConfig confidentialTransferMint confidentialTransferFeeConfig transferHook): SOL to token
15,0,sell,0.522,2u1tszSeqZ3qBWF3uNGPFc8TzMk2tdiwknnRMWGWjGWH,SOL,sponsored,USDG (token-2022: mintCloseAuthority permanentDelegate transferFeeConfig confidentialTransferMint confidentialTransferFeeConfig transferHook): token to SOL
16,0,sell,0.005,SOL,2x8o3hA5S5fBxCSE9hzVTf3RohcMWHqkDNKNEPuzprD5,sponsored,STBOT (classic): SOL to token
16,0,sell,2760,2x8o3hA5S5fBxCSE9hzVTf3RohcMWHqkDNKNEPuzprD5,SOL,sponsored,STBOT (classic): token to SOL
17,0,sell,0.005,SOL,2zMMhcVQEXDtdE6vsFS7S7D5oUodfJHE8vd1gnBouauv,sponsored,PENGU (classic): SOL to token
17,0,sell,60.9,2zMMhcVQEXDtdE6vsFS7S7D5oUodfJHE8vd1gnBouauv,SOL,sponsored,PENGU (classic): token to SOL
18,0,sell,0.005,SOL,31k88G5Mq7ptbRDf3AM13HAq6wRQHXHikR8hik7wPygk,sponsored,GP (classic): SOL to token
18,0,sell,0.974,31k88G5Mq7ptbRDf3AM13HAq6wRQHXHikR8hik7wPygk,SOL,sponsored,GP (classic): token to SOL
19,0,sell,0.005,SOL,375aiUqZERLrB9sHtsArKr4nuWCgBrtqibUDBMGeLvZC,sponsored,EAT (classic): SOL to token
19,0,sell,141,375aiUqZERLrB9sHtsArKr4nuWCgBrtqibUDBMGeLvZC,SOL,sponsored,EAT (classic): token to SOL
20,0,sell,0.005,SOL,3B1ijcocM5EDga6XxQ7JLW7weocQPWWjuhBYG8Vepump,sponsored,BP (token-2022): SOL to token
20,0,sell,270,3B1ijcocM5EDga6XxQ7JLW7weocQPWWjuhBYG8Vepump,SOL,sponsored,BP (token-2022): token to SOL
21,0,sell,0.005,SOL,3B5wuUrMEi5yATD7on46hKfej3pfmd7t1RKgrsN3pump,sponsored,BILLY (classic): SOL to token
21,0,sell,1080,3B5wuUrMEi5yATD7on46hKfej3pfmd7t1RKgrsN3pump,SOL,sponsored,BILLY (classic): token to SOL
22,0,sell,0.005,SOL,3BgwJ8b7b9hHX4sgfZ2KJhv9496CoVfsMK2YePevsBRw,sponsored,EPIK (classic): SOL to token
22,0,sell,262,3BgwJ8b7b9hHX4sgfZ2KJhv9496CoVfsMK2YePevsBRw,SOL,sponsored,EPIK (classic): token to SOL
23,0,sell,0.005,SOL,3FoUAsGDbvTD6YZ4wVKJgTB76onJUKz7GPEBNiR5b8wc,sponsored,CHEEMS (classic): SOL to token
23,0,sell,7250,3FoUAsGDbvTD6YZ4wVKJgTB76onJUKz7GPEBNiR5b8wc,SOL,sponsored,CHEEMS (classic): token to SOL
24,0,sell,0.005,SOL,3Gjckk5jXnJffBruUS2EEYhpiDEN6z5TPXLkFVHkSkkg,sponsored,IMARO (classic): SOL to token
24,0,sell,8000,3Gjckk5jXnJffBruUS2EEYhpiDEN6z5TPXLkFVHkSkkg,SOL,sponsored,IMARO (classic): token to SOL
25,0,sell,0.005,SOL,3NZ9JMVBmGAqocybic2c7LQCJScmgsAZ6vQqTDzcqmJh,sponsored,WBTC (classic): SOL to token
25,0,sell,0.00000626,3NZ9JMVBmGAqocybic2c7LQCJScmgsAZ6vQqTDzcqmJh,SOL,sponsored,WBTC (classic): token to SOL
26,0,sell,0.005,SOL,3Rcc6tMyS7ZEa29dxV4g3J5StorS9J1dn98gd42pZTk1,sponsored,MIMANY (classic): SOL to token
26,0,sell,8210,3Rcc6tMyS7ZEa29dxV4g3J5StorS9J1dn98gd42pZTk1,SOL,sponsored,MIMANY (classic): token to SOL
27,0,sell,0.005,SOL,3S8qX1MsMqRbiwKg2cQyx7nis1oHMgaCuc9c4VfvVdPN,sponsored,MOTHER (classic): SOL to token
27,0,sell,1510,3S8qX1MsMqRbiwKg2cQyx7nis1oHMgaCuc9c4VfvVdPN,SOL,sponsored,MOTHER (classic): token to SOL
28,0,sell,0.005,SOL,3TWgDvYBL2YPET2LxnWAwsMeoA8aL4DutNuwat2pKCjC,sponsored,KHAI (classic): SOL to token
28,0,sell,316,3TWgDvYBL2YPET2LxnWAwsMeoA8aL4DutNuwat2pKCjC,SOL,sponsored,KHAI (classic): token to SOL
29,0,sell,0.005,SOL,3ThdFZQKM6kRyVGLG48kaPg5TRMhYMKY1iCRa9xop1WC,sponsored,eUSX (classic): SOL to token
29,0,sell,0.498,3ThdFZQKM6kRyVGLG48kaPg5TRMhYMKY1iCRa9xop1WC,SOL,sponsored,eUSX (classic): token to SOL
30,0,sell,0.005,SOL,3UCMiSnkcnkPE1pgQ5ggPCBv6dXgVUy16TmMUe1WpG9x,sponsored,ALEPH (classic): SOL to token
30,0,sell,32.6,3UCMiSnkcnkPE1pgQ5ggPCBv6dXgVUy16TmMUe1WpG9x,SOL,sponsored,ALEPH (classic): token to SOL
1,0,sell,0.005,SOL,3W52uCb8NW8ruMF9mmJX3oKiYAjdPai4633srsZFQCS6,sponsored,$BIAO (classic): SOL to token
1,0,sell,128000,3W52uCb8NW8ruMF9mmJX3oKiYAjdPai4633srsZFQCS6,SOL,sponsored,$BIAO (classic): token to SOL
2,0,sell,0.005,SOL,3WPep4ufaToK1aS5s8BL9inzeUrt4DYaQCiic6ZkkC1U,sponsored,GIKO (classic): SOL to token
2,0,sell,14.7,3WPep4ufaToK1aS5s8BL9inzeUrt4DYaQCiic6ZkkC1U,SOL,sponsored,GIKO (classic): token to SOL
3,0,sell,0.005,SOL,3XTp12PmKMHxB6YkejaGPUjMGBLKRGgzHWgJuVTsBCoP,sponsored,BIRDDOG (classic): SOL to token
3,0,sell,8380,3XTp12PmKMHxB6YkejaGPUjMGBLKRGgzHWgJuVTsBCoP,SOL,sponsored,BIRDDOG (classic): token to SOL
4,0,sell,0.005,SOL,3ag1Mj9AKz9FAkCQ6gAEhpLSX8B2pUbPdkb9iBsDLZNB,sponsored,HONK (classic): SOL to token
4,0,sell,1200,3ag1Mj9AKz9FAkCQ6gAEhpLSX8B2pUbPdkb9iBsDLZNB,SOL,sponsored,HONK (classic): token to SOL
5,0,sell,0.005,SOL,3bRTivrVsitbmCTGtqwp7hxXPsybkjn4XLNtPsHqa3zR,sponsored,LIKE (classic): SOL to token
5,0,sell,954,3bRTivrVsitbmCTGtqwp7hxXPsybkjn4XLNtPsHqa3zR,SOL,sponsored,LIKE (classic): token to SOL
6,0,sell,0.005,SOL,3dQTr7ror2QPKQ3GbBCokJUmjErGg8kTJzdnYjNfvi3Z,sponsored,BORG (classic): SOL to token
6,0,sell,3.09,3dQTr7ror2QPKQ3GbBCokJUmjErGg8kTJzdnYjNfvi3Z,SOL,sponsored,BORG (classic): token to SOL
7,0,sell,0.005,SOL,3dgCCb15HMQSA4Pn3Tfii5vRk7aRqTH95LJjxzsG2Mug,sponsored,HXD (classic): SOL to token
7,0,sell,3950,3dgCCb15HMQSA4Pn3Tfii5vRk7aRqTH95LJjxzsG2Mug,SOL,sponsored,HXD (classic): token to SOL
8,0,sell,0.005,SOL,3fGoNjPohYRVPk9iJuwEW5WuURU5gmAdSRgNgeaanexQ,sponsored,KEYDOG (classic): SOL to token
8,0,sell,9650,3fGoNjPohYRVPk9iJuwEW5WuURU5gmAdSRgNgeaanexQ,SOL,sponsored,KEYDOG (classic): token to SOL
9,0,sell,0.005,SOL,3iQL8BFS2vE7mww4ehAqQHAsbmRNCrPxizWAT2Zfyr9y,sponsored,VIRTUAL (classic): SOL to token
9,0,sell,0.677,3iQL8BFS2vE7mww4ehAqQHAsbmRNCrPxizWAT2Zfyr9y,SOL,sponsored,VIRTUAL (classic): token to SOL
10,0,sell,0.005,SOL,3psH1Mj1f7yUfaD5gh6Zj7epE8hhrMkMETgv5TshQA4o,sponsored,boden (classic): SOL to token
10,0,sell,381,3psH1Mj1f7yUfaD5gh6Zj7epE8hhrMkMETgv5TshQA4o,SOL,sponsored,boden (classic): token to SOL
11,0,sell,0.005,SOL,3vgopg7xm3EWkXfxmWPUpcf7g939hecfqg18sLuXDzVt,sponsored,HAROLD (classic): SOL to token
11,0,sell,49.3,3vgopg7xm3EWkXfxmWPUpcf7g939hecfqg18sLuXDzVt,SOL,sponsored,HAROLD (classic): token to SOL
12,0,sell,0.005,SOL,3wtGGWZ8wLWW6BqtC5rxmkHdqvM62atUcGTH4cw3pump,sponsored,ALPHA (classic): SOL to token
12,0,sell,103,3wtGGWZ8wLWW6BqtC5rxmkHdqvM62atUcGTH4cw3pump,SOL,sponsored,ALPHA (classic): token to SOL
13,0,sell,0.005,SOL,42cXQvAAr7hcPBPWAS4ocVtDyeJ4Fa6gRR2uG4gppump,sponsored,TBB (token-2022): SOL to token
13,0,sell,64.7,42cXQvAAr7hcPBPWAS4ocVtDyeJ4Fa6gRR2uG4gppump,SOL,sponsored,TBB (token-2022): token to SOL
14,0,sell,0.005,SOL,463SK47VkB7uE7XenTHKiVcMtxRsfNE2X4Q9wByaURVA,sponsored,TSUKI (classic): SOL to token
14,0,sell,142,463SK47VkB7uE7XenTHKiVcMtxRsfNE2X4Q9wByaURVA,SOL,sponsored,TSUKI (classic): token to SOL
15,0,sell,0.005,SOL,4Cnk9EPnW5ixfLZatCPJjDB1PUtcRpVVgTQukm9epump,sponsored,DADDY (classic): SOL to token
15,0,sell,63.7,4Cnk9EPnW5ixfLZatCPJjDB1PUtcRpVVgTQukm9epump,SOL,sponsored,DADDY (classic): token to SOL
16,0,sell,0.005,SOL,4G86CMxGsMdLETrYnavMFKPhQzKTvDBYGMRAdVtr72nu,sponsored,$NAP (classic): SOL to token
16,0,sell,220000,4G86CMxGsMdLETrYnavMFKPhQzKTvDBYGMRAdVtr72nu,SOL,sponsored,$NAP (classic): token to SOL
17,0,sell,0.005,SOL,4Hx6Bj56eGyw8EJrrheM6LBQAvVYRikYCWsALeTrwyRU,sponsored,DYDX (classic): SOL to token
17,0,sell,22,4Hx6Bj56eGyw8EJrrheM6LBQAvVYRikYCWsALeTrwyRU,SOL,sponsored,DYDX (classic): token to SOL
18,0,sell,0.005,SOL,4LLbsb5ReP3yEtYzmXewyGjcir5uXtKFURtaEUVC2AHs,sponsored,PRCL (classic): SOL to token
18,0,sell,86.8,4LLbsb5ReP3yEtYzmXewyGjcir5uXtKFURtaEUVC2AHs,SOL,sponsored,PRCL (classic): token to SOL
19,0,sell,0.005,SOL,4QsNTBKwHgyYUUHq9tDzk1CCVu7y5hK7z3GE9R36pump,sponsored,nub (classic): SOL to token
19,0,sell,190,4QsNTBKwHgyYUUHq9tDzk1CCVu7y5hK7z3GE9R36pump,SOL,sponsored,nub (classic): token to SOL
20,0,sell,0.005,SOL,4VC7UYqBo9Siw8ZnkPXfw9D3dzYCiVrPDzs9XRtyRJMH,sponsored,Labz (classic): SOL to token
20,0,sell,993,4VC7UYqBo9Siw8ZnkPXfw9D3dzYCiVrPDzs9XRtyRJMH,SOL,sponsored,Labz (classic): token to SOL
21,0,sell,0.005,SOL,4YK1njyeCkBuXG6phNtidJWKCbBhB659iwGkUJx98P5Z,sponsored,DOLAN (classic): SOL to token
21,0,sell,135,4YK1njyeCkBuXG6phNtidJWKCbBhB659iwGkUJx98P5Z,SOL,sponsored,DOLAN (classic): token to SOL
22,0,sell,0.005,SOL,4Zp52aF4hZi9fzH19xpbWKYKQvgLyCN67KFbrQDqeTKh,sponsored,ZAMA (classic): SOL to token
22,0,sell,6.8,4Zp52aF4hZi9fzH19xpbWKYKQvgLyCN67KFbrQDqeTKh,SOL,sponsored,ZAMA (classic): token to SOL
23,0,sell,0.005,SOL,4h49hPGphLNJNDRyiBwzvKoasR3rw1WJCEv19PhUbSS4,sponsored,HELLO (classic): SOL to token
23,0,sell,474,4h49hPGphLNJNDRyiBwzvKoasR3rw1WJCEv19PhUbSS4,SOL,sponsored,HELLO (classic): token to SOL
24,0,sell,0.005,SOL,4ikwYoNvoGEwtMbziUyYBTz1zRM6nmxspsfw9G7Bpump,sponsored,crypto (classic): SOL to token
24,0,sell,127,4ikwYoNvoGEwtMbziUyYBTz1zRM6nmxspsfw9G7Bpump,SOL,sponsored,crypto (classic): token to SOL
25,0,sell,0.005,SOL,4jZXkSNgTQKCDb36ECZ6a2aNzcUniGcDeXgTdtM2HxAX,sponsored,BORK (classic): SOL to token
25,0,sell,71200,4jZXkSNgTQKCDb36ECZ6a2aNzcUniGcDeXgTdtM2HxAX,SOL,sponsored,BORK (classic): token to SOL
26,0,sell,0.005,SOL,4k3Dyjzvzp8eMZWUXbBCjEvwSkkk59S5iCNLY3QrkX6R,sponsored,RAY (classic): SOL to token
26,0,sell,0.208,4k3Dyjzvzp8eMZWUXbBCjEvwSkkk59S5iCNLY3QrkX6R,SOL,sponsored,RAY (classic): token to SOL
27,0,sell,0.005,SOL,4nV5gNwwP68zUDat26ySChREqVaQaLudfJBkSgEzpump,sponsored,BOBO (classic): SOL to token
27,0,sell,96.4,4nV5gNwwP68zUDat26ySChREqVaQaLudfJBkSgEzpump,SOL,sponsored,BOBO (classic): token to SOL
28,0,sell,0.005,SOL,4nswj3o1Lo9iWYvvRJxUD8vbCy9ay7QQoXYcncHNbonk,sponsored,SPSC (classic): SOL to token
28,0,sell,2010,4nswj3o1Lo9iWYvvRJxUD8vbCy9ay7QQoXYcncHNbonk,SOL,sponsored,SPSC (classic): token to SOL
29,0,sell,0.005,SOL,4oaV94McVveRosSgdZTn3jkMpr1ge7SQZjwBZ7xG6oA7,sponsored,SNIFF (classic): SOL to token
29,0,sell,24900,4oaV94McVveRosSgdZTn3jkMpr1ge7SQZjwBZ7xG6oA7,SOL,sponsored,SNIFF (classic): token to SOL
30,0,sell,0.005,SOL,4qQeZ5LwSz6HuupUu8jCtgXyW1mYQcNbFAW1sWZp89HL,sponsored,Cake (classic): SOL to token
30,0,sell,0.234,4qQeZ5LwSz6HuupUu8jCtgXyW1mYQcNbFAW1sWZp89HL,SOL,sponsored,Cake (classic): token to SOL
1,0,sell,0.005,SOL,4rUfhWTRpjD1ECGjw1UReVhA8G63CrATuoFLRVRkkqhs,sponsored,ACHI (classic): SOL to token
1,0,sell,11200,4rUfhWTRpjD1ECGjw1UReVhA8G63CrATuoFLRVRkkqhs,SOL,sponsored,ACHI (classic): token to SOL
2,0,sell,0.005,SOL,4sWNB8zGWHkh6UnmwiEtzNxL4XrN7uK9tosbESbJFfVs,sponsored,xSOL (classic): SOL to token
2,0,sell,6.05,4sWNB8zGWHkh6UnmwiEtzNxL4XrN7uK9tosbESbJFfVs,SOL,sponsored,xSOL (classic): token to SOL
3,0,sell,0.005,SOL,4sp2EUDrQf46rZun6sYAWzjrXwUpx2T3njuoKmV766RJ,sponsored,HAMI (classic): SOL to token
3,0,sell,2460,4sp2EUDrQf46rZun6sYAWzjrXwUpx2T3njuoKmV766RJ,SOL,sponsored,HAMI (classic): token to SOL
4,0,sell,0.005,SOL,4vMsoUT2BWatFweudnQM1xedRLfJgJ7hswhcpz4xgBTy,sponsored,HONEY (classic): SOL to token
4,0,sell,175,4vMsoUT2BWatFweudnQM1xedRLfJgJ7hswhcpz4xgBTy,SOL,sponsored,HONEY (classic): token to SOL
5,0,sell,0.005,SOL,4y3oUrsJfSp431R3wJrWiaLxRPsnYtpkVJmoV2bYpBiy,sponsored,WIFE (classic): SOL to token
5,0,sell,2990,4y3oUrsJfSp431R3wJrWiaLxRPsnYtpkVJmoV2bYpBiy,SOL,sponsored,WIFE (classic): token to SOL
6,0,sell,0.005,SOL,59obFNBzyTBGowrkif5uK7ojS58vsuWz3ZCvg6tfZAGw,sponsored,PST (classic): SOL to token
6,0,sell,0.459,59obFNBzyTBGowrkif5uK7ojS58vsuWz3ZCvg6tfZAGw,SOL,sponsored,PST (classic): token to SOL
7,0,sell,0.005,SOL,5BKTP1cWao5dhr8tkKcfPW9mWkKtuheMEAU6nih2jSX,sponsored,NoHat (classic): SOL to token
7,0,sell,8090,5BKTP1cWao5dhr8tkKcfPW9mWkKtuheMEAU6nih2jSX,SOL,sponsored,NoHat (classic): token to SOL
8,0,sell,0.005,SOL,5HsZR8eG7QpQcN8Mnp8oFdENRkJMP9ZkcKhPSCKTJSWh,sponsored,MRC (classic): SOL to token
8,0,sell,655,5HsZR8eG7QpQcN8Mnp8oFdENRkJMP9ZkcKhPSCKTJSWh,SOL,sponsored,MRC (classic): token to SOL
9,0,sell,0.005,SOL,5JnZ667P3VcjDinkJFysWh2K2KtViy63FZ3oL5YghEhW,sponsored,APYS (classic): SOL to token
9,0,sell,159,5JnZ667P3VcjDinkJFysWh2K2KtViy63FZ3oL5YghEhW,SOL,sponsored,APYS (classic): token to SOL
10,0,sell,0.005,SOL,5LwseQRo8fsz4S3y7jbqqe5C7tZTz5PwhXNCHj13jLBi,sponsored,PESHI (classic): SOL to token
10,0,sell,2930000,5LwseQRo8fsz4S3y7jbqqe5C7tZTz5PwhXNCHj13jLBi,SOL,sponsored,PESHI (classic): token to SOL
11,0,sell,0.005,SOL,5MAYDfq5yxtudAhtfyuMBuHZjgAbaS9tbEyEQYAhDS5y,sponsored,ACS (classic): SOL to token
11,0,sell,3430,5MAYDfq5yxtudAhtfyuMBuHZjgAbaS9tbEyEQYAhDS5y,SOL,sponsored,ACS (classic): token to SOL
12,0,sell,0.005,SOL,5SVG3T9CNQsm2kEwzbRq6hASqh1oGfjqTtLXYUibpump,sponsored,SIGMA (classic): SOL to token
12,0,sell,385,5SVG3T9CNQsm2kEwzbRq6hASqh1oGfjqTtLXYUibpump,SOL,sponsored,SIGMA (classic): token to SOL
13,0,sell,0.005,SOL,5UUH9RTDiSpq6HKS6bp4NdU9PNJpXRXuiw6ShBTBhgH2,sponsored,TROLL (classic): SOL to token
13,0,sell,13.1,5UUH9RTDiSpq6HKS6bp4NdU9PNJpXRXuiw6ShBTBhgH2,SOL,sponsored,TROLL (classic): token to SOL
14,0,sell,0.005,SOL,5Wd2ALxQfnpgQKCyH4WL9giBiiuuLuJs84CJxfQccvmN,sponsored,speed (classic): SOL to token
14,0,sell,3320,5Wd2ALxQfnpgQKCyH4WL9giBiiuuLuJs84CJxfQccvmN,SOL,sponsored,speed (classic): token to SOL
15,0,sell,0.005,SOL,5XZw2LKTyrfvfiskJ78AMpackRjPcyCif1WhUsPDuVqQ,sponsored,WBTC (classic): SOL to token
15,0,sell,0.00000624,5XZw2LKTyrfvfiskJ78AMpackRjPcyCif1WhUsPDuVqQ,SOL,sponsored,WBTC (classic): token to SOL
16,0,sell,0.005,SOL,5Y8NV33Vv7WbnLfq3zBcKSdYPrk7g2KoiQoe7M2tcxp5,sponsored,ONyc (classic): SOL to token
16,0,sell,0.453,5Y8NV33Vv7WbnLfq3zBcKSdYPrk7g2KoiQoe7M2tcxp5,SOL,sponsored,ONyc (classic): token to SOL
17,0,sell,0.005,SOL,5YMkXAYccHSGnHn9nob9xEvv6Pvka9DZWH7nTbotTu9E,sponsored,hyUSD (classic): SOL to token
17,0,sell,0.523,5YMkXAYccHSGnHn9nob9xEvv6Pvka9DZWH7nTbotTu9E,SOL,sponsored,hyUSD (classic): token to SOL
18,0,sell,0.005,SOL,5dvXTZ5qwgafnHtwu3Ls3QrWx1U4LQsFeCuJgkk4QEC6,sponsored,EMBER (classic): SOL to token
18,0,sell,84.4,5dvXTZ5qwgafnHtwu3Ls3QrWx1U4LQsFeCuJgkk4QEC6,SOL,sponsored,EMBER (classic): token to SOL
19,0,sell,0.005,SOL,5g6wVay8NYQ5Tspo4irj9YqSFfQoPDW7apkX352N29PP,sponsored,EDEL (classic): SOL to token
19,0,sell,12.5,5g6wVay8NYQ5Tspo4irj9YqSFfQoPDW7apkX352N29PP,SOL,sponsored,EDEL (classic): token to SOL
20,0,sell,0.005,SOL,5hmf8Jt9puwoqiFQTb3vr22732ZTKYRLRw9Vo7tN3rcz,sponsored,BABY (classic): SOL to token
20,0,sell,14200000,5hmf8Jt9puwoqiFQTb3vr22732ZTKYRLRw9Vo7tN3rcz,SOL,sponsored,BABY (classic): token to SOL
21,0,sell,0.005,SOL,5mbK36SZ7J19An8jFochhQS4of8g6BwUjbeCSxBSoWdp,sponsored,$michi (classic): SOL to token
21,0,sell,729,5mbK36SZ7J19An8jFochhQS4of8g6BwUjbeCSxBSoWdp,SOL,sponsored,$michi (classic): token to SOL
22,0,sell,0.005,SOL,5oVNBeEEQvYi1cX3ir8Dx5n1P7pdxydbGF2X4TxVusJm,sponsored,INF (classic): SOL to token
22,0,sell,0.0031,5oVNBeEEQvYi1cX3ir8Dx5n1P7pdxydbGF2X4TxVusJm,SOL,sponsored,INF (classic): token to SOL
23,0,sell,0.005,SOL,5vicJEyYTDBqMsKe74vWQeDVMe5cmeA3vr1AT8RXb9t1,sponsored,Ebola (classic): SOL to token
23,0,sell,13600,5vicJEyYTDBqMsKe74vWQeDVMe5cmeA3vr1AT8RXb9t1,SOL,sponsored,Ebola (classic): token to SOL
24,0,sell,0.005,SOL,5yxNbU8DgYJZNi3mPD9rs4XLh9ckXrhPjJ5VCujUWg5H,sponsored,FRONK (classic): SOL to token
24,0,sell,219000000,5yxNbU8DgYJZNi3mPD9rs4XLh9ckXrhPjJ5VCujUWg5H,SOL,sponsored,FRONK (classic): token to SOL
25,0,sell,0.005,SOL,5z3EqYQo9HiCEs3R84RCDMu2n7anpDMxRhdK8PSWmrRC,sponsored,PONKE (classic): SOL to token
25,0,sell,22.9,5z3EqYQo9HiCEs3R84RCDMu2n7anpDMxRhdK8PSWmrRC,SOL,sponsored,PONKE (classic): token to SOL
26,0,sell,0.005,SOL,61V8vBaqAGMpgDQi4JcAwo1dmBGHsyhzodcPqnEVpump,sponsored,arc (classic): SOL to token
26,0,sell,8.09,61V8vBaqAGMpgDQi4JcAwo1dmBGHsyhzodcPqnEVpump,SOL,sponsored,arc (classic): token to SOL
27,0,sell,0.005,SOL,63LfDmNb3MQ8mw9MtZ2To9bEA2M71kZUUGq5tiJxcqj9,sponsored,GIGA (classic): SOL to token
27,0,sell,254,63LfDmNb3MQ8mw9MtZ2To9bEA2M71kZUUGq5tiJxcqj9,SOL,sponsored,GIGA (classic): token to SOL
28,0,sell,0.005,SOL,65nTNuJGHme4PQvKQyJykKp1bJAkK4A8Q66sd2yBWugf,sponsored,RBT (classic): SOL to token
28,0,sell,495000,65nTNuJGHme4PQvKQyJykKp1bJAkK4A8Q66sd2yBWugf,SOL,sponsored,RBT (classic): token to SOL
29,0,sell,0.005,SOL,69G8CpUVZAxbPMiEBrfCCCH445NwFxH6PzVL693Xpump,sponsored,xavier (classic): SOL to token
29,0,sell,268,69G8CpUVZAxbPMiEBrfCCCH445NwFxH6PzVL693Xpump,SOL,sponsored,xavier (classic): token to SOL
30,0,sell,0.005,SOL,69LjZUUzxj3Cb3Fxeo1X4QpYEQTboApkhXTysPpbpump,sponsored,CODEC (classic): SOL to token
30,0,sell,70,69LjZUUzxj3Cb3Fxeo1X4QpYEQTboApkhXTysPpbpump,SOL,sponsored,CODEC (classic): token to SOL
1,0,sell,0.005,SOL,69kdRLyP5DTRkpHraaSZAQbWmAwzF9guKjZfzMXzcbAs,sponsored,USA (classic): SOL to token
1,0,sell,3680000,69kdRLyP5DTRkpHraaSZAQbWmAwzF9guKjZfzMXzcbAs,SOL,sponsored,USA (classic): token to SOL
2,0,sell,0.005,SOL,6AJcP7wuLwmRYLBNbi825wgguaPsWzPBEHcHndpRpump,sponsored,VINE (classic): SOL to token
2,0,sell,65.2,6AJcP7wuLwmRYLBNbi825wgguaPsWzPBEHcHndpRpump,SOL,sponsored,VINE (classic): token to SOL
3,0,sell,0.005,SOL,6D7NaB2xsLd7cauWu1wKk6KBsJohJmP2qZH9GEfVi5Ui,sponsored,SC (classic): SOL to token
3,0,sell,484,6D7NaB2xsLd7cauWu1wKk6KBsJohJmP2qZH9GEfVi5Ui,SOL,sponsored,SC (classic): token to SOL
4,0,sell,0.005,SOL,6DNSN2BJsaPFdFFc1zP37kkeNe4Usc1Sqkzr9C9vPWcU,sponsored,TBTC (classic): SOL to token
4,0,sell,0.00000625,6DNSN2BJsaPFdFFc1zP37kkeNe4Usc1Sqkzr9C9vPWcU,SOL,sponsored,TBTC (classic): token to SOL
5,0,sell,0.005,SOL,6FrrzDk5mQARGc1TDYoyVnSyRdds1t4PbtohCD6p3tgG,sponsored,USX (classic): SOL to token
5,0,sell,0.522,6FrrzDk5mQARGc1TDYoyVnSyRdds1t4PbtohCD6p3tgG,SOL,sponsored,USX (classic): token to SOL
6,0,sell,0.005,SOL,6GmAFSYs4gk3FDao5FzzySQpPZaWsa4rUJHacpMpUNgx,sponsored,STONK (classic): SOL to token
6,0,sell,3.15,6GmAFSYs4gk3FDao5FzzySQpPZaWsa4rUJHacpMpUNgx,SOL,sponsored,STONK (classic): token to SOL
7,0,sell,0.005,SOL,6NwarBvDkXhByqVp2Qkq5i9XbtA2B3Bwe8SWGu9vpump,sponsored,Cupsey (classic): SOL to token
7,0,sell,69.6,6NwarBvDkXhByqVp2Qkq5i9XbtA2B3Bwe8SWGu9vpump,SOL,sponsored,Cupsey (classic): token to SOL
8,0,sell,0.005,SOL,6SUryVEuDz5hqAxab6QrGfbzWvjN8dC7m29ezSvDpump,sponsored,JASON (classic): SOL to token
8,0,sell,11100,6SUryVEuDz5hqAxab6QrGfbzWvjN8dC7m29ezSvDpump,SOL,sponsored,JASON (classic): token to SOL
9,0,sell,0.005,SOL,6SjVTj1VGwFSXn7wEjwFm77LvACeTqB7sQUebYKX8Ds5,sponsored,ROUTER (classic): SOL to token
9,0,sell,207,6SjVTj1VGwFSXn7wEjwFm77LvACeTqB7sQUebYKX8Ds5,SOL,sponsored,ROUTER (classic): token to SOL
10,0,sell,0.005,SOL,6UpQcMAb5xMzxc7ZfPaVMgx3KqsvKZdT5U718BzD5We2,sponsored,wXRP (classic): SOL to token
10,0,sell,0.366,6UpQcMAb5xMzxc7ZfPaVMgx3KqsvKZdT5U718BzD5We2,SOL,sponsored,wXRP (classic): token to SOL
11,0,sell,0.005,SOL,6VHL2vMKgrF1YQFSv29Rs1pj9VCRK29bD11NtDqerqHA,sponsored,$SSHIB (classic): SOL to token
11,0,sell,465000000,6VHL2vMKgrF1YQFSv29Rs1pj9VCRK29bD11NtDqerqHA,SOL,sponsored,$SSHIB (classic): token to SOL
12,0,sell,0.005,SOL,6dKCoWjpj5MFU5gWDEFdpUUeBasBLK3wLEwhUzQPAa1e,sponsored,CHEX (classic): SOL to token
12,0,sell,40.2,6dKCoWjpj5MFU5gWDEFdpUUeBasBLK3wLEwhUzQPAa1e,SOL,sponsored,CHEX (classic): token to SOL
13,0,sell,0.005,SOL,6iFUKWGDksVvmnSYJUGYnsu168xstni8xJkTF7QrpPAu,sponsored,CANDLE (classic): SOL to token
13,0,sell,1100,6iFUKWGDksVvmnSYJUGYnsu168xstni8xJkTF7QrpPAu,SOL,sponsored,CANDLE (classic): token to SOL
14,0,sell,0.005,SOL,6n7Janary9fqzxKaJVrhL9TG2F61VbAtwUMu1YZscaQS,sponsored,Hobbes (classic): SOL to token
14,0,sell,5040,6n7Janary9fqzxKaJVrhL9TG2F61VbAtwUMu1YZscaQS,SOL,sponsored,Hobbes (classic): token to SOL
15,0,sell,0.005,SOL,6nR8wBnfsmXfcdDr1hovJKjvFQxNSidN6XFyfAFZpump,sponsored,Clash (classic): SOL to token
15,0,sell,56.1,6nR8wBnfsmXfcdDr1hovJKjvFQxNSidN6XFyfAFZpump,SOL,sponsored,Clash (classic): token to SOL
16,0,sell,0.005,SOL,6ogzHhzdrQr9Pgv6hZ2MNze7UrzBMAFyBBWUYp1Fhitx,sponsored,RETARDIO (classic): SOL to token
16,0,sell,390,6ogzHhzdrQr9Pgv6hZ2MNze7UrzBMAFyBBWUYp1Fhitx,SOL,sponsored,RETARDIO (classic): token to SOL
17,0,sell,0.005,SOL,6p6xgHyF7AeE6TZkSmFsko444wqoP15icUSqi2jfGiPN,sponsored,TRUMP (classic): SOL to token
17,0,sell,0.281,6p6xgHyF7AeE6TZkSmFsko444wqoP15icUSqi2jfGiPN,SOL,sponsored,TRUMP (classic): token to SOL
18,0,sell,0.005,SOL,6yjNqPzTSanBWSa6dxVEgTjePXBrZ2FoHLDQwYwEsyM6,sponsored,Chud (classic): SOL to token
18,0,sell,436,6yjNqPzTSanBWSa6dxVEgTjePXBrZ2FoHLDQwYwEsyM6,SOL,sponsored,Chud (classic): token to SOL
19,0,sell,0.005,SOL,71Jvq4Epe2FCJ7JFSF7jLXdNk1Wy4Bhqd9iL6bEFELvg,sponsored,GOR (classic): SOL to token
19,0,sell,285,71Jvq4Epe2FCJ7JFSF7jLXdNk1Wy4Bhqd9iL6bEFELvg,SOL,sponsored,GOR (classic): token to SOL
20,0,sell,0.005,SOL,72QvBVwpxqmheEPfaCwWSWqEFsUy3rhWt6JhQBMNTwD1,sponsored,ENA (classic): SOL to token
20,0,sell,2.29,72QvBVwpxqmheEPfaCwWSWqEFsUy3rhWt6JhQBMNTwD1,SOL,sponsored,ENA (classic): token to SOL
21,0,sell,0.005,SOL,739dnZEG4yaBWFsY8L8ZwrfhGG6dhtCSercW8Umspump,sponsored,CLAW (classic): SOL to token
21,0,sell,57.8,739dnZEG4yaBWFsY8L8ZwrfhGG6dhtCSercW8Umspump,SOL,sponsored,CLAW (classic): token to SOL
22,0,sell,0.005,SOL,73xsLcBnLnc9bh81cqVKqj8uEyiarXng5ZwJuTbnVebG,sponsored,WUF (classic): SOL to token
22,0,sell,36700000,73xsLcBnLnc9bh81cqVKqj8uEyiarXng5ZwJuTbnVebG,SOL,sponsored,WUF (classic): token to SOL
23,0,sell,0.005,SOL,74SBV4zDXxTRgv1pEMoECskKBkZHc2yGPnc7GYVepump,sponsored,swarms (classic): SOL to token
23,0,sell,64,74SBV4zDXxTRgv1pEMoECskKBkZHc2yGPnc7GYVepump,SOL,sponsored,swarms (classic): token to SOL
24,0,sell,0.005,SOL,7BgBvyjrZX1YKz4oh9mjb8ZScatkkwb8DzFx7LoiVkM3,sponsored,Old Slerf (classic): SOL to token
24,0,sell,23,7BgBvyjrZX1YKz4oh9mjb8ZScatkkwb8DzFx7LoiVkM3,SOL,sponsored,Old Slerf (classic): token to SOL
25,0,sell,0.005,SOL,7C94RweVKZtBhA291WpXW7pkYEnbqhGvCFTU8nPoBTFY,sponsored,BOTIFY (classic): SOL to token
25,0,sell,1260,7C94RweVKZtBhA291WpXW7pkYEnbqhGvCFTU8nPoBTFY,SOL,sponsored,BOTIFY (classic): token to SOL
26,0,sell,0.005,SOL,7DGJnYfJrYiP5CKBx6wpbu8F5Ya1swdFoesuCrAKCzZc,sponsored,MELON (classic): SOL to token
26,0,sell,4770,7DGJnYfJrYiP5CKBx6wpbu8F5Ya1swdFoesuCrAKCzZc,SOL,sponsored,MELON (classic): token to SOL
27,0,sell,0.005,SOL,7EYnhQoR9YM3N7UoaKRoA44Uy8JeaZV3qyouov87awMs,sponsored,SILLY (classic): SOL to token
27,0,sell,5870,7EYnhQoR9YM3N7UoaKRoA44Uy8JeaZV3qyouov87awMs,SOL,sponsored,SILLY (classic): token to SOL
28,0,sell,0.005,SOL,7GCihgDB8fe6KNjn2MYtkzZcRjQy3t9GHdC8uHYmW2hr,sponsored,POPCAT (classic): SOL to token
28,0,sell,10.7,7GCihgDB8fe6KNjn2MYtkzZcRjQy3t9GHdC8uHYmW2hr,SOL,sponsored,POPCAT (classic): token to SOL
29,0,sell,0.005,SOL,7HgfXftRBBqsYtAEYcqjGLQrNJLL6Tww9ek4rE3Apump,sponsored,RKC (token-2022): SOL to token
29,0,sell,341,7HgfXftRBBqsYtAEYcqjGLQrNJLL6Tww9ek4rE3Apump,SOL,sponsored,RKC (token-2022): token to SOL
30,0,sell,0.005,SOL,7JA5eZdCzztSfQbJvS8aVVxMFfd81Rs9VvwnocV1mKHu,sponsored,GEOD (classic): SOL to token
30,0,sell,1.75,7JA5eZdCzztSfQbJvS8aVVxMFfd81Rs9VvwnocV1mKHu,SOL,sponsored,GEOD (classic): token to SOL
1,0,sell,0.005,SOL,7KEPApdbBMByrmqihz3bht2uMhFQcatjfSFQCKq66kH3,sponsored,DARK (token-2022): SOL to token
1,0,sell,155,7KEPApdbBMByrmqihz3bht2uMhFQcatjfSFQCKq66kH3,SOL,sponsored,DARK (token-2022): token to SOL
2,0,sell,0.005,SOL,7NQSHjuEGENZDWfSvPZz7oP2D6c5Jc3LjFC6uh179ufr,sponsored,MOAI (classic): SOL to token
2,0,sell,176,7NQSHjuEGENZDWfSvPZz7oP2D6c5Jc3LjFC6uh179ufr,SOL,sponsored,MOAI (classic): token to SOL
3,0,sell,0.005,SOL,7Q2afV64in6N6SeZsAAB81TJzwDoD6zpqmHkzi9Dcavn,sponsored,JSOL (classic): SOL to token
3,0,sell,0.00326,7Q2afV64in6N6SeZsAAB81TJzwDoD6zpqmHkzi9Dcavn,SOL,sponsored,JSOL (classic): token to SOL
4,0,sell,0.005,SOL,7XdCaKpqLmKE2K7yr9xaeWB1H2CVZ1oGwxB6hmd9pump,sponsored,WIZARD (token-2022): SOL to token
4,0,sell,2930,7XdCaKpqLmKE2K7yr9xaeWB1H2CVZ1oGwxB6hmd9pump,SOL,sponsored,WIZARD (token-2022): token to SOL
5,0,sell,0.005,SOL,7ZCm8WBN9aLa3o47SoYctU6iLdj7wkGG5SV2hE5CgtD5,sponsored,ELON (classic): SOL to token
5,0,sell,16500000,7ZCm8WBN9aLa3o47SoYctU6iLdj7wkGG5SV2hE5CgtD5,SOL,sponsored,ELON (classic): token to SOL
6,0,sell,0.005,SOL,7dHbWXmci3dT8UFYWYZweBLXgycu7Y3iL6trKn1Y7ARj,sponsored,stSOL (classic): SOL to token
6,0,sell,0.00408,7dHbWXmci3dT8UFYWYZweBLXgycu7Y3iL6trKn1Y7ARj,SOL,sponsored,stSOL (classic): token to SOL
7,0,sell,0.005,SOL,7ga6rtE9qSb3wdEiDCpTu2kHqoGVfT52jD8ign1rYTvx,sponsored,xHYPE (classic): SOL to token
7,0,sell,0.233,7ga6rtE9qSb3wdEiDCpTu2kHqoGVfT52jD8ign1rYTvx,SOL,sponsored,xHYPE (classic): token to SOL
8,0,sell,0.005,SOL,7gbEP2TAy5wM3TmMp5utCrRvdJ3FFqYjgN5KDpXiWPmo,sponsored,DEVIN (classic): SOL to token
8,0,sell,3990,7gbEP2TAy5wM3TmMp5utCrRvdJ3FFqYjgN5KDpXiWPmo,SOL,sponsored,DEVIN (classic): token to SOL
9,0,sell,0.005,SOL,7i5KKsX2weiTkry7jA4ZwSuXGhs5eJBEjY8vVxR4pfRx,sponsored,GMT (classic): SOL to token
9,0,sell,64.1,7i5KKsX2weiTkry7jA4ZwSuXGhs5eJBEjY8vVxR4pfRx,SOL,sponsored,GMT (classic): token to SOL
10,0,sell,0.005,SOL,7kbnvuGBxxj8AG9qp8Scn56muWGaRaFqxg1FsRp3PaFT,sponsored,UXD (classic): SOL to token
10,0,sell,0.521,7kbnvuGBxxj8AG9qp8Scn56muWGaRaFqxg1FsRp3PaFT,SOL,sponsored,UXD (classic): token to SOL
11,0,sell,0.005,SOL,7mmXL6Et4SbpDs2iXoZQ3oPEeXeAiyETxh1QjDNi5qnV,sponsored,OMNI (classic): SOL to token
11,0,sell,60000,7mmXL6Et4SbpDs2iXoZQ3oPEeXeAiyETxh1QjDNi5qnV,SOL,sponsored,OMNI (classic): token to SOL
12,0,sell,0.005,SOL,7sGdNQSvUGpahh6qyXB3g5gsdK9FAzZM299KyCXspump,sponsored,https (token-2022): SOL to token
12,0,sell,3440,7sGdNQSvUGpahh6qyXB3g5gsdK9FAzZM299KyCXspump,SOL,sponsored,https (token-2022): token to SOL
13,0,sell,0.005,SOL,7vfCXTUXx5WJV5JADk17DUJ4ksgau7utNKj4b963voxs,sponsored,ETH (classic): SOL to token
13,0,sell,0.000203,7vfCXTUXx5WJV5JADk17DUJ4ksgau7utNKj4b963voxs,SOL,sponsored,ETH (classic): token to SOL
14,0,sell,0.005,SOL,7xKXtg2CW87d97TXJSDpbD5jBkheTqA83TZRuJosgAsU,sponsored,SAMO (classic): SOL to token
14,0,sell,1400,7xKXtg2CW87d97TXJSDpbD5jBkheTqA83TZRuJosgAsU,SOL,sponsored,SAMO (classic): token to SOL
15,0,sell,0.005,SOL,82Rc22mnyHrmBGwj15rhYhFzVrU3bgFkjNtV3iHjpump,sponsored,NCAT (classic): SOL to token
15,0,sell,15500,82Rc22mnyHrmBGwj15rhYhFzVrU3bgFkjNtV3iHjpump,SOL,sponsored,NCAT (classic): token to SOL
16,0,sell,0.005,SOL,85VBFQZC9TZkfaptBWjvUw7YbZjy52A6mjtPGjstQAmQ,sponsored,W (classic): SOL to token
16,0,sell,35.4,85VBFQZC9TZkfaptBWjvUw7YbZjy52A6mjtPGjstQAmQ,SOL,sponsored,W (classic): token to SOL
17,0,sell,0.005,SOL,864YJRb3JAVARC4FNuDtPKFxdEsYRbB39Nwxkzudxy46,sponsored,HABIBI (classic): SOL to token
17,0,sell,6850,864YJRb3JAVARC4FNuDtPKFxdEsYRbB39Nwxkzudxy46,SOL,sponsored,HABIBI (classic): token to SOL
18,0,sell,0.005,SOL,8CkiSHHJDHJV4LUoiRMLUhqG58cUkbyJRtcP4Z3mCXNf,sponsored,POWSCHE (classic): SOL to token
18,0,sell,762,8CkiSHHJDHJV4LUoiRMLUhqG58cUkbyJRtcP4Z3mCXNf,SOL,sponsored,POWSCHE (classic): token to SOL
19,0,sell,0.005,SOL,8D1nUMJQam54o34Kj2knFhSTaWoehEr4mBc7LfiDdCqq,sponsored,SHARBI (classic): SOL to token
19,0,sell,320000,8D1nUMJQam54o34Kj2knFhSTaWoehEr4mBc7LfiDdCqq,SOL,sponsored,SHARBI (classic): token to SOL
20,0,sell,0.005,SOL,8FU95xFJhUUkyyCLU13HSzDLs7oC4QZdXQHL6SCeab36,sponsored,UNI (classic): SOL to token
20,0,sell,0.0671,8FU95xFJhUUkyyCLU13HSzDLs7oC4QZdXQHL6SCeab36,SOL,sponsored,UNI (classic): token to SOL
21,0,sell,0.005,SOL,8HGyAAB1yoM1ttS7pXjHMa3dukTFGQggnFFH3hJZgzQh,sponsored,COPE (classic): SOL to token
21,0,sell,258,8HGyAAB1yoM1ttS7pXjHMa3dukTFGQggnFFH3hJZgzQh,SOL,sponsored,COPE (classic): token to SOL
22,0,sell,0.005,SOL,8J69rbLTzWWgUJziFY8jeu5tDwEPBwUz4pKBMr5rpump,sponsored,WOJAK (classic): SOL to token
22,0,sell,314,8J69rbLTzWWgUJziFY8jeu5tDwEPBwUz4pKBMr5rpump,SOL,sponsored,WOJAK (classic): token to SOL
23,0,sell,0.005,SOL,8Ki8DpuWNxu9VsS3kQbarsCWMcFGWkzzA8pUPto9zBd5,sponsored,LOCKIN (classic): SOL to token
23,0,sell,500,8Ki8DpuWNxu9VsS3kQbarsCWMcFGWkzzA8pUPto9zBd5,SOL,sponsored,LOCKIN (classic): token to SOL
24,0,sell,0.005,SOL,8NH3AfwkizHmbVd83SSxc2YbsFmFL4m2BeepvL6upump,sponsored,TOPG (classic): SOL to token
24,0,sell,2440,8NH3AfwkizHmbVd83SSxc2YbsFmFL4m2BeepvL6upump,SOL,sponsored,TOPG (classic): token to SOL
25,0,sell,0.005,SOL,8Nd3TZJfxt9yYKiPiPmYp6S5DhLftG3bwSqdW3KJwArb,sponsored,SPOODY (classic): SOL to token
25,0,sell,23100,8Nd3TZJfxt9yYKiPiPmYp6S5DhLftG3bwSqdW3KJwArb,SOL,sponsored,SPOODY (classic): token to SOL
26,0,sell,0.005,SOL,8PzFWyLpCVEmbZmVJcaRTU5r69XKJx1rd7YGpWvnpump,sponsored,Percolator (classic): SOL to token
26,0,sell,222,8PzFWyLpCVEmbZmVJcaRTU5r69XKJx1rd7YGpWvnpump,SOL,sponsored,Percolator (classic): token to SOL
27,0,sell,0.005,SOL,8SMMso8Muv8d6i4WmMDthKt6TN1ysN6937sx3DKLXZqB,sponsored,RHEA (classic): SOL to token
27,0,sell,6.43,8SMMso8Muv8d6i4WmMDthKt6TN1ysN6937sx3DKLXZqB,SOL,sponsored,RHEA (classic): token to SOL
28,0,sell,0.005,SOL,8ULCkCTUa3XXrNXaDVzPcja2tdJtRdxRr8T4eZjVKqk,sponsored,GOME (classic): SOL to token
28,0,sell,10200,8ULCkCTUa3XXrNXaDVzPcja2tdJtRdxRr8T4eZjVKqk,SOL,sponsored,GOME (classic): token to SOL
29,0,sell,0.005,SOL,8W4qpyLx74vwBRewa3rVEPPVMnJ8VWMkCTWCTSYPQTDu,sponsored,MEMES (classic): SOL to token
29,0,sell,2420,8W4qpyLx74vwBRewa3rVEPPVMnJ8VWMkCTWCTSYPQTDu,SOL,sponsored,MEMES (classic): token to SOL
30,0,sell,0.005,SOL,8XtRWb4uAAJFMP4QQhoYYCWR6XXb7ybcCdiqPwz9s5WS,sponsored,ALON (classic): SOL to token
30,0,sell,113,8XtRWb4uAAJFMP4QQhoYYCWR6XXb7ybcCdiqPwz9s5WS,SOL,sponsored,ALON (classic): token to SOL
1,0,sell,0.005,SOL,8c71AvjQeKKeWRe8jtTGG1bJ2WiYXQdbjqFbUfhHgSVk,sponsored,$GARY (classic): SOL to token
1,0,sell,5.98,8c71AvjQeKKeWRe8jtTGG1bJ2WiYXQdbjqFbUfhHgSVk,SOL,sponsored,$GARY (classic): token to SOL
2,0,sell,0.005,SOL,8doS8nzmgVZEaACxALkbK5fZtw4UuoRp4Yt8NEaXfDMb,sponsored,$WAFFLES (classic): SOL to token
2,0,sell,806,8doS8nzmgVZEaACxALkbK5fZtw4UuoRp4Yt8NEaXfDMb,SOL,sponsored,$WAFFLES (classic): token to SOL
3,0,sell,0.005,SOL,8gHPxqgHj6JQ2sQtMSghQYVN5qRP8wm5T6HNejuwpump,sponsored,RYS (classic): SOL to token
3,0,sell,4720,8gHPxqgHj6JQ2sQtMSghQYVN5qRP8wm5T6HNejuwpump,SOL,sponsored,RYS (classic): token to SOL
4,0,sell,0.005,SOL,8vCAUbxejdtaxn6jnX5uaQTyTZLmXALg9u1bvFCAjtx7,sponsored,ZACK (classic): SOL to token
4,0,sell,7560,8vCAUbxejdtaxn6jnX5uaQTyTZLmXALg9u1bvFCAjtx7,SOL,sponsored,ZACK (classic): token to SOL
5,0,sell,0.005,SOL,8wXtPeU6557ETkp9WHFY1n1EcU6NxDvbAggHGsMYiHsB,sponsored,GME (classic): SOL to token
5,0,sell,1040,8wXtPeU6557ETkp9WHFY1n1EcU6NxDvbAggHGsMYiHsB,SOL,sponsored,GME (classic): token to SOL
6,0,sell,0.005,SOL,8wxkvAfEns76yBzu4MnbV7VnXWjg3iDPA9uwAQ6cpump,sponsored,SOLANGELES (token-2022): SOL to token
6,0,sell,525,8wxkvAfEns76yBzu4MnbV7VnXWjg3iDPA9uwAQ6cpump,SOL,sponsored,SOLANGELES (token-2022): token to SOL
7,0,sell,0.005,SOL,8x5VqbHA8D7NkD52uNuS5nnt3PwA8pLD34ymskeSo2Wn,sponsored,ZEREBRO (classic): SOL to token
7,0,sell,17.7,8x5VqbHA8D7NkD52uNuS5nnt3PwA8pLD34ymskeSo2Wn,SOL,sponsored,ZEREBRO (classic): token to SOL
8,0,sell,0.005,SOL,947tEoG318GUmyjVYhraNRvWpMX7fpBTDQFBoJvSkSG3,sponsored,CHAT (classic): SOL to token
8,0,sell,17.7,947tEoG318GUmyjVYhraNRvWpMX7fpBTDQFBoJvSkSG3,SOL,sponsored,CHAT (classic): token to SOL
9,0,sell,0.005,SOL,98sMhvDwXj1RQi5c5Mndm3vPe9cBqPrbLaufMXFNMh5g,sponsored,HYPE (classic): SOL to token
9,0,sell,0.00593,98sMhvDwXj1RQi5c5Mndm3vPe9cBqPrbLaufMXFNMh5g,SOL,sponsored,HYPE (classic): token to SOL
10,0,sell,0.005,SOL,99ouK5YUK3JPGCPX9joNtHsMU7NPpU7w91JN4kdQ97po,sponsored,AI (classic): SOL to token
10,0,sell,5710,99ouK5YUK3JPGCPX9joNtHsMU7NPpU7w91JN4kdQ97po,SOL,sponsored,AI (classic): token to SOL
11,0,sell,0.005,SOL,9AvytnUKsLxPxFHFqS6VLxaxt5p6BhYNr53SD2Chpump,sponsored,67 (classic): SOL to token
11,0,sell,241,9AvytnUKsLxPxFHFqS6VLxaxt5p6BhYNr53SD2Chpump,SOL,sponsored,67 (classic): token to SOL
12,0,sell,0.005,SOL,9BB6NFEcjBCtnNLFko2FqVQBq8HHM13kCyYcdQbgpump,sponsored,Fartcoin (classic): SOL to token
12,0,sell,3.26,9BB6NFEcjBCtnNLFko2FqVQBq8HHM13kCyYcdQbgpump,SOL,sponsored,Fartcoin (classic): token to SOL
13,0,sell,0.005,SOL,9EYScpiysGnEimnQPzazr7Jn9GVfxFYzgTEj85hV9L6U,sponsored,tooker (classic): SOL to token
13,0,sell,3110,9EYScpiysGnEimnQPzazr7Jn9GVfxFYzgTEj85hV9L6U,SOL,sponsored,tooker (classic): token to SOL
14,0,sell,0.005,SOL,9LzCMqDgTKYz9Drzqnpgee3SGa89up3a247ypMj2xrqM,sponsored,AUDIO (classic): SOL to token
14,0,sell,33.2,9LzCMqDgTKYz9Drzqnpgee3SGa89up3a247ypMj2xrqM,SOL,sponsored,AUDIO (classic): token to SOL
15,0,sell,0.005,SOL,9McvH6w97oewLmPxqQEoHUAv3u5iYMyQ9AeZZhguYf1T,sponsored,Anon (classic): SOL to token
15,0,sell,1.47,9McvH6w97oewLmPxqQEoHUAv3u5iYMyQ9AeZZhguYf1T,SOL,sponsored,Anon (classic): token to SOL
16,0,sell,0.005,SOL,9Pfync3ejPC9eHqVzq3nYQJAhyhjqpnB9UsaSfLxpump,sponsored,KET (classic): SOL to token
16,0,sell,179,9Pfync3ejPC9eHqVzq3nYQJAhyhjqpnB9UsaSfLxpump,SOL,sponsored,KET (classic): token to SOL
17,0,sell,0.005,SOL,9WPTUkh8fKuCnepRWoPYLH3aK9gSjPHFDenBq2X1Czdp,sponsored,SELFIE (classic): SOL to token
17,0,sell,1420,9WPTUkh8fKuCnepRWoPYLH3aK9gSjPHFDenBq2X1Czdp,SOL,sponsored,SELFIE (classic): token to SOL
18,0,sell,0.005,SOL,9cRCn9rGT8V2imeM2BaKs13yhMEais3ruM3rPvTGpump,sponsored,ANSEM (token-2022): SOL to token
18,0,sell,3.7,9cRCn9rGT8V2imeM2BaKs13yhMEais3ruM3rPvTGpump,SOL,sponsored,ANSEM (token-2022): token to SOL
19,0,sell,0.005,SOL,9dLuVbJMd4ZpTpFgmaFHAGSsFwVjtcnzFWaLAA1expHg,sponsored,HEEHEE (classic): SOL to token
19,0,sell,341,9dLuVbJMd4ZpTpFgmaFHAGSsFwVjtcnzFWaLAA1expHg,SOL,sponsored,HEEHEE (classic): token to SOL
20,0,sell,0.005,SOL,9gP2kCy3wA1ctvYWQk75guqXuHfrEomqydHLtcTCqiLa,sponsored,BNB (classic): SOL to token
20,0,sell,0.000676,9gP2kCy3wA1ctvYWQk75guqXuHfrEomqydHLtcTCqiLa,SOL,sponsored,BNB (classic): token to SOL
21,0,sell,0.005,SOL,9gwTegFJJErDpWJKjPfLr2g2zrE3nL1v5zpwbtsk3c6P,sponsored,USEDCAR (classic): SOL to token
21,0,sell,1050,9gwTegFJJErDpWJKjPfLr2g2zrE3nL1v5zpwbtsk3c6P,SOL,sponsored,USEDCAR (classic): token to SOL
22,0,sell,0.005,SOL,9mV4WUukVsva5wYcYW4veo34CNDiF44sh3Ji65JNdvh5,sponsored,TRUNK (classic): SOL to token
22,0,sell,15.2,9mV4WUukVsva5wYcYW4veo34CNDiF44sh3Ji65JNdvh5,SOL,sponsored,TRUNK (classic): token to SOL
23,0,sell,0.005,SOL,9pPE1q9EW1bMQWbHmffrzUCfRr7S82UoxNUFfA6mAZC6,sponsored,KEYCAT (classic): SOL to token
23,0,sell,9030,9pPE1q9EW1bMQWbHmffrzUCfRr7S82UoxNUFfA6mAZC6,SOL,sponsored,KEYCAT (classic): token to SOL
24,0,sell,0.005,SOL,9sfCHMLWSVy6MD6zr7pR1gD3qbT7C6K1E3dMf2ZBpump,sponsored,LAYOOO (token-2022): SOL to token
24,0,sell,1580,9sfCHMLWSVy6MD6zr7pR1gD3qbT7C6K1E3dMf2ZBpump,SOL,sponsored,LAYOOO (token-2022): token to SOL
25,0,sell,0.005,SOL,9vrGUHwsC8LyLjQoh3zJb9S53x7A88u49La63qPB6F5t,sponsored,lilpump (classic): SOL to token
25,0,sell,17100,9vrGUHwsC8LyLjQoh3zJb9S53x7A88u49La63qPB6F5t,SOL,sponsored,lilpump (classic): token to SOL
26,0,sell,0.005,SOL,A13oRB9FFaiUjfi6LdCg6p9ka1u8SfGkUFs4SKvPpump,sponsored,TOAD (token-2022): SOL to token
26,0,sell,313,A13oRB9FFaiUjfi6LdCg6p9ka1u8SfGkUFs4SKvPpump,SOL,sponsored,TOAD (token-2022): token to SOL
27,0,sell,0.005,SOL,A1KLoBrKBde8Ty9qtNQUtq3C2ortoC3u7twggz7sEto6,sponsored,USDY (classic): SOL to token
27,0,sell,0.453,A1KLoBrKBde8Ty9qtNQUtq3C2ortoC3u7twggz7sEto6,SOL,sponsored,USDY (classic): token to SOL
28,0,sell,0.005,SOL,A2khRbhRJNrAEHj95htivC4cR4VbJwfssDH5FPPbP4m9,sponsored,duk (classic): SOL to token
28,0,sell,24000,A2khRbhRJNrAEHj95htivC4cR4VbJwfssDH5FPPbP4m9,SOL,sponsored,duk (classic): token to SOL
29,0,sell,0.005,SOL,A3eME5CetyZPBoWbRUwY3tSe25S6tb18ba9ZPbWk9eFJ,sponsored,PENG (classic): SOL to token
29,0,sell,241,A3eME5CetyZPBoWbRUwY3tSe25S6tb18ba9ZPbWk9eFJ,SOL,sponsored,PENG (classic): token to SOL
30,0,sell,0.005,SOL,A5gVj5j16U4vCTMXQYYrhkmWgx6gej4nAeZRNQMLUAfy,sponsored,DJCAT (classic): SOL to token
30,0,sell,17600,A5gVj5j16U4vCTMXQYYrhkmWgx6gej4nAeZRNQMLUAfy,SOL,sponsored,DJCAT (classic): token to SOL
1,0,sell,0.005,SOL,A7bdiYdS5GjqGFtxf17ppRHtDKPkkRqbKtR27dxvQXaS,sponsored,ZEC (classic): SOL to token
1,0,sell,0.000395,A7bdiYdS5GjqGFtxf17ppRHtDKPkkRqbKtR27dxvQXaS,SOL,sponsored,ZEC (classic): token to SOL
2,0,sell,0.005,SOL,A8C3xuqscfmyLrte3VmTqrAq8kgMASius9AFNANwpump,sponsored,FWOG (classic): SOL to token
2,0,sell,96.8,A8C3xuqscfmyLrte3VmTqrAq8kgMASius9AFNANwpump,SOL,sponsored,FWOG (classic): token to SOL
3,0,sell,0.005,SOL,A9mUU4qviSctJVPJdBJWkb28deg915LYJKrzQ19ji3FM,sponsored,USDCet (classic): SOL to token
3,0,sell,0.522,A9mUU4qviSctJVPJdBJWkb28deg915LYJKrzQ19ji3FM,SOL,sponsored,USDCet (classic): token to SOL
4,0,sell,0.005,SOL,ACeWC77UeW2DBZMe7YBsuXoxLvk4dHMnPzneApau1Au6,sponsored,AI (classic): SOL to token
4,0,sell,535000,ACeWC77UeW2DBZMe7YBsuXoxLvk4dHMnPzneApau1Au6,SOL,sponsored,AI (classic): token to SOL
5,0,sell,0.005,SOL,ACtfUWtgvaXrQGNMiohTusi5jcx5RJf5zwu9aAxkpump,sponsored,unc (token-2022): SOL to token
5,0,sell,1160,ACtfUWtgvaXrQGNMiohTusi5jcx5RJf5zwu9aAxkpump,SOL,sponsored,unc (token-2022): token to SOL
6,0,sell,0.005,SOL,AD27ov5fVU2XzwsbvnFvb1JpCBaCB5dRXrczV9CqSVGb,sponsored,REAL (classic): SOL to token
6,0,sell,283,AD27ov5fVU2XzwsbvnFvb1JpCBaCB5dRXrczV9CqSVGb,SOL,sponsored,REAL (classic): token to SOL
7,0,sell,0.005,SOL,AFbX8oGjGpmVFywbVouvhQSRmiW2aR1mohfahi4Y2AdB,sponsored,GST (classic): SOL to token
7,0,sell,489,AFbX8oGjGpmVFywbVouvhQSRmiW2aR1mohfahi4Y2AdB,SOL,sponsored,GST (classic): token to SOL
8,0,sell,0.005,SOL,AMC1qwR9KhiyrQBRPrxnfo4JfMeMZqEBvt5tgTytNNoc,sponsored,AMC (token-2022: permanentDelegate defaultAccountState pausableConfig confidentialTransferMint transferHook scaledUiAmountConfig): SOL to token
8,0,sell,0.181,AMC1qwR9KhiyrQBRPrxnfo4JfMeMZqEBvt5tgTytNNoc,SOL,sponsored,AMC (token-2022: permanentDelegate defaultAccountState pausableConfig confidentialTransferMint transferHook scaledUiAmountConfig): token to SOL
9,0,sell,0.005,SOL,AMD8XwJXgQ9WV45Wyj9yFLejxzf2J6VM1PJY8bJEjeES,sponsored,AMD (token-2022: permanentDelegate defaultAccountState pausableConfig confidentialTransferMint transferHook scaledUiAmountConfig): SOL to token
9,0,sell,0.000807,AMD8XwJXgQ9WV45Wyj9yFLejxzf2J6VM1PJY8bJEjeES,SOL,sponsored,AMD (token-2022: permanentDelegate defaultAccountState pausableConfig confidentialTransferMint transferHook scaledUiAmountConfig): token to SOL
10,0,sell,0.005,SOL,AMjzRn1TBQwQfNAjHFeBb7uGbbqbJB7FzXAnGgdFPk6K,sponsored,SOLCEX (classic): SOL to token
10,0,sell,267,AMjzRn1TBQwQfNAjHFeBb7uGbbqbJB7FzXAnGgdFPk6K,SOL,sponsored,SOLCEX (classic): token to SOL
11,0,sell,0.005,SOL,APoM2sXUzdRHTkUjXSsdUheX1wPPdP4HFLotmtRNMU8P,sponsored,rot (classic): SOL to token
11,0,sell,12500,APoM2sXUzdRHTkUjXSsdUheX1wPPdP4HFLotmtRNMU8P,SOL,sponsored,rot (classic): token to SOL
12,0,sell,0.005,SOL,ARXwZkNAtzPfdcoqQiduJn8EPv9fKiDfGn2KyggyDrFs,sponsored,ARX (classic): SOL to token
12,0,sell,1.93,ARXwZkNAtzPfdcoqQiduJn8EPv9fKiDfGn2KyggyDrFs,SOL,sponsored,ARX (classic): token to SOL
13,0,sell,0.005,SOL,AT79ReYU9XtHUTF5vM6Q4oa9K8w7918Fp5SU7G1MDMQY,sponsored,SPDR (classic): SOL to token
13,0,sell,204,AT79ReYU9XtHUTF5vM6Q4oa9K8w7918Fp5SU7G1MDMQY,SOL,sponsored,SPDR (classic): token to SOL
14,0,sell,0.005,SOL,ATLASXmbPQxBUYbxPsV97usA3fPQYEqzQBUHgiFCUsXx,sponsored,ATLAS (classic): SOL to token
14,0,sell,3510,ATLASXmbPQxBUYbxPsV97usA3fPQYEqzQBUHgiFCUsXx,SOL,sponsored,ATLAS (classic): token to SOL
15,0,sell,0.005,SOL,ATRLuHph8dxnPny4WSNW7fxkhbeivBrtWbY6BfB4xpLj,sponsored,ATR (classic): SOL to token
15,0,sell,682,ATRLuHph8dxnPny4WSNW7fxkhbeivBrtWbY6BfB4xpLj,SOL,sponsored,ATR (classic): token to SOL
16,0,sell,0.005,SOL,AURYydfxJib1ZkTir1Jn1J9ECYUtjb6rKQVmtYaixWPP,sponsored,AURY (classic): SOL to token
16,0,sell,20.4,AURYydfxJib1ZkTir1Jn1J9ECYUtjb6rKQVmtYaixWPP,SOL,sponsored,AURY (classic): token to SOL
17,0,sell,0.005,SOL,AVLhahDcDQ4m4vHM4ug63oh7xc8Jtk49Dm5hoe9Sazqr,sponsored,SOLAMA (classic): SOL to token
17,0,sell,486,AVLhahDcDQ4m4vHM4ug63oh7xc8Jtk49Dm5hoe9Sazqr,SOL,sponsored,SOLAMA (classic): token to SOL
18,0,sell,0.005,SOL,AWGCDT2gd8JadbYbYyZy1iKxfWokPNgrEQoU24zUpump,sponsored,Clude (token-2022): SOL to token
18,0,sell,782,AWGCDT2gd8JadbYbYyZy1iKxfWokPNgrEQoU24zUpump,SOL,sponsored,Clude (token-2022): token to SOL
19,0,sell,0.005,SOL,AYABiqKuTh9Va5Aqc6AujFevHwDGmECGQiFmKW5g3K4Z,sponsored,LONG (classic): SOL to token
19,0,sell,1910,AYABiqKuTh9Va5Aqc6AujFevHwDGmECGQiFmKW5g3K4Z,SOL,sponsored,LONG (classic): token to SOL
20,0,sell,0.005,SOL,AZsHEMXd36Bj1EMNXhowJajpUXzrKcK57wW4ZGXVa7yR,sponsored,GUAC (classic): SOL to token
20,0,sell,108000000,AZsHEMXd36Bj1EMNXhowJajpUXzrKcK57wW4ZGXVa7yR,SOL,sponsored,GUAC (classic): token to SOL
21,0,sell,0.005,SOL,AavE1kKKnesPw4MuRJmJ9jZs9QzEE8CPxQ3ViczUDfc1,sponsored,AAVE (classic): SOL to token
21,0,sell,0.00299,AavE1kKKnesPw4MuRJmJ9jZs9QzEE8CPxQ3ViczUDfc1,SOL,sponsored,AAVE (classic): token to SOL
22,0,sell,0.005,SOL,AbrMJWfDVRZ2EWCQ1xSCpoVeVgZNpq1U2AoYG98oRXfn,sponsored,Cheese (classic): SOL to token
22,0,sell,15200,AbrMJWfDVRZ2EWCQ1xSCpoVeVgZNpq1U2AoYG98oRXfn,SOL,sponsored,Cheese (classic): token to SOL
23,0,sell,0.005,SOL,Adq3wnAvtaXBNfy63xGV1YNkDiPKadDT469xF9uZPrqE,sponsored,WIT (classic): SOL to token
23,0,sell,17500,Adq3wnAvtaXBNfy63xGV1YNkDiPKadDT469xF9uZPrqE,SOL,sponsored,WIT (classic): token to SOL
24,0,sell,0.005,SOL,Afo4NumBNHDXc7m7p6qjZ1pF3LbqYfG5k1CNrGve8rVu,sponsored,FALX (classic): SOL to token
24,0,sell,35100,Afo4NumBNHDXc7m7p6qjZ1pF3LbqYfG5k1CNrGve8rVu,SOL,sponsored,FALX (classic): token to SOL
25,0,sell,0.005,SOL,AhhdRu5YZdjVkKR3wbnUDaymVQL2ucjMQ63sZ3LFHsch,sponsored,VCHF (classic): SOL to token
25,0,sell,0.428,AhhdRu5YZdjVkKR3wbnUDaymVQL2ucjMQ63sZ3LFHsch,SOL,sponsored,VCHF (classic): token to SOL
26,0,sell,0.005,SOL,ApZuxdpzMrbEYTGEzeY9afh5pj9d6qPRJCTgQYiipbKg,sponsored,CYBERLEEK (classic): SOL to token
26,0,sell,381,ApZuxdpzMrbEYTGEzeY9afh5pj9d6qPRJCTgQYiipbKg,SOL,sponsored,CYBERLEEK (classic): token to SOL
27,0,sell,0.005,SOL,AujTJJ7aMS8LDo3bFzoyXDwT3jBALUbu4VZhzZdTZLmG,sponsored,$BEER (classic): SOL to token
27,0,sell,596000,AujTJJ7aMS8LDo3bFzoyXDwT3jBALUbu4VZhzZdTZLmG,SOL,sponsored,$BEER (classic): token to SOL
28,0,sell,0.005,SOL,Av6qVigkb7USQyPXJkUvAEm4f599WTRvd75PUWBA9eNm,sponsored,COST (classic): SOL to token
28,0,sell,3150,Av6qVigkb7USQyPXJkUvAEm4f599WTRvd75PUWBA9eNm,SOL,sponsored,COST (classic): token to SOL
29,0,sell,0.005,SOL,AvZZF1YaZDziPY2RCK4oJrRVrbN3mTD9NL24hPeaZeUj,sponsored,syrupUSDC (classic): SOL to token
29,0,sell,0.44,AvZZF1YaZDziPY2RCK4oJrRVrbN3mTD9NL24hPeaZeUj,SOL,sponsored,syrupUSDC (classic): token to SOL
30,0,sell,0.005,SOL,Ax8PSfCXxmxb8C8kYTzN5CPpTe6PyeZfFf8rrXNCjupx,sponsored,MM (classic): SOL to token
30,0,sell,297,Ax8PSfCXxmxb8C8kYTzN5CPpTe6PyeZfFf8rrXNCjupx,SOL,sponsored,MM (classic): token to SOL
1,0,sell,0.005,SOL,AymATz4TCL9sWNEEV9Kvyz45CHVhDZ6kUgjTJPzLpU9P,sponsored,XAUt0 (classic): SOL to token
1,0,sell,0.000126,AymATz4TCL9sWNEEV9Kvyz45CHVhDZ6kUgjTJPzLpU9P,SOL,sponsored,XAUt0 (classic): token to SOL
2,0,sell,0.005,SOL,B5WTLaRwaUQpKk7ir1wniNB6m5o8GgMrimhKMYan2R6B,sponsored,Pepe (classic): SOL to token
2,0,sell,616,B5WTLaRwaUQpKk7ir1wniNB6m5o8GgMrimhKMYan2R6B,SOL,sponsored,Pepe (classic): token to SOL
3,0,sell,0.005,SOL,BABANGA4JE7Kkam4nTrALAwAVgsNJUuFJnnkF7S16BZp,sponsored,BABA (token-2022: permanentDelegate defaultAccountState pausableConfig confidentialTransferMint transferHook scaledUiAmountConfig): SOL to token
3,0,sell,0.00487,BABANGA4JE7Kkam4nTrALAwAVgsNJUuFJnnkF7S16BZp,SOL,sponsored,BABA (token-2022: permanentDelegate defaultAccountState pausableConfig confidentialTransferMint transferHook scaledUiAmountConfig): token to SOL
4,0,sell,0.005,SOL,BANKJmvhT8tiJRsBSS1n2HryMBPvT5Ze4HU95DUAmeta,sponsored,AVICI (classic): SOL to token
4,0,sell,1.92,BANKJmvhT8tiJRsBSS1n2HryMBPvT5Ze4HU95DUAmeta,SOL,sponsored,AVICI (classic): token to SOL
5,0,sell,0.005,SOL,BBKPiLM9KjdJW7oQSKt99RVWcZdhF6sEHRKnwqeBGHST,sponsored,GHOST (classic): SOL to token
5,0,sell,323,BBKPiLM9KjdJW7oQSKt99RVWcZdhF6sEHRKnwqeBGHST,SOL,sponsored,GHOST (classic): token to SOL
6,0,sell,0.005,SOL,BCNT4t3rv5Hva8RnUtJUJLnxzeFAabcYp8CghC1SmWin,sponsored,BC (classic): SOL to token
6,0,sell,13.7,BCNT4t3rv5Hva8RnUtJUJLnxzeFAabcYp8CghC1SmWin,SOL,sponsored,BC (classic): token to SOL
7,0,sell,0.005,SOL,BCdwQBAn8dYB5YjTsoB6TdHAWokxv28k2oZUodERpump,sponsored,MANIFEST (token-2022): SOL to token
7,0,sell,50.2,BCdwQBAn8dYB5YjTsoB6TdHAWokxv28k2oZUodERpump,SOL,sponsored,MANIFEST (token-2022): token to SOL
8,0,sell,0.005,SOL,BEgBsVSKJSxreiCE1XmWWq8arnwit7xDqQXSWYgay9xP,sponsored,WYAC (classic): SOL to token
8,0,sell,2500,BEgBsVSKJSxreiCE1XmWWq8arnwit7xDqQXSWYgay9xP,SOL,sponsored,WYAC (classic): token to SOL
9,0,sell,0.005,SOL,BFgdzMkTPdKKJeTipv2njtDEwhKxkgFueJQfJGt1jups,sponsored,URANUS (classic): SOL to token
9,0,sell,123,BFgdzMkTPdKKJeTipv2njtDEwhKxkgFueJQfJGt1jups,SOL,sponsored,URANUS (classic): token to SOL
10,0,sell,0.005,SOL,BLVxek8YMXUQhcKmMvrFTrzh5FXg8ec88Crp6otEaCMf,sponsored,BELIEVE (classic): SOL to token
10,0,sell,406,BLVxek8YMXUQhcKmMvrFTrzh5FXg8ec88Crp6otEaCMf,SOL,sponsored,BELIEVE (classic): token to SOL
11,0,sell,0.005,SOL,BLZEEuZUBVqFhj8adcCFPJvPVCiCyVmh3hkJMrU8KuJA,sponsored,BLZE (classic): SOL to token
11,0,sell,5570,BLZEEuZUBVqFhj8adcCFPJvPVCiCyVmh3hkJMrU8KuJA,SOL,sponsored,BLZE (classic): token to SOL
12,0,sell,0.005,SOL,BMKdM4yUxX12moFqVk195k7coMbaybd4RUKCUdm7D1Sk,sponsored,IBM (token-2022: permanentDelegate defaultAccountState pausableConfig confidentialTransferMint transferHook scaledUiAmountConfig): SOL to token
12,0,sell,0.00236,BMKdM4yUxX12moFqVk195k7coMbaybd4RUKCUdm7D1Sk,SOL,sponsored,IBM (token-2022: permanentDelegate defaultAccountState pausableConfig confidentialTransferMint transferHook scaledUiAmountConfig): token to SOL
13,0,sell,0.005,SOL,BPxxfRCXkUVhig4HS1Lh7kZqV6SPJhzfEk4x6fVBjPCy,sponsored,BP (classic): SOL to token
13,0,sell,0.476,BPxxfRCXkUVhig4HS1Lh7kZqV6SPJhzfEk4x6fVBjPCy,SOL,sponsored,BP (classic): token to SOL
14,0,sell,0.005,SOL,BQ3F72yt9FVRgYrqCVCG3YohyBesDZ9bTuhGdmQ7GNEF,sponsored,GROK (classic): SOL to token
14,0,sell,20.2,BQ3F72yt9FVRgYrqCVCG3YohyBesDZ9bTuhGdmQ7GNEF,SOL,sponsored,GROK (classic): token to SOL
15,0,sell,0.005,SOL,BRZ5aeJCDuruA42V1CntqKvofa2G7DS3yyxx1pZEpump,sponsored,moonkey (token-2022): SOL to token
15,0,sell,1400,BRZ5aeJCDuruA42V1CntqKvofa2G7DS3yyxx1pZEpump,SOL,sponsored,moonkey (token-2022): token to SOL
16,0,sell,0.005,SOL,BWXrrYFhT7bMHmNBFoQFWdsSgA3yXoAnMhDK6Fn1eSEn,sponsored,HADES (classic): SOL to token
16,0,sell,123,BWXrrYFhT7bMHmNBFoQFWdsSgA3yXoAnMhDK6Fn1eSEn,SOL,sponsored,HADES (classic): token to SOL
17,0,sell,0.005,SOL,BZLbGTNCSFfoth2GYDtwr7e4imWzpR5jqcUuGEwr646K,sponsored,IO (classic): SOL to token
17,0,sell,3.36,BZLbGTNCSFfoth2GYDtwr7e4imWzpR5jqcUuGEwr646K,SOL,sponsored,IO (classic): token to SOL
18,0,sell,0.005,SOL,BcHEaaTCvycPwwsJ9yQTXdHP9X2gCLkznDbZ8VySpump,sponsored,Jotchua (token-2022): SOL to token
18,0,sell,343,BcHEaaTCvycPwwsJ9yQTXdHP9X2gCLkznDbZ8VySpump,SOL,sponsored,Jotchua (token-2022): token to SOL
19,0,sell,0.005,SOL,BeGY8KqKxboEwRbJd1q9H2K829jS4Rc5dEyNMYXCbV5p,sponsored,NPC (classic): SOL to token
19,0,sell,24.9,BeGY8KqKxboEwRbJd1q9H2K829jS4Rc5dEyNMYXCbV5p,SOL,sponsored,NPC (classic): token to SOL
20,0,sell,0.005,SOL,BgJW7U1u2RY5XJk9uYb5AqFRzjMtqE7pw3kaf9iw9Ntz,sponsored,$PELF (classic): SOL to token
20,0,sell,61100,BgJW7U1u2RY5XJk9uYb5AqFRzjMtqE7pw3kaf9iw9Ntz,SOL,sponsored,$PELF (classic): token to SOL
21,0,sell,0.005,SOL,BiDB55p4G3n1fGhwKFpxsokBMqgctL4qnZpDH1bVQxMD,sponsored,DIO (classic): SOL to token
21,0,sell,1700,BiDB55p4G3n1fGhwKFpxsokBMqgctL4qnZpDH1bVQxMD,SOL,sponsored,DIO (classic): token to SOL
22,0,sell,0.005,SOL,BoTx8y9ynfdxf5ZjWtCoBVkff52qKA82ysaLU8ZM6d8T,sponsored,BOT (token-2022: permanentDelegate defaultAccountState pausableConfig confidentialTransferMint transferHook scaledUiAmountConfig): SOL to token
22,0,sell,0.0176,BoTx8y9ynfdxf5ZjWtCoBVkff52qKA82ysaLU8ZM6d8T,SOL,sponsored,BOT (token-2022: permanentDelegate defaultAccountState pausableConfig confidentialTransferMint transferHook scaledUiAmountConfig): token to SOL
23,0,sell,0.005,SOL,BoZoQQRAmYkr5iJhqo7DChAs7DPDwEZ5cv1vkYC9yzJG,sponsored,$BOZO (classic): SOL to token
23,0,sell,2470000000,BoZoQQRAmYkr5iJhqo7DChAs7DPDwEZ5cv1vkYC9yzJG,SOL,sponsored,$BOZO (classic): token to SOL
24,0,sell,0.005,SOL,BonK1YhkXEGLZzwtcvRTip3gAL9nCeQD7ppZBLXhtTs,sponsored,bonkSOL (classic): SOL to token
24,0,sell,0.00374,BonK1YhkXEGLZzwtcvRTip3gAL9nCeQD7ppZBLXhtTs,SOL,sponsored,bonkSOL (classic): token to SOL
25,0,sell,0.005,SOL,BqVHWpwUDgMik5gbTciFfozadpE2oZth5bxCDrgbDt52,sponsored,OPOS (classic): SOL to token
25,0,sell,2.92,BqVHWpwUDgMik5gbTciFfozadpE2oZth5bxCDrgbDt52,SOL,sponsored,OPOS (classic): token to SOL
26,0,sell,0.005,SOL,Bz7Nx1F3Mti1BVS7ZAVDLSKGEaejufxvX2DPdjpf8PqT,sponsored,CHIPPY (classic): SOL to token
26,0,sell,1020,Bz7Nx1F3Mti1BVS7ZAVDLSKGEaejufxvX2DPdjpf8PqT,SOL,sponsored,CHIPPY (classic): token to SOL
27,0,sell,0.005,SOL,C1MHyoTJpRTeS9AQCyspNVu2EWAYCZwmJ1jNkEArFP1f,sponsored,APE (classic): SOL to token
27,0,sell,3.53,C1MHyoTJpRTeS9AQCyspNVu2EWAYCZwmJ1jNkEArFP1f,SOL,sponsored,APE (classic): token to SOL
28,0,sell,0.005,SOL,C1mBfBoDkwWfd6uTFZp62ARHLjeVp3bDpCDMfMZtPngE,sponsored,HOOKED (classic): SOL to token
28,0,sell,94.3,C1mBfBoDkwWfd6uTFZp62ARHLjeVp3bDpCDMfMZtPngE,SOL,sponsored,HOOKED (classic): token to SOL
29,0,sell,0.005,SOL,C2omVhcvt3DDY77S2KZzawFJQeETZofgZ4eNWWkXpump,sponsored,BULLISH (classic): SOL to token
29,0,sell,1110,C2omVhcvt3DDY77S2KZzawFJQeETZofgZ4eNWWkXpump,SOL,sponsored,BULLISH (classic): token to SOL
30,0,sell,0.005,SOL,C3JX9TWLqHKmcoTDTppaJebX2U7DcUQDEHVSmJFz6K6S,sponsored,Bazinga (classic): SOL to token
30,0,sell,13200,C3JX9TWLqHKmcoTDTppaJebX2U7DcUQDEHVSmJFz6K6S,SOL,sponsored,Bazinga (classic): token to SOL
1,0,sell,0.005,SOL,C8cNX2D1y3jqKpMFkQhP1gGbfvTEdeckZXLBKSN5z5KF,sponsored,Mail (classic): SOL to token
1,0,sell,3100,C8cNX2D1y3jqKpMFkQhP1gGbfvTEdeckZXLBKSN5z5KF,SOL,sponsored,Mail (classic): token to SOL
2,0,sell,0.005,SOL,CARDSccUMFKoPRZxt5vt3ksUbxEFEcnZ3H2pd3dKxYjp,sponsored,CARDS (classic): SOL to token
2,0,sell,1.92,CARDSccUMFKoPRZxt5vt3ksUbxEFEcnZ3H2pd3dKxYjp,SOL,sponsored,CARDS (classic): token to SOL
3,0,sell,0.005,SOL,CARSsxWPkpQWvfyRBwfGMGvysJBHdHGfE46X5MNgmeta,sponsored,CARS (classic): SOL to token
3,0,sell,3.5,CARSsxWPkpQWvfyRBwfGMGvysJBHdHGfE46X5MNgmeta,SOL,sponsored,CARS (classic): token to SOL
4,0,sell,0.005,SOL,CASHx9KJUStyftLFWGvEVf59SGeG9sh5FfcnZMVPCASH,sponsored,CASH (token-2022: mintCloseAuthority permanentDelegate defaultAccountState confidentialTransferMint transferHook): SOL to token
4,0,sell,0.522,CASHx9KJUStyftLFWGvEVf59SGeG9sh5FfcnZMVPCASH,SOL,sponsored,CASH (token-2022: mintCloseAuthority permanentDelegate defaultAccountState confidentialTransferMint transferHook): token to SOL
5,0,sell,0.005,SOL,CB9dDufT3ZuQXqqSfa1c5kY935TEreyBw9XJXxHKpump,sponsored,USDUC (classic): SOL to token
5,0,sell,186,CB9dDufT3ZuQXqqSfa1c5kY935TEreyBw9XJXxHKpump,SOL,sponsored,USDUC (classic): token to SOL
6,0,sell,0.005,SOL,CGEDT9QZDvvH5GmVkWJH2BXiMJqMJySC9ihWyr7Spump,sponsored,BURNIE (token-2022): SOL to token
6,0,sell,388,CGEDT9QZDvvH5GmVkWJH2BXiMJqMJySC9ihWyr7Spump,SOL,sponsored,BURNIE (token-2022): token to SOL
7,0,sell,0.005,SOL,CKaKtYvz6dKPyMvYq9Rh3UBrnNqYZAyd7iF4hJtjUvks,sponsored,GARI (classic): SOL to token
7,0,sell,3480,CKaKtYvz6dKPyMvYq9Rh3UBrnNqYZAyd7iF4hJtjUvks,SOL,sponsored,GARI (classic): token to SOL
8,0,sell,0.005,SOL,CLoUDKc4Ane7HeQcPpE3YHnznRxhMimJ4MyaUqyHFzAu,sponsored,SANC (classic): SOL to token
8,0,sell,8.35,CLoUDKc4Ane7HeQcPpE3YHnznRxhMimJ4MyaUqyHFzAu,SOL,sponsored,SANC (classic): token to SOL
9,0,sell,0.005,SOL,CPjDhhBpwEsLygNuczKcNwBPgMeni1xLomD48x51MyYU,sponsored,BENJI (classic): SOL to token
9,0,sell,15800,CPjDhhBpwEsLygNuczKcNwBPgMeni1xLomD48x51MyYU,SOL,sponsored,BENJI (classic): token to SOL
10,0,sell,0.005,SOL,CQSzJzwW5H1oyWrp6QhfUKYYwyovbSiVDKnAxNfb1tJC,sponsored,STAN (classic): SOL to token
10,0,sell,1240,CQSzJzwW5H1oyWrp6QhfUKYYwyovbSiVDKnAxNfb1tJC,SOL,sponsored,STAN (classic): token to SOL
11,0,sell,0.005,SOL,CQbXk942c6GPcRwtZ2WMFP5JcQ9NqbXtb8jUewBi7GoT,sponsored,BAKED (classic): SOL to token
11,0,sell,4050,CQbXk942c6GPcRwtZ2WMFP5JcQ9NqbXtb8jUewBi7GoT,SOL,sponsored,BAKED (classic): token to SOL
12,0,sell,0.005,SOL,CREDBHvVqREBCAxMihzr8D1nepHMr2gmQoZWpmgGmeta,sponsored,CRED (classic): SOL to token
12,0,sell,0.656,CREDBHvVqREBCAxMihzr8D1nepHMr2gmQoZWpmgGmeta,SOL,sponsored,CRED (classic): token to SOL
13,0,sell,0.005,SOL,CRWNYkqdgvhGGae9CKfNka58j6QQkaD5bLhKXvUYqnc1,sponsored,CRWNY (classic): SOL to token
13,0,sell,1750,CRWNYkqdgvhGGae9CKfNka58j6QQkaD5bLhKXvUYqnc1,SOL,sponsored,CRWNY (classic): token to SOL
14,0,sell,0.005,SOL,CTPoyCwkjMvoJwU4xvZZqoD8tiYk6yDchySiN5gGpump,sponsored,fone (token-2022): SOL to token
14,0,sell,125,CTPoyCwkjMvoJwU4xvZZqoD8tiYk6yDchySiN5gGpump,SOL,sponsored,fone (token-2022): token to SOL
15,0,sell,0.005,SOL,CTgiaZUK12kCcB8sosn4Nt2NZtzLgtPqDwyQyr2syATC,sponsored,BITCOIN (classic): SOL to token
15,0,sell,33.9,CTgiaZUK12kCcB8sosn4Nt2NZtzLgtPqDwyQyr2syATC,SOL,sponsored,BITCOIN (classic): token to SOL
16,0,sell,0.005,SOL,CWZ6BsdnjkDVTGkmL6bGbJXXig6ceef12KvyGQW14cMt,sponsored,ANTFUN (classic): SOL to token
16,0,sell,43.1,CWZ6BsdnjkDVTGkmL6bGbJXXig6ceef12KvyGQW14cMt,SOL,sponsored,ANTFUN (classic): token to SOL
17,0,sell,0.005,SOL,CYPHuMmCL1GxJWa2tsPhLKykC7GrHJTCHwbXD4g5uawK,sponsored,CYPH (token-2022: permanentDelegate defaultAccountState pausableConfig confidentialTransferMint transferHook scaledUiAmountConfig): SOL to token
17,0,sell,0.171,CYPHuMmCL1GxJWa2tsPhLKykC7GrHJTCHwbXD4g5uawK,SOL,sponsored,CYPH (token-2022: permanentDelegate defaultAccountState pausableConfig confidentialTransferMint transferHook scaledUiAmountConfig): token to SOL
18,0,sell,0.005,SOL,CcLd8HTAKLWtQHatqPwBQjtuCA72FNB9E1ckRTEzpump,sponsored,ALTSZN (token-2022): SOL to token
18,0,sell,136,CcLd8HTAKLWtQHatqPwBQjtuCA72FNB9E1ckRTEzpump,SOL,sponsored,ALTSZN (token-2022): token to SOL
19,0,sell,0.005,SOL,Ce2gx9KGXJ6C9Mp5b5x1sn9Mg87JwEbrQby4Zqo3pump,sponsored,neet (classic): SOL to token
19,0,sell,15.5,Ce2gx9KGXJ6C9Mp5b5x1sn9Mg87JwEbrQby4Zqo3pump,SOL,sponsored,neet (classic): token to SOL
20,0,sell,0.005,SOL,Cm6fNnMk7NfzStP9CZpsQA2v3jjzbcYGAxdJySmHpump,sponsored,Buttcoin (token-2022): SOL to token
20,0,sell,63.5,Cm6fNnMk7NfzStP9CZpsQA2v3jjzbcYGAxdJySmHpump,SOL,sponsored,Buttcoin (token-2022): token to SOL
21,0,sell,0.005,SOL,CniPCE4b3s8gSUPhUiyMjXnytrEqUrMfSsnbBjLCpump,sponsored,pwease (classic): SOL to token
21,0,sell,124,CniPCE4b3s8gSUPhUiyMjXnytrEqUrMfSsnbBjLCpump,SOL,sponsored,pwease (classic): token to SOL
22,0,sell,0.005,SOL,CrAr4RRJMBVwRsZtT62pEhfA9H5utymC2mVx8e7FreP2,sponsored,MON (classic): SOL to token
22,0,sell,20.3,CrAr4RRJMBVwRsZtT62pEhfA9H5utymC2mVx8e7FreP2,SOL,sponsored,MON (classic): token to SOL
23,0,sell,0.005,SOL,CtzPWv73Sn1dMGVU3ZtLv9yWSyUAanBni19YWDaznnkn,sponsored,xBTC (classic): SOL to token
23,0,sell,0.00000626,CtzPWv73Sn1dMGVU3ZtLv9yWSyUAanBni19YWDaznnkn,SOL,sponsored,xBTC (classic): token to SOL
24,0,sell,0.005,SOL,Cy1GS2FqefgaMbi45UunrUzin1rfEmTUYnomddzBpump,sponsored,MOBY (classic): SOL to token
24,0,sell,344,Cy1GS2FqefgaMbi45UunrUzin1rfEmTUYnomddzBpump,SOL,sponsored,MOBY (classic): token to SOL
25,0,sell,0.005,SOL,CyUgNnKPQLqFcheyGV8wmypnJqojA7NzsdJjTS4nUT2j,sponsored,gil (classic): SOL to token
25,0,sell,4840,CyUgNnKPQLqFcheyGV8wmypnJqojA7NzsdJjTS4nUT2j,SOL,sponsored,gil (classic): token to SOL
26,0,sell,0.005,SOL,CzLSujWBLFsSjncfkh59rUFqvafWcY5tzedWJSuypump,sponsored,GOAT (classic): SOL to token
26,0,sell,30.4,CzLSujWBLFsSjncfkh59rUFqvafWcY5tzedWJSuypump,SOL,sponsored,GOAT (classic): token to SOL
27,0,sell,0.005,SOL,CzLTZppPdZtTjyq3WGpHLstoc3GLhu7zH5Zg6xUa6Gv5,sponsored,COPX (token-2022: permanentDelegate defaultAccountState pausableConfig confidentialTransferMint transferHook scaledUiAmountConfig): SOL to token
27,0,sell,0.00624,CzLTZppPdZtTjyq3WGpHLstoc3GLhu7zH5Zg6xUa6Gv5,SOL,sponsored,COPX (token-2022: permanentDelegate defaultAccountState pausableConfig confidentialTransferMint transferHook scaledUiAmountConfig): token to SOL
28,0,sell,0.005,SOL,D1YZZg9dBZ7AbfknZVbaeVLto36eySwoFYEVhZrD4F4n,sponsored,GO (classic): SOL to token
28,0,sell,1800,D1YZZg9dBZ7AbfknZVbaeVLto36eySwoFYEVhZrD4F4n,SOL,sponsored,GO (classic): token to SOL
29,0,sell,0.005,SOL,D8r8XTuCrUhLheWeGXSwC3G92RhASficV3YA7B2XWcLv,sponsored,BAG (classic): SOL to token
29,0,sell,4620,D8r8XTuCrUhLheWeGXSwC3G92RhASficV3YA7B2XWcLv,SOL,sponsored,BAG (classic): token to SOL
30,0,sell,0.005,SOL,DBRiDgJAMsM95moTzJs7M9LnkGErpbv9v6CUR1DXnUu5,sponsored,DBR (classic): SOL to token
30,0,sell,28.4,DBRiDgJAMsM95moTzJs7M9LnkGErpbv9v6CUR1DXnUu5,SOL,sponsored,DBR (classic): token to SOL
1,0,sell,0.005,SOL,DDti34vnkrCehR8fih6dTGpPuc3w8tL4XQ4QLQhc3xPa,sponsored,LSD (classic): SOL to token
1,0,sell,4120,DDti34vnkrCehR8fih6dTGpPuc3w8tL4XQ4QLQhc3xPa,SOL,sponsored,LSD (classic): token to SOL
2,0,sell,0.005,SOL,DELL2aRKQz7DMq5DrKLtkn47ZCnbxXPZXrSGbkmd13wy,sponsored,DELL (token-2022: permanentDelegate defaultAccountState pausableConfig confidentialTransferMint transferHook scaledUiAmountConfig): SOL to token
2,0,sell,0.000899,DELL2aRKQz7DMq5DrKLtkn47ZCnbxXPZXrSGbkmd13wy,SOL,sponsored,DELL (token-2022: permanentDelegate defaultAccountState pausableConfig confidentialTransferMint transferHook scaledUiAmountConfig): token to SOL
3,0,sell,0.005,SOL,DEkqHyPN7GMRJ5cArtQFAWefqbZb33Hyf6s5iCwjEonT,sponsored,USDe (classic): SOL to token
3,0,sell,0.522,DEkqHyPN7GMRJ5cArtQFAWefqbZb33Hyf6s5iCwjEonT,SOL,sponsored,USDe (classic): token to SOL
4,0,sell,0.005,SOL,DFL1zNkaGPWm1BqAVqRjCZvHmwTFrEaJtbzJWgseoNJh,sponsored,DFL (classic): SOL to token
4,0,sell,39100,DFL1zNkaGPWm1BqAVqRjCZvHmwTFrEaJtbzJWgseoNJh,SOL,sponsored,DFL (classic): token to SOL
5,0,sell,0.005,SOL,DJTu7vi8norVzdVAffgvb39VP7wjKeTsgaMBJrzfxvoF,sponsored,DJT (token-2022: permanentDelegate defaultAccountState pausableConfig confidentialTransferMint transferHook scaledUiAmountConfig): SOL to token
5,0,sell,0.0634,DJTu7vi8norVzdVAffgvb39VP7wjKeTsgaMBJrzfxvoF,SOL,sponsored,DJT (token-2022: permanentDelegate defaultAccountState pausableConfig confidentialTransferMint transferHook scaledUiAmountConfig): token to SOL
6,0,sell,0.005,SOL,DKNGQFNGQmoBdXSRGKJ8tTu7uPDasw5JDcfMmWniNfow,sponsored,DKNG (token-2022: permanentDelegate defaultAccountState pausableConfig confidentialTransferMint transferHook scaledUiAmountConfig): SOL to token
6,0,sell,0.0273,DKNGQFNGQmoBdXSRGKJ8tTu7uPDasw5JDcfMmWniNfow,SOL,sponsored,DKNG (token-2022: permanentDelegate defaultAccountState pausableConfig confidentialTransferMint transferHook scaledUiAmountConfig): token to SOL
7,0,sell,0.005,SOL,DLUNTKRQt7CrpqSX1naHUYoBznJ9pvMP65uCeWQgYnRK,sponsored,SOLC (classic): SOL to token
7,0,sell,39,DLUNTKRQt7CrpqSX1naHUYoBznJ9pvMP65uCeWQgYnRK,SOL,sponsored,SOLC (classic): token to SOL
8,0,sell,0.005,SOL,DMXBsVBwfuzc5axa2vz6Ba2BzAxcUmn6V7ZtsJFEpump,sponsored,TOADS (token-2022): SOL to token
8,0,sell,5330,DMXBsVBwfuzc5axa2vz6Ba2BzAxcUmn6V7ZtsJFEpump,SOL,sponsored,TOADS (token-2022): token to SOL
9,0,sell,0.005,SOL,DNhQZ1CE9qZ2FNrVhsCXwQJ2vZG8ufZkcYakTS5Jpump,sponsored,ZAUTH (token-2022): SOL to token
9,0,sell,298,DNhQZ1CE9qZ2FNrVhsCXwQJ2vZG8ufZkcYakTS5Jpump,SOL,sponsored,ZAUTH (token-2022): token to SOL
10,0,sell,0.005,SOL,DQnkBM4eYYMnVE8Qy2K3BB7uts1fh2EwBVktEz6jpump,sponsored,DJI6930 (classic): SOL to token
10,0,sell,85.8,DQnkBM4eYYMnVE8Qy2K3BB7uts1fh2EwBVktEz6jpump,SOL,sponsored,DJI6930 (classic): token to SOL
11,0,sell,0.005,SOL,DRAMjSWR7HRfJKjRkvQWYL2bcaejaVhuxEcjf4pAY4Cw,sponsored,DRAM (token-2022: permanentDelegate defaultAccountState pausableConfig confidentialTransferMint transferHook scaledUiAmountConfig): SOL to token
11,0,sell,0.0087,DRAMjSWR7HRfJKjRkvQWYL2bcaejaVhuxEcjf4pAY4Cw,SOL,sponsored,DRAM (token-2022: permanentDelegate defaultAccountState pausableConfig confidentialTransferMint transferHook scaledUiAmountConfig): token to SOL
12,0,sell,0.005,SOL,DUSTawucrTsGU8hcqRdHDCbuYhCPADMLM2VcCb8VnFnQ,sponsored,DUST (classic): SOL to token
12,0,sell,65.2,DUSTawucrTsGU8hcqRdHDCbuYhCPADMLM2VcCb8VnFnQ,SOL,sponsored,DUST (classic): token to SOL
13,0,sell,0.005,SOL,DeaKMzAeZja3Mh5okZE6WUvygLP3Lfuvm6Rg78HqXTz9,sponsored,SOLNIC (classic): SOL to token
13,0,sell,398,DeaKMzAeZja3Mh5okZE6WUvygLP3Lfuvm6Rg78HqXTz9,SOL,sponsored,SOLNIC (classic): token to SOL
14,0,sell,0.005,SOL,DezXAZ8z7PnrnRJjz3wXBoRgixCa6xjnB7YaB1pPB263,sponsored,Bonk (classic): SOL to token
14,0,sell,149000,DezXAZ8z7PnrnRJjz3wXBoRgixCa6xjnB7YaB1pPB263,SOL,sponsored,Bonk (classic): token to SOL
15,0,sell,0.005,SOL,Df6yfrKC8kZE3KNkrHERKzAetSxbrWeniQfyJY4Jpump,sponsored,CHILLGUY (classic): SOL to token
15,0,sell,43.8,Df6yfrKC8kZE3KNkrHERKzAetSxbrWeniQfyJY4Jpump,SOL,sponsored,CHILLGUY (classic): token to SOL
16,0,sell,0.005,SOL,Dfh5DzRgSvvCFDoYc2ciTkMrbDfRKybA4SoFbPmApump,sponsored,pippin (classic): SOL to token
16,0,sell,29.9,Dfh5DzRgSvvCFDoYc2ciTkMrbDfRKybA4SoFbPmApump,SOL,sponsored,pippin (classic): token to SOL
17,0,sell,0.005,SOL,DmcqxT7WXgXhq2LHURQ2h8GA5PeCBuMTLeyaj6MXhf3p,sponsored,DMC (classic): SOL to token
17,0,sell,1520,DmcqxT7WXgXhq2LHURQ2h8GA5PeCBuMTLeyaj6MXhf3p,SOL,sponsored,DMC (classic): token to SOL
18,0,sell,0.005,SOL,Dn4noZ5jgGfkntzcQSUZ8czkreiZ1ForXYoV2H8Dm7S1,sponsored,USDTet (classic): SOL to token
18,0,sell,0.522,Dn4noZ5jgGfkntzcQSUZ8czkreiZ1ForXYoV2H8Dm7S1,SOL,sponsored,USDTet (classic): token to SOL
19,0,sell,0.005,SOL,Dnb9dLSXxAarXVexehzeH8W8nFmLMNJSuGoaddZSwtog,sponsored,COK (classic): SOL to token
19,0,sell,3680000,Dnb9dLSXxAarXVexehzeH8W8nFmLMNJSuGoaddZSwtog,SOL,sponsored,COK (classic): token to SOL
20,0,sell,0.005,SOL,DriFtupJYLTosbwoN8koMbEYSx54aFAVLddWsbksjwg7,sponsored,DRIFT (classic): SOL to token
20,0,sell,25.9,DriFtupJYLTosbwoN8koMbEYSx54aFAVLddWsbksjwg7,SOL,sponsored,DRIFT (classic): token to SOL
21,0,sell,0.005,SOL,Dso1bDeDjCQxTrWHqUUi63oBvV7Mdm6WaobLbQ7gnPQ,sponsored,dSOL (classic): SOL to token
21,0,sell,0.00369,Dso1bDeDjCQxTrWHqUUi63oBvV7Mdm6WaobLbQ7gnPQ,SOL,sponsored,dSOL (classic): token to SOL
22,0,sell,0.005,SOL,DtR4D9FtVoTX2569gaL837ZgrB6wNjj6tkmnX9Rdk9B2,sponsored,aura (classic): SOL to token
22,0,sell,61,DtR4D9FtVoTX2569gaL837ZgrB6wNjj6tkmnX9Rdk9B2,SOL,sponsored,aura (classic): token to SOL
23,0,sell,0.005,SOL,DuMbhu7mvQvqQHGcnikDgb4XegXJRyhUBfdU22uELiZA,sponsored,elizaOS (classic): SOL to token
23,0,sell,611,DuMbhu7mvQvqQHGcnikDgb4XegXJRyhUBfdU22uELiZA,SOL,sponsored,elizaOS (classic): token to SOL
24,0,sell,0.005,SOL,DvjbEsdca43oQcw2h3HW1CT7N3x5vRcr3QrvTUHnXvgV,sponsored,DOOD (classic): SOL to token
24,0,sell,326,DvjbEsdca43oQcw2h3HW1CT7N3x5vRcr3QrvTUHnXvgV,SOL,sponsored,DOOD (classic): token to SOL
25,0,sell,0.005,SOL,DxtssVdyYe4wWE5f5zEgx2NqtDFbVL3ABGY62WCycHWg,sponsored,BRETT (classic): SOL to token
25,0,sell,4790,DxtssVdyYe4wWE5f5zEgx2NqtDFbVL3ABGY62WCycHWg,SOL,sponsored,BRETT (classic): token to SOL
26,0,sell,0.005,SOL,Dz9mQ9NzkBcCsuGPFJ3r1bS4wgqKMHBPiVuniW8Mbonk,sponsored,USELESS (classic): SOL to token
26,0,sell,2.58,Dz9mQ9NzkBcCsuGPFJ3r1bS4wgqKMHBPiVuniW8Mbonk,SOL,sponsored,USELESS (classic): token to SOL
27,0,sell,0.005,SOL,E1kvzJNxShvvWTrudokpzuc789vRiDXfXG3duCuY6ooE,sponsored,DITH (classic): SOL to token
27,0,sell,23.6,E1kvzJNxShvvWTrudokpzuc789vRiDXfXG3duCuY6ooE,SOL,sponsored,DITH (classic): token to SOL
28,0,sell,0.005,SOL,E43qU77tnWDwN11o7TtaGMNpxCAqz8RZEZ7PcTCUXSim,sponsored,SLO (classic): SOL to token
28,0,sell,13600,E43qU77tnWDwN11o7TtaGMNpxCAqz8RZEZ7PcTCUXSim,SOL,sponsored,SLO (classic): token to SOL
29,0,sell,0.005,SOL,E5ZVeBMazQAYq4UEiSNRLxfMeRds9SKL31yPan7j5GJK,sponsored,LDZ (classic): SOL to token
29,0,sell,393,E5ZVeBMazQAYq4UEiSNRLxfMeRds9SKL31yPan7j5GJK,SOL,sponsored,LDZ (classic): token to SOL
30,0,sell,0.005,SOL,E6UU5M1z4CvSAAF99d9wRoXsasWMEXsvHrz3JQRXtm2X,sponsored,DGLN (classic): SOL to token
30,0,sell,134000,E6UU5M1z4CvSAAF99d9wRoXsasWMEXsvHrz3JQRXtm2X,SOL,sponsored,DGLN (classic): token to SOL
1,0,sell,0.005,SOL,E99fN4tCRb1tQphXK1DU7prXji6hMzxETyPNJro19Fwz,sponsored,SOLCAT (classic): SOL to token
1,0,sell,1090,E99fN4tCRb1tQphXK1DU7prXji6hMzxETyPNJro19Fwz,SOL,sponsored,SOLCAT (classic): token to SOL
2,0,sell,0.005,SOL,EATGZHJViJsk7nEKkrdJicwNbfpkJfAtmrEmrjXR8NBj,sponsored,POPDOG (classic): SOL to token
2,0,sell,1140,EATGZHJViJsk7nEKkrdJicwNbfpkJfAtmrEmrjXR8NBj,SOL,sponsored,POPDOG (classic): token to SOL
3,0,sell,0.005,SOL,ED5nyyWEzpPPiWimP8vYm7sD7TD3LAt3Q3gRTWHzPJBY,sponsored,MOODENG (classic): SOL to token
3,0,sell,12.2,ED5nyyWEzpPPiWimP8vYm7sD7TD3LAt3Q3gRTWHzPJBY,SOL,sponsored,MOODENG (classic): token to SOL
4,0,sell,0.005,SOL,EEpng77ZPn9FbgbT4xsRjwuxNCcMBYq3HTwEscyTpump,sponsored,HeeHaw (token-2022): SOL to token
4,0,sell,4300,EEpng77ZPn9FbgbT4xsRjwuxNCcMBYq3HTwEscyTpump,SOL,sponsored,HeeHaw (token-2022): token to SOL
5,0,sell,0.005,SOL,EKpQGSJtjMFqKZ9KQanSqYXRcF8fBopzLHYxdM65zcjm,sponsored,$WIF (classic): SOL to token
5,0,sell,2.27,EKpQGSJtjMFqKZ9KQanSqYXRcF8fBopzLHYxdM65zcjm,SOL,sponsored,$WIF (classic): token to SOL
6,0,sell,0.005,SOL,EN2nnxrg8uUi6x2sJkzNPd2eT6rB9rdSoQNNaENA4RZA,sponsored,SQUIRE (token-2022): SOL to token
6,0,sell,483,EN2nnxrg8uUi6x2sJkzNPd2eT6rB9rdSoQNNaENA4RZA,SOL,sponsored,SQUIRE (token-2022): token to SOL
7,0,sell,0.005,SOL,EPeUFDgHRxs9xxEPVaL6kfGQvCon7jmAWKVUHuux1Tpz,sponsored,BAT (classic): SOL to token
7,0,sell,5.19,EPeUFDgHRxs9xxEPVaL6kfGQvCon7jmAWKVUHuux1Tpz,SOL,sponsored,BAT (classic): token to SOL
8,0,sell,0.005,SOL,EPjFWdd5AufqSSqeM2qN1xzybapC8G4wEGGkZwyTDt1v,sponsored,USDC (classic): SOL to token
8,0,sell,0.522,EPjFWdd5AufqSSqeM2qN1xzybapC8G4wEGGkZwyTDt1v,SOL,sponsored,USDC (classic): token to SOL
9,0,sell,0.005,SOL,ETAtLmCmsoiEEKfNrHKJ2kYy3MoABhU6NQvpSfij5tDs,sponsored,MEDIA (classic): SOL to token
9,0,sell,5.37,ETAtLmCmsoiEEKfNrHKJ2kYy3MoABhU6NQvpSfij5tDs,SOL,sponsored,MEDIA (classic): token to SOL
10,0,sell,0.005,SOL,EWgq2xUb6eVCApeQombkPxd6uFjM8j9zRUXFS9MjKTiv,sponsored,CTO (token-2022): SOL to token
10,0,sell,2820,EWgq2xUb6eVCApeQombkPxd6uFjM8j9zRUXFS9MjKTiv,SOL,sponsored,CTO (token-2022): token to SOL
11,0,sell,0.005,SOL,EcQCUYv57C4V6RoPxkVUiDwtX1SP8y8FP5AEToYL8Az,sponsored,WLKN (classic): SOL to token
11,0,sell,2970,EcQCUYv57C4V6RoPxkVUiDwtX1SP8y8FP5AEToYL8Az,SOL,sponsored,WLKN (classic): token to SOL
12,0,sell,0.005,SOL,EchesyfXePKdLtoiZSL8pBe8Myagyy8ZRqsACNCFGnvp,sponsored,FIDA (classic): SOL to token
12,0,sell,25.4,EchesyfXePKdLtoiZSL8pBe8Myagyy8ZRqsACNCFGnvp,SOL,sponsored,FIDA (classic): token to SOL
13,0,sell,0.005,SOL,EfPoo4wWgxKVToit7yX5VtXXBrhao4G8L7vrbKy6pump,sponsored,DEXTER (classic): SOL to token
13,0,sell,1680,EfPoo4wWgxKVToit7yX5VtXXBrhao4G8L7vrbKy6pump,SOL,sponsored,DEXTER (classic): token to SOL
14,0,sell,0.005,SOL,Eg2ymQ2aQqjMcibnmTt8erC6Tvk9PVpJZCxvVPJz2agu,sponsored,PUMPCADE (classic): SOL to token
14,0,sell,38.3,Eg2ymQ2aQqjMcibnmTt8erC6Tvk9PVpJZCxvVPJz2agu,SOL,sponsored,PUMPCADE (classic): token to SOL
15,0,sell,0.005,SOL,Eh1fXbAipe4k7CYR9UMb2bbWmBcpU3HcyX3LWuRVFBLz,sponsored,FM (classic): SOL to token
15,0,sell,65.8,Eh1fXbAipe4k7CYR9UMb2bbWmBcpU3HcyX3LWuRVFBLz,SOL,sponsored,FM (classic): token to SOL
16,0,sell,0.005,SOL,EjmDTt8G3T725eFSV7oWmGD8J848guo3LZ1EB3RfwGSw,sponsored,harold (classic): SOL to token
16,0,sell,11500,EjmDTt8G3T725eFSV7oWmGD8J848guo3LZ1EB3RfwGSw,SOL,sponsored,harold (classic): token to SOL
17,0,sell,0.005,SOL,EjzzyCSiLqjFDprpZj8e1zjXmcTG5HPGFRSEoWcJWHh9,sponsored,INBRED (classic): SOL to token
17,0,sell,5410,EjzzyCSiLqjFDprpZj8e1zjXmcTG5HPGFRSEoWcJWHh9,SOL,sponsored,INBRED (classic): token to SOL
18,0,sell,0.005,SOL,EkFRff9a2jKztJHML1LG9FRmEkPJDR6XAYp3uCPdpump,sponsored,SLOPCORE (token-2022): SOL to token
18,0,sell,1760,EkFRff9a2jKztJHML1LG9FRmEkPJDR6XAYp3uCPdpump,SOL,sponsored,SLOPCORE (token-2022): token to SOL
19,0,sell,0.005,SOL,EkHr62PC6Y1axrLS7cR8YC4BZeW19mtHxQLCLMrf9vnq,sponsored,CIRCLE (classic): SOL to token
19,0,sell,11300,EkHr62PC6Y1axrLS7cR8YC4BZeW19mtHxQLCLMrf9vnq,SOL,sponsored,CIRCLE (classic): token to SOL
20,0,sell,0.005,SOL,EmcxFTNVDqyLHp11NvwvLZ4D7LKGbG9i7B8RF7dwpump,sponsored,ZERO (token-2022): SOL to token
20,0,sell,1040,EmcxFTNVDqyLHp11NvwvLZ4D7LKGbG9i7B8RF7dwpump,SOL,sponsored,ZERO (token-2022): token to SOL
21,0,sell,0.005,SOL,EpXtn6xGoZ4Y45vRjiDUHSCGbBoJD5FaEqZbF98YswH1,sponsored,MADE (token-2022): SOL to token
21,0,sell,438,EpXtn6xGoZ4Y45vRjiDUHSCGbBoJD5FaEqZbF98YswH1,SOL,sponsored,MADE (token-2022): token to SOL
22,0,sell,0.005,SOL,Es9vMFrzaCERmJfrF4H2FYD4KCoNkY11McCe8BenwNYB,sponsored,USDT (classic): SOL to token
22,0,sell,0.522,Es9vMFrzaCERmJfrF4H2FYD4KCoNkY11McCe8BenwNYB,SOL,sponsored,USDT (classic): token to SOL
23,0,sell,0.005,SOL,EswgBj2hZKdgovX2ihWSUDnuBg9VNbGmSGoH5yjNsPRa,sponsored,PHY (classic): SOL to token
23,0,sell,9.35,EswgBj2hZKdgovX2ihWSUDnuBg9VNbGmSGoH5yjNsPRa,SOL,sponsored,PHY (classic): token to SOL
24,0,sell,0.005,SOL,F3nefJBcejYbtdREjui1T9DPh5dBgpkKq7u2GAAMXs5B,sponsored,AART (classic): SOL to token
24,0,sell,19600,F3nefJBcejYbtdREjui1T9DPh5dBgpkKq7u2GAAMXs5B,SOL,sponsored,AART (classic): token to SOL
25,0,sell,0.005,SOL,F47vvwFYuLioQsqEVAjqdY6Yihc8wVRiUcfHGcBR9XUs,sponsored,ELGATO (classic): SOL to token
25,0,sell,54300,F47vvwFYuLioQsqEVAjqdY6Yihc8wVRiUcfHGcBR9XUs,SOL,sponsored,ELGATO (classic): token to SOL
26,0,sell,0.005,SOL,F6qoefQq4iCBLoNZ34RjEqHjHkD8vtmoRSdw9Nd55J1k,sponsored,SHIB (classic): SOL to token
26,0,sell,1200,F6qoefQq4iCBLoNZ34RjEqHjHkD8vtmoRSdw9Nd55J1k,SOL,sponsored,SHIB (classic): token to SOL
27,0,sell,0.005,SOL,FLWSojG1gB5VStYR3Sb4nQFRt43UBYkqih1j2CpVLqgd,sponsored,FLWS (token-2022: permanentDelegate defaultAccountState pausableConfig confidentialTransferMint transferHook scaledUiAmountConfig): SOL to token
27,0,sell,0.198,FLWSojG1gB5VStYR3Sb4nQFRt43UBYkqih1j2CpVLqgd,SOL,sponsored,FLWS (token-2022: permanentDelegate defaultAccountState pausableConfig confidentialTransferMint transferHook scaledUiAmountConfig): token to SOL
28,0,sell,0.005,SOL,FRySi8LPkuByB7VPSCCggxpewFUeeJiwEGRKKuhwpKcX,sponsored,NATIX (classic): SOL to token
28,0,sell,2130,FRySi8LPkuByB7VPSCCggxpewFUeeJiwEGRKKuhwpKcX,SOL,sponsored,NATIX (classic): token to SOL
29,0,sell,0.005,SOL,FS66v5XYtJAFo14LiPz5HT93EUMAHmYipCfQhLpU4ss8,sponsored,SMOG (classic): SOL to token
29,0,sell,9400,FS66v5XYtJAFo14LiPz5HT93EUMAHmYipCfQhLpU4ss8,SOL,sponsored,SMOG (classic): token to SOL
30,0,sell,0.005,SOL,FU1q8vJpZNUrmqsciSjp8bAKKidGsLmouB8CBdf8TKQv,sponsored,tremp (classic): SOL to token
30,0,sell,134,FU1q8vJpZNUrmqsciSjp8bAKKidGsLmouB8CBdf8TKQv,SOL,sponsored,tremp (classic): token to SOL
1,0,sell,0.005,SOL,FUAfBo2jgks6gB4Z4LfZkqSZgzNucisEHqnNebaRxM1P,sponsored,MELANIA (classic): SOL to token
1,0,sell,5.38,FUAfBo2jgks6gB4Z4LfZkqSZgzNucisEHqnNebaRxM1P,SOL,sponsored,MELANIA (classic): token to SOL
2,0,sell,0.005,SOL,FV56CmR7fhEyPkymKfmviKV48uPo51ti9kAxssQqTDLu,sponsored,WALTER (classic): SOL to token
2,0,sell,2570,FV56CmR7fhEyPkymKfmviKV48uPo51ti9kAxssQqTDLu,SOL,sponsored,WALTER (classic): token to SOL
3,0,sell,0.005,SOL,FViMp5phQH2bX81S7Yyn1yXjj3BRddFBNcMCbTH8FCze,sponsored,$TOAD (classic): SOL to token
3,0,sell,555000000,FViMp5phQH2bX81S7Yyn1yXjj3BRddFBNcMCbTH8FCze,SOL,sponsored,$TOAD (classic): token to SOL
4,0,sell,0.005,SOL,FYa25XnBsXQXAdTnsyKBKd5gZ1VZhChBRF57CqfRxJZX,sponsored,monk (classic): SOL to token
4,0,sell,4900,FYa25XnBsXQXAdTnsyKBKd5gZ1VZhChBRF57CqfRxJZX,SOL,sponsored,monk (classic): token to SOL
5,0,sell,0.005,SOL,FZnSMd1hPu5MVgttmtfDZUPN5gcuexvrh3CB67UuQshb,sponsored,HELIA (classic): SOL to token
5,0,sell,19000,FZnSMd1hPu5MVgttmtfDZUPN5gcuexvrh3CB67UuQshb,SOL,sponsored,HELIA (classic): token to SOL
6,0,sell,0.005,SOL,Faf89929Ni9fbg4gmVZTca7eW6NFg877Jqn6MizT3Gvw,sponsored,$WOLF (classic): SOL to token
6,0,sell,14000,Faf89929Ni9fbg4gmVZTca7eW6NFg877Jqn6MizT3Gvw,SOL,sponsored,$WOLF (classic): token to SOL
7,0,sell,0.005,SOL,FaxYQ3LVXP51rDP2yWGLWVrFAAHeSdFF8SGZxwj2dvor,sponsored,SWAG (classic): SOL to token
7,0,sell,198,FaxYQ3LVXP51rDP2yWGLWVrFAAHeSdFF8SGZxwj2dvor,SOL,sponsored,SWAG (classic): token to SOL
8,0,sell,0.005,SOL,Fch1oixTPri8zxBnmdCEADoJW2toyFHxqDZacQkwdvSP,sponsored,HARAMBE (classic): SOL to token
8,0,sell,1560,Fch1oixTPri8zxBnmdCEADoJW2toyFHxqDZacQkwdvSP,SOL,sponsored,HARAMBE (classic): token to SOL
9,0,sell,0.005,SOL,FeKmTunVrXDKEoDJbuTwZi8vfFFw3MHzpPB79JD8ARYU,sponsored,FIW (classic): SOL to token
9,0,sell,9560,FeKmTunVrXDKEoDJbuTwZi8vfFFw3MHzpPB79JD8ARYU,SOL,sponsored,FIW (classic): token to SOL
10,0,sell,0.005,SOL,FeMbDoX7R1Psc4GEcvJdsbNbZA3bfztcyDCatJVJpump,sponsored,three (token-2022): SOL to token
10,0,sell,1210,FeMbDoX7R1Psc4GEcvJdsbNbZA3bfztcyDCatJVJpump,SOL,sponsored,three (token-2022): token to SOL
11,0,sell,0.005,SOL,FoRGERiW7odcCBGU1bztZi16osPBHjxharvDathL5eds,sponsored,FORGE (classic): SOL to token
11,0,sell,217,FoRGERiW7odcCBGU1bztZi16osPBHjxharvDathL5eds,SOL,sponsored,FORGE (classic): token to SOL
12,0,sell,0.005,SOL,FoXyMu5xwXre7zEoSvzViRk3nGawHUp9kUh97y2NDhcq,sponsored,FOXY (classic): SOL to token
12,0,sell,521,FoXyMu5xwXre7zEoSvzViRk3nGawHUp9kUh97y2NDhcq,SOL,sponsored,FOXY (classic): token to SOL
13,0,sell,0.005,SOL,FsA54yL49WKs7rWoGv9sUcbSGWCWV756jTD349e6H2yW,sponsored,KOKO (classic): SOL to token
13,0,sell,32200000,FsA54yL49WKs7rWoGv9sUcbSGWCWV756jTD349e6H2yW,SOL,sponsored,KOKO (classic): token to SOL
14,0,sell,0.005,SOL,FvER7SsvY5GqAMawf7Qfb5MnUUmDdbPNPg4nCa4zHoLw,sponsored,PAJAMAS (classic): SOL to token
14,0,sell,3870,FvER7SsvY5GqAMawf7Qfb5MnUUmDdbPNPg4nCa4zHoLw,SOL,sponsored,PAJAMAS (classic): token to SOL
15,0,sell,0.005,SOL,G7iK3prSzAA4vzcJWvsLUEsdCqzR7PnMzJV61vSdFSNW,sponsored,NST (classic): SOL to token
15,0,sell,0.259,G7iK3prSzAA4vzcJWvsLUEsdCqzR7PnMzJV61vSdFSNW,SOL,sponsored,NST (classic): token to SOL
16,0,sell,0.005,SOL,G7vQWurMkMMm2dU3iZpXYFTHT9Biio4F4gZCrwFpKNwG,sponsored,BIRB (classic): SOL to token
16,0,sell,8.85,G7vQWurMkMMm2dU3iZpXYFTHT9Biio4F4gZCrwFpKNwG,SOL,sponsored,BIRB (classic): token to SOL
17,0,sell,0.005,SOL,GDfnEsia2WLAW5t8yx2X5j2mkfA74i5kwGdDuZHt7XmG,sponsored,CROWN (classic): SOL to token
17,0,sell,164,GDfnEsia2WLAW5t8yx2X5j2mkfA74i5kwGdDuZHt7XmG,SOL,sponsored,CROWN (classic): token to SOL
18,0,sell,0.005,SOL,GEJpt3Wjmr628FqXxTgxMce1pLntcPV4uFi8ksxMyPQh,sponsored,daoSOL (classic): SOL to token
18,0,sell,0.0036,GEJpt3Wjmr628FqXxTgxMce1pLntcPV4uFi8ksxMyPQh,SOL,sponsored,daoSOL (classic): token to SOL
19,0,sell,0.005,SOL,GJAFwWjJ3vnTsrQVabjBVK2TYB1YtRCQXRDfDgUnpump,sponsored,ACT (classic): SOL to token
19,0,sell,50.7,GJAFwWjJ3vnTsrQVabjBVK2TYB1YtRCQXRDfDgUnpump,SOL,sponsored,ACT (classic): token to SOL
20,0,sell,0.005,SOL,GJgHsc1HU4ibmzW6oWQr8L2RRT95ATc1BoNuLkp94AwU,sponsored,WBS (classic): SOL to token
20,0,sell,13400,GJgHsc1HU4ibmzW6oWQr8L2RRT95ATc1BoNuLkp94AwU,SOL,sponsored,WBS (classic): token to SOL
21,0,sell,0.005,SOL,GMzuntWYJLpNuCizrSR7ZXggiMdDzTNiEmSNHHunpump,sponsored,dreams (classic): SOL to token
21,0,sell,140,GMzuntWYJLpNuCizrSR7ZXggiMdDzTNiEmSNHHunpump,SOL,sponsored,dreams (classic): token to SOL
22,0,sell,0.005,SOL,GNE6oDS6jHrfaV3GQVVCCp37fDnT7PiPuewMKBj2bqNm,sponsored,AUTO (classic): SOL to token
22,0,sell,0.51,GNE6oDS6jHrfaV3GQVVCCp37fDnT7PiPuewMKBj2bqNm,SOL,sponsored,AUTO (classic): token to SOL
23,0,sell,0.005,SOL,GPRR2u6NS5yBQHWGauoJ9HXgjrTH8dDsrBfTV5zAYvDH,sponsored,GPRO (token-2022: permanentDelegate defaultAccountState pausableConfig confidentialTransferMint transferHook scaledUiAmountConfig): SOL to token
23,0,sell,0.42,GPRR2u6NS5yBQHWGauoJ9HXgjrTH8dDsrBfTV5zAYvDH,SOL,sponsored,GPRO (token-2022: permanentDelegate defaultAccountState pausableConfig confidentialTransferMint transferHook scaledUiAmountConfig): token to SOL
24,0,sell,0.005,SOL,GRFKaABC518SqXMvBpAVYUZtVT3Nj4mYk7E7xU4gA5Rg,sponsored,GOO (classic): SOL to token
24,0,sell,4980,GRFKaABC518SqXMvBpAVYUZtVT3Nj4mYk7E7xU4gA5Rg,SOL,sponsored,GOO (classic): token to SOL
25,0,sell,0.005,SOL,GRNDYDpqwpCm6jVxpbh4xT5AM4r3p391qYsKTHqgaET2,sponsored,GRND (token-2022: permanentDelegate defaultAccountState pausableConfig confidentialTransferMint transferHook scaledUiAmountConfig): SOL to token
25,0,sell,0.0362,GRNDYDpqwpCm6jVxpbh4xT5AM4r3p391qYsKTHqgaET2,SOL,sponsored,GRND (token-2022: permanentDelegate defaultAccountState pausableConfig confidentialTransferMint transferHook scaledUiAmountConfig): token to SOL
26,0,sell,0.005,SOL,GSp4qePZUHBtt5f4gE6AsRC9JUUqeZEJLeN2JZxLpump,sponsored,VEIL (token-2022): SOL to token
26,0,sell,1340,GSp4qePZUHBtt5f4gE6AsRC9JUUqeZEJLeN2JZxLpump,SOL,sponsored,VEIL (token-2022): token to SOL
27,0,sell,0.005,SOL,GTBxUiw6wJdmmkCGZgRHLyYxqu1vG4KtRpeox6yDpump,sponsored,JEANPHIL (token-2022): SOL to token
27,0,sell,140,GTBxUiw6wJdmmkCGZgRHLyYxqu1vG4KtRpeox6yDpump,SOL,sponsored,JEANPHIL (token-2022): token to SOL
28,0,sell,0.005,SOL,GTH3wG3NErjwcf7VGCoXEXkgXSHvYhx5gtATeeM5JAS1,sponsored,WHALES (classic): SOL to token
28,0,sell,40.7,GTH3wG3NErjwcf7VGCoXEXkgXSHvYhx5gtATeeM5JAS1,SOL,sponsored,WHALES (classic): token to SOL
29,0,sell,0.005,SOL,GbbesPbaYh5uiAZSYNXTc7w9jty1rpg3P9L4JeN4LkKc,sponsored,TRX (classic): SOL to token
29,0,sell,1.56,GbbesPbaYh5uiAZSYNXTc7w9jty1rpg3P9L4JeN4LkKc,SOL,sponsored,TRX (classic): token to SOL
30,0,sell,0.005,SOL,GdbyLsNKHKLXTZVEo8QrGKVmrexEeZUYvhpSfuZ9TdkC,sponsored,RODAI (classic): SOL to token
30,0,sell,301000000,GdbyLsNKHKLXTZVEo8QrGKVmrexEeZUYvhpSfuZ9TdkC,SOL,sponsored,RODAI (classic): token to SOL
1,0,sell,0.005,SOL,Ge87EtsjwRQbHaqQmKRno69RFTwh9bfSsm99XNxTpump,sponsored,Jimothy (token-2022): SOL to token
1,0,sell,150,Ge87EtsjwRQbHaqQmKRno69RFTwh9bfSsm99XNxTpump,SOL,sponsored,Jimothy (token-2022): token to SOL
2,0,sell,0.005,SOL,Gk2kRrwNMBU4Dn9JhC1Dks8G5X9nqi4ZE5jMvK6bdgEd,sponsored,$PTRUMP (classic): SOL to token
2,0,sell,1800,Gk2kRrwNMBU4Dn9JhC1Dks8G5X9nqi4ZE5jMvK6bdgEd,SOL,sponsored,$PTRUMP (classic): token to SOL
3,0,sell,0.005,SOL,GkyPYa7NnCFbduLknCfBfP7p8564X1VZhwZYJ6CZpump,sponsored,CHILLHOUSE (classic): SOL to token
3,0,sell,373,GkyPYa7NnCFbduLknCfBfP7p8564X1VZhwZYJ6CZpump,SOL,sponsored,CHILLHOUSE (classic): token to SOL
4,0,sell,0.005,SOL,GoLDppdjB1vDTPSGxyMJFqdnj134yH6Prg9eqsGDiw6A,sponsored,GOLD (classic): SOL to token
4,0,sell,0.000125,GoLDppdjB1vDTPSGxyMJFqdnj134yH6Prg9eqsGDiw6A,SOL,sponsored,GOLD (classic): token to SOL
5,0,sell,0.005,SOL,GodL6KZ9uuUoQwELggtVzQkKmU1LfqmDokPibPeDKkhF,sponsored,GODL (classic): SOL to token
5,0,sell,0.46,GodL6KZ9uuUoQwELggtVzQkKmU1LfqmDokPibPeDKkhF,SOL,sponsored,GODL (classic): token to SOL
6,0,sell,0.005,SOL,GpmmQBjXxoppbELykD2PGQ4wwVR74o5sSZXVW6hVpump,sponsored,EYED (token-2022): SOL to token
6,0,sell,964,GpmmQBjXxoppbELykD2PGQ4wwVR74o5sSZXVW6hVpump,SOL,sponsored,EYED (token-2022): token to SOL
7,0,sell,0.005,SOL,Grass7B4RdKfBCjTKgSqnXkqjwiGvQyFbuSCUJr3XXjs,sponsored,GRASS (classic): SOL to token
7,0,sell,0.812,Grass7B4RdKfBCjTKgSqnXkqjwiGvQyFbuSCUJr3XXjs,SOL,sponsored,GRASS (classic): token to SOL
8,0,sell,0.005,SOL,GvEMgNT6GKiYTvg7TskDio6RKzQdCuhwmH55tVCLaJTe,sponsored,sUSD.infra (token-2022: mintCloseAuthority): SOL to token
8,0,sell,0.521,GvEMgNT6GKiYTvg7TskDio6RKzQdCuhwmH55tVCLaJTe,SOL,sponsored,sUSD.infra (token-2022: mintCloseAuthority): token to SOL
9,0,sell,0.005,SOL,GvV7sFu6FHJsSVXfpG7xqFnWar3c7YkcC74rqe7Bpump,sponsored,RAGEGUY (classic): SOL to token
9,0,sell,200,GvV7sFu6FHJsSVXfpG7xqFnWar3c7YkcC74rqe7Bpump,SOL,sponsored,RAGEGUY (classic): token to SOL
10,0,sell,0.005,SOL,GvcNXdSehfNSNyhDVDj27kc459LzFqWozt9CSJywMy6r,sponsored,CRODIE (classic): SOL to token
10,0,sell,8920,GvcNXdSehfNSNyhDVDj27kc459LzFqWozt9CSJywMy6r,SOL,sponsored,CRODIE (classic): token to SOL
11,0,sell,0.005,SOL,H1aN3vcvB68eaFPbMkoAss3vnfi4AhP5C2dpnrZzdBc7,sponsored,MYRA (classic): SOL to token
11,0,sell,8890,H1aN3vcvB68eaFPbMkoAss3vnfi4AhP5C2dpnrZzdBc7,SOL,sponsored,MYRA (classic): token to SOL
12,0,sell,0.005,SOL,H2c31USxu35MDkBrGph8pUDUnmzo2e4Rf4hnvL2Upump,sponsored,Shoggoth (classic): SOL to token
12,0,sell,468,H2c31USxu35MDkBrGph8pUDUnmzo2e4Rf4hnvL2Upump,SOL,sponsored,Shoggoth (classic): token to SOL
13,0,sell,0.005,SOL,H53UGEyBrB9easo9ego8yYk7o4Zq1G5cCtkxD3E3hZav,sponsored,MXM (classic): SOL to token
13,0,sell,5980,H53UGEyBrB9easo9ego8yYk7o4Zq1G5cCtkxD3E3hZav,SOL,sponsored,MXM (classic): token to SOL
14,0,sell,0.005,SOL,H74CYmXgMkYHYuSRsZt6RJb4NYp2u72Vw8BS5huApump,sponsored,LMAO! (classic): SOL to token
14,0,sell,227,H74CYmXgMkYHYuSRsZt6RJb4NYp2u72Vw8BS5huApump,SOL,sponsored,LMAO! (classic): token to SOL
15,0,sell,0.005,SOL,H7bTHGb5Cvo5fGe5jBDNDPUv8KykQnzyZA3qZ8sH7yxw,sponsored,GUMMY (classic): SOL to token
15,0,sell,1820,H7bTHGb5Cvo5fGe5jBDNDPUv8KykQnzyZA3qZ8sH7yxw,SOL,sponsored,GUMMY (classic): token to SOL
16,0,sell,0.005,SOL,H8xQ6poBjB9DTPMDTKWzWPrnxu4bDEhybxiouF8Ppump,sponsored,Tokabu (classic): SOL to token
16,0,sell,376,H8xQ6poBjB9DTPMDTKWzWPrnxu4bDEhybxiouF8Ppump,SOL,sponsored,Tokabu (classic): token to SOL
17,0,sell,0.005,SOL,HBoNJ5v8g71s2boRivrHnfSB5MVPLDHHyVjruPfhGkvL,sponsored,PURPE (classic): SOL to token
17,0,sell,40300,HBoNJ5v8g71s2boRivrHnfSB5MVPLDHHyVjruPfhGkvL,SOL,sponsored,PURPE (classic): token to SOL
18,0,sell,0.005,SOL,HCgybxq5Upy8Mccihrp7EsmwwFqYZtrHrsmsKwtGXLgW,sponsored,STARS (classic): SOL to token
18,0,sell,1200,HCgybxq5Upy8Mccihrp7EsmwwFqYZtrHrsmsKwtGXLgW,SOL,sponsored,STARS (classic): token to SOL
19,0,sell,0.005,SOL,HJ39rRZ6ys22KdB3USxDgNsL7RKiQmsC3yL8AS3Suuku,sponsored,UPDOG (classic): SOL to token
19,0,sell,5910,HJ39rRZ6ys22KdB3USxDgNsL7RKiQmsC3yL8AS3Suuku,SOL,sponsored,UPDOG (classic): token to SOL
20,0,sell,0.005,SOL,HKJHsYJHMVK5VRyHHk5GhvzY9tBAAtPvDkZfDH6RLDTd,sponsored,READY (classic): SOL to token
20,0,sell,98.2,HKJHsYJHMVK5VRyHHk5GhvzY9tBAAtPvDkZfDH6RLDTd,SOL,sponsored,READY (classic): token to SOL
21,0,sell,0.005,SOL,HLnTNCG5RD7jYVduFc1pMCHiuApoWGn9LveqEFanQFZb,sponsored,TREN (classic): SOL to token
21,0,sell,9170,HLnTNCG5RD7jYVduFc1pMCHiuApoWGn9LveqEFanQFZb,SOL,sponsored,TREN (classic): token to SOL
22,0,sell,0.005,SOL,HLptm5e6rTgh4EKgDpYFrnRHbjpkMyVdEeREEa2G7rf9,sponsored,DUKO (classic): SOL to token
22,0,sell,16700,HLptm5e6rTgh4EKgDpYFrnRHbjpkMyVdEeREEa2G7rf9,SOL,sponsored,DUKO (classic): token to SOL
23,0,sell,0.005,SOL,HNg5PYJmtqcmzXrv6S9zP1CDKk5BgDuyFBxbvNApump,sponsored,ALCH (classic): SOL to token
23,0,sell,11.6,HNg5PYJmtqcmzXrv6S9zP1CDKk5BgDuyFBxbvNApump,SOL,sponsored,ALCH (classic): token to SOL
24,0,sell,0.005,SOL,HQ7DaoiUxzC2K1Dr7KXRHccNtXvEYgNvoUextXe8dmBh,sponsored,SLOTH (classic): SOL to token
24,0,sell,400,HQ7DaoiUxzC2K1Dr7KXRHccNtXvEYgNvoUextXe8dmBh,SOL,sponsored,SLOTH (classic): token to SOL
25,0,sell,0.005,SOL,HUBsveNpjo5pWqNkH57QzxjQASdTVXcSK7bVKTSZtcSX,sponsored,raSOL (classic): SOL to token
25,0,sell,0.00374,HUBsveNpjo5pWqNkH57QzxjQASdTVXcSK7bVKTSZtcSX,SOL,sponsored,raSOL (classic): token to SOL
26,0,sell,0.005,SOL,HUMA1821qVDKta3u2ovmfDQeW2fSQouSKE8fkF44wvGw,sponsored,HUMA (classic): SOL to token
26,0,sell,17.1,HUMA1821qVDKta3u2ovmfDQeW2fSQouSKE8fkF44wvGw,SOL,sponsored,HUMA (classic): token to SOL
27,0,sell,0.005,SOL,HXkbUADfocGyz2WrzJpjEfry8qyNDm5Kwiiq3Mz3tTi1,sponsored,$RETIRE (classic): SOL to token
27,0,sell,182000,HXkbUADfocGyz2WrzJpjEfry8qyNDm5Kwiiq3Mz3tTi1,SOL,sponsored,$RETIRE (classic): token to SOL
28,0,sell,0.005,SOL,HZ1JovNiVvGrGNiiYvEozEVgZ58xaU3RKwX8eACQBCt3,sponsored,PYTH (classic): SOL to token
28,0,sell,7.2,HZ1JovNiVvGrGNiiYvEozEVgZ58xaU3RKwX8eACQBCt3,SOL,sponsored,PYTH (classic): token to SOL
29,0,sell,0.005,SOL,HaP8r3ksG76PhQLTqR8FYBeNiQpejcFbQmiHbg787Ut1,sponsored,TRUMP (classic): SOL to token
29,0,sell,16.1,HaP8r3ksG76PhQLTqR8FYBeNiQpejcFbQmiHbg787Ut1,SOL,sponsored,TRUMP (classic): token to SOL
30,0,sell,0.005,SOL,Hax9LTgsQkze1YFychnBLtFH8gYbQKtKfWKKg2SP6gdD,sponsored,TAI (classic): SOL to token
30,0,sell,138,Hax9LTgsQkze1YFychnBLtFH8gYbQKtKfWKKg2SP6gdD,SOL,sponsored,TAI (classic): token to SOL
1,0,sell,0.005,SOL,HeLp6NuQkmYB4pYWo2zYs22mESHXPQYzXbB8n4V98jwC,sponsored,ai16z (token-2022): SOL to token
1,0,sell,1160,HeLp6NuQkmYB4pYWo2zYs22mESHXPQYzXbB8n4V98jwC,SOL,sponsored,ai16z (token-2022): token to SOL
2,0,sell,0.005,SOL,HeeBovJNKd27tQ6xkeP1dfSyTr8LyLwhJz9wfFTbPLEX,sponsored,HEEBOO (classic): SOL to token
2,0,sell,57.9,HeeBovJNKd27tQ6xkeP1dfSyTr8LyLwhJz9wfFTbPLEX,SOL,sponsored,HEEBOO (classic): token to SOL
3,0,sell,0.005,SOL,HfMbPyDdZH6QMaDDUokjYCkHxzjoGBMpgaUvpLWGbF5p,sponsored,PBTC (classic): SOL to token
3,0,sell,3.14,HfMbPyDdZH6QMaDDUokjYCkHxzjoGBMpgaUvpLWGbF5p,SOL,sponsored,PBTC (classic): token to SOL
4,0,sell,0.005,SOL,HfYFjMKNZygfMC8LsQ8LtpPsPxEJoXJx4M6tqi75Hajo,sponsored,CWAR (classic): SOL to token
4,0,sell,1180,HfYFjMKNZygfMC8LsQ8LtpPsPxEJoXJx4M6tqi75Hajo,SOL,sponsored,CWAR (classic): token to SOL
5,0,sell,0.005,SOL,HgBRWfYxEfvPhtqkaeymCQtHCrKE46qQ43pKe8HCpump,sponsored,Bert (classic): SOL to token
5,0,sell,40.2,HgBRWfYxEfvPhtqkaeymCQtHCrKE46qQ43pKe8HCpump,SOL,sponsored,Bert (classic): token to SOL
6,0,sell,0.005,SOL,Hh3oTaqDCKKfdBgsQEvxp9sUwyNf8x9qmKqEMLBWpump,sponsored,HODL (token-2022): SOL to token
6,0,sell,307,Hh3oTaqDCKKfdBgsQEvxp9sUwyNf8x9qmKqEMLBWpump,SOL,sponsored,HODL (token-2022): token to SOL
7,0,sell,0.005,SOL,HiMSSzzwkZkrXJ4PGVJRdtfLaANeAztjjcgk5Dxe7Lwx,sponsored,HIMS (token-2022: permanentDelegate defaultAccountState pausableConfig confidentialTransferMint transferHook scaledUiAmountConfig): SOL to token
7,0,sell,0.0177,HiMSSzzwkZkrXJ4PGVJRdtfLaANeAztjjcgk5Dxe7Lwx,SOL,sponsored,HIMS (token-2022: permanentDelegate defaultAccountState pausableConfig confidentialTransferMint transferHook scaledUiAmountConfig): token to SOL
8,0,sell,0.005,SOL,HnKkzR1YtFbUUxM6g3iVRS2RY68KHhGV7bNdfF1GCsJB,sponsored,KAMA (classic): SOL to token
8,0,sell,1720,HnKkzR1YtFbUUxM6g3iVRS2RY68KHhGV7bNdfF1GCsJB,SOL,sponsored,KAMA (classic): token to SOL
9,0,sell,0.005,SOL,HqLRjru6pD6GFGnQ7TwSSGQRuPhF8UZNey9T4yCsZzuq,sponsored,SIZE (classic): SOL to token
9,0,sell,8340,HqLRjru6pD6GFGnQ7TwSSGQRuPhF8UZNey9T4yCsZzuq,SOL,sponsored,SIZE (classic): token to SOL
10,0,sell,0.005,SOL,HrLx8MLKegpbmbmWePZiuvf3AbJNx1CJyjBwUHwicEgW,sponsored,NYXC (classic): SOL to token
10,0,sell,34.9,HrLx8MLKegpbmbmWePZiuvf3AbJNx1CJyjBwUHwicEgW,SOL,sponsored,NYXC (classic): token to SOL
11,0,sell,0.005,SOL,HtTYHz1Kf3rrQo6AqDLmss7gq5WrkWAaXn3tupUZbonk,sponsored,KORI (classic): SOL to token
11,0,sell,171,HtTYHz1Kf3rrQo6AqDLmss7gq5WrkWAaXn3tupUZbonk,SOL,sponsored,KORI (classic): token to SOL
12,0,sell,0.005,SOL,HxhWkVpk5NS4Ltg5nij2G671CKXFRKPK8vy271Ub4uEK,sponsored,HXRO (classic): SOL to token
12,0,sell,137,HxhWkVpk5NS4Ltg5nij2G671CKXFRKPK8vy271Ub4uEK,SOL,sponsored,HXRO (classic): token to SOL
13,0,sell,0.005,SOL,HzwqbKZw8HxMN6bF2yFZNrht3c2iXXzpKcFu7uBEDKtr,sponsored,EURC (classic): SOL to token
13,0,sell,0.466,HzwqbKZw8HxMN6bF2yFZNrht3c2iXXzpKcFu7uBEDKtr,SOL,sponsored,EURC (classic): token to SOL
14,0,sell,0.005,SOL,J1toso1uCk3RLmjorhTtrVwY9HJ7X8V9yYac6Y7kGCPn,sponsored,JitoSOL (classic): SOL to token
14,0,sell,0.00345,J1toso1uCk3RLmjorhTtrVwY9HJ7X8V9yYac6Y7kGCPn,SOL,sponsored,JitoSOL (classic): token to SOL
15,0,sell,0.005,SOL,J2LWsSXx4r3pYbJ1fwuX5Nqo7PPxjcGPpUb2zHNadWKa,sponsored,DPLN (classic): SOL to token
15,0,sell,726,J2LWsSXx4r3pYbJ1fwuX5Nqo7PPxjcGPpUb2zHNadWKa,SOL,sponsored,DPLN (classic): token to SOL
16,0,sell,0.005,SOL,J3NKxxXZcnNiMjKw9hYb2K4LUxgwB6t1FtPtQVsv3KFr,sponsored,SPX (classic): SOL to token
16,0,sell,1.34,J3NKxxXZcnNiMjKw9hYb2K4LUxgwB6t1FtPtQVsv3KFr,SOL,sponsored,SPX (classic): token to SOL
17,0,sell,0.005,SOL,J4ywFdm8H7hjwKzCaEQujhkDRfCnRviVnHMvFNDAoLNQ,sponsored,SOUL (classic): SOL to token
17,0,sell,2.05,J4ywFdm8H7hjwKzCaEQujhkDRfCnRviVnHMvFNDAoLNQ,SOL,sponsored,SOUL (classic): token to SOL
18,0,sell,0.005,SOL,J6pQQ3FAcJQeWPPGppWRb4nM8jU3wLyYbRrLh7feMfvd,sponsored,2Z (classic): SOL to token
18,0,sell,13.5,J6pQQ3FAcJQeWPPGppWRb4nM8jU3wLyYbRrLh7feMfvd,SOL,sponsored,2Z (classic): token to SOL
19,0,sell,0.005,SOL,J8PSdNP3QewKq2Z1JJJFDMaqF7KcaiJhR7gbr5KZpump,sponsored,TripleT (token-2022): SOL to token
19,0,sell,78.6,J8PSdNP3QewKq2Z1JJJFDMaqF7KcaiJhR7gbr5KZpump,SOL,sponsored,TripleT (token-2022): token to SOL
20,0,sell,0.005,SOL,J8cKU4pD2NTSovvV5XghWHQiJy5TTEzgSyozorxz6ax8,sponsored,$SOLO (classic): SOL to token
20,0,sell,13600,J8cKU4pD2NTSovvV5XghWHQiJy5TTEzgSyozorxz6ax8,SOL,sponsored,$SOLO (classic): token to SOL
21,0,sell,0.005,SOL,J9BcrQfX4p9D1bvLzRNCbMDv8f44a9LFdeqNE4Yk2WMD,sponsored,ISC (classic): SOL to token
21,0,sell,0.242,J9BcrQfX4p9D1bvLzRNCbMDv8f44a9LFdeqNE4Yk2WMD,SOL,sponsored,ISC (classic): token to SOL
22,0,sell,0.005,SOL,JNJg1znKdF712Phe7L7z52AATAvEjEytBdN2w8Lnh1Y,sponsored,JNJ (token-2022: permanentDelegate defaultAccountState pausableConfig confidentialTransferMint transferHook scaledUiAmountConfig): SOL to token
22,0,sell,0.00201,JNJg1znKdF712Phe7L7z52AATAvEjEytBdN2w8Lnh1Y,SOL,sponsored,JNJ (token-2022: permanentDelegate defaultAccountState pausableConfig confidentialTransferMint transferHook scaledUiAmountConfig): token to SOL
23,0,sell,0.005,SOL,JUPyiwrYJFskUPiHa7hkeR8VUtAeFoSYbKedZNsDvCN,sponsored,JUP (classic): SOL to token
23,0,sell,1.56,JUPyiwrYJFskUPiHa7hkeR8VUtAeFoSYbKedZNsDvCN,SOL,sponsored,JUP (classic): token to SOL
24,0,sell,0.005,SOL,JuprjznTrTSp2UFa3ZBUFgwdAmtZCq4MQCwysN55USD,sponsored,JupUSD (classic): SOL to token
24,0,sell,0.522,JuprjznTrTSp2UFa3ZBUFgwdAmtZCq4MQCwysN55USD,SOL,sponsored,JupUSD (classic): token to SOL
25,0,sell,0.005,SOL,JxxWsvm9jHt4ah7DT9NuLyVLYZcZLUdPD93PcPQ71Ka,sponsored,mockJUP (classic): SOL to token
25,0,sell,5520,JxxWsvm9jHt4ah7DT9NuLyVLYZcZLUdPD93PcPQ71Ka,SOL,sponsored,mockJUP (classic): token to SOL
26,0,sell,0.005,SOL,KENJSUYLASHUMfHyy5o4Hp2FdNqZg1AsUPhfH2kYvEP,sponsored,GRIFFAIN (classic): SOL to token
26,0,sell,30.3,KENJSUYLASHUMfHyy5o4Hp2FdNqZg1AsUPhfH2kYvEP,SOL,sponsored,GRIFFAIN (classic): token to SOL
27,0,sell,0.005,SOL,KMNo3nJsBXfcpJTVhZcXLW7RmTwTt4GVFE7suUBo9sS,sponsored,KMNO (classic): SOL to token
27,0,sell,14.2,KMNo3nJsBXfcpJTVhZcXLW7RmTwTt4GVFE7suUBo9sS,SOL,sponsored,KMNO (classic): token to SOL
28,0,sell,0.005,SOL,LAYER4xPpTCb3QL8S9u41EAhAX7mhBn8Q6xMTwY2Yzc,sponsored,LAYER (classic): SOL to token
28,0,sell,7.04,LAYER4xPpTCb3QL8S9u41EAhAX7mhBn8Q6xMTwY2Yzc,SOL,sponsored,LAYER (classic): token to SOL
29,0,sell,0.005,SOL,LFNTYraetVioAPnGJht4yNg2aUZFXR776cMeN9VMjXp,sponsored,LFNTY (classic): SOL to token
29,0,sell,0.457,LFNTYraetVioAPnGJht4yNg2aUZFXR776cMeN9VMjXp,SOL,sponsored,LFNTY (classic): token to SOL
30,0,sell,0.005,SOL,LLYuwZ33keFihgwoxXsBawy31AiRFLFSva32TYq5TvD,sponsored,LLY (token-2022: permanentDelegate defaultAccountState pausableConfig confidentialTransferMint transferHook scaledUiAmountConfig): SOL to token
30,0,sell,0.000437,LLYuwZ33keFihgwoxXsBawy31AiRFLFSva32TYq5TvD,SOL,sponsored,LLY (token-2022: permanentDelegate defaultAccountState pausableConfig confidentialTransferMint transferHook scaledUiAmountConfig): token to SOL
1,0,sell,0.005,SOL,LSTxxxnJzKDFSLr4dUkPcmCf5VyryEqzPLz5j4bpxFp,sponsored,LST (classic): SOL to token
1,0,sell,0.00291,LSTxxxnJzKDFSLr4dUkPcmCf5VyryEqzPLz5j4bpxFp,SOL,sponsored,LST (classic): token to SOL
2,0,sell,0.005,SOL,LULUmT9VMttkfAJE236LXJcYJ2tTP7nunrSWR5G1BdS,sponsored,LULU (token-2022: permanentDelegate defaultAccountState pausableConfig confidentialTransferMint transferHook scaledUiAmountConfig): SOL to token
2,0,sell,0.00566,LULUmT9VMttkfAJE236LXJcYJ2tTP7nunrSWR5G1BdS,SOL,sponsored,LULU (token-2022: permanentDelegate defaultAccountState pausableConfig confidentialTransferMint transferHook scaledUiAmountConfig): token to SOL
3,0,sell,0.005,SOL,LinkhB3afbBKb2EQQu7s7umdZceV3wcvAUJhQAfQ23L,sponsored,LINK (classic): SOL to token
3,0,sell,0.0389,LinkhB3afbBKb2EQQu7s7umdZceV3wcvAUJhQAfQ23L,SOL,sponsored,LINK (classic): token to SOL
4,0,sell,0.005,SOL,LnTRntk2kTfWEY6cVB8K9649pgJbt6dJLS1Ns1GZCWg,sponsored,lanternSOL (classic): SOL to token
4,0,sell,0.00362,LnTRntk2kTfWEY6cVB8K9649pgJbt6dJLS1Ns1GZCWg,SOL,sponsored,lanternSOL (classic): token to SOL
5,0,sell,0.005,SOL,MEFNBXixkEbait3xn9bkm8WsJzXtVsaJEn4c8Sam21u,sponsored,ME (classic): SOL to token
5,0,sell,7.32,MEFNBXixkEbait3xn9bkm8WsJzXtVsaJEn4c8Sam21u,SOL,sponsored,ME (classic): token to SOL
6,0,sell,0.005,SOL,METADDFL6wWMWEoKTFJwcThTbUmtarRJZjRpzUvkxhr,sponsored,META (classic): SOL to token
6,0,sell,0.0000868,METADDFL6wWMWEoKTFJwcThTbUmtarRJZjRpzUvkxhr,SOL,sponsored,META (classic): token to SOL
7,0,sell,0.005,SOL,METAewgxyPbgwsseH8T16a39CQ5VyVxZi9zXiDPY18m,sponsored,MPLX (classic): SOL to token
7,0,sell,9.7,METAewgxyPbgwsseH8T16a39CQ5VyVxZi9zXiDPY18m,SOL,sponsored,MPLX (classic): token to SOL
8,0,sell,0.005,SOL,METAwkXcqyXKy1AtsSgJ8JiUHwGCafnZL38n3vYmeta,sponsored,META (classic): SOL to token
8,0,sell,0.0869,METAwkXcqyXKy1AtsSgJ8JiUHwGCafnZL38n3vYmeta,SOL,sponsored,META (classic): token to SOL
9,0,sell,0.005,SOL,METvsvVRapdj9cFLzq4Tr43xK4tAjQfwX76z3n6mWQL,sponsored,MET (classic): SOL to token
9,0,sell,1.16,METvsvVRapdj9cFLzq4Tr43xK4tAjQfwX76z3n6mWQL,SOL,sponsored,MET (classic): token to SOL
10,0,sell,0.005,SOL,MEW1gQWJ3nEXg2qgERiKu7FAFj79PHvQVREQUzScPP5,sponsored,MEW (classic): SOL to token
10,0,sell,1060,MEW1gQWJ3nEXg2qgERiKu7FAFj79PHvQVREQUzScPP5,SOL,sponsored,MEW (classic): token to SOL
11,0,sell,0.005,SOL,MGMuubtUEirmkhfEQdmGUh4pr7HuUdMWcZXFtpPbVJD,sponsored,MGM (token-2022: permanentDelegate defaultAccountState pausableConfig confidentialTransferMint transferHook scaledUiAmountConfig): SOL to token
11,0,sell,0.0172,MGMuubtUEirmkhfEQdmGUh4pr7HuUdMWcZXFtpPbVJD,SOL,sponsored,MGM (token-2022: permanentDelegate defaultAccountState pausableConfig confidentialTransferMint transferHook scaledUiAmountConfig): token to SOL
12,0,sell,0.005,SOL,MNDEFzGvMt87ueuHvVU9VcTqsAP5b3fTGPsHuuPA5ey,sponsored,MNDE (classic): SOL to token
12,0,sell,18.5,MNDEFzGvMt87ueuHvVU9VcTqsAP5b3fTGPsHuuPA5ey,SOL,sponsored,MNDE (classic): token to SOL
13,0,sell,0.005,SOL,MRNAzXzhNcaEXJPibHEn8cd4vyekCDiivTyEwswLUCT,sponsored,MRNA (token-2022: permanentDelegate defaultAccountState pausableConfig confidentialTransferMint transferHook scaledUiAmountConfig): SOL to token
13,0,sell,0.00266,MRNAzXzhNcaEXJPibHEn8cd4vyekCDiivTyEwswLUCT,SOL,sponsored,MRNA (token-2022: permanentDelegate defaultAccountState pausableConfig confidentialTransferMint transferHook scaledUiAmountConfig): token to SOL
14,0,sell,0.005,SOL,MRVLSjkR2ceUBukujaD3xCyHP1H3B2SzpsNTZF546jo,sponsored,MRVL (token-2022: permanentDelegate defaultAccountState pausableConfig confidentialTransferMint transferHook scaledUiAmountConfig): SOL to token
14,0,sell,0.00183,MRVLSjkR2ceUBukujaD3xCyHP1H3B2SzpsNTZF546jo,SOL,sponsored,MRVL (token-2022: permanentDelegate defaultAccountState pausableConfig confidentialTransferMint transferHook scaledUiAmountConfig): token to SOL
15,0,sell,0.005,SOL,MUxEsUKSMACyw5fZf68wxf5FLnZVhtU9CwH8uNNGay1,sponsored,MU (token-2022: permanentDelegate defaultAccountState pausableConfig confidentialTransferMint transferHook scaledUiAmountConfig): SOL to token
15,0,sell,0.000479,MUxEsUKSMACyw5fZf68wxf5FLnZVhtU9CwH8uNNGay1,SOL,sponsored,MU (token-2022: permanentDelegate defaultAccountState pausableConfig confidentialTransferMint transferHook scaledUiAmountConfig): token to SOL
16,0,sell,0.005,SOL,MangoCzJ36AjZyKwVj3VnYU4GTonjfVEnJmvvWaxLac,sponsored,MNGO (classic): SOL to token
16,0,sell,15.9,MangoCzJ36AjZyKwVj3VnYU4GTonjfVEnJmvvWaxLac,SOL,sponsored,MNGO (classic): token to SOL
17,0,sell,0.005,SOL,MukLDtJ8Cx9DxLbeyLRSWPSposTMWuwHANbuaudpump,sponsored,OTC (token-2022): SOL to token
17,0,sell,65.8,MukLDtJ8Cx9DxLbeyLRSWPSposTMWuwHANbuaudpump,SOL,sponsored,OTC (token-2022): token to SOL
18,0,sell,0.005,SOL,NFTUkR4u7wKxy9QLaX2TGvd9oZSWoMo4jqSJqdMb7Nk,sponsored,BLOCK (classic): SOL to token
18,0,sell,531,NFTUkR4u7wKxy9QLaX2TGvd9oZSWoMo4jqSJqdMb7Nk,SOL,sponsored,BLOCK (classic): token to SOL
19,0,sell,0.005,SOL,NKEda5nHhNGgjrE9nDdMvaEmkmJ96qqxzBVZEcKmjSg,sponsored,NKE (token-2022: permanentDelegate defaultAccountState pausableConfig confidentialTransferMint transferHook scaledUiAmountConfig): SOL to token
19,0,sell,0.0152,NKEda5nHhNGgjrE9nDdMvaEmkmJ96qqxzBVZEcKmjSg,SOL,sponsored,NKE (token-2022: permanentDelegate defaultAccountState pausableConfig confidentialTransferMint transferHook scaledUiAmountConfig): token to SOL
20,0,sell,0.005,SOL,NeonTjSjsuo3rexg9o6vHuMXw62f9V7zvmu8M8Zut44,sponsored,NEON (classic): SOL to token
20,0,sell,32.5,NeonTjSjsuo3rexg9o6vHuMXw62f9V7zvmu8M8Zut44,SOL,sponsored,NEON (classic): token to SOL
21,0,sell,0.005,SOL,PAYmo6moDF3Ro3X6bU2jwe2UdBnBhv8YjLgL1j4DxGu,sponsored,PAYAI (classic): SOL to token
21,0,sell,57.3,PAYmo6moDF3Ro3X6bU2jwe2UdBnBhv8YjLgL1j4DxGu,SOL,sponsored,PAYAI (classic): token to SOL
22,0,sell,0.005,SOL,PEAQjk7SRS6rXHVFFmpRr7zrC4g5ZuEebpwTxvaLr3b,sponsored,PEAQ (classic): SOL to token
22,0,sell,13.1,PEAQjk7SRS6rXHVFFmpRr7zrC4g5ZuEebpwTxvaLr3b,SOL,sponsored,PEAQ (classic): token to SOL
23,0,sell,0.005,SOL,PFER6ENqP8r8NF3CqVt4mFowxsin3V5MLidBNQFCC3x,sponsored,PFE (token-2022: permanentDelegate defaultAccountState pausableConfig confidentialTransferMint transferHook scaledUiAmountConfig): SOL to token
23,0,sell,0.0186,PFER6ENqP8r8NF3CqVt4mFowxsin3V5MLidBNQFCC3x,SOL,sponsored,PFE (token-2022: permanentDelegate defaultAccountState pausableConfig confidentialTransferMint transferHook scaledUiAmountConfig): token to SOL
24,0,sell,0.005,SOL,PRSMNsEPqhGVCH1TtWiJqPjJyh2cKrLostPZTNy1o5x,sponsored,PRISM (classic): SOL to token
24,0,sell,973,PRSMNsEPqhGVCH1TtWiJqPjJyh2cKrLostPZTNy1o5x,SOL,sponsored,PRISM (classic): token to SOL
25,0,sell,0.005,SOL,PRVT6TB7uss3FrUd2D9xs2zqDBsa3GbMJMwCQsgmeta,sponsored,UMBRA (classic): SOL to token
25,0,sell,1.87,PRVT6TB7uss3FrUd2D9xs2zqDBsa3GbMJMwCQsgmeta,SOL,sponsored,UMBRA (classic): token to SOL
26,0,sell,0.005,SOL,PerPsCe2SJ7Q25CN4R5TTX4fmBdmknE2hQmqCt96fHL,sponsored,PERPSPAD (classic): SOL to token
26,0,sell,216,PerPsCe2SJ7Q25CN4R5TTX4fmBdmknE2hQmqCt96fHL,SOL,sponsored,PERPSPAD (classic): token to SOL
27,0,sell,0.005,SOL,RBLXDGRD64AtRamHMFVcjqne3Ar7NLWtFtYNtsrf1cE,sponsored,RBLX (token-2022: permanentDelegate defaultAccountState pausableConfig confidentialTransferMint transferHook scaledUiAmountConfig): SOL to token
27,0,sell,0.0113,RBLXDGRD64AtRamHMFVcjqne3Ar7NLWtFtYNtsrf1cE,SOL,sponsored,RBLX (token-2022: permanentDelegate defaultAccountState pausableConfig confidentialTransferMint transferHook scaledUiAmountConfig): token to SOL
28,0,sell,0.005,SOL,RDDTGbhHwVXfyCvQMXzzowKjf5qrYBZAnehoXW83ooh,sponsored,RDDT (token-2022: permanentDelegate defaultAccountState pausableConfig confidentialTransferMint transferHook scaledUiAmountConfig): SOL to token
28,0,sell,0.00341,RDDTGbhHwVXfyCvQMXzzowKjf5qrYBZAnehoXW83ooh,SOL,sponsored,RDDT (token-2022: permanentDelegate defaultAccountState pausableConfig confidentialTransferMint transferHook scaledUiAmountConfig): token to SOL
29,0,sell,0.005,SOL,RKLBnAXGqv31iZomqsuAWkQm1aqC7JwwvbCfzGdqAhz,sponsored,RKLB (token-2022: permanentDelegate defaultAccountState pausableConfig confidentialTransferMint transferHook scaledUiAmountConfig): SOL to token
29,0,sell,0.00724,RKLBnAXGqv31iZomqsuAWkQm1aqC7JwwvbCfzGdqAhz,SOL,sponsored,RKLB (token-2022: permanentDelegate defaultAccountState pausableConfig confidentialTransferMint transferHook scaledUiAmountConfig): token to SOL
30,0,sell,0.005,SOL,SATqS9DYpLQsM2z51P4QCoqJRHa5wboV4qjJerJRUSH,sponsored,RUSH (classic): SOL to token
30,0,sell,0.00726,SATqS9DYpLQsM2z51P4QCoqJRHa5wboV4qjJerJRUSH,SOL,sponsored,RUSH (classic): token to SOL
1,0,sell,0.005,SOL,SCSuPPNUSypLBsV4darsrYNg4ANPgaGhKhsA3GmMyjz,sponsored,SCS (classic): SOL to token
1,0,sell,310,SCSuPPNUSypLBsV4darsrYNg4ANPgaGhKhsA3GmMyjz,SOL,sponsored,SCS (classic): token to SOL
2,0,sell,0.005,SOL,SENDdRQtYMWaQrBroBrJ2Q53fgVuq95CV9UPGEvpCxa,sponsored,SEND (classic): SOL to token
2,0,sell,16800,SENDdRQtYMWaQrBroBrJ2Q53fgVuq95CV9UPGEvpCxa,SOL,sponsored,SEND (classic): token to SOL
3,0,sell,0.005,SOL,SHARKSYJjqaNyxVfrpnBN9pjgkhwDhatnMyicWPnr1s,sponsored,SHARK (classic): SOL to token
3,0,sell,674,SHARKSYJjqaNyxVfrpnBN9pjgkhwDhatnMyicWPnr1s,SOL,sponsored,SHARK (classic): token to SOL
4,0,sell,0.005,SOL,SHDWyBxihqiCj6YekG2GUr7wqKLeLAMK1gHZck9pL6y,sponsored,SHDW (classic): SOL to token
4,0,sell,16.4,SHDWyBxihqiCj6YekG2GUr7wqKLeLAMK1gHZck9pL6y,SOL,sponsored,SHDW (classic): token to SOL
5,0,sell,0.005,SOL,SKHYhSjuRWHgikq8eRKbtBbpABgJSkd7ytQV14i9EQ3,sponsored,SKHY (token-2022: permanentDelegate defaultAccountState pausableConfig confidentialTransferMint transferHook scaledUiAmountConfig): SOL to token
5,0,sell,0.00292,SKHYhSjuRWHgikq8eRKbtBbpABgJSkd7ytQV14i9EQ3,SOL,sponsored,SKHY (token-2022: permanentDelegate defaultAccountState pausableConfig confidentialTransferMint transferHook scaledUiAmountConfig): token to SOL
6,0,sell,0.005,SOL,SKRbvo6Gf7GondiT3BbTfuRDPqLWei4j2Qy2NPGZhW3,sponsored,SKR (classic): SOL to token
6,0,sell,32.3,SKRbvo6Gf7GondiT3BbTfuRDPqLWei4j2Qy2NPGZhW3,SOL,sponsored,SKR (classic): token to SOL
7,0,sell,0.005,SOL,SLNDpmoWTVADgEdndyvWzroNL7zSi1dF9PC3xHGtPwp,sponsored,SLND (classic): SOL to token
7,0,sell,2.61,SLNDpmoWTVADgEdndyvWzroNL7zSi1dF9PC3xHGtPwp,SOL,sponsored,SLND (classic): token to SOL
8,0,sell,0.005,SOL,SLXdx4BUt2v9uJQNzWqSfzTJ9UKLUDsvxHFMEEdrfgq,sponsored,SLX (classic): SOL to token
8,0,sell,8.76,SLXdx4BUt2v9uJQNzWqSfzTJ9UKLUDsvxHFMEEdrfgq,SOL,sponsored,SLX (classic): token to SOL
9,0,sell,0.005,SOL,SNAPcESrvnH8yUdgeMF6xm1hym9b6hW6s8YeqeHdZFz,sponsored,SNAP (token-2022: permanentDelegate defaultAccountState pausableConfig confidentialTransferMint transferHook scaledUiAmountConfig): SOL to token
9,0,sell,0.0892,SNAPcESrvnH8yUdgeMF6xm1hym9b6hW6s8YeqeHdZFz,SOL,sponsored,SNAP (token-2022: permanentDelegate defaultAccountState pausableConfig confidentialTransferMint transferHook scaledUiAmountConfig): token to SOL
10,0,sell,0.005,SOL,SNDKbwMUQvZhnLnxLduradgLHG5KrPuKwpnrkkGRhfH,sponsored,SNDK (token-2022: permanentDelegate defaultAccountState pausableConfig confidentialTransferMint transferHook scaledUiAmountConfig): SOL to token
10,0,sell,0.000306,SNDKbwMUQvZhnLnxLduradgLHG5KrPuKwpnrkkGRhfH,SOL,sponsored,SNDK (token-2022: permanentDelegate defaultAccountState pausableConfig confidentialTransferMint transferHook scaledUiAmountConfig): token to SOL
11,0,sell,0.005,SOL,SPCXxcqXj6e5dJDVNovHN8744zkbhM2bYudU45BimGb,sponsored,SPCX (token-2022: permanentDelegate defaultAccountState pausableConfig confidentialTransferMint transferHook scaledUiAmountConfig): SOL to token
11,0,sell,0.00311,SPCXxcqXj6e5dJDVNovHN8744zkbhM2bYudU45BimGb,SOL,sponsored,SPCX (token-2022: permanentDelegate defaultAccountState pausableConfig confidentialTransferMint transferHook scaledUiAmountConfig): token to SOL
12,0,sell,0.005,SOL,SRMuApVNdxXokk5GT7XD5cUUgXMBCoAz2LHeuAoKWRt,sponsored,SRM (classic): SOL to token
12,0,sell,79.8,SRMuApVNdxXokk5GT7XD5cUUgXMBCoAz2LHeuAoKWRt,SOL,sponsored,SRM (classic): token to SOL
13,0,sell,0.005,SOL,STREAMribRwybYpMmSYoCsQUdr6MZNXEqHgm7p1gu9M,sponsored,STREAM (classic): SOL to token
13,0,sell,53.3,STREAMribRwybYpMmSYoCsQUdr6MZNXEqHgm7p1gu9M,SOL,sponsored,STREAM (classic): token to SOL
14,0,sell,0.005,SOL,Saber2gLauYim4Mvftnrasomsv6NvAuncvMEZwcLpD1,sponsored,SBR (classic): SOL to token
14,0,sell,5600,Saber2gLauYim4Mvftnrasomsv6NvAuncvMEZwcLpD1,SOL,sponsored,SBR (classic): token to SOL
15,0,sell,0.005,SOL,SarosY6Vscao718M4A778z4CGtvcwcGef5M9MEH1LGL,sponsored,SAROS (classic): SOL to token
15,0,sell,1460,SarosY6Vscao718M4A778z4CGtvcwcGef5M9MEH1LGL,SOL,sponsored,SAROS (classic): token to SOL
16,0,sell,0.005,SOL,SoLo9oxzLDpcq1dpqAgMwgce5WqkRDtNXK7EPnbmeta,sponsored,SOLO (classic): SOL to token
16,0,sell,0.515,SoLo9oxzLDpcq1dpqAgMwgce5WqkRDtNXK7EPnbmeta,SOL,sponsored,SOLO (classic): token to SOL
17,0,sell,0.005,SOL,SonicxvLud67EceaEzCLRnMTBqzYUUYNr93DBkBdDES,sponsored,SONIC (classic): SOL to token
17,0,sell,20.2,SonicxvLud67EceaEzCLRnMTBqzYUUYNr93DBkBdDES,SOL,sponsored,SONIC (classic): token to SOL
18,0,sell,0.005,SOL,StepAscQoEioFxxWGnh2sLBDFp9d8rvKz2Yp39iDpyT,sponsored,STEP (classic): SOL to token
18,0,sell,4410,StepAscQoEioFxxWGnh2sLBDFp9d8rvKz2Yp39iDpyT,SOL,sponsored,STEP (classic): token to SOL
19,0,sell,0.005,SOL,TNSRxcUxoT9xBG3de7PiJyTDYu7kskLqcpddxnEJAS6,sponsored,TNSR (classic): SOL to token
19,0,sell,13.8,TNSRxcUxoT9xBG3de7PiJyTDYu7kskLqcpddxnEJAS6,SOL,sponsored,TNSR (classic): token to SOL
20,0,sell,0.005,SOL,TTWofwAge91oFhZs7kpQdyrVRkmevgM88xijGvQFbKo,sponsored,TTWO (token-2022: permanentDelegate defaultAccountState pausableConfig confidentialTransferMint transferHook scaledUiAmountConfig): SOL to token
20,0,sell,0.00255,TTWofwAge91oFhZs7kpQdyrVRkmevgM88xijGvQFbKo,SOL,sponsored,TTWO (token-2022: permanentDelegate defaultAccountState pausableConfig confidentialTransferMint transferHook scaledUiAmountConfig): token to SOL
21,0,sell,0.005,SOL,Tqj8yFmagrg7oorpQkVGYR52r96RFTamvWfth9bpump,sponsored,KINS (token-2022): SOL to token
21,0,sell,808,Tqj8yFmagrg7oorpQkVGYR52r96RFTamvWfth9bpump,SOL,sponsored,KINS (token-2022): token to SOL
22,0,sell,0.005,SOL,ULwSJmmpxmnRfpu6BjnK6rprKXqD5jXUmPpS1FxHXFy,sponsored,HEGE (classic): SOL to token
22,0,sell,285,ULwSJmmpxmnRfpu6BjnK6rprKXqD5jXUmPpS1FxHXFy,SOL,sponsored,HEGE (classic): token to SOL
23,0,sell,0.005,SOL,UPTx1d24aBWuRgwxVnFmX4gNraj3QGFzL3QqBgxtWQG,sponsored,UPT (classic): SOL to token
23,0,sell,303,UPTx1d24aBWuRgwxVnFmX4gNraj3QGFzL3QqBgxtWQG,SOL,sponsored,UPT (classic): token to SOL
24,0,sell,0.005,SOL,URARfsinxCRw4JpvQhuT4CxavdZXZEMjv9ZwWmWpwag,sponsored,URA (token-2022: permanentDelegate defaultAccountState pausableConfig confidentialTransferMint transferHook scaledUiAmountConfig): SOL to token
24,0,sell,0.0131,URARfsinxCRw4JpvQhuT4CxavdZXZEMjv9ZwWmWpwag,SOL,sponsored,URA (token-2022: permanentDelegate defaultAccountState pausableConfig confidentialTransferMint transferHook scaledUiAmountConfig): token to SOL
25,0,sell,0.005,SOL,USD1ttGY1N17NEEHLmELoaybftRBUSErhqYiQzvEmuB,sponsored,USD1 (classic): SOL to token
25,0,sell,0.522,USD1ttGY1N17NEEHLmELoaybftRBUSErhqYiQzvEmuB,SOL,sponsored,USD1 (classic): token to SOL
26,0,sell,0.005,SOL,USDH1SM1ojwWUga67PGrgFWUHibbjqMvuMaDkRJTgkX,sponsored,USDH (classic): SOL to token
26,0,sell,0.525,USDH1SM1ojwWUga67PGrgFWUHibbjqMvuMaDkRJTgkX,SOL,sponsored,USDH (classic): token to SOL
27,0,sell,0.005,SOL,USDSwr9ApdHk5bvJKMjzff41FfuX8bSxdKcR81vTwcA,sponsored,USDS (classic): SOL to token
27,0,sell,0.522,USDSwr9ApdHk5bvJKMjzff41FfuX8bSxdKcR81vTwcA,SOL,sponsored,USDS (classic): token to SOL
28,0,sell,0.005,SOL,USDvUSpnhCr9yBgj3UyVrD239HRUv4RsHwH2FxsWuMk,sponsored,USDv (token-2022: transferHook confidentialTransferMint permanentDelegate pausableConfig mintCloseAuthority defaultAccountState): SOL to token
28,0,sell,0.522,USDvUSpnhCr9yBgj3UyVrD239HRUv4RsHwH2FxsWuMk,SOL,sponsored,USDv (token-2022: transferHook confidentialTransferMint permanentDelegate pausableConfig mintCloseAuthority defaultAccountState): token to SOL
29,0,sell,0.005,SOL,USNv3NkKA27Dh4nsHJDPhW4VoEcTQmjoZyJt2dqdwFu,sponsored,USO (token-2022: permanentDelegate defaultAccountState pausableConfig confidentialTransferMint transferHook scaledUiAmountConfig): SOL to token
29,0,sell,0.00363,USNv3NkKA27Dh4nsHJDPhW4VoEcTQmjoZyJt2dqdwFu,SOL,sponsored,USO (token-2022: permanentDelegate defaultAccountState pausableConfig confidentialTransferMint transferHook scaledUiAmountConfig): token to SOL
30,0,sell,0.005,SOL,VP9UaBXLM4KYRvyjisu65rz8BU5xNAbewU7LVmyU2x4,sponsored,VCAT (classic): SOL to token
30,0,sell,17.6,VP9UaBXLM4KYRvyjisu65rz8BU5xNAbewU7LVmyU2x4,SOL,sponsored,VCAT (classic): token to SOL
1,0,sell,0.005,SOL,WENAZ2WyPbmgvUcKfQ8hyMDfBQP9bZ65hsZ5KTFrRGZ,sponsored,WEN (token-2022: permanentDelegate defaultAccountState pausableConfig confidentialTransferMint transferHook scaledUiAmountConfig): SOL to token
1,0,sell,0.0855,WENAZ2WyPbmgvUcKfQ8hyMDfBQP9bZ65hsZ5KTFrRGZ,SOL,sponsored,WEN (token-2022: permanentDelegate defaultAccountState pausableConfig confidentialTransferMint transferHook scaledUiAmountConfig): token to SOL
2,0,sell,0.005,SOL,WENWENvqqNya429ubCdR81ZmD69brwQaaBYY6p3LCpk,sponsored,WEN (classic): SOL to token
2,0,sell,75000,WENWENvqqNya429ubCdR81ZmD69brwQaaBYY6p3LCpk,SOL,sponsored,WEN (classic): token to SOL
3,0,sell,0.005,SOL,WLFinEv6ypjkczcS83FZqFpgFZYwQXutRbxGe7oC16g,sponsored,WLFI (classic): SOL to token
3,0,sell,9.52,WLFinEv6ypjkczcS83FZqFpgFZYwQXutRbxGe7oC16g,SOL,sponsored,WLFI (classic): token to SOL
4,0,sell,0.005,SOL,WingsAYbfs4qnEgcw8jpSvetqp8XHM3GkKvow54WLcd,sponsored,WINGS (token-2022): SOL to token
4,0,sell,156,WingsAYbfs4qnEgcw8jpSvetqp8XHM3GkKvow54WLcd,SOL,sponsored,WINGS (token-2022): token to SOL
5,0,sell,0.005,SOL,XSTuo1fV7HHMhs4BYiwtrWSLsMCJNrooH2AssWTYZqP,sponsored,XST (classic): SOL to token
5,0,sell,242,XSTuo1fV7HHMhs4BYiwtrWSLsMCJNrooH2AssWTYZqP,SOL,sponsored,XST (classic): token to SOL
6,0,sell,0.005,SOL,XkeTXo1125vz5H9svJpGiw4JvLbN8VmMu9cmMvspump,sponsored,DREGG (token-2022): SOL to token
6,0,sell,308,XkeTXo1125vz5H9svJpGiw4JvLbN8VmMu9cmMvspump,SOL,sponsored,DREGG (token-2022): token to SOL
7,0,sell,0.005,SOL,Xs2yquAgsHByNzx68WJC55WHjHBvG9JsMB7CWjTLyPy,sponsored,DFDVx (token-2022: permanentDelegate defaultAccountState scaledUiAmountConfig pausableConfig confidentialTransferMint transferHook): SOL to token
7,0,sell,0.11,Xs2yquAgsHByNzx68WJC55WHjHBvG9JsMB7CWjTLyPy,SOL,sponsored,DFDVx (token-2022: permanentDelegate defaultAccountState scaledUiAmountConfig pausableConfig confidentialTransferMint transferHook): token to SOL
8,0,sell,0.005,SOL,Xs3eBt7uRfJX8QUs4suhyU8p2M6DoUDrJyWBa8LLZsg,sponsored,AMZNx (token-2022: permanentDelegate defaultAccountState scaledUiAmountConfig pausableConfig confidentialTransferMint transferHook): SOL to token
8,0,sell,0.00201,Xs3eBt7uRfJX8QUs4suhyU8p2M6DoUDrJyWBa8LLZsg,SOL,sponsored,AMZNx (token-2022: permanentDelegate defaultAccountState scaledUiAmountConfig pausableConfig confidentialTransferMint transferHook): token to SOL
9,0,sell,0.005,SOL,Xs3oZwbHvqis4NYcf4YKWmEia2eC84wSiVrcYcTqpH8,sponsored,SPCXx (token-2022: permanentDelegate defaultAccountState scaledUiAmountConfig pausableConfig confidentialTransferMint transferHook): SOL to token
9,0,sell,0.00311,Xs3oZwbHvqis4NYcf4YKWmEia2eC84wSiVrcYcTqpH8,SOL,sponsored,SPCXx (token-2022: permanentDelegate defaultAccountState scaledUiAmountConfig pausableConfig confidentialTransferMint transferHook): token to SOL
10,0,sell,0.005,SOL,Xs6B6zawENwAbWVi7w92rjazLuAr5Az59qgWKcNb45x,sponsored,BRK.Bx (token-2022: permanentDelegate defaultAccountState scaledUiAmountConfig pausableConfig confidentialTransferMint transferHook): SOL to token
10,0,sell,0.00103,Xs6B6zawENwAbWVi7w92rjazLuAr5Az59qgWKcNb45x,SOL,sponsored,BRK.Bx (token-2022: permanentDelegate defaultAccountState scaledUiAmountConfig pausableConfig confidentialTransferMint transferHook): token to SOL
11,0,sell,0.005,SOL,Xs78JED6PFZxWc2wCEPspZW9kL3Se5J7L5TChKgsidH,sponsored,STRCx (token-2022: permanentDelegate defaultAccountState scaledUiAmountConfig pausableConfig confidentialTransferMint transferHook): SOL to token
11,0,sell,0.0048,Xs78JED6PFZxWc2wCEPspZW9kL3Se5J7L5TChKgsidH,SOL,sponsored,STRCx (token-2022: permanentDelegate defaultAccountState scaledUiAmountConfig pausableConfig confidentialTransferMint transferHook): token to SOL
12,0,sell,0.005,SOL,Xs7ZdzSHLU9ftNJsii5fCeJhoRWSC32SQGzGQtePxNu,sponsored,COINx (token-2022: permanentDelegate defaultAccountState scaledUiAmountConfig pausableConfig confidentialTransferMint transferHook): SOL to token
12,0,sell,0.00291,Xs7ZdzSHLU9ftNJsii5fCeJhoRWSC32SQGzGQtePxNu,SOL,sponsored,COINx (token-2022: permanentDelegate defaultAccountState scaledUiAmountConfig pausableConfig confidentialTransferMint transferHook): token to SOL
13,0,sell,0.005,SOL,Xs8S1uUs1zvS2p7iwtsG3b6fkhpvmwz4GYU3gWAmWHZ,sponsored,QQQx (token-2022: permanentDelegate defaultAccountState scaledUiAmountConfig pausableConfig confidentialTransferMint transferHook): SOL to token
13,0,sell,0.000687,Xs8S1uUs1zvS2p7iwtsG3b6fkhpvmwz4GYU3gWAmWHZ,SOL,sponsored,QQQx (token-2022: permanentDelegate defaultAccountState scaledUiAmountConfig pausableConfig confidentialTransferMint transferHook): token to SOL
14,0,sell,0.005,SOL,XsCPL9dNWBMvFtTmwcCA5v3xWPSMEBCszbQdiLLq6aN,sponsored,GOOGLx (token-2022: permanentDelegate defaultAccountState scaledUiAmountConfig pausableConfig confidentialTransferMint transferHook): SOL to token
14,0,sell,0.00149,XsCPL9dNWBMvFtTmwcCA5v3xWPSMEBCszbQdiLLq6aN,SOL,sponsored,GOOGLx (token-2022: permanentDelegate defaultAccountState scaledUiAmountConfig pausableConfig confidentialTransferMint transferHook): token to SOL
15,0,sell,0.005,SOL,XsDoVfqeBukxuZHWhdvWHBhgEHjGNst4MLodqsJHzoB,sponsored,TSLAx (token-2022: permanentDelegate defaultAccountState scaledUiAmountConfig pausableConfig confidentialTransferMint transferHook): SOL to token
15,0,sell,0.00138,XsDoVfqeBukxuZHWhdvWHBhgEHjGNst4MLodqsJHzoB,SOL,sponsored,TSLAx (token-2022: permanentDelegate defaultAccountState scaledUiAmountConfig pausableConfig confidentialTransferMint transferHook): token to SOL
16,0,sell,0.005,SOL,XsP7xzNPvEHS1m6qfanPUGjNmdnmsLKEoNAnHjdxxyZ,sponsored,MSTRx (token-2022: permanentDelegate defaultAccountState scaledUiAmountConfig pausableConfig confidentialTransferMint transferHook): SOL to token
16,0,sell,0.00338,XsP7xzNPvEHS1m6qfanPUGjNmdnmsLKEoNAnHjdxxyZ,SOL,sponsored,MSTRx (token-2022: permanentDelegate defaultAccountState scaledUiAmountConfig pausableConfig confidentialTransferMint transferHook): token to SOL
17,0,sell,0.005,SOL,Xsa62P5mvPszXL1krVUnU5ar38bBSVcWAB6fmPCo5Zu,sponsored,METAx (token-2022: permanentDelegate defaultAccountState scaledUiAmountConfig pausableConfig confidentialTransferMint transferHook): SOL to token
17,0,sell,0.000721,Xsa62P5mvPszXL1krVUnU5ar38bBSVcWAB6fmPCo5Zu,SOL,sponsored,METAx (token-2022: permanentDelegate defaultAccountState scaledUiAmountConfig pausableConfig confidentialTransferMint transferHook): token to SOL
18,0,sell,0.005,SOL,XsaBXg8dU5cPM6ehmVctMkVqoiRG2ZjMo1cyBJ3AykQ,sponsored,KOx (token-2022: permanentDelegate defaultAccountState scaledUiAmountConfig pausableConfig confidentialTransferMint transferHook): SOL to token
18,0,sell,0.00594,XsaBXg8dU5cPM6ehmVctMkVqoiRG2ZjMo1cyBJ3AykQ,SOL,sponsored,KOx (token-2022: permanentDelegate defaultAccountState scaledUiAmountConfig pausableConfig confidentialTransferMint transferHook): token to SOL
19,0,sell,0.005,SOL,XsbEhLAtcf6HdfpFZ5xEMdqW8nfAvcsP5bdudRLJzJp,sponsored,AAPLx (token-2022: permanentDelegate defaultAccountState scaledUiAmountConfig pausableConfig confidentialTransferMint transferHook): SOL to token
19,0,sell,0.00155,XsbEhLAtcf6HdfpFZ5xEMdqW8nfAvcsP5bdudRLJzJp,SOL,sponsored,AAPLx (token-2022: permanentDelegate defaultAccountState scaledUiAmountConfig pausableConfig confidentialTransferMint transferHook): token to SOL
20,0,sell,0.005,SOL,Xsc9qvGR1efVDFGLrVsmkzv3qi45LTBjeUKSPmx9qEh,sponsored,NVDAx (token-2022: permanentDelegate defaultAccountState scaledUiAmountConfig pausableConfig confidentialTransferMint transferHook): SOL to token
20,0,sell,0.00219,Xsc9qvGR1efVDFGLrVsmkzv3qi45LTBjeUKSPmx9qEh,SOL,sponsored,NVDAx (token-2022: permanentDelegate defaultAccountState scaledUiAmountConfig pausableConfig confidentialTransferMint transferHook): token to SOL
21,0,sell,0.005,SOL,Xsf9mBktVB9BSU5kf4nHxPq5hCBJ2j2ui3ecFGxPRGc,sponsored,GMEx (token-2022: permanentDelegate defaultAccountState scaledUiAmountConfig pausableConfig confidentialTransferMint transferHook): SOL to token
21,0,sell,0.0212,Xsf9mBktVB9BSU5kf4nHxPq5hCBJ2j2ui3ecFGxPRGc,SOL,sponsored,GMEx (token-2022: permanentDelegate defaultAccountState scaledUiAmountConfig pausableConfig confidentialTransferMint transferHook): token to SOL
22,0,sell,0.005,SOL,XsfCC9VL4DamVGNgdJpfLXB3sBVa158Gbx8sh7NzmTk,sponsored,VIDAx (token-2022: permanentDelegate defaultAccountState scaledUiAmountConfig pausableConfig confidentialTransferMint transferHook): SOL to token
22,0,sell,0.355,XsfCC9VL4DamVGNgdJpfLXB3sBVa158Gbx8sh7NzmTk,SOL,sponsored,VIDAx (token-2022: permanentDelegate defaultAccountState scaledUiAmountConfig pausableConfig confidentialTransferMint transferHook): token to SOL
23,0,sell,0.005,SOL,XsoBhf2ufR8fTyNSjqfU71DYGaE6Z3SUGAidpzriAA4,sponsored,PLTRx (token-2022: permanentDelegate defaultAccountState scaledUiAmountConfig pausableConfig confidentialTransferMint transferHook): SOL to token
23,0,sell,0.0027,XsoBhf2ufR8fTyNSjqfU71DYGaE6Z3SUGAidpzriAA4,SOL,sponsored,PLTRx (token-2022: permanentDelegate defaultAccountState scaledUiAmountConfig pausableConfig confidentialTransferMint transferHook): token to SOL
24,0,sell,0.005,SOL,XsoCS1TfEyfFhfvj8EtZ528L3CaKBDBRqRapnBbDF2W,sponsored,SPYx (token-2022: permanentDelegate defaultAccountState scaledUiAmountConfig pausableConfig confidentialTransferMint transferHook): SOL to token
24,0,sell,0.000668,XsoCS1TfEyfFhfvj8EtZ528L3CaKBDBRqRapnBbDF2W,SOL,sponsored,SPYx (token-2022: permanentDelegate defaultAccountState scaledUiAmountConfig pausableConfig confidentialTransferMint transferHook): token to SOL
25,0,sell,0.005,SOL,XspzcW1PRtgf6Wj92HCiZdjzKCyFekVD8P5Ueh3dRMX,sponsored,MSFTx (token-2022: permanentDelegate defaultAccountState scaledUiAmountConfig pausableConfig confidentialTransferMint transferHook): SOL to token
25,0,sell,0.000982,XspzcW1PRtgf6Wj92HCiZdjzKCyFekVD8P5Ueh3dRMX,SOL,sponsored,MSFTx (token-2022: permanentDelegate defaultAccountState scaledUiAmountConfig pausableConfig confidentialTransferMint transferHook): token to SOL
26,0,sell,0.005,SOL,XsqE9cRRpzxcGKDXj1BJ7Xmg4GRhZoyY1KpmGSxAWT2,sponsored,MCDx (token-2022: permanentDelegate defaultAccountState scaledUiAmountConfig pausableConfig confidentialTransferMint transferHook): SOL to token
26,0,sell,0.00221,XsqE9cRRpzxcGKDXj1BJ7Xmg4GRhZoyY1KpmGSxAWT2,SOL,sponsored,MCDx (token-2022: permanentDelegate defaultAccountState scaledUiAmountConfig pausableConfig confidentialTransferMint transferHook): token to SOL
27,0,sell,0.005,SOL,XsueG8BtpquVJX9LVLLEGuViXUungE6WmK5YZ3p3bd1,sponsored,CRCLx (token-2022: permanentDelegate defaultAccountState scaledUiAmountConfig pausableConfig confidentialTransferMint transferHook): SOL to token
27,0,sell,0.00646,XsueG8BtpquVJX9LVLLEGuViXUungE6WmK5YZ3p3bd1,SOL,sponsored,CRCLx (token-2022: permanentDelegate defaultAccountState scaledUiAmountConfig pausableConfig confidentialTransferMint transferHook): token to SOL
28,0,sell,0.005,SOL,Xsv9hRk1z5ystj9MhnA7Lq4vjSsLwzL2nxrwmwtD3re,sponsored,GLDx (token-2022: permanentDelegate defaultAccountState scaledUiAmountConfig pausableConfig confidentialTransferMint transferHook): SOL to token
28,0,sell,0.00139,Xsv9hRk1z5ystj9MhnA7Lq4vjSsLwzL2nxrwmwtD3re,SOL,sponsored,GLDx (token-2022: permanentDelegate defaultAccountState scaledUiAmountConfig pausableConfig confidentialTransferMint transferHook): token to SOL
29,0,sell,0.005,SOL,XsvNBAYkrDRNhA7wPHQfX3ZUXZyZLdnCQDfHZ56bzpg,sponsored,HOODx (token-2022: permanentDelegate defaultAccountState scaledUiAmountConfig pausableConfig confidentialTransferMint transferHook): SOL to token
29,0,sell,0.00476,XsvNBAYkrDRNhA7wPHQfX3ZUXZyZLdnCQDfHZ56bzpg,SOL,sponsored,HOODx (token-2022: permanentDelegate defaultAccountState scaledUiAmountConfig pausableConfig confidentialTransferMint transferHook): token to SOL
30,0,sell,0.005,SOL,ZBCNpuD7YMXzTHB2fhGkGi78MNsHGLRXUhRewNRm9RU,sponsored,ZBCN (classic): SOL to token
30,0,sell,218,ZBCNpuD7YMXzTHB2fhGkGi78MNsHGLRXUhRewNRm9RU,SOL,sponsored,ZBCN (classic): token to SOL
1,0,sell,0.005,SOL,ZEUS1aR7aX8DFFJf5QjWj2ftDDdNTroMNGo8YoQm3Gq,sponsored,ZEUS (classic): SOL to token
1,0,sell,43.1,ZEUS1aR7aX8DFFJf5QjWj2ftDDdNTroMNGo8YoQm3Gq,SOL,sponsored,ZEUS (classic): token to SOL
2,0,sell,0.005,SOL,ZEXy1pqteRu3n13kdyh4LwPQknkFk3GzmMYMuNadWPo,sponsored,ZEX (classic): SOL to token
2,0,sell,28.3,ZEXy1pqteRu3n13kdyh4LwPQknkFk3GzmMYMuNadWPo,SOL,sponsored,ZEX (classic): token to SOL
3,0,sell,0.005,SOL,a11bdAAuV8iB2fu7X6AxAvDTo1QZ8FXB3kk5eecdasp,sponsored,ABR (classic): SOL to token
3,0,sell,19.1,a11bdAAuV8iB2fu7X6AxAvDTo1QZ8FXB3kk5eecdasp,SOL,sponsored,ABR (classic): token to SOL
4,0,sell,0.005,SOL,bSo13r4TkiE4KumL71LsHTPpL2euBYLFx6h9HP3piy1,sponsored,bSOL (classic): SOL to token
4,0,sell,0.00341,bSo13r4TkiE4KumL71LsHTPpL2euBYLFx6h9HP3piy1,SOL,sponsored,bSOL (classic): token to SOL
5,0,sell,0.005,SOL,bioJ9JTqW62MLz7UKHU69gtKhPpGi1BQhccj2kmSvUJ,sponsored,BIO (token-2022): SOL to token
5,0,sell,17.9,bioJ9JTqW62MLz7UKHU69gtKhPpGi1BQhccj2kmSvUJ,SOL,sponsored,BIO (token-2022): token to SOL
6,0,sell,0.005,SOL,cbbtcf3aa214zXHbiAZQwf4122FBYbraNdFqgw4iMij,sponsored,cbBTC (classic): SOL to token
6,0,sell,0.00000626,cbbtcf3aa214zXHbiAZQwf4122FBYbraNdFqgw4iMij,SOL,sponsored,cbBTC (classic): token to SOL
7,0,sell,0.005,SOL,chiPiQTvkQ7oPtAD7YLQaEeHmPqXCa2wcRQdwFNneTe,sponsored,CHIPI (classic): SOL to token
7,0,sell,17000,chiPiQTvkQ7oPtAD7YLQaEeHmPqXCa2wcRQdwFNneTe,SOL,sponsored,CHIPI (classic): token to SOL
8,0,sell,0.005,SOL,coqRkaaKeUygDPhuS3mrmrj6DiHjeQJc2rFbT2YfxWn,sponsored,BCOQ (classic): SOL to token
8,0,sell,207000000,coqRkaaKeUygDPhuS3mrmrj6DiHjeQJc2rFbT2YfxWn,SOL,sponsored,BCOQ (classic): token to SOL
9,0,sell,0.005,SOL,dTzEP9JU2NRDPuWtM32gaVKip2fTHBqjheU1APBpump,sponsored,BITTY (classic): SOL to token
9,0,sell,383,dTzEP9JU2NRDPuWtM32gaVKip2fTHBqjheU1APBpump,SOL,sponsored,BITTY (classic): token to SOL
10,0,sell,0.005,SOL,dawn7ZUF7h7anFuEsDdAU1Y3HYwikwqNMAENZsQJdNL,sponsored,USD.infra (token-2022: transferHook pausableConfig): SOL to token
10,0,sell,0.522,dawn7ZUF7h7anFuEsDdAU1Y3HYwikwqNMAENZsQJdNL,SOL,sponsored,USD.infra (token-2022: transferHook pausableConfig): token to SOL
11,0,sell,0.005,SOL,dekNoN3D8mXa4JHLwTbVXz8aPAyJUkk443UjcSpJKi4,sponsored,peanie (classic): SOL to token
11,0,sell,9250,dekNoN3D8mXa4JHLwTbVXz8aPAyJUkk443UjcSpJKi4,SOL,sponsored,peanie (classic): token to SOL
12,0,sell,0.005,SOL,dog1viwbb2vWDpER5FrJ4YFG6gq6XuyFohUe9TXN65u,sponsored,DOG (classic): SOL to token
12,0,sell,537,dog1viwbb2vWDpER5FrJ4YFG6gq6XuyFohUe9TXN65u,SOL,sponsored,DOG (classic): token to SOL
13,0,sell,0.005,SOL,eL5fUxj2J4CiQsmW85k5FG9DvuQjjUoBHoQBi2Kpump,sponsored,UFD (classic): SOL to token
13,0,sell,72.9,eL5fUxj2J4CiQsmW85k5FG9DvuQjjUoBHoQBi2Kpump,SOL,sponsored,UFD (classic): token to SOL
14,0,sell,0.005,SOL,edge86g9cVz87xcpKpy3J77vbp4wYd9idEV562CCntt,sponsored,edgeSOL (classic): SOL to token
14,0,sell,0.00346,edge86g9cVz87xcpKpy3J77vbp4wYd9idEV562CCntt,SOL,sponsored,edgeSOL (classic): token to SOL
15,0,sell,0.005,SOL,euro5sNHrZC2wu2RoLvy6xxoVMc3Qnd1vjxoWf4MftA,sponsored,EUROP (token-2022: permanentDelegate transferFeeConfig pausableConfig): SOL to token
15,0,sell,0.466,euro5sNHrZC2wu2RoLvy6xxoVMc3Qnd1vjxoWf4MftA,SOL,sponsored,EUROP (token-2022: permanentDelegate transferFeeConfig pausableConfig): token to SOL
16,0,sell,0.005,SOL,fESbUKjuMY6jzDH9VP8cy4p3pu2q5W2rK2XghVfNseP,sponsored,SOLANA (classic): SOL to token
16,0,sell,15400,fESbUKjuMY6jzDH9VP8cy4p3pu2q5W2rK2XghVfNseP,SOL,sponsored,SOLANA (classic): token to SOL
17,0,sell,0.005,SOL,he1iusmfkpAdwvxLNGV8Y1iSbj4rUy6yMhEA3fotn9A,sponsored,hSOL (classic): SOL to token
17,0,sell,0.00378,he1iusmfkpAdwvxLNGV8Y1iSbj4rUy6yMhEA3fotn9A,SOL,sponsored,hSOL (classic): token to SOL
18,0,sell,0.005,SOL,hf34pZHnV4entu9bdp4pFEmeKpivEUeSUhASgWopump,sponsored,MUMU (classic): SOL to token
18,0,sell,1180,hf34pZHnV4entu9bdp4pFEmeKpivEUeSUhASgWopump,SOL,sponsored,MUMU (classic): token to SOL
19,0,sell,0.005,SOL,hntyVP6YFm1Hg25TN9WGLqM12b8TQmcknKrdu1oxWux,sponsored,HNT (classic): SOL to token
19,0,sell,0.981,hntyVP6YFm1Hg25TN9WGLqM12b8TQmcknKrdu1oxWux,SOL,sponsored,HNT (classic): token to SOL
20,0,sell,0.005,SOL,hy1oXYgrBW6PVcJ4s6s2FKavRdwgWTXdfE69AxT7kPT,sponsored,hyloSOL (classic): SOL to token
20,0,sell,0.00417,hy1oXYgrBW6PVcJ4s6s2FKavRdwgWTXdfE69AxT7kPT,SOL,sponsored,hyloSOL (classic): token to SOL
21,0,sell,0.005,SOL,iotEVVZLEywoTn1QdwNPddxPWszn3zFhEot3MfL9fns,sponsored,IOT (classic): SOL to token
21,0,sell,6460,iotEVVZLEywoTn1QdwNPddxPWszn3zFhEot3MfL9fns,SOL,sponsored,IOT (classic): token to SOL
22,0,sell,0.005,SOL,jtojtomepa8beP8AuQc6eXt5FriJwfFMwQx2v2f9mCL,sponsored,JTO (classic): SOL to token
22,0,sell,0.994,jtojtomepa8beP8AuQc6eXt5FriJwfFMwQx2v2f9mCL,SOL,sponsored,JTO (classic): token to SOL
23,0,sell,0.005,SOL,jupSoLaHXQiZZTSfEWMTRRgpnyFm8f6sZdosWBjx93v,sponsored,JupSOL (classic): SOL to token
23,0,sell,0.00371,jupSoLaHXQiZZTSfEWMTRRgpnyFm8f6sZdosWBjx93v,SOL,sponsored,JupSOL (classic): token to SOL
24,0,sell,0.005,SOL,kinXdEcpDQeHPEuQnqmUgtYykqKGVFq6CeVX5iAHJq6,sponsored,KIN (classic): SOL to token
24,0,sell,401000,kinXdEcpDQeHPEuQnqmUgtYykqKGVFq6CeVX5iAHJq6,SOL,sponsored,KIN (classic): token to SOL
25,0,sell,0.005,SOL,mSoLzYCxHdYgdzU16g5QSh3i5K3z3KZK7ytfqcJm7So,sponsored,mSOL (classic): SOL to token
25,0,sell,0.00319,mSoLzYCxHdYgdzU16g5QSh3i5K3z3KZK7ytfqcJm7So,SOL,sponsored,mSOL (classic): token to SOL
26,0,sell,0.005,SOL,mb1eu7TzEc71KxDpsmsKoucSSuuoGLv1drys1oP2jh6,sponsored,MOBILE (classic): SOL to token
26,0,sell,7300,mb1eu7TzEc71KxDpsmsKoucSSuuoGLv1drys1oP2jh6,SOL,sponsored,MOBILE (classic): token to SOL
27,0,sell,0.005,SOL,moonThZEkkTVoNB7v6YVCQiT56JYDZ1oN185ba3WizL,sponsored,MF (classic): SOL to token
27,0,sell,105,moonThZEkkTVoNB7v6YVCQiT56JYDZ1oN185ba3WizL,SOL,sponsored,MF (classic): token to SOL
28,0,sell,0.005,SOL,n54ZwXEcLnc3o7zK48nhrLV4KTU5wWD4iq7Gvdt5tik,sponsored,PEEP (classic): SOL to token
28,0,sell,346000,n54ZwXEcLnc3o7zK48nhrLV4KTU5wWD4iq7Gvdt5tik,SOL,sponsored,PEEP (classic): token to SOL
29,0,sell,0.005,SOL,nosXBVoaCTtYdLvKY6Csb4AC8JCdQKKAaWYtx2ZMoo7,sponsored,NOS (classic): SOL to token
29,0,sell,0.883,nosXBVoaCTtYdLvKY6Csb4AC8JCdQKKAaWYtx2ZMoo7,SOL,sponsored,NOS (classic): token to SOL
30,0,sell,0.005,SOL,octo82drBEdm8CSDaEKBymVn86TBtgmPnDdmE64PTqJ,sponsored,OTK (classic): SOL to token
30,0,sell,643,octo82drBEdm8CSDaEKBymVn86TBtgmPnDdmE64PTqJ,SOL,sponsored,OTK (classic): token to SOL
1,0,sell,0.005,SOL,onoyC1ZjHNtT2tShqvVSg5WEcQDbu5zht6sdU9Nwjrc,sponsored,ONO (token-2022): SOL to token
1,0,sell,31,onoyC1ZjHNtT2tShqvVSg5WEcQDbu5zht6sdU9Nwjrc,SOL,sponsored,ONO (token-2022): token to SOL
2,0,sell,0.005,SOL,orcaEKTdK7LKz57vaAYr9QeNsVEPfiu6QeMU1kektZE,sponsored,ORCA (classic): SOL to token
2,0,sell,0.188,orcaEKTdK7LKz57vaAYr9QeNsVEPfiu6QeMU1kektZE,SOL,sponsored,ORCA (classic): token to SOL
3,0,sell,0.005,SOL,oreoU2P8bN6jkk3jbaiVxYnG1dCXcYxwhwyK9jSybcp,sponsored,ORE (classic): SOL to token
3,0,sell,0.00455,oreoU2P8bN6jkk3jbaiVxYnG1dCXcYxwhwyK9jSybcp,SOL,sponsored,ORE (classic): token to SOL
4,0,sell,0.005,SOL,pSo1f9nQXWgXibFtKf7NWYxb5enAM4qfP6UJSiXRQfL,sponsored,PSOL (classic): SOL to token
4,0,sell,0.00409,pSo1f9nQXWgXibFtKf7NWYxb5enAM4qfP6UJSiXRQfL,SOL,sponsored,PSOL (classic): token to SOL
5,0,sell,0.005,SOL,poLisWXnNRwC6oBu1vHiuKQzFjGL4XDSu4g9qjz9qVk,sponsored,POLIS (classic): SOL to token
5,0,sell,47.5,poLisWXnNRwC6oBu1vHiuKQzFjGL4XDSu4g9qjz9qVk,SOL,sponsored,POLIS (classic): token to SOL
6,0,sell,0.005,SOL,pumpCmXqMfrsAkQ5r49WcJnRayYRqmXz6ae8H7H9Dfn,sponsored,PUMP (token-2022: transferHook): SOL to token
6,0,sell,82.8,pumpCmXqMfrsAkQ5r49WcJnRayYRqmXz6ae8H7H9Dfn,SOL,sponsored,PUMP (token-2022: transferHook): token to SOL
7,0,sell,0.005,SOL,remiG7sGaHWgrY7o6SXJW5CYi5A7kmKutyJz6x6hUsp,sponsored,REMILIO (classic): SOL to token
7,0,sell,4860,remiG7sGaHWgrY7o6SXJW5CYi5A7kmKutyJz6x6hUsp,SOL,sponsored,REMILIO (classic): token to SOL
8,0,sell,0.005,SOL,rndrizKT3MK1iimdxRdWabcF7Zg7AR5T4nud4EkHBof,sponsored,RENDER (classic): SOL to token
8,0,sell,0.257,rndrizKT3MK1iimdxRdWabcF7Zg7AR5T4nud4EkHBof,SOL,sponsored,RENDER (classic): token to SOL
9,0,sell,0.005,SOL,sSo14endRuUbvQaJS3dq36Q829a3A6BEfoeeRGJywEh,sponsored,sSOL (classic): SOL to token
9,0,sell,0.00383,sSo14endRuUbvQaJS3dq36Q829a3A6BEfoeeRGJywEh,SOL,sponsored,sSOL (classic): token to SOL
10,0,sell,0.005,SOL,sonarX4VtVkQemriJeLm6CKeW3GDMyiBnnAEMw1MRAE,sponsored,SONAR (classic): SOL to token
10,0,sell,172,sonarX4VtVkQemriJeLm6CKeW3GDMyiBnnAEMw1MRAE,SOL,sponsored,SONAR (classic): token to SOL
11,0,sell,0.005,SOL,strng7mqqc1MBJJV6vMzYbEqnwVGvKKGKedeCvtktWA,sponsored,strongSOL (classic): SOL to token
11,0,sell,0.00373,strng7mqqc1MBJJV6vMzYbEqnwVGvKKGKedeCvtktWA,SOL,sponsored,strongSOL (classic): token to SOL
12,0,sell,0.005,SOL,ukHH6c7mMyiWCf1b9pnWe25TSpkDDt3H5pQZgZ74J82,sponsored,BOME (classic): SOL to token
12,0,sell,515,ukHH6c7mMyiWCf1b9pnWe25TSpkDDt3H5pQZgZ74J82,SOL,sponsored,BOME (classic): token to SOL
13,0,sell,0.005,SOL,vSoLxydx6akxyMD9XEcPvGYNGq6Nn66oqVb3UkGkei7,sponsored,vSOL (classic): SOL to token
13,0,sell,0.00383,vSoLxydx6akxyMD9XEcPvGYNGq6Nn66oqVb3UkGkei7,SOL,sponsored,vSOL (classic): token to SOL
14,0,sell,0.005,SOL,wxmJYe17a2oGJZJ1wDe6ZyRKUKmrLj2pJsavEdTVhPP,sponsored,WXM (classic): SOL to token
14,0,sell,52.8,wxmJYe17a2oGJZJ1wDe6ZyRKUKmrLj2pJsavEdTVhPP,SOL,sponsored,WXM (classic): token to SOL
15,0,sell,0.005,SOL,x95HN3DWvbfCBtTjGm587z8suK3ec6cwQwgZNLbWKyp,sponsored,$HACHI (classic): SOL to token
15,0,sell,556000000,x95HN3DWvbfCBtTjGm587z8suK3ec6cwQwgZNLbWKyp,SOL,sponsored,$HACHI (classic): token to SOL
16,0,sell,0.005,SOL,xNETbUB7cRb3AAu2pNG2pUwQcJ2BHcktfvSB8x1Pq6L,sponsored,XNET (token-2022): SOL to token
16,0,sell,355,xNETbUB7cRb3AAu2pNG2pUwQcJ2BHcktfvSB8x1Pq6L,SOL,sponsored,XNET (token-2022): token to SOL
17,0,sell,0.005,SOL,xxxxa1sKNGwFtw2kFn8XauW9xq8hBZ5kVtcSesTT9fW,sponsored,SLIM (classic): SOL to token
17,0,sell,110,xxxxa1sKNGwFtw2kFn8XauW9xq8hBZ5kVtcSesTT9fW,SOL,sponsored,SLIM (classic): token to SOL
18,0,sell,0.005,SOL,yso11zxLbHA3wBJ9HAtVu6wnesqz9A2qxnhxanasZ4N,sponsored,ySOL (classic): SOL to token
18,0,sell,0.00231,yso11zxLbHA3wBJ9HAtVu6wnesqz9A2qxnhxanasZ4N,SOL,sponsored,ySOL (classic): token to SOL
19,0,sell,0.005,SOL,zBTCug3er3tLyffELcvDNrKkCymbPWysGcWihESYfLg,sponsored,zBTC (classic): SOL to token
19,0,sell,0.00000628,zBTCug3er3tLyffELcvDNrKkCymbPWysGcWihESYfLg,SOL,sponsored,zBTC (classic): token to SOL
20,0,sell,0.005,SOL,zGh48JtNHVBb5evgoZLXwgPD2Qu4MhkWdJLGDAupump,sponsored,retire (classic): SOL to token
20,0,sell,237,zGh48JtNHVBb5evgoZLXwgPD2Qu4MhkWdJLGDAupump,SOL,sponsored,retire (classic): token to SOL
21,0,sell,0.005,SOL,zZRRHGndBuUsbn4VM47RuagdYt57hBbskQ2Ba6K5775,sponsored,GREG (classic): SOL to token
21,0,sell,4810,zZRRHGndBuUsbn4VM47RuagdYt57hBbskQ2Ba6K5775,SOL,sponsored,GREG (classic): token to SOL
22,0,sell,0.005,SOL,zj1jpp7QMveWHLs61vL9KMZf254KvW7j4AAmBF8ry2k,sponsored,BULLSHIT (classic): SOL to token
22,0,sell,673,zj1jpp7QMveWHLs61vL9KMZf254KvW7j4AAmBF8ry2k,SOL,sponsored,BULLSHIT (classic): token to SOL
