created_utc,uid,owner,sell_token,buy_token,sell_symbol,buy_symbol,kind,sell_amount,buy_amount,executed_sell,executed_buy,api_status,cause,solver,seconds_to_execution,tx_signature,sim_row,sim_step
2026-10-07T21:28:06.950151Z,0xd55055decfb0afc695dacfa1af268b3aaa1584d4090ca3ce69c863c2d0205f26,AM6Qwi3vwMCGpRbJ55zDatByeAtsbcfXvXBh77be8C9T,So11111111111111111111111111111111111111112,pumpCmXqMfrsAkQ5r49WcJnRayYRqmXz6ae8H7H9Dfn,wSOL,PUMP,sell,5000000,91264052,0,0,expired,Winner too late: creation blockhash expired,,,,9,main
2026-10-07T21:28:07.034082Z,0x8d892474a79dc4d4d436ec3b155f915ecfa443362b5cf757e7fe9dd96f661df9,BQAD73uj3XftKnCB5ZB7P67b7AvEdfLefYbLiipch5oC,So11111111111111111111111111111111111111112,Es9vMFrzaCERmJfrF4H2FYD4KCoNkY11McCe8BenwNYB,wSOL,USDT,sell,5000000,576247,0,0,expired,Winner too late: creation blockhash expired,,,,3,main
2026-10-07T21:28:07.738240Z,0x1135fc4c6f57c1ad71be0ee2462fa5892881ff32e6ea6c80a80ee72c88fb777a,GcY8jk3HeHLDmdPa8wRVnHkn8f77frWdZxRWr6rrdyus,So11111111111111111111111111111111111111112,6p6xgHyF7AeE6TZkSmFsko444wqoP15icUSqi2jfGiPN,wSOL,TRUMP,sell,5000000,310516,0,0,expired,Winner too late: creation blockhash expired,,,,19,main
2026-10-07T21:28:07.817298Z,0xed6d249febce59751a0c848db87bf8c6d3f6699e0e0ddb8eb455d76753429cdb,GikSpMABHu6MJERkF3N9GMmwPXfEBxABjChVkK1W9ji4,So11111111111111111111111111111111111111112,Ge87EtsjwRQbHaqQmKRno69RFTwh9bfSsm99XNxTpump,wSOL,Jimothy,sell,5000000,165610982,0,0,expired,Winner too late: creation blockhash expired,,,,45,main
2026-10-07T21:28:08.114485Z,0x6a09ff5116b2b719267bc53f5c86ffbfd87a21b318815a5d05a409fc0d2aefbd,Dy1CJYGtZBZBsAqe13BPSYqDy1pyrThHBi6g2zTVASd1,So11111111111111111111111111111111111111112,XsoCS1TfEyfFhfvj8EtZ528L3CaKBDBRqRapnBbDF2W,wSOL,SPYx,sell,5000000,73715,0,0,expired,Winner too late: creation blockhash expired,,,,51,main
2026-10-07T21:28:08.512371Z,0x487e7969d0db1f32041163a2529d03820e5dd530c6e5d9af5fe07664c85d91e6,7RqUGHCV2tngEBctNc8o58nPDy6AsYzsUHAW2JgA2XX9,So11111111111111111111111111111111111111112,2b1kV6DkPAnxd5ixfnxCpjxmKwqjjaYmCZfHsFu24GXo,wSOL,PYUSD,sell,5000000,576013,0,0,expired,Winner too late: creation blockhash expired,,,,11,main
2026-10-07T21:28:08.715789Z,0x66cd499406ed3331fb4dcd08ce8921c664d757fdbde754257096800ac16137a1,3FHY6qZALHavE387YcUMyqFYdYCiR5PbLSxdQBpwR6JK,So11111111111111111111111111111111111111112,cbbtcf3aa214zXHbiAZQwf4122FBYbraNdFqgw4iMij,wSOL,cbBTC,sell,5000000,691,0,0,expired,Winner too late: creation blockhash expired,,,,7,main
2026-10-07T21:28:10.390862Z,0x8d79f18fc08529c41019d9161e8e6a666c4da39c9eb38f151f0bd3da68ee10e8,2kV12Qsin6Wfxr2Pr6M8bqUbjqMppw4gpqAbV18TiFfJ,So11111111111111111111111111111111111111112,3NZ9JMVBmGAqocybic2c7LQCJScmgsAZ6vQqTDzcqmJh,wSOL,WBTC,sell,5000000,692,0,0,expired,Winner too late: creation blockhash expired,,,,37,main
2026-10-07T21:28:10.534594Z,0x76cc9869b9c43d504334e9779491817405e806d1991fc7f541feb0dcbb12183f,CagkCmsroJWAiUWrigym7vR9wGYV5aKWanTGu3ZARKqD,So11111111111111111111111111111111111111112,98kfF7rmsg1QDUEoCqNE7g7M1FdrTt92TEp2CLzypump,wSOL,PAID,sell,5000000,108721537,0,0,expired,Winner too late: creation blockhash expired,,,,43,main
2026-10-07T21:28:11.291902Z,0x8843629a183bbda92a046f52770d402746c5e08a49ebafd1fe040556ca4c5077,DoD7Kb5bE6Jr7Eq2JTdYwfLn7718RzpYxKyQen2rxiBQ,So11111111111111111111111111111111111111112,2u1tszSeqZ3qBWF3uNGPFc8TzMk2tdiwknnRMWGWjGWH,wSOL,USDG,sell,5000000,575998,0,0,expired,Winner too late: creation blockhash expired,,,,5,main
2026-10-07T21:28:11.291923Z,0x4f0865f62d8008683cdce3bf370d24826d898288d63021e27557dda1fbf6b7d7,EDimKwHuMtcwxxbAfQPT3EaH9CPpyTLARxLRRwiZV26v,So11111111111111111111111111111111111111112,J1toso1uCk3RLmjorhTtrVwY9HJ7X8V9yYac6Y7kGCPn,wSOL,JitoSOL,sell,5000000,3810521,0,0,expired,Winner too late: creation blockhash expired,,,,47,main
2026-10-07T21:28:11.684932Z,0x0d3f465339459df34e7819a5c42ce81bdc56536b7cbe4de45989c8d8191fd2fb,AQHstwk1uwAEnz8JE41HEbbD1EaPBjBwtid2qbo1Q3KD,So11111111111111111111111111111111111111112,7vfCXTUXx5WJV5JADk17DUJ4ksgau7utNKj4b963voxs,wSOL,ETH,sell,5000000,22403,0,0,expired,Winner too late: creation blockhash expired,,,,23,main
2026-10-07T21:28:11.886227Z,0xac629d25535dc327a7b9b3a7ff13ab5c47ff4450fced8be0a5149574b5c91f2c,CDY1rvEes25vx7DZwxp5BRSgAewDQMgwBExfAMEymdMC,So11111111111111111111111111111111111111112,CASHx9KJUStyftLFWGvEVf59SGeG9sh5FfcnZMVPCASH,wSOL,CASH,sell,5000000,576210,0,0,expired,Winner too late: creation blockhash expired,,,,25,main
2026-10-07T21:28:12.085178Z,0xec842424fe7f3021569cbae5b98997396ce084fab51455028a947b2eb314c741,7wPqkLkFafKQZEkqFhbCP2c9vapCvxmbM7AcKRgMT8u6,So11111111111111111111111111111111111111112,9BB6NFEcjBCtnNLFko2FqVQBq8HHM13kCyYcdQbgpump,wSOL,Fartcoin,sell,5000000,3610113,0,0,expired,Winner too late: creation blockhash expired,,,,57,main
2026-10-07T21:28:12.295287Z,0x972d2fa4530cdf51d9771b954d896ba8a8334a4cdbd9ebd0f79a5aa17b04a9e4,4p3tgZxpw2gKnJnVwQ4Ah3av47HywcXfFaXTFGNU2aTT,So11111111111111111111111111111111111111112,EPjFWdd5AufqSSqeM2qN1xzybapC8G4wEGGkZwyTDt1v,wSOL,USDC,sell,5000000,576026,0,0,expired,Winner too late: creation blockhash expired,,,,1,main
2026-10-07T21:28:14.482666Z,0x8cc08707dc2ba14ade027624bd2c7451466dc23f1b3cef2758326c6c1fc18725,BPmy52DKPodqoSUirZUBedULujAZr6s778i4hc153r1X,So11111111111111111111111111111111111111112,A7bdiYdS5GjqGFtxf17ppRHtDKPkkRqbKtR27dxvQXaS,wSOL,ZEC,sell,5000000,43729,0,0,expired,Winner too late: creation blockhash expired,,,,15,main
2026-10-07T21:28:14.731438Z,0xe9d6151c6819739a2b9335f42206ade63fda177f382faca8475ef0bcec41c933,BsXAAY6SvTyWYjwKCa5SUs1kDBK6n7ia7qvRPVj5dFgz,So11111111111111111111111111111111111111112,USD1ttGY1N17NEEHLmELoaybftRBUSErhqYiQzvEmuB,wSOL,USD1,sell,5000000,576399,0,0,expired,Winner too late: creation blockhash expired,,,,33,main
2026-10-07T21:28:15.574472Z,0xa72f564dd67c25566dc95014a238673f4730d431e2adf9ff35d9d129e56f7559,CaMSDEBp5zy2QxSYqDxqbk28qxFwzLXiNdFJiv9TKqhU,So11111111111111111111111111111111111111112,98sMhvDwXj1RQi5c5Mndm3vPe9cBqPrbLaufMXFNMh5g,wSOL,HYPE,sell,5000000,6561524,0,0,expired,Winner too late: creation blockhash expired,,,,21,main
2026-10-07T21:28:15.603836Z,0xb5aeaaeeac842179d948561704e3149909138bd6bbf5be5ebf0b7c67741706f0,4SqtvDu46EtUmHrpwzvvzqUtA8FJD7tY3baar9XQU33g,So11111111111111111111111111111111111111112,JUPyiwrYJFskUPiHa7hkeR8VUtAeFoSYbKedZNsDvCN,wSOL,JUP,sell,5000000,1711498,0,0,expired,Winner too late: creation blockhash expired,,,,53,main
2026-10-07T21:28:17.460881Z,0x84f19d2dbdfdc4413351c9604857c49048ceeba021ec72a7ee92e25b70784927,FjcXArDzUrBTJ1Lv6Yc8n9atjkNYaxKosVjn6VSxZTrK,So11111111111111111111111111111111111111112,6GmAFSYs4gk3FDao5FzzySQpPZaWsa4rUJHacpMpUNgx,wSOL,STONK,sell,5000000,3488691589,0,0,expired,Winner too late: creation blockhash expired,,,,13,main
2026-10-07T21:28:17.956682Z,0x8243cf3d4793165b8ece3b7c28460c833eceab2e36ecaaa1cf36f341e71e13c8,EGXsUdM4HLc983jD276LHz87k5zBZSJrJc137qcokK8D,So11111111111111111111111111111111111111112,Dz9mQ9NzkBcCsuGPFJ3r1bS4wgqKMHBPiVuniW8Mbonk,wSOL,USELESS,sell,5000000,2856897,0,0,expired,Winner too late: creation blockhash expired,,,,31,main
2026-10-07T21:28:18.081633Z,0xbf38089008f060eccf8186f686f516f07d616f136929a7119f1075b21d9b2967,5akdWDVyHEWgFASL9q18W1wvJcy546hL4EGfPF6Hiwrd,So11111111111111111111111111111111111111112,2zMMhcVQEXDtdE6vsFS7S7D5oUodfJHE8vd1gnBouauv,wSOL,PENGU,sell,5000000,67332190,0,0,expired,Winner too late: creation blockhash expired,,,,55,main
2026-10-07T21:28:18.207095Z,0x6fc1e134cdaf072c553663baee2ca95443c33fd994fbd1297d967569abb185ec,AEZeUZRrPrAJ94wX66QCy4hwNYQyM4SR9tzQzUjg7UPX,So11111111111111111111111111111111111111112,SKHYhSjuRWHgikq8eRKbtBbpABgJSkd7ytQV14i9EQ3,wSOL,SKHY,sell,5000000,3214,0,0,expired,Winner too late: creation blockhash expired,,,,59,main
2026-10-07T21:28:18.704503Z,0x8f6508c893179438fd154bb3bafc7f41f4f1f1cc1a6972c9e6735db66fbf4d6d,HoWtt82mr4wqKqMDy4jFDRs1C9kt3kY6KtXH3i83fyn5,So11111111111111111111111111111111111111112,XsueG8BtpquVJX9LVLLEGuViXUungE6WmK5YZ3p3bd1,wSOL,CRCLx,sell,5000000,712802,0,0,expired,Winner too late: creation blockhash expired,,,,41,main
2026-10-07T21:28:19.057347Z,0x5ac4ae85062bfc600f9e78585e0cd03f44b2afd7839677433c815988833aff52,9XSrZ8RkSZ3WDoGkrgWHrmMhixsoWZTLnPxBtQNWNK9c,So11111111111111111111111111111111111111112,DEkqHyPN7GMRJ5cArtQFAWefqbZb33Hyf6s5iCwjEonT,wSOL,USDe,sell,5000000,576086532,0,0,expired,Winner too late: creation blockhash expired,,,,39,main
2026-10-07T21:28:20.331545Z,0xf8b1270f891c5710c8bb69b4f0aa6f4dab29650fe4339b5f8f7e063acf313347,94bjVVSp8jgvP4ivAW3wFomkRpeE3xBouyCWErsR1ANz,So11111111111111111111111111111111111111112,CWZ6BsdnjkDVTGkmL6bGbJXXig6ceef12KvyGQW14cMt,wSOL,ANTFUN,sell,5000000,47583743,0,0,expired,Winner too late: creation blockhash expired,,,,35,main
2026-10-07T21:28:27.703653Z,0xb60f59f042e4faa3cf4b7b6e41d7e52423964727855e6c96b7c47dd1eaca2442,AQtmpjmjjZTzzs5W2Ld4gPteDe1teLKMpwj3v5GAv7ef,So11111111111111111111111111111111111111112,CTPoyCwkjMvoJwU4xvZZqoD8tiYk6yDchySiN5gGpump,wSOL,fone,sell,5000000,140061711,0,0,expired,Winner too late: creation blockhash expired,,,,49,main
2026-10-07T21:28:28.581759Z,0x40353cfe61ca1c15846e689e4fee5fc97581aa2ef0dfb15807c02a8cd8124cfe,HTsxGEXBSe8rdUJjtW7e4v4YChNXTVmLQXuqBvvQtJuF,So11111111111111111111111111111111111111112,9cRCn9rGT8V2imeM2BaKs13yhMEais3ruM3rPvTGpump,wSOL,ANSEM,sell,5000000,4085812,0,0,expired,Winner too late: creation blockhash expired,,,,17,main
2026-10-07T21:28:30.829257Z,0x3103f5ce153cdb04747aa12e7dc137eaac0277e20bbbd3c0c35f9896be81da1a,CcQdkRAXeX7seuZLmiapfpM6CVBndVrsvMe38E4Uypyg,So11111111111111111111111111111111111111112,4k3Dyjzvzp8eMZWUXbBCjEvwSkkk59S5iCNLY3QrkX6R,wSOL,RAY,sell,5000000,231554,0,0,expired,Winner too late: creation blockhash expired,,,,29,main
2026-10-07T21:28:34.583021Z,0xfc24de19bb29637836dd1c3cfc94927976798f86e767e4e37b9e44dcc220b8d4,91V7pVaQyARieyPXcNpxQZdqk5KoH7P1vgg2YHNBfSti,So11111111111111111111111111111111111111112,JuprjznTrTSp2UFa3ZBUFgwdAmtZCq4MQCwysN55USD,wSOL,JupUSD,sell,5000000,576268,0,0,expired,Winner too late: creation blockhash expired,,,,27,main
2026-10-07T21:28:51.329909Z,0x7ffc5edd441acfda4760e043364fafce0ab38cab0da4376f7e670282156ddd60,AM6Qwi3vwMCGpRbJ55zDatByeAtsbcfXvXBh77be8C9T,So11111111111111111111111111111111111111112,3b8X44fLF9ooXaUm3hhSgjpmVs6rZZ3pPoGnGahc3Uu7,wSOL,PRIME,sell,5000000,541869,0,0,expired,Winner too late: creation blockhash expired,,,,69,main
2026-10-07T21:28:51.955286Z,0xb9c3c4d62e942d91e69c67abe1daeba804337ba82c7b39d5f37ac1f405ccdd2a,GcY8jk3HeHLDmdPa8wRVnHkn8f77frWdZxRWr6rrdyus,So11111111111111111111111111111111111111112,6p6xgHyF7AeE6TZkSmFsko444wqoP15icUSqi2jfGiPN,wSOL,TRUMP,buy,4527167,281000,0,0,expired,Winner too late: creation blockhash expired,,,,20,acquire
2026-10-07T21:28:53.455046Z,0x5e90e3a3e76d0b352948f2082d7276bced663e9a7195f3adca1b441196ba7192,GikSpMABHu6MJERkF3N9GMmwPXfEBxABjChVkK1W9ji4,So11111111111111111111111111111111111111112,XsDoVfqeBukxuZHWhdvWHBhgEHjGNst4MLodqsJHzoB,wSOL,TSLAx,sell,5000000,152621,0,0,expired,Winner too late: creation blockhash expired,,,,105,main
2026-10-07T21:28:53.834591Z,0x2a8499cfac0f39c253fba88f44a077cf7a58ad59a9bf4ab708cfcfc8fe2156ad,Dy1CJYGtZBZBsAqe13BPSYqDy1pyrThHBi6g2zTVASd1,XsoCS1TfEyfFhfvj8EtZ528L3CaKBDBRqRapnBbDF2W,11111111111111111111111111111111,SPYx,SOL (native),sell,66800,4477121,0,0,expired,Winner too late: creation blockhash expired,,,,52,main
2026-10-07T21:28:54.829982Z,0x0c66bc27588fee8dd632c47204f177da0d928cf8b6b321550b6e97ea03eccb94,7RqUGHCV2tngEBctNc8o58nPDy6AsYzsUHAW2JgA2XX9,So11111111111111111111111111111111111111112,5dvXTZ5qwgafnHtwu3Ls3QrWx1U4LQsFeCuJgkk4QEC6,wSOL,EMBER,sell,5000000,92960202,0,0,expired,Winner too late: creation blockhash expired,,,,71,main
2026-10-07T21:28:55.828121Z,0x72556c5712836f7af78d6cc7451e93a95bebc68a031c9796d1697a1803410626,3FHY6qZALHavE387YcUMyqFYdYCiR5PbLSxdQBpwR6JK,So11111111111111111111111111111111111111112,cbbtcf3aa214zXHbiAZQwf4122FBYbraNdFqgw4iMij,wSOL,cbBTC,buy,4526738,626,0,0,expired,Winner too late: creation blockhash expired,,,,8,acquire
2026-10-07T21:28:56.203817Z,0x8c2cf57ccda59e65234bf16112aff1d2fb797dba71fe08e8db40a7d4c868290b,BQAD73uj3XftKnCB5ZB7P67b7AvEdfLefYbLiipch5oC,So11111111111111111111111111111111111111112,Es9vMFrzaCERmJfrF4H2FYD4KCoNkY11McCe8BenwNYB,wSOL,USDT,buy,4529847,522000,0,0,expired,Winner too late: creation blockhash expired,,,,4,acquire
2026-10-07T21:28:56.581776Z,0x1d08020a875bced40689981195aa7c9797864af5bfab10c08152b2cb4297219d,CagkCmsroJWAiUWrigym7vR9wGYV5aKWanTGu3ZARKqD,98kfF7rmsg1QDUEoCqNE7g7M1FdrTt92TEp2CLzypump,11111111111111111111111111111111,PAID,SOL (native),sell,97500000,4416984,0,0,expired,Winner too late: creation blockhash expired,,,,44,main
2026-10-07T21:28:56.704122Z,0x8be67f72e7d7f72837db6787acbe696bdc3d959577777d81d9282197d7f03bca,2kV12Qsin6Wfxr2Pr6M8bqUbjqMppw4gpqAbV18TiFfJ,So11111111111111111111111111111111111111112,3NZ9JMVBmGAqocybic2c7LQCJScmgsAZ6vQqTDzcqmJh,wSOL,WBTC,buy,4523590,626,0,0,expired,Winner too late: creation blockhash expired,,,,38,acquire
2026-10-07T21:28:59.205756Z,0x6e058b7100241c6911173283d523b5bb443233f3bfe5309ce883ea3c2d40bd4b,EDimKwHuMtcwxxbAfQPT3EaH9CPpyTLARxLRRwiZV26v,J1toso1uCk3RLmjorhTtrVwY9HJ7X8V9yYac6Y7kGCPn,11111111111111111111111111111111,JitoSOL,SOL (native),sell,3450000,4473158,0,0,expired,Winner too late: creation blockhash expired,,,,48,main
2026-10-07T21:28:59.933617Z,0xd1a99cfc156b7ea9d9f4c65840858303e47f019ced668fe391aa7721f4df70ff,DoD7Kb5bE6Jr7Eq2JTdYwfLn7718RzpYxKyQen2rxiBQ,So11111111111111111111111111111111111111112,AvZZF1YaZDziPY2RCK4oJrRVrbN3mTD9NL24hPeaZeUj,wSOL,syrupUSDC,sell,5000000,485334,0,0,expired,Winner too late: creation blockhash expired,,,,65,main
2026-10-07T21:28:59.937626Z,0x81b253b11f164b1f1670df4baa772d92edbe32187ea2117393f7f0691eca7cea,AQHstwk1uwAEnz8JE41HEbbD1EaPBjBwtid2qbo1Q3KD,So11111111111111111111111111111111111111112,7vfCXTUXx5WJV5JADk17DUJ4ksgau7utNKj4b963voxs,wSOL,ETH,buy,4530495,20300,0,0,expired,Winner too late: creation blockhash expired,,,,24,acquire
2026-10-07T21:29:00.953065Z,0x431f3fa0224d0bade41c5e981e6af161256f36b5e57a2730107d7cb7f02cd837,7wPqkLkFafKQZEkqFhbCP2c9vapCvxmbM7AcKRgMT8u6,9BB6NFEcjBCtnNLFko2FqVQBq8HHM13kCyYcdQbgpump,11111111111111111111111111111111,Fartcoin,SOL (native),sell,3250000,4445263,0,0,expired,Winner too late: creation blockhash expired,,,,58,main
2026-10-07T21:29:01.197238Z,0xd09c9aee26866556d32628523fb3b701b37442e28c0d0ce17bfd03412d053cbf,CDY1rvEes25vx7DZwxp5BRSgAewDQMgwBExfAMEymdMC,So11111111111111111111111111111111111111112,ukHH6c7mMyiWCf1b9pnWe25TSpkDDt3H5pQZgZ74J82,wSOL,BOME,sell,5000000,572840358,0,0,expired,Winner too late: creation blockhash expired,,,,85,main
2026-10-07T21:29:01.450990Z,0x58708012ccf7ee775d982ec4c2adbcd6ea9ae0a9951fa89bda9ef40fe0aea833,4p3tgZxpw2gKnJnVwQ4Ah3av47HywcXfFaXTFGNU2aTT,So11111111111111111111111111111111111111112,EPjFWdd5AufqSSqeM2qN1xzybapC8G4wEGGkZwyTDt1v,wSOL,USDC,buy,4531541,522000,0,0,expired,Winner too late: creation blockhash expired,,,,2,acquire
2026-10-07T21:29:02.423951Z,0x02a7565a3470d94f9c7e54e88e9f0376e223d7ace401cb9d669ca1f70fe24eec,FjcXArDzUrBTJ1Lv6Yc8n9atjkNYaxKosVjn6VSxZTrK,So11111111111111111111111111111111111111112,6GmAFSYs4gk3FDao5FzzySQpPZaWsa4rUJHacpMpUNgx,wSOL,STONK,buy,4491594,3130000000,0,0,expired,Winner too late: creation blockhash expired,,,,14,acquire
2026-10-07T21:29:02.573447Z,0x0c2ae9f26153615a6d1ce2f2b86f3f481afe37988e7dd88a6861fd1998c00be2,BPmy52DKPodqoSUirZUBedULujAZr6s778i4hc153r1X,So11111111111111111111111111111111111111112,A7bdiYdS5GjqGFtxf17ppRHtDKPkkRqbKtR27dxvQXaS,wSOL,ZEC,buy,4525007,39500,0,0,expired,Winner too late: creation blockhash expired,,,,16,acquire
2026-10-07T21:29:02.696774Z,0xec91df9794d2438d6d2246ae8ae33c5651f8ad7b4d40178c45ebfeb736354d37,BsXAAY6SvTyWYjwKCa5SUs1kDBK6n7ia7qvRPVj5dFgz,So11111111111111111111111111111111111111112,USD1ttGY1N17NEEHLmELoaybftRBUSErhqYiQzvEmuB,wSOL,USD1,buy,4528780,522000,0,0,expired,Winner too late: creation blockhash expired,,,,34,acquire
2026-10-07T21:29:03.950983Z,0x17638be34c8f73a84b69a83e5c71360ae3b77fac58f8f153a161ffb7486d7df6,5akdWDVyHEWgFASL9q18W1wvJcy546hL4EGfPF6Hiwrd,2zMMhcVQEXDtdE6vsFS7S7D5oUodfJHE8vd1gnBouauv,11111111111111111111111111111111,PENGU,SOL (native),sell,60900000,4458699,0,0,expired,Winner too late: creation blockhash expired,,,,56,main
2026-10-07T21:29:05.820179Z,0x7a25ba642e801667ec4fad486dc52dd0e4d3463bbb615b9a514b4279131adf03,AEZeUZRrPrAJ94wX66QCy4hwNYQyM4SR9tzQzUjg7UPX,So11111111111111111111111111111111111111112,XsP7xzNPvEHS1m6qfanPUGjNmdnmsLKEoNAnHjdxxyZ,wSOL,MSTRx,sell,5000000,373409,0,0,expired,Winner too late: creation blockhash expired,,,,119,main
2026-10-07T21:29:06.323668Z,0x0640bb3212557f8af3db139799e5be1be482091b41fc1c42fadcb7b34d221165,9XSrZ8RkSZ3WDoGkrgWHrmMhixsoWZTLnPxBtQNWNK9c,DEkqHyPN7GMRJ5cArtQFAWefqbZb33Hyf6s5iCwjEonT,11111111111111111111111111111111,USDe,SOL (native),sell,522000000,4476468,0,0,expired,Winner too late: creation blockhash expired,,,,40,main
2026-10-07T21:29:06.569559Z,0x2b674d58a7516cbcc28be3908246a86b3f22070db34a87ae8d8fc791b94c9bde,CaMSDEBp5zy2QxSYqDxqbk28qxFwzLXiNdFJiv9TKqhU,So11111111111111111111111111111111111111112,98sMhvDwXj1RQi5c5Mndm3vPe9cBqPrbLaufMXFNMh5g,wSOL,HYPE,buy,4515003,5920000,0,0,expired,Winner too late: creation blockhash expired,,,,22,acquire
2026-10-07T21:29:06.821947Z,0xa998abb1fbba526df28bc97058fa057885d5946c5d595cc7136e7f7da72d2b52,4SqtvDu46EtUmHrpwzvvzqUtA8FJD7tY3baar9XQU33g,So11111111111111111111111111111111111111112,JUPyiwrYJFskUPiHa7hkeR8VUtAeFoSYbKedZNsDvCN,wSOL,JUP,buy,4589054,1570000,0,0,expired,Winner too late: creation blockhash expired,,,,54,acquire
2026-10-07T21:29:09.194331Z,0x7dc9e476db0fb3bdcfe97a5599909732733b985aa5a087e2f32688a0814c594d,HoWtt82mr4wqKqMDy4jFDRs1C9kt3kY6KtXH3i83fyn5,So11111111111111111111111111111111111111112,5UUH9RTDiSpq6HKS6bp4NdU9PNJpXRXuiw6ShBTBhgH2,wSOL,TROLL,sell,5000000,14395739,0,0,expired,Winner too late: creation blockhash expired,,,,101,main
2026-10-07T21:29:09.568453Z,0x40d3629527172155a89e89bafbd4844e07acd9ad1c6f66114049c298c0c12ce8,EGXsUdM4HLc983jD276LHz87k5zBZSJrJc137qcokK8D,So11111111111111111111111111111111111111112,Dz9mQ9NzkBcCsuGPFJ3r1bS4wgqKMHBPiVuniW8Mbonk,wSOL,USELESS,buy,4511745,2570000,0,0,expired,Winner too late: creation blockhash expired,,,,32,acquire
2026-10-07T21:29:09.692452Z,0xd660271a1f6f0a2cddafc2b7702c9c911995ecbdf349bdf673d9e3e2d101080e,94bjVVSp8jgvP4ivAW3wFomkRpeE3xBouyCWErsR1ANz,So11111111111111111111111111111111111111112,Hg5Ja55T5wESq4vyFoiVCMeHXtGyVA69X2UHq8hgpump,wSOL,baton,sell,5000000,65393729,0,0,expired,Winner too late: creation blockhash expired,,,,95,main
2026-10-07T21:29:14.292901Z,0xf27441b2366d7df1c85f3a916ab854cb5337e326af4e52eb6179356c1a58dd04,CcQdkRAXeX7seuZLmiapfpM6CVBndVrsvMe38E4Uypyg,So11111111111111111111111111111111111111112,4k3Dyjzvzp8eMZWUXbBCjEvwSkkk59S5iCNLY3QrkX6R,wSOL,RAY,buy,4514943,209000,0,0,expired,Winner too late: creation blockhash expired,,,,30,acquire
2026-10-07T21:29:14.818785Z,0xeffbacf0f8dbd690080e47379b26455a3e5a34c04a037cc671c68bec78534544,AQtmpjmjjZTzzs5W2Ld4gPteDe1teLKMpwj3v5GAv7ef,So11111111111111111111111111111111111111112,7VertkgF9KLhxxJXHX6uaWuoYZTP9LdGj2bWmVXVpump,wSOL,Agency,sell,5000000,84812174,0,0,expired,Winner too late: creation blockhash expired,,,,109,main
2026-10-07T21:29:15.694798Z,0xc05f03aabf4a851bc4509911c92bf0c92ee4e0b05fb67fc49357ccb6fb425a24,HTsxGEXBSe8rdUJjtW7e4v4YChNXTVmLQXuqBvvQtJuF,So11111111111111111111111111111111111111112,27G8MtK7VtTcCHkpASjSDdkWWYfoqT6ggEuKidVJidD4,wSOL,JLP,sell,5000000,120639,0,0,expired,Winner too late: creation blockhash expired,,,,77,main
2026-10-07T21:29:18.314981Z,0xdb26639452e5e4ad3534ac9c80e1566279c40a553b1fb1fdfdb72b12ef529bf7,91V7pVaQyARieyPXcNpxQZdqk5KoH7P1vgg2YHNBfSti,So11111111111111111111111111111111111111112,JuprjznTrTSp2UFa3ZBUFgwdAmtZCq4MQCwysN55USD,wSOL,JupUSD,buy,4530082,522000,0,0,expired,Winner too late: creation blockhash expired,,,,28,acquire
2026-10-07T21:29:35.437063Z,0xdda510305eb7db2c458fccfb1c2b48336716e95c135f567bb85c9bf9eaa15e0f,AM6Qwi3vwMCGpRbJ55zDatByeAtsbcfXvXBh77be8C9T,So11111111111111111111111111111111111111112,EKpQGSJtjMFqKZ9KQanSqYXRcF8fBopzLHYxdM65zcjm,wSOL,$WIF,sell,5000000,2516022,0,0,expired,Winner too late: creation blockhash expired,,,,129,main
2026-10-07T21:29:35.811649Z,0x34d7656e181871b2bf2ebeaf23440bb0ba5ceb5d8ce84dc34d180e987de22830,GcY8jk3HeHLDmdPa8wRVnHkn8f77frWdZxRWr6rrdyus,So11111111111111111111111111111111111111112,5Y8NV33Vv7WbnLfq3zBcKSdYPrk7g2KoiQoe7M2tcxp5,wSOL,ONyc,sell,5000000,500178491,0,0,expired,Winner too late: creation blockhash expired,,,,79,main
2026-10-07T21:29:37.813905Z,0xcdadb9b706a63996e27ce28cf7fcbc56881f1a364ac41141ba453719b4739cb5,GikSpMABHu6MJERkF3N9GMmwPXfEBxABjChVkK1W9ji4,So11111111111111111111111111111111111111112,9Pfync3ejPC9eHqVzq3nYQJAhyhjqpnB9UsaSfLxpump,wSOL,KET,sell,5000000,197397868,0,0,expired,Winner too late: creation blockhash expired,,,,165,main
2026-10-07T21:29:38.559916Z,0xaeab411d2625097b605bf0287bf2537a36ce23a1d74ba8319e1fdc10e724152a,Dy1CJYGtZBZBsAqe13BPSYqDy1pyrThHBi6g2zTVASd1,So11111111111111111111111111111111111111112,GTBxUiw6wJdmmkCGZgRHLyYxqu1vG4KtRpeox6yDpump,wSOL,JEANPHIL,sell,5000000,153882420,0,0,expired,Winner too late: creation blockhash expired,,,,111,main
2026-10-07T21:29:39.811663Z,0x531b3d5cd8fc2d091e81d1e83eea81a1fd87917dc2ceed8ff14b7556b9dafb22,3FHY6qZALHavE387YcUMyqFYdYCiR5PbLSxdQBpwR6JK,So11111111111111111111111111111111111111112,Xsc9qvGR1efVDFGLrVsmkzv3qi45LTBjeUKSPmx9qEh,wSOL,NVDAx,sell,5000000,242128,0,0,expired,Winner too late: creation blockhash expired,,,,67,main
2026-10-07T21:29:40.435167Z,0xad84e55fff62ac272d0513a0def930825e9340fe7160d5be37477c18c0b7a050,BQAD73uj3XftKnCB5ZB7P67b7AvEdfLefYbLiipch5oC,So11111111111111111111111111111111111111112,METvsvVRapdj9cFLzq4Tr43xK4tAjQfwX76z3n6mWQL,wSOL,MET,sell,5000000,1262603,0,0,expired,Winner too late: creation blockhash expired,,,,63,main
2026-10-07T21:29:42.302871Z,0xa88fcf1e751d77cdd148fed74dde7e2804b9b68dd6e3c74f11927e3912d1fdc4,2kV12Qsin6Wfxr2Pr6M8bqUbjqMppw4gpqAbV18TiFfJ,So11111111111111111111111111111111111111112,HzwqbKZw8HxMN6bF2yFZNrht3c2iXXzpKcFu7uBEDKtr,wSOL,EURC,sell,5000000,514530,0,0,expired,Winner too late: creation blockhash expired,,,,97,main
2026-10-07T21:29:43.062122Z,0x1daccc1ed25f03e37ae3ea8fdd8323a746e1dbed8976882a13b898e22b4109d2,7RqUGHCV2tngEBctNc8o58nPDy6AsYzsUHAW2JgA2XX9,So11111111111111111111111111111111111111112,5dvXTZ5qwgafnHtwu3Ls3QrWx1U4LQsFeCuJgkk4QEC6,wSOL,EMBER,buy,4567166,84800000,0,0,expired,Winner too late: creation blockhash expired,,,,72,acquire
2026-10-07T21:29:43.934512Z,0xf6093925ac5e329194dcde03854b8fee6555cef01900f3d611a0c43f386e5e05,AQHstwk1uwAEnz8JE41HEbbD1EaPBjBwtid2qbo1Q3KD,So11111111111111111111111111111111111111112,CbcyNo7m1amFWqEQm2m4PLv1UNvpcL3C1Ujm6AkzpKoU,wSOL,e/acc,sell,5000000,93295610,0,0,expired,Winner too late: creation blockhash expired,,,,83,main
2026-10-07T21:29:44.809491Z,0xa8eeace494a4ba2dbbd6eb48843298ae450c97bbe37857fc8b1fd3a60a63334d,7wPqkLkFafKQZEkqFhbCP2c9vapCvxmbM7AcKRgMT8u6,So11111111111111111111111111111111111111112,J8PSdNP3QewKq2Z1JJJFDMaqF7KcaiJhR7gbr5KZpump,wSOL,TripleT,sell,5000000,86136288,0,0,expired,Winner too late: creation blockhash expired,,,,117,main
2026-10-07T21:29:45.104774Z,0xadb9c59229f5453d4c1b6e758616a0e15cf64df16a589ca63090fdbad75614bf,CDY1rvEes25vx7DZwxp5BRSgAewDQMgwBExfAMEymdMC,So11111111111111111111111111111111111111112,ukHH6c7mMyiWCf1b9pnWe25TSpkDDt3H5pQZgZ74J82,wSOL,BOME,buy,4564729,523000000,0,0,expired,Winner too late: creation blockhash expired,,,,86,acquire
2026-10-07T21:29:45.812971Z,0xb2bb2174d61c6be2637b7c696fe83e4e146505494f5d54e849800fe34acffa19,CagkCmsroJWAiUWrigym7vR9wGYV5aKWanTGu3ZARKqD,So11111111111111111111111111111111111111112,6FrrzDk5mQARGc1TDYoyVnSyRdds1t4PbtohCD6p3tgG,wSOL,USX,sell,5000000,576308,0,0,expired,Winner too late: creation blockhash expired,,,,103,main
2026-10-07T21:29:46.310764Z,0xf55d568caeffde63e99e205df4a134ea1f4d32725fa86f7786d413819f3d1dc9,4p3tgZxpw2gKnJnVwQ4Ah3av47HywcXfFaXTFGNU2aTT,So11111111111111111111111111111111111111112,CARDSccUMFKoPRZxt5vt3ksUbxEFEcnZ3H2pd3dKxYjp,wSOL,CARDS,sell,5000000,2120076,0,0,expired,Winner too late: creation blockhash expired,,,,61,main
2026-10-07T21:29:47.183710Z,0xabdeee0ec6322c952e95d6409fbd53fe10b2c0ed83b6b1a8e832ab5bcb5b8ccf,FjcXArDzUrBTJ1Lv6Yc8n9atjkNYaxKosVjn6VSxZTrK,So11111111111111111111111111111111111111112,BPxxfRCXkUVhig4HS1Lh7kZqV6SPJhzfEk4x6fVBjPCy,wSOL,BP,sell,5000000,526908768,0,0,expired,Winner too late: creation blockhash expired,,,,73,main
2026-10-07T21:29:47.686646Z,0x2bf3a0dcdf9d4c04255e58f9400b7abd713c5cf07c9babb6e5649dee93c39b4c,BPmy52DKPodqoSUirZUBedULujAZr6s778i4hc153r1X,So11111111111111111111111111111111111111112,MUxEsUKSMACyw5fZf68wxf5FLnZVhtU9CwH8uNNGay1,wSOL,MU,sell,5000000,529,0,0,expired,Winner too late: creation blockhash expired,,,,75,main
2026-10-07T21:29:49.935231Z,0x4a2bd2c024dc2df877f8fdb5588bacb903255bf26a36a008d2002fa04e64402c,BsXAAY6SvTyWYjwKCa5SUs1kDBK6n7ia7qvRPVj5dFgz,So11111111111111111111111111111111111111112,MukLDtJ8Cx9DxLbeyLRSWPSposTMWuwHANbuaudpump,wSOL,OTC,sell,5000000,72028289,0,0,expired,Winner too late: creation blockhash expired,,,,93,main
2026-10-07T21:29:50.060186Z,0x9aef12d584a576fc36c8fb28ec9b3e584d1333ebc40dfa4d0700b0cd8deaac1e,DoD7Kb5bE6Jr7Eq2JTdYwfLn7718RzpYxKyQen2rxiBQ,So11111111111111111111111111111111111111112,AvZZF1YaZDziPY2RCK4oJrRVrbN3mTD9NL24hPeaZeUj,wSOL,syrupUSDC,buy,4532593,440000,0,0,expired,Winner too late: creation blockhash expired,,,,66,acquire
2026-10-07T21:29:52.436817Z,0x423ed6076d1f732550dbd5cf567a2b5633dafd2c1654a1d343781bffeb840a14,EDimKwHuMtcwxxbAfQPT3EaH9CPpyTLARxLRRwiZV26v,So11111111111111111111111111111111111111112,orcaEKTdK7LKz57vaAYr9QeNsVEPfiu6QeMU1kektZE,wSOL,ORCA,sell,5000000,209732,0,0,expired,Winner too late: creation blockhash expired,,,,107,main
2026-10-07T21:29:52.559619Z,0x65e3d878a36b31a8284239b13fd58305729e2674582e123d2052814db6a26445,5akdWDVyHEWgFASL9q18W1wvJcy546hL4EGfPF6Hiwrd,So11111111111111111111111111111111111111112,DezXAZ8z7PnrnRJjz3wXBoRgixCa6xjnB7YaB1pPB263,wSOL,Bonk,sell,5000000,16487246114,0,0,expired,Winner too late: creation blockhash expired,,,,115,main
2026-10-07T21:29:54.815852Z,0xa35f46c0aadd468d3edef2ed7509937c6bcff4cb72687583070ebdcaae629539,HoWtt82mr4wqKqMDy4jFDRs1C9kt3kY6KtXH3i83fyn5,So11111111111111111111111111111111111111112,5UUH9RTDiSpq6HKS6bp4NdU9PNJpXRXuiw6ShBTBhgH2,wSOL,TROLL,buy,4582494,13000000,0,0,expired,Winner too late: creation blockhash expired,,,,102,acquire
2026-10-07T21:29:55.647722Z,0xaddfc108ea680738464d3a8a3fd7d5f0535f8da322d0e5584d7bc67c6770e8c1,AEZeUZRrPrAJ94wX66QCy4hwNYQyM4SR9tzQzUjg7UPX,So11111111111111111111111111111111111111112,9aqmJjCnnMQv42TXLk921ceUkN35nea2QP969n1caqjj,wSOL,SI,sell,5000000,595519303,0,0,expired,Winner too late: creation blockhash expired,,,,179,main
2026-10-07T21:29:57.813383Z,0x9145cc493f830bae60da17957b45d8067596c6649de0b70430dd4d817450788a,9XSrZ8RkSZ3WDoGkrgWHrmMhixsoWZTLnPxBtQNWNK9c,So11111111111111111111111111111111111111112,jupSoLaHXQiZZTSfEWMTRRgpnyFm8f6sZdosWBjx93v,wSOL,JupSOL,sell,5000000,4101014,0,0,expired,Winner too late: creation blockhash expired,,,,99,main
2026-10-07T21:29:58.453926Z,0x9a7a2fcd650241e67ec896fd08df1eb92686455976f0975e405007de804713d8,CaMSDEBp5zy2QxSYqDxqbk28qxFwzLXiNdFJiv9TKqhU,So11111111111111111111111111111111111111112,SPCXxcqXj6e5dJDVNovHN8744zkbhM2bYudU45BimGb,wSOL,SPCX,sell,5000000,3430,0,0,expired,Winner too late: creation blockhash expired,,,,81,main
2026-10-07T21:29:58.687365Z,0x4679f6c00447d461cb0a6fd022f918e406951f9af8aa4467d3a777f095ec07ba,4SqtvDu46EtUmHrpwzvvzqUtA8FJD7tY3baar9XQU33g,So11111111111111111111111111111111111111112,SNDKbwMUQvZhnLnxLduradgLHG5KrPuKwpnrkkGRhfH,wSOL,SNDK,sell,5000000,339,0,0,expired,Winner too late: creation blockhash expired,,,,113,main
2026-10-07T21:29:59.063215Z,0xb37059e4b5c328df51cd3bc0416ef8c593d796810e1707759bad2235f86e4b9a,EGXsUdM4HLc983jD276LHz87k5zBZSJrJc137qcokK8D,So11111111111111111111111111111111111111112,KMNo3nJsBXfcpJTVhZcXLW7RmTwTt4GVFE7suUBo9sS,wSOL,KMNO,sell,5000000,15680684,0,0,expired,Winner too late: creation blockhash expired,,,,91,main
2026-10-07T21:29:59.688153Z,0xfb343dc3843cfc813b8ca23f134855d376824e624a7f43d9f7a6212ba95c312e,94bjVVSp8jgvP4ivAW3wFomkRpeE3xBouyCWErsR1ANz,So11111111111111111111111111111111111111112,BoTx8y9ynfdxf5ZjWtCoBVkff52qKA82ysaLU8ZM6d8T,wSOL,BOT,sell,5000000,19428,0,0,expired,Winner too late: creation blockhash expired,,,,155,main
2026-10-07T21:30:02.443433Z,0xa72bf161f914a04dc75efd26ab8608d622bbc3478f762753e1404a624329a0ce,CcQdkRAXeX7seuZLmiapfpM6CVBndVrsvMe38E4Uypyg,So11111111111111111111111111111111111111112,Xs3oZwbHvqis4NYcf4YKWmEia2eC84wSiVrcYcTqpH8,wSOL,SPCXx,sell,5000000,343046,0,0,expired,Winner too late: creation blockhash expired,,,,89,main
2026-10-07T21:30:02.685053Z,0x586cd285d2b342ecc11750cbe043024b78441d9d1280e2909143405b83b44e85,HTsxGEXBSe8rdUJjtW7e4v4YChNXTVmLQXuqBvvQtJuF,So11111111111111111111111111111111111111112,27G8MtK7VtTcCHkpASjSDdkWWYfoqT6ggEuKidVJidD4,wSOL,JLP,buy,4517465,109000,0,0,expired,Winner too late: creation blockhash expired,,,,78,acquire
2026-10-07T21:30:02.934340Z,0x412d7e27e0de1096add83ba8947d8a235da3fcdb5ae94ded530d2c1b3fc30971,AQtmpjmjjZTzzs5W2Ld4gPteDe1teLKMpwj3v5GAv7ef,So11111111111111111111111111111111111111112,Xsv9hRk1z5ystj9MhnA7Lq4vjSsLwzL2nxrwmwtD3re,wSOL,GLDx,sell,5000000,152951,0,0,expired,Winner too late: creation blockhash expired,,,,169,main
2026-10-07T21:30:04.566126Z,0x4addcbddfac325b51e5b21a70a4bc51b1823a13111da172392dc3d4d5708ddc2,91V7pVaQyARieyPXcNpxQZdqk5KoH7P1vgg2YHNBfSti,So11111111111111111111111111111111111111112,A13oRB9FFaiUjfi6LdCg6p9ka1u8SfGkUFs4SKvPpump,wSOL,TOAD,sell,5000000,341113572,0,0,expired,Winner too late: creation blockhash expired,,,,87,main
2026-10-07T21:30:22.353840Z,0xd7a2691351614674e89bcdec3625d8b23e10594e0cc6887b278cca6d688c61d2,AM6Qwi3vwMCGpRbJ55zDatByeAtsbcfXvXBh77be8C9T,So11111111111111111111111111111111111111112,EKpQGSJtjMFqKZ9KQanSqYXRcF8fBopzLHYxdM65zcjm,wSOL,$WIF,buy,4511995,2270000,0,0,expired,Winner too late: creation blockhash expired,,,,130,acquire
2026-10-07T21:30:22.683707Z,0x276c76b2d0cb8adfbecebcb33b297368723bf0064ffeffbe081fe8da9d44797a,GcY8jk3HeHLDmdPa8wRVnHkn8f77frWdZxRWr6rrdyus,So11111111111111111111111111111111111111112,5Y8NV33Vv7WbnLfq3zBcKSdYPrk7g2KoiQoe7M2tcxp5,wSOL,ONyc,buy,4528340,453000000,0,0,expired,Winner too late: creation blockhash expired,,,,80,acquire
2026-10-07T21:30:23.160070Z,0x196c17dca3e09b671b915491549658425e47a18ec4a038f92d5fd6ecec141b53,3FHY6qZALHavE387YcUMyqFYdYCiR5PbLSxdQBpwR6JK,So11111111111111111111111111111111111111112,5YMkXAYccHSGnHn9nob9xEvv6Pvka9DZWH7nTbotTu9E,wSOL,hyUSD,sell,5000000,576815,0,0,expired,Winner too late: creation blockhash expired,,,,127,main
2026-10-07T21:30:25.198646Z,0x3ae4a61f43bd6cfaaaf9f286c10c220b6dd8765a99243dafb319e94651f132d5,GikSpMABHu6MJERkF3N9GMmwPXfEBxABjChVkK1W9ji4,So11111111111111111111111111111111111111112,D1YZZg9dBZ7AbfknZVbaeVLto36eySwoFYEVhZrD4F4n,wSOL,GO,sell,5000000,1918743006,0,0,expired,Winner too late: creation blockhash expired,,,,225,main
2026-10-07T21:30:25.935951Z,0x35f975de860b6eb5a897d96c3f8bc6869ad59666dddc0cedd70a620f21072070,Dy1CJYGtZBZBsAqe13BPSYqDy1pyrThHBi6g2zTVASd1,So11111111111111111111111111111111111111112,G7vQWurMkMMm2dU3iZpXYFTHT9Biio4F4gZCrwFpKNwG,wSOL,BIRB,sell,5000000,9782394,0,0,expired,Winner too late: creation blockhash expired,,,,171,main
2026-10-07T21:30:26.934020Z,0xf34b21f067b68419b279fbf83f714cbe6e2d12451f844217d23ef6b99bc08b5f,AQHstwk1uwAEnz8JE41HEbbD1EaPBjBwtid2qbo1Q3KD,So11111111111111111111111111111111111111112,zj1jpp7QMveWHLs61vL9KMZf254KvW7j4AAmBF8ry2k,wSOL,BULLSHIT,sell,5000000,737364523,0,0,expired,Winner too late: creation blockhash expired,,,,143,main
2026-10-07T21:30:27.184268Z,0xf5dacfb1b7d76a480685ff6f8fe72d9b85af8b1c37ef7f0b537cb75e5e660dd6,BQAD73uj3XftKnCB5ZB7P67b7AvEdfLefYbLiipch5oC,So11111111111111111111111111111111111111112,METvsvVRapdj9cFLzq4Tr43xK4tAjQfwX76z3n6mWQL,wSOL,MET,buy,4602565,1170000,0,0,expired,Winner too late: creation blockhash expired,,,,64,acquire
2026-10-07T21:30:28.811568Z,0xbe17d187d4ee4a1268c942b6cb2ed6ac0d8dfbfcaefba7f5f637d0139e4a5123,4p3tgZxpw2gKnJnVwQ4Ah3av47HywcXfFaXTFGNU2aTT,So11111111111111111111111111111111111111112,CARDSccUMFKoPRZxt5vt3ksUbxEFEcnZ3H2pd3dKxYjp,wSOL,CARDS,buy,4529421,1920000,0,0,expired,Winner too late: creation blockhash expired,,,,62,acquire
2026-10-07T21:30:29.685329Z,0xf986af68939bc6a3319c8bc61227f767d128a4bd469456bb99953c7c21f6f70b,2kV12Qsin6Wfxr2Pr6M8bqUbjqMppw4gpqAbV18TiFfJ,So11111111111111111111111111111111111111112,HzwqbKZw8HxMN6bF2yFZNrht3c2iXXzpKcFu7uBEDKtr,wSOL,EURC,buy,4529427,466000,0,0,expired,Winner too late: creation blockhash expired,,,,98,acquire
2026-10-07T21:30:31.063451Z,0xfbb63eeec83514403dd2c71ee7091f1d485015a02ff461ff1ccae83d4a9f922c,7RqUGHCV2tngEBctNc8o58nPDy6AsYzsUHAW2JgA2XX9,So11111111111111111111111111111111111111112,J3NKxxXZcnNiMjKw9hYb2K4LUxgwB6t1FtPtQVsv3KFr,wSOL,SPX,sell,5000000,148617877,0,0,expired,Winner too late: creation blockhash expired,,,,131,main
2026-10-07T21:30:31.436064Z,0xb76b403501a4109348029bc178f7b178ec91785203b1365af8294e7bd41d248c,BPmy52DKPodqoSUirZUBedULujAZr6s778i4hc153r1X,So11111111111111111111111111111111111111112,Ce2gx9KGXJ6C9Mp5b5x1sn9Mg87JwEbrQby4Zqo3pump,wSOL,neet,sell,5000000,16970907,0,0,expired,Winner too late: creation blockhash expired,,,,135,main
2026-10-07T21:30:32.062997Z,0x7d9fdebdf063a398cfdfa8075ba055198b61ff6ed0a954a66bcdda054a29b405,CDY1rvEes25vx7DZwxp5BRSgAewDQMgwBExfAMEymdMC,So11111111111111111111111111111111111111112,SKRbvo6Gf7GondiT3BbTfuRDPqLWei4j2Qy2NPGZhW3,wSOL,SKR,sell,5000000,35639390,0,0,expired,Winner too late: creation blockhash expired,,,,145,main
2026-10-07T21:30:32.183703Z,0x3015b9d29294aec0501033ad482247a949f9e73a3bc13129fec8058a43bc95bd,7wPqkLkFafKQZEkqFhbCP2c9vapCvxmbM7AcKRgMT8u6,So11111111111111111111111111111111111111112,Cm6fNnMk7NfzStP9CZpsQA2v3jjzbcYGAxdJySmHpump,wSOL,Buttcoin,sell,5000000,69205221,0,0,expired,Winner too late: creation blockhash expired,,,,177,main
2026-10-07T21:30:32.809994Z,0xe28ad097f0759d6c20a3b630343dcd13327061b7b499c8e60c1486b3228d2e24,CagkCmsroJWAiUWrigym7vR9wGYV5aKWanTGu3ZARKqD,So11111111111111111111111111111111111111112,6FrrzDk5mQARGc1TDYoyVnSyRdds1t4PbtohCD6p3tgG,wSOL,USX,buy,4529860,522000,0,0,expired,Winner too late: creation blockhash expired,,,,104,acquire
2026-10-07T21:30:35.535230Z,0xbebca979a62f46a72a8125d2704d6291757e5e40fd45d1f54e159499c000c36c,FjcXArDzUrBTJ1Lv6Yc8n9atjkNYaxKosVjn6VSxZTrK,So11111111111111111111111111111111111111112,BPxxfRCXkUVhig4HS1Lh7kZqV6SPJhzfEk4x6fVBjPCy,wSOL,BP,buy,4538551,478000000,0,0,expired,Winner too late: creation blockhash expired,,,,74,acquire
2026-10-07T21:30:35.808113Z,0x720c0ced369d3f88b4c16774c6a08aad40bbea7054aabaf85bcba85c384223b9,EDimKwHuMtcwxxbAfQPT3EaH9CPpyTLARxLRRwiZV26v,So11111111111111111111111111111111111111112,orcaEKTdK7LKz57vaAYr9QeNsVEPfiu6QeMU1kektZE,wSOL,ORCA,buy,4474778,188000,0,0,expired,Winner too late: creation blockhash expired,,,,108,acquire
2026-10-07T21:30:36.038357Z,0xdca225a01aedae06a36422098d367fc0bc8cbde4fb75f6b0624bf92a49d44b6e,5akdWDVyHEWgFASL9q18W1wvJcy546hL4EGfPF6Hiwrd,So11111111111111111111111111111111111111112,DezXAZ8z7PnrnRJjz3wXBoRgixCa6xjnB7YaB1pPB263,wSOL,Bonk,buy,4518613,14900000000,0,0,expired,Winner too late: creation blockhash expired,,,,116,acquire
2026-10-07T21:30:36.934255Z,0x61b74264bb5a145f569f545d2786c2b4bb54a63961358c1de339834bfd92f182,BsXAAY6SvTyWYjwKCa5SUs1kDBK6n7ia7qvRPVj5dFgz,So11111111111111111111111111111111111111112,7JA5eZdCzztSfQbJvS8aVVxMFfd81Rs9VvwnocV1mKHu,wSOL,GEOD,sell,5000000,1931671122,0,0,expired,Winner too late: creation blockhash expired,,,,153,main
2026-10-07T21:30:37.058751Z,0x4c79e548df22c302a8255c9f6214cab0f1ff9ec72e3599a43f229b9b80cc6893,DoD7Kb5bE6Jr7Eq2JTdYwfLn7718RzpYxKyQen2rxiBQ,So11111111111111111111111111111111111111112,6NwarBvDkXhByqVp2Qkq5i9XbtA2B3Bwe8SWGu9vpump,wSOL,Cupsey,sell,5000000,77179659,0,0,expired,Winner too late: creation blockhash expired,,,,125,main
2026-10-07T21:30:37.567074Z,0xbb9439d283ccf548efaa0eca8697d911b3fd6c4ee4046d02fbaffc3a6b20953f,HoWtt82mr4wqKqMDy4jFDRs1C9kt3kY6KtXH3i83fyn5,So11111111111111111111111111111111111111112,mSoLzYCxHdYgdzU16g5QSh3i5K3z3KZK7ytfqcJm7So,wSOL,mSOL,sell,5000000,3530083,0,0,expired,Winner too late: creation blockhash expired,,,,161,main
2026-10-07T21:30:41.435111Z,0xeecd20f462b184f2a799b80fe311d8968d9542ba02b86361a2f2798c76f8d715,CaMSDEBp5zy2QxSYqDxqbk28qxFwzLXiNdFJiv9TKqhU,So11111111111111111111111111111111111111112,jtojtomepa8beP8AuQc6eXt5FriJwfFMwQx2v2f9mCL,wSOL,JTO,sell,5000000,1098464083,0,0,expired,Winner too late: creation blockhash expired,,,,141,main
2026-10-07T21:30:42.684229Z,0x1a453a8d16e69dfadaa071f99505b986cd560f5a72c2317637cf78a31f6c2f20,AEZeUZRrPrAJ94wX66QCy4hwNYQyM4SR9tzQzUjg7UPX,So11111111111111111111111111111111111111112,7ga6rtE9qSb3wdEiDCpTu2kHqoGVfT52jD8ign1rYTvx,wSOL,xHYPE,sell,5000000,256758,0,0,expired,Winner too late: creation blockhash expired,,,,239,main
2026-10-07T21:30:44.808688Z,0xe194fbb407fba5c4ecaefa25d9e3f30c0190a242440fdd1358997db589cc09ad,94bjVVSp8jgvP4ivAW3wFomkRpeE3xBouyCWErsR1ANz,So11111111111111111111111111111111111111112,3ThdFZQKM6kRyVGLG48kaPg5TRMhYMKY1iCRa9xop1WC,wSOL,eUSX,sell,5000000,549788,0,0,expired,Winner too late: creation blockhash expired,,,,215,main
2026-10-07T21:30:45.355066Z,0x675609472e2da5501cdc083f09c2703716e8e894daa227441fc3e1d1e480f745,9XSrZ8RkSZ3WDoGkrgWHrmMhixsoWZTLnPxBtQNWNK9c,So11111111111111111111111111111111111111112,jupSoLaHXQiZZTSfEWMTRRgpnyFm8f6sZdosWBjx93v,wSOL,JupSOL,buy,4523423,3710000,0,0,expired,Winner too late: creation blockhash expired,,,,100,acquire
2026-10-07T21:30:46.047324Z,0xf627ec35bfbb2bc6725456f5fcebb0a118859bb5b64971ef7d033ada72964c93,CcQdkRAXeX7seuZLmiapfpM6CVBndVrsvMe38E4Uypyg,So11111111111111111111111111111111111111112,USDSwr9ApdHk5bvJKMjzff41FfuX8bSxdKcR81vTwcA,wSOL,USDS,sell,5000000,575944,0,0,expired,Winner too late: creation blockhash expired,,,,149,main
2026-10-07T21:30:46.560145Z,0x159a0474e08bce8a3a0190cd74db6c8fc3b46654d6c442c536f8516743bf169c,HTsxGEXBSe8rdUJjtW7e4v4YChNXTVmLQXuqBvvQtJuF,So11111111111111111111111111111111111111112,Xs8S1uUs1zvS2p7iwtsG3b6fkhpvmwz4GYU3gWAmWHZ,wSOL,QQQx,sell,5000000,75749,0,0,expired,Winner too late: creation blockhash expired,,,,137,main
2026-10-07T21:30:47.310320Z,0xa7addab2f802c15b79ce85eea15dd003cf1459dc5efc2228688d626154b3dcd3,4SqtvDu46EtUmHrpwzvvzqUtA8FJD7tY3baar9XQU33g,So11111111111111111111111111111111111111112,XspzcW1PRtgf6Wj92HCiZdjzKCyFekVD8P5Ueh3dRMX,wSOL,MSFTx,sell,5000000,108235,0,0,expired,Winner too late: creation blockhash expired,,,,173,main
2026-10-07T21:30:47.434045Z,0xb0e4362494fdf0187ce50a90f5a1817fad06419d4f0f1d72dae9d168fa8389b9,AQtmpjmjjZTzzs5W2Ld4gPteDe1teLKMpwj3v5GAv7ef,So11111111111111111111111111111111111111112,MEW1gQWJ3nEXg2qgERiKu7FAFj79PHvQVREQUzScPP5,wSOL,MEW,sell,5000000,117723586,0,0,expired,Winner too late: creation blockhash expired,,,,229,main
2026-10-07T21:30:48.061530Z,0x03ca6f49c7beb59d29a21d2d25863b6b0c878e3c5343b8c66ef6615b210dcc98,EGXsUdM4HLc983jD276LHz87k5zBZSJrJc137qcokK8D,So11111111111111111111111111111111111111112,KMNo3nJsBXfcpJTVhZcXLW7RmTwTt4GVFE7suUBo9sS,wSOL,KMNO,buy,4496311,14100000,0,0,expired,Winner too late: creation blockhash expired,,,,92,acquire
2026-10-07T21:30:50.310568Z,0xc64ae32ac5149661cc41082931e0de241f24b250e5f81a51a8eb157c50496824,91V7pVaQyARieyPXcNpxQZdqk5KoH7P1vgg2YHNBfSti,So11111111111111111111111111111111111111112,Grass7B4RdKfBCjTKgSqnXkqjwiGvQyFbuSCUJr3XXjs,wSOL,GRASS,sell,5000000,897512096,0,0,expired,Winner too late: creation blockhash expired,,,,147,main
2026-10-07T21:31:06.185243Z,0xa3ec53f5ed6a20d4f5b9939cf85965def02f52f0e7601c78806739e07351ff91,AM6Qwi3vwMCGpRbJ55zDatByeAtsbcfXvXBh77be8C9T,So11111111111111111111111111111111111111112,DoVAVzViX8Bjy3r15nwikSaSbzE6dV4ovd28aWpJpump,wSOL,HIGGS,sell,5000000,440509984,0,0,expired,Winner too late: creation blockhash expired,,,,189,main
2026-10-07T21:31:06.685043Z,0x3d4b42c9af35aa96d290cd51eac9610aab1aa94ee0c0d449311dd38dbcc03128,GcY8jk3HeHLDmdPa8wRVnHkn8f77frWdZxRWr6rrdyus,So11111111111111111111111111111111111111112,GY9mZfyPpxXxBXBxS2hB2XjhP3kfUsywTvgveozxpump,wSOL,ELON,sell,5000000,1586142169,0,0,expired,Winner too late: creation blockhash expired,,,,139,main
2026-10-07T21:31:09.038873Z,0x7b87c769b8d6d8b4527cedc101a087343e136c1434c826cdd87f301d94d1bdf7,3FHY6qZALHavE387YcUMyqFYdYCiR5PbLSxdQBpwR6JK,So11111111111111111111111111111111111111112,5YMkXAYccHSGnHn9nob9xEvv6Pvka9DZWH7nTbotTu9E,wSOL,hyUSD,buy,4525674,522000,0,0,expired,Winner too late: creation blockhash expired,,,,128,acquire
2026-10-07T21:31:09.719568Z,0x00b25b868b94d4d8ff1883a3d4d2cc4ff543c71b2f4fa7e46f8565a8b6e72c24,GikSpMABHu6MJERkF3N9GMmwPXfEBxABjChVkK1W9ji4,So11111111111111111111111111111111111111112,D1YZZg9dBZ7AbfknZVbaeVLto36eySwoFYEVhZrD4F4n,wSOL,GO,buy,180845915,1810000000,0,0,expired,Winner too late: creation blockhash expired,,,,226,acquire
2026-10-07T21:31:10.309551Z,0x44919c4b7611c77e1b83bb59b5504f87facda69bbfed8c9b555ed47d3df8f78f,Dy1CJYGtZBZBsAqe13BPSYqDy1pyrThHBi6g2zTVASd1,So11111111111111111111111111111111111111112,G7vQWurMkMMm2dU3iZpXYFTHT9Biio4F4gZCrwFpKNwG,wSOL,BIRB,buy,4519133,8840000,0,0,expired,Winner too late: creation blockhash expired,,,,172,acquire
2026-10-07T21:31:12.313487Z,0xf1c6d703332eefaa2f307cb121cc6bc1497c68302b41bd22b577613b8f67e43f,BQAD73uj3XftKnCB5ZB7P67b7AvEdfLefYbLiipch5oC,So11111111111111111111111111111111111111112,HZ1JovNiVvGrGNiiYvEozEVgZ58xaU3RKwX8eACQBCt3,wSOL,PYTH,sell,5000000,7968812,0,0,expired,Winner too late: creation blockhash expired,,,,123,main
2026-10-07T21:31:12.434576Z,0xce3e71401acab516e69fecb63dca637c16fbec192b34b8b1da944407cc52ed6e,AQHstwk1uwAEnz8JE41HEbbD1EaPBjBwtid2qbo1Q3KD,So11111111111111111111111111111111111111112,6UpQcMAb5xMzxc7ZfPaVMgx3KqsvKZdT5U718BzD5We2,wSOL,wXRP,sell,5000000,404174,0,0,expired,Winner too late: creation blockhash expired,,,,203,main
2026-10-07T21:31:14.540172Z,0x94dbfbd8a2172a0d4e4c5a89462cb3b7665ba8dac98ca32c41b7b337a2ce4740,4p3tgZxpw2gKnJnVwQ4Ah3av47HywcXfFaXTFGNU2aTT,So11111111111111111111111111111111111111112,BCdwQBAn8dYB5YjTsoB6TdHAWokxv28k2oZUodERpump,wSOL,MANIFEST,sell,5000000,55595069,0,0,expired,Winner too late: creation blockhash expired,,,,121,main
2026-10-07T21:31:14.558986Z,0x35a9314d42e559cd0b2a4592a235374df6d06a48350282e1e2b0713523e1befa,2kV12Qsin6Wfxr2Pr6M8bqUbjqMppw4gpqAbV18TiFfJ,So11111111111111111111111111111111111111112,C1mBfBoDkwWfd6uTFZp62ARHLjeVp3bDpCDMfMZtPngE,wSOL,HOOKED,sell,5000000,109039456,0,0,expired,Winner too late: creation blockhash expired,,,,157,main
2026-10-07T21:31:15.818189Z,0xd4f7b70ac94c30348de8a0e715a8beecd39854e2be9bf5b4eb03d247e585b0c9,BPmy52DKPodqoSUirZUBedULujAZr6s778i4hc153r1X,So11111111111111111111111111111111111111112,Ce2gx9KGXJ6C9Mp5b5x1sn9Mg87JwEbrQby4Zqo3pump,wSOL,neet,buy,4473139,15300000,0,0,expired,Winner too late: creation blockhash expired,,,,136,acquire
2026-10-07T21:31:16.932711Z,0xeae69d8bb60ae64af590b612eeb08bf367c8b011050ed5b16d11fd9661e47642,CDY1rvEes25vx7DZwxp5BRSgAewDQMgwBExfAMEymdMC,So11111111111111111111111111111111111111112,SKRbvo6Gf7GondiT3BbTfuRDPqLWei4j2Qy2NPGZhW3,wSOL,SKR,buy,4547017,32300000,0,0,expired,Winner too late: creation blockhash expired,,,,146,acquire
2026-10-07T21:31:17.184712Z,0x86dbeade5bc47762e457da484eb43925fc4061554cd08884bb7c040904d935a6,7wPqkLkFafKQZEkqFhbCP2c9vapCvxmbM7AcKRgMT8u6,So11111111111111111111111111111111111111112,DtR4D9FtVoTX2569gaL837ZgrB6wNjj6tkmnX9Rdk9B2,wSOL,aura,sell,5000000,67596074,0,0,expired,Winner too late: creation blockhash expired,,,,237,main
2026-10-07T21:31:18.434382Z,0x26538a839811ddb13e051edb60b01e9f1c2df6f66d7f85adf4706eff6f2dd62f,CagkCmsroJWAiUWrigym7vR9wGYV5aKWanTGu3ZARKqD,So11111111111111111111111111111111111111112,4sWNB8zGWHkh6UnmwiEtzNxL4XrN7uK9tosbESbJFfVs,wSOL,xSOL,sell,5000000,6707949,0,0,expired,Winner too late: creation blockhash expired,,,,163,main
2026-10-07T21:31:19.558738Z,0x2f74d56212b635fea7f17d4b71d04ef169f9df53e230fb5bdb85864b4c9f722a,7RqUGHCV2tngEBctNc8o58nPDy6AsYzsUHAW2JgA2XX9,So11111111111111111111111111111111111111112,J3NKxxXZcnNiMjKw9hYb2K4LUxgwB6t1FtPtQVsv3KFr,wSOL,SPX,buy,4504120,134000000,0,0,expired,Winner too late: creation blockhash expired,,,,132,acquire
2026-10-07T21:31:20.187367Z,0xe2f23e2ea7c3ef93b1c88122b0a5805d7e9699aed3106eae47bd6809a7686f98,EDimKwHuMtcwxxbAfQPT3EaH9CPpyTLARxLRRwiZV26v,So11111111111111111111111111111111111111112,oreoU2P8bN6jkk3jbaiVxYnG1dCXcYxwhwyK9jSybcp,wSOL,ORE,sell,5000000,499103161,0,0,expired,Winner too late: creation blockhash expired,,,,167,main
2026-10-07T21:31:20.686239Z,0x1f1273356972917fcdd673da853f2085de89fe0e9f89317f4c3f69f73b53e2f1,5akdWDVyHEWgFASL9q18W1wvJcy546hL4EGfPF6Hiwrd,So11111111111111111111111111111111111111112,DKu9kykSfbN5LBfFXtNNDPaX35o4Fv6vJ9FKk7pZpump,wSOL,AVA,sell,5000000,62225192,0,0,expired,Winner too late: creation blockhash expired,,,,175,main
2026-10-07T21:31:22.213009Z,0x5723e3aaadba91a9d82eb6c2d2d5375354c6f81773fc359e462820eb08a453f0,BsXAAY6SvTyWYjwKCa5SUs1kDBK6n7ia7qvRPVj5dFgz,So11111111111111111111111111111111111111112,7JA5eZdCzztSfQbJvS8aVVxMFfd81Rs9VvwnocV1mKHu,wSOL,GEOD,buy,4555245,1760000000,0,0,expired,Winner too late: creation blockhash expired,,,,154,acquire
2026-10-07T21:31:22.812017Z,0xa634d1c41dfc922fda601fe4db526bd5fb5e68f6094718c8fc196113369686d9,DoD7Kb5bE6Jr7Eq2JTdYwfLn7718RzpYxKyQen2rxiBQ,So11111111111111111111111111111111111111112,JDzPbXboQYWVmdxXS3LbvjM52RtsV1QaSv2AzoCiai2o,wSOL,FO,sell,5000000,4080966,0,0,expired,Winner too late: creation blockhash expired,,,,185,main
2026-10-07T21:31:23.308396Z,0x1e9a1a0aa82a91719d0a5766908b923d6963fd4878066917ace620db05c43325,HoWtt82mr4wqKqMDy4jFDRs1C9kt3kY6KtXH3i83fyn5,So11111111111111111111111111111111111111112,mSoLzYCxHdYgdzU16g5QSh3i5K3z3KZK7ytfqcJm7So,wSOL,mSOL,buy,4518190,3190000,0,0,expired,Winner too late: creation blockhash expired,,,,162,acquire
2026-10-07T21:31:24.686550Z,0x691b3fb95e53e7ab75d91fd09d16ccc44c1fe7e243ff44e725a7a0848db51506,FjcXArDzUrBTJ1Lv6Yc8n9atjkNYaxKosVjn6VSxZTrK,So11111111111111111111111111111111111111112,61V8vBaqAGMpgDQi4JcAwo1dmBGHsyhzodcPqnEVpump,wSOL,arc,sell,5000000,8944640,0,0,expired,Winner too late: creation blockhash expired,,,,133,main
2026-10-07T21:31:25.684542Z,0x522fd404e6fe3a655f2a59f2fa3819e31fd0124207f9b7b614230c11ce81172a,CaMSDEBp5zy2QxSYqDxqbk28qxFwzLXiNdFJiv9TKqhU,So11111111111111111111111111111111111111112,jtojtomepa8beP8AuQc6eXt5FriJwfFMwQx2v2f9mCL,wSOL,JTO,buy,4557064,1000000000,0,0,expired,Winner too late: creation blockhash expired,,,,142,acquire
2026-10-07T21:31:27.809870Z,0xc2a2be5cbacda1f95db17ec834962a05982211ea2ede3b9d1e7a4e7d7ed27e59,AEZeUZRrPrAJ94wX66QCy4hwNYQyM4SR9tzQzUjg7UPX,So11111111111111111111111111111111111111112,7ga6rtE9qSb3wdEiDCpTu2kHqoGVfT52jD8ign1rYTvx,wSOL,xHYPE,buy,4509623,232000,0,0,expired,Winner too late: creation blockhash expired,,,,240,acquire
2026-10-07T21:31:29.368263Z,0xacef551f2fe8226c00d9abfeabb204366d938dd267bfc3b4d69fc907c71b36cb,94bjVVSp8jgvP4ivAW3wFomkRpeE3xBouyCWErsR1ANz,So11111111111111111111111111111111111111112,3ThdFZQKM6kRyVGLG48kaPg5TRMhYMKY1iCRa9xop1WC,wSOL,eUSX,buy,4529842,498000,0,0,expired,Winner too late: creation blockhash expired,,,,216,acquire
2026-10-07T21:31:30.436827Z,0x57455155383abe10486cfcd934a0fa82b67b648227a5f568a8d9bdb22e66bfbc,9XSrZ8RkSZ3WDoGkrgWHrmMhixsoWZTLnPxBtQNWNK9c,So11111111111111111111111111111111111111112,Xsa62P5mvPszXL1krVUnU5ar38bBSVcWAB6fmPCo5Zu,wSOL,METAx,sell,5000000,79491,0,0,expired,Winner too late: creation blockhash expired,,,,159,main
2026-10-07T21:31:31.933263Z,0xe85c8db9369357c8941d2d9602258bba304e4ebe3ad8d8b53364b47842d4ee35,CcQdkRAXeX7seuZLmiapfpM6CVBndVrsvMe38E4Uypyg,So11111111111111111111111111111111111111112,USDSwr9ApdHk5bvJKMjzff41FfuX8bSxdKcR81vTwcA,wSOL,USDS,buy,4532756,522000,0,0,expired,Winner too late: creation blockhash expired,,,,150,acquire
2026-10-07T21:31:32.365732Z,0x9fe21c56c71fc1292481050f6369ff5f78ed66c1b9031db39bbb2c31afe7b65e,HTsxGEXBSe8rdUJjtW7e4v4YChNXTVmLQXuqBvvQtJuF,So11111111111111111111111111111111111111112,BcHEaaTCvycPwwsJ9yQTXdHP9X2gCLkznDbZ8VySpump,wSOL,Jotchua,sell,5000000,379014112,0,0,expired,Winner too late: creation blockhash expired,,,,197,main
2026-10-07T21:31:32.559740Z,0x7f2bdd175f5f3ec64715aa994b0e16a84b9896d83ac82f189c938c8e82902858,AQtmpjmjjZTzzs5W2Ld4gPteDe1teLKMpwj3v5GAv7ef,So11111111111111111111111111111111111111112,MEW1gQWJ3nEXg2qgERiKu7FAFj79PHvQVREQUzScPP5,wSOL,MEW,buy,4501955,106000000,0,0,expired,Winner too late: creation blockhash expired,,,,230,acquire
2026-10-07T21:31:33.062078Z,0x726a3769458432047d79536bcbc2dc6cfcf240a4d06384ff7fee43c6b2551035,EGXsUdM4HLc983jD276LHz87k5zBZSJrJc137qcokK8D,So11111111111111111111111111111111111111112,GbbesPbaYh5uiAZSYNXTc7w9jty1rpg3P9L4JeN4LkKc,wSOL,TRX,sell,5000000,1718713,0,0,expired,Winner too late: creation blockhash expired,,,,151,main
2026-10-07T21:31:33.308114Z,0x820c64b6c7b90dcf474ec13b2115622138643ef3ec75aa50b19e7255312b9754,4SqtvDu46EtUmHrpwzvvzqUtA8FJD7tY3baar9XQU33g,So11111111111111111111111111111111111111112,KENJSUYLASHUMfHyy5o4Hp2FdNqZg1AsUPhfH2kYvEP,wSOL,GRIFFAIN,sell,5000000,33439471,0,0,expired,Winner too late: creation blockhash expired,,,,233,main
2026-10-07T21:31:35.557396Z,0xdbe26f3218c832651675bef0480843eca3a0e095d660efae28d8ba4a37da9e34,91V7pVaQyARieyPXcNpxQZdqk5KoH7P1vgg2YHNBfSti,So11111111111111111111111111111111111111112,Grass7B4RdKfBCjTKgSqnXkqjwiGvQyFbuSCUJr3XXjs,wSOL,GRASS,buy,4523190,812000000,0,0,expired,Winner too late: creation blockhash expired,,,,148,acquire
2026-10-07T21:32:36.644430Z,0x7749f58721c8638e9f9928d81f59fa6b6c3c67d7f7c8c0ab5860f86d86629af5,5akdWDVyHEWgFASL9q18W1wvJcy546hL4EGfPF6Hiwrd,So11111111111111111111111111111111111111112,DKu9kykSfbN5LBfFXtNNDPaX35o4Fv6vJ9FKk7pZpump,wSOL,AVA,buy,4534747,56400000,0,0,expired,Winner too late: creation blockhash expired,,,,176,acquire
2026-10-07T21:32:44.803401Z,0xc53446e9700db6d2313cfcaebe6df281ad904e1837ad58c1a90736ba089f1fae,CDY1rvEes25vx7DZwxp5BRSgAewDQMgwBExfAMEymdMC,So11111111111111111111111111111111111111112,DpBzjtgGLF7QA9Ug3eUVGbnqa6j3jvYBn1XuQuktvfhm,wSOL,DOGE-1,sell,5000000,7992825245140,0,0,expired,Winner too late: creation blockhash expired,,,,205,main
2026-10-07T21:32:45.078508Z,0xfc6e5ad976bda592699a7a561f7cb495037acef7d6c842720234667916aab3e3,91V7pVaQyARieyPXcNpxQZdqk5KoH7P1vgg2YHNBfSti,So11111111111111111111111111111111111111112,Dfh5DzRgSvvCFDoYc2ciTkMrbDfRKybA4SoFbPmApump,wSOL,pippin,sell,5000000,33064040,0,0,expired,Winner too late: creation blockhash expired,,,,207,main
2026-10-07T21:32:45.169861Z,0x89d45c263d44773ea6ff030e6d619111ac2cad57528dc68eb7831901dfa73aa0,AEZeUZRrPrAJ94wX66QCy4hwNYQyM4SR9tzQzUjg7UPX,So11111111111111111111111111111111111111112,GJAFwWjJ3vnTsrQVabjBVK2TYB1YtRCQXRDfDgUnpump,wSOL,ACT,sell,5000000,56074227,0,0,expired,Winner too late: creation blockhash expired,,,,299,main
2026-10-07T21:32:47.104395Z,0x120692a2239b1b4708ec930208ad3dba8964dafea08eae1c6a689deafaa259c3,CcQdkRAXeX7seuZLmiapfpM6CVBndVrsvMe38E4Uypyg,So11111111111111111111111111111111111111112,2bpT3ksMdwdZ6DuHyq3FDUr7HDwvZ5DRZoT1fUPALJaH,wSOL,RIV,sell,5000000,144483479,0,0,expired,Winner too late: creation blockhash expired,,,,209,main
2026-10-07T21:32:47.314266Z,0x42e49d23903ae8d97195a2b2bb4c6055d8d9021297114fd89094dc31b7ec1958,HoWtt82mr4wqKqMDy4jFDRs1C9kt3kY6KtXH3i83fyn5,So11111111111111111111111111111111111111112,XsbEhLAtcf6HdfpFZ5xEMdqW8nfAvcsP5bdudRLJzJp,wSOL,AAPLx,sell,5000000,170629,0,0,expired,Winner too late: creation blockhash expired,,,,221,main
2026-10-07T21:32:48.357570Z,0xe24592415e379d292a9dd3cba55641e4cf051e257c399289577ebb6b95c5bd75,2kV12Qsin6Wfxr2Pr6M8bqUbjqMppw4gpqAbV18TiFfJ,So11111111111111111111111111111111111111112,C1mBfBoDkwWfd6uTFZp62ARHLjeVp3bDpCDMfMZtPngE,wSOL,HOOKED,buy,4321859,94000000,0,0,expired,Winner too late: creation blockhash expired,,,,158,acquire
2026-10-07T21:32:48.781304Z,0x6807127ff3ba3c3ac641e73054a0f786c5e0bff09275472ae7e7396aaee225ba,BQAD73uj3XftKnCB5ZB7P67b7AvEdfLefYbLiipch5oC,So11111111111111111111111111111111111111112,HZ1JovNiVvGrGNiiYvEozEVgZ58xaU3RKwX8eACQBCt3,wSOL,PYTH,buy,4498671,7170000,0,0,expired,Winner too late: creation blockhash expired,,,,124,acquire
2026-10-07T21:32:49.120410Z,0x790d243b451223012628833d442d5caf8a4efcc81271d0b65cdfb6cc56e693db,7RqUGHCV2tngEBctNc8o58nPDy6AsYzsUHAW2JgA2XX9,So11111111111111111111111111111111111111112,7GCihgDB8fe6KNjn2MYtkzZcRjQy3t9GHdC8uHYmW2hr,wSOL,POPCAT,sell,5000000,11859287457,0,0,expired,Winner too late: creation blockhash expired,,,,191,main
2026-10-07T21:32:49.304722Z,0xdb823ba92e8e68cccefd3212d686f5c2793d8f38d2e13726852113ea0e9e13ed,HTsxGEXBSe8rdUJjtW7e4v4YChNXTVmLQXuqBvvQtJuF,So11111111111111111111111111111111111111112,ZBCNpuD7YMXzTHB2fhGkGi78MNsHGLRXUhRewNRm9RU,wSOL,ZBCN,sell,5000000,240955386,0,0,expired,Winner too late: creation blockhash expired,,,,257,main
2026-10-07T21:32:49.487876Z,0x24d7176df3b889cf7a569f1bc2df6ab6b299e57af64f386bd8c5e655b96a4601,CagkCmsroJWAiUWrigym7vR9wGYV5aKWanTGu3ZARKqD,So11111111111111111111111111111111111111112,4sWNB8zGWHkh6UnmwiEtzNxL4XrN7uK9tosbESbJFfVs,wSOL,xSOL,buy,4520703,6050000,0,0,expired,Winner too late: creation blockhash expired,,,,164,acquire
2026-10-07T21:32:49.985394Z,0x42f4a093e813d6c83601a02644d5571d7ade7d45db11fffbc8075c0246f6d666,GcY8jk3HeHLDmdPa8wRVnHkn8f77frWdZxRWr6rrdyus,So11111111111111111111111111111111111111112,PEAQjk7SRS6rXHVFFmpRr7zrC4g5ZuEebpwTxvaLr3b,wSOL,PEAQ,sell,5000000,14276338978,0,0,expired,Winner too late: creation blockhash expired,,,,199,main
2026-10-07T21:32:50.243561Z,0xcdfda4388cc427269fc7d6e4c7c0fb99f3a109aac09c0e44423a460d801bbcc1,7wPqkLkFafKQZEkqFhbCP2c9vapCvxmbM7AcKRgMT8u6,So11111111111111111111111111111111111111112,DtR4D9FtVoTX2569gaL837ZgrB6wNjj6tkmnX9Rdk9B2,wSOL,aura,buy,4531863,61100000,0,0,expired,Winner too late: creation blockhash expired,,,,238,acquire
2026-10-07T21:32:50.742626Z,0x8128b9298453365729f9b423212227bc567b1f4aab322f65558fcba9af122e3f,AM6Qwi3vwMCGpRbJ55zDatByeAtsbcfXvXBh77be8C9T,So11111111111111111111111111111111111111112,EpXtn6xGoZ4Y45vRjiDUHSCGbBoJD5FaEqZbF98YswH1,wSOL,MADE,sell,5000000,482019804,0,0,expired,Winner too late: creation blockhash expired,,,,249,main
2026-10-07T21:32:51.098009Z,0xa32536481babcb4009da6f8d7438140e2d142e77418c32f7ae30a4682abbaa8c,FjcXArDzUrBTJ1Lv6Yc8n9atjkNYaxKosVjn6VSxZTrK,So11111111111111111111111111111111111111112,61V8vBaqAGMpgDQi4JcAwo1dmBGHsyhzodcPqnEVpump,wSOL,arc,buy,4522145,8090000,0,0,expired,Winner too late: creation blockhash expired,,,,134,acquire
2026-10-07T21:32:52.521072Z,0xb6c0bf472f4bec2a3d01585fdc8b66daae4dd92139e50166555b08cc3eb85e6b,9XSrZ8RkSZ3WDoGkrgWHrmMhixsoWZTLnPxBtQNWNK9c,So11111111111111111111111111111111111111112,XsvNBAYkrDRNhA7wPHQfX3ZUXZyZLdnCQDfHZ56bzpg,wSOL,HOODx,sell,5000000,525506,0,0,expired,Winner too late: creation blockhash expired,,,,219,main
2026-10-07T21:32:54.246023Z,0xc36a9808d462132f2b42908bd17a14a0ec5fa14e91284f76c40bc79f370233ec,AQHstwk1uwAEnz8JE41HEbbD1EaPBjBwtid2qbo1Q3KD,So11111111111111111111111111111111111111112,6UpQcMAb5xMzxc7ZfPaVMgx3KqsvKZdT5U718BzD5We2,wSOL,wXRP,buy,4503084,364000,0,0,expired,Winner too late: creation blockhash expired,,,,204,acquire
2026-10-07T21:32:54.646079Z,0x635cbce9f4365265a6e0afafc63b68bf88bcf96d9d9dab801d67ed3ade94613f,DoD7Kb5bE6Jr7Eq2JTdYwfLn7718RzpYxKyQen2rxiBQ,So11111111111111111111111111111111111111112,Tqj8yFmagrg7oorpQkVGYR52r96RFTamvWfth9bpump,wSOL,KINS,sell,5000000,893730837,0,0,expired,Winner too late: creation blockhash expired,,,,245,main
2026-10-07T21:32:57.705950Z,0x7e0f5c060c9d6387b577d5ce077b93885852b2e0791117cc4b9a69a184abb868,3FHY6qZALHavE387YcUMyqFYdYCiR5PbLSxdQBpwR6JK,So11111111111111111111111111111111111111112,Xs7ZdzSHLU9ftNJsii5fCeJhoRWSC32SQGzGQtePxNu,wSOL,COINx,sell,5000000,321647,0,0,expired,Winner too late: creation blockhash expired,,,,187,main
2026-10-07T21:32:58.059739Z,0x5dfb2c1b87eb12361399951d7e07d0f63039ca7d777eba8ff62cc3d97d204251,AQtmpjmjjZTzzs5W2Ld4gPteDe1teLKMpwj3v5GAv7ef,So11111111111111111111111111111111111111112,DRAMjSWR7HRfJKjRkvQWYL2bcaejaVhuxEcjf4pAY4Cw,wSOL,DRAM,sell,5000000,9577,0,0,expired,Winner too late: creation blockhash expired,,,,289,main
2026-10-07T21:33:00.447871Z,0x5a57e6d000e1095ed4e7ab0e0560a6d810baab69117687311945a7babe7f292d,Dy1CJYGtZBZBsAqe13BPSYqDy1pyrThHBi6g2zTVASd1,So11111111111111111111111111111111111111112,5tCju6YNxHq5zrA6tGndr6F7TK42mpUFmeE31cSFpump,wSOL,swordcat,sell,5000000,389822686,0,0,expired,Winner too late: creation blockhash expired,,,,231,main
2026-10-07T21:33:00.647979Z,0x9f814cfd34e5bda5e0846e8fe8075c886ee8a617eb548d6d7d776dc98ff592ed,4SqtvDu46EtUmHrpwzvvzqUtA8FJD7tY3baar9XQU33g,So11111111111111111111111111111111111111112,KENJSUYLASHUMfHyy5o4Hp2FdNqZg1AsUPhfH2kYvEP,wSOL,GRIFFAIN,buy,4515726,30200000,0,0,expired,Winner too late: creation blockhash expired,,,,234,acquire
2026-10-07T21:33:01.446382Z,0xea30109119c9457df49b94fb3d9c2e961dc5d2b06c316aaf9a67a3328106865e,94bjVVSp8jgvP4ivAW3wFomkRpeE3xBouyCWErsR1ANz,So11111111111111111111111111111111111111112,6AJcP7wuLwmRYLBNbi825wgguaPsWzPBEHcHndpRpump,wSOL,VINE,sell,5000000,72096341,0,0,expired,Winner too late: creation blockhash expired,,,,275,main
2026-10-07T21:33:05.647045Z,0xcbb263b126e6c49e6bbd8e711c128ea067e2fcf396d8a783f16a9b11d1dad15f,EGXsUdM4HLc983jD276LHz87k5zBZSJrJc137qcokK8D,So11111111111111111111111111111111111111112,GbbesPbaYh5uiAZSYNXTc7w9jty1rpg3P9L4JeN4LkKc,wSOL,TRX,buy,4544626,1560000,0,0,expired,Winner too late: creation blockhash expired,,,,152,acquire
2026-10-07T21:33:06.941354Z,0xd26a48d3ffc2cc0fede7610d2e2c9c813477010e55d0d1d8ccbce902b3fb2abe,GikSpMABHu6MJERkF3N9GMmwPXfEBxABjChVkK1W9ji4,So11111111111111111111111111111111111111112,pSo1f9nQXWgXibFtKf7NWYxb5enAM4qfP6UJSiXRQfL,wSOL,PSOL,sell,5000000,4519677,0,0,expired,Winner too late: creation blockhash expired,,,,285,main
2026-10-07T21:33:08.613637Z,0xee31b8676c2b4ef0cf823b11497f2e849fd43d28fe02b6ba91685362409a325b,BsXAAY6SvTyWYjwKCa5SUs1kDBK6n7ia7qvRPVj5dFgz,So11111111111111111111111111111111111111112,hntyVP6YFm1Hg25TN9WGLqM12b8TQmcknKrdu1oxWux,wSOL,HNT,sell,5000000,107932300,0,0,expired,Winner too late: creation blockhash expired,,,,213,main
2026-10-07T21:33:10.404558Z,0x5a473c41384653b9f4b141b4d007034f75af994899aa5f9fe928d7f31c072274,BPmy52DKPodqoSUirZUBedULujAZr6s778i4hc153r1X,So11111111111111111111111111111111111111112,8x5VqbHA8D7NkD52uNuS5nnt3PwA8pLD34ymskeSo2Wn,wSOL,ZEREBRO,sell,5000000,19612377,0,0,expired,Winner too late: creation blockhash expired,,,,195,main
2026-10-07T21:33:10.920984Z,0x5cbf43921c339f155c523f8901235420bd5cc8f1fd5218d1e059f92d76ed15e4,CaMSDEBp5zy2QxSYqDxqbk28qxFwzLXiNdFJiv9TKqhU,So11111111111111111111111111111111111111112,BXoHJddsWJLHtAopeiSbKUSELsu8hSFMs8baGMDkpump,wSOL,CRAWL,sell,5000000,157564016,0,0,expired,Winner too late: creation blockhash expired,,,,201,main
2026-10-07T21:33:12.041738Z,0x562fdd9b44f5714a82668fb1706a9be1d28cde193876e44706f48dc022ea84f6,EDimKwHuMtcwxxbAfQPT3EaH9CPpyTLARxLRRwiZV26v,So11111111111111111111111111111111111111112,oreoU2P8bN6jkk3jbaiVxYnG1dCXcYxwhwyK9jSybcp,wSOL,ORE,buy,4541981,451000000,0,0,expired,Winner too late: creation blockhash expired,,,,168,acquire
2026-10-07T21:33:17.095385Z,0xe81b2e48b4d9b9340ca2631c54f647b0bf0d436bd5229ae9721cd19774b2e191,4p3tgZxpw2gKnJnVwQ4Ah3av47HywcXfFaXTFGNU2aTT,So11111111111111111111111111111111111111112,DJTu7vi8norVzdVAffgvb39VP7wjKeTsgaMBJrzfxvoF,wSOL,DJT,sell,5000000,69904,0,0,expired,Winner too late: creation blockhash expired,,,,181,main
2026-10-07T21:33:22.901455Z,0xbb079d718e36b7422302583f2024e063cc63250aadaee0c494a77feaa4e80255,5akdWDVyHEWgFASL9q18W1wvJcy546hL4EGfPF6Hiwrd,So11111111111111111111111111111111111111112,rndrizKT3MK1iimdxRdWabcF7Zg7AR5T4nud4EkHBof,wSOL,RENDER,sell,5000000,28435163,0,0,expired,Winner too late: creation blockhash expired,,,,235,main
2026-10-07T21:33:29.024883Z,0xac51737b3029e1d080ddada0289524afb3dbd146ed2401d2ed5846e170aad24d,AEZeUZRrPrAJ94wX66QCy4hwNYQyM4SR9tzQzUjg7UPX,So11111111111111111111111111111111111111112,GJAFwWjJ3vnTsrQVabjBVK2TYB1YtRCQXRDfDgUnpump,wSOL,ACT,buy,4530693,50800000,0,0,expired,Winner too late: creation blockhash expired,,,,300,acquire
2026-10-07T21:33:29.902666Z,0x4863d57b986cfb897434b87e8e647c69b81a6803e2cb595015610ec4dc78eb41,CDY1rvEes25vx7DZwxp5BRSgAewDQMgwBExfAMEymdMC,So11111111111111111111111111111111111111112,FeR8VBqNRSUD5NtXAj2n3j1dAHkZHfyDktKuLXD4pump,wSOL,jellyjelly,sell,5000000,10605987,0,0,expired,Winner too late: creation blockhash expired,,,,265,main
2026-10-07T21:33:30.829926Z,0xe04b8a0d0acbe66b2ecfe66eb68e5b198c5412a13d7efce993a235d85dd3d18d,91V7pVaQyARieyPXcNpxQZdqk5KoH7P1vgg2YHNBfSti,So11111111111111111111111111111111111111112,Dfh5DzRgSvvCFDoYc2ciTkMrbDfRKybA4SoFbPmApump,wSOL,pippin,buy,4521412,29900000,0,0,expired,Winner too late: creation blockhash expired,,,,208,acquire
2026-10-07T21:33:31.649499Z,0x58dbe1fd46afea2a09f010b2e46ecb426e581d8230d89ae9a88a03c6329a5f3b,CcQdkRAXeX7seuZLmiapfpM6CVBndVrsvMe38E4Uypyg,So11111111111111111111111111111111111111112,42cXQvAAr7hcPBPWAS4ocVtDyeJ4Fa6gRR2uG4gppump,wSOL,TBB,sell,5000000,72191748,0,0,expired,Winner too late: creation blockhash expired,,,,269,main
2026-10-07T21:33:32.296834Z,0xea198ff36f79c195087cd95ff072ef492f3aea0edbe182f29bfefa47e78910d6,HoWtt82mr4wqKqMDy4jFDRs1C9kt3kY6KtXH3i83fyn5,So11111111111111111111111111111111111111112,HKZDfZnkHZxd9agRDNPyDv4iT6LmAurJnpRtj9wpump,wSOL,MISTAKE,sell,5000000,115156221,0,0,expired,Winner too late: creation blockhash expired,,,,281,main
2026-10-07T21:33:34.024983Z,0xd5fd2536c2865cac8b1e4dd0c6b9ebc0162fa9462f10f8c1241ff26cfe736512,2kV12Qsin6Wfxr2Pr6M8bqUbjqMppw4gpqAbV18TiFfJ,So11111111111111111111111111111111111111112,Xsf9mBktVB9BSU5kf4nHxPq5hCBJ2j2ui3ecFGxPRGc,wSOL,GMEx,sell,5000000,2332586,0,0,expired,Winner too late: creation blockhash expired,,,,217,main
2026-10-07T21:33:34.523969Z,0xde6b4281302546de0d4baff8dbeee96a2bc781fa583e60040808cb11738a0680,7RqUGHCV2tngEBctNc8o58nPDy6AsYzsUHAW2JgA2XX9,So11111111111111111111111111111111111111112,7GCihgDB8fe6KNjn2MYtkzZcRjQy3t9GHdC8uHYmW2hr,wSOL,POPCAT,buy,4511074,10700000000,0,0,expired,Winner too late: creation blockhash expired,,,,192,acquire
2026-10-07T21:33:34.919496Z,0x5cb5fc2b592949c5fa3a7f66b851eb733d17683270f66f98907d5e0e7d69d4eb,BQAD73uj3XftKnCB5ZB7P67b7AvEdfLefYbLiipch5oC,So11111111111111111111111111111111111111112,XsCPL9dNWBMvFtTmwcCA5v3xWPSMEBCszbQdiLLq6aN,wSOL,GOOGLx,sell,5000000,163866,0,0,expired,Winner too late: creation blockhash expired,,,,183,main
2026-10-07T21:33:35.628052Z,0x77f08719044225cb7e267e5cb1d51c41bf195005c03869e1696e601999a3cf00,HTsxGEXBSe8rdUJjtW7e4v4YChNXTVmLQXuqBvvQtJuF,So11111111111111111111111111111111111111112,ZBCNpuD7YMXzTHB2fhGkGi78MNsHGLRXUhRewNRm9RU,wSOL,ZBCN,buy,4516720,217000000,0,0,expired,Winner too late: creation blockhash expired,,,,258,acquire
2026-10-07T21:33:35.968275Z,0x6c8931643ec91aa795dbaafe1f879fc2020a969c44036772e26183c68efbaf6e,CagkCmsroJWAiUWrigym7vR9wGYV5aKWanTGu3ZARKqD,So11111111111111111111111111111111111111112,PerPsCe2SJ7Q25CN4R5TTX4fmBdmknE2hQmqCt96fHL,wSOL,PERPSPAD,sell,5000000,240949816,0,0,expired,Winner too late: creation blockhash expired,,,,223,main
2026-10-07T21:33:36.772008Z,0x5f20c99af82951b2fd12ab8e2246e7311628cc5d7ba63b9201e8bdaba108be78,GcY8jk3HeHLDmdPa8wRVnHkn8f77frWdZxRWr6rrdyus,So11111111111111111111111111111111111111112,PEAQjk7SRS6rXHVFFmpRr7zrC4g5ZuEebpwTxvaLr3b,wSOL,PEAQ,buy,4591500,13100000000,0,0,expired,Winner too late: creation blockhash expired,,,,200,acquire
2026-10-07T21:33:36.896199Z,0xbb3e6b6c7d4554e5716e384d762b03c77c58a521baf59cbb77f05e8378c0a4db,7wPqkLkFafKQZEkqFhbCP2c9vapCvxmbM7AcKRgMT8u6,So11111111111111111111111111111111111111112,3Dgwn5E7H5a8k6iGrz3qirkaJqUaJrKHEZ2xPcLRpump,wSOL,knightcat,sell,5000000,712414812,0,0,expired,Winner too late: creation blockhash expired,,,,297,main
2026-10-07T21:33:37.773922Z,0x36e189127b61a22d370ca0704c2fa01ef8c43a0744b38f3ab7098ed07b516032,FjcXArDzUrBTJ1Lv6Yc8n9atjkNYaxKosVjn6VSxZTrK,So11111111111111111111111111111111111111112,HNg5PYJmtqcmzXrv6S9zP1CDKk5BgDuyFBxbvNApump,wSOL,ALCH,sell,5000000,12769847,0,0,expired,Winner too late: creation blockhash expired,,,,193,main
2026-10-07T21:33:38.271502Z,0xad2e8a091990ed0e659ea4096ebe2174cdaf62142e3ffeb33fd232e49f176769,AM6Qwi3vwMCGpRbJ55zDatByeAtsbcfXvXBh77be8C9T,So11111111111111111111111111111111111111112,GkyPYa7NnCFbduLknCfBfP7p8564X1VZhwZYJ6CZpump,wSOL,CHILLHOUSE,sell,5000000,412138629,0,0,expired,Winner too late: creation blockhash expired,,,,309,main
2026-10-07T21:33:38.645704Z,0xd54d7d566a9440a748bf823afc67f2e45b4890e0a168e5fc72fc098370079637,AQHstwk1uwAEnz8JE41HEbbD1EaPBjBwtid2qbo1Q3KD,So11111111111111111111111111111111111111112,FeMbDoX7R1Psc4GEcvJdsbNbZA3bfztcyDCatJVJpump,wSOL,three,sell,5000000,1332747390,0,0,expired,Winner too late: creation blockhash expired,,,,263,main
2026-10-07T21:33:39.272884Z,0xb6e58b9e5b48b91373d7a3e5f8aea9137442256b668b4aa692bb1f726a7211e9,DoD7Kb5bE6Jr7Eq2JTdYwfLn7718RzpYxKyQen2rxiBQ,So11111111111111111111111111111111111111112,CreiuhfwdWCN5mJbMJtA9bBpYQrQF2tCBuZwSPWfpump,wSOL,PYTHIA,sell,5000000,460413912,0,0,expired,Winner too late: creation blockhash expired,,,,305,main
2026-10-07T21:33:40.773848Z,0xc8818d04aa17c997814b35be54eba64e799761a9e50a7dbe37ff08463e07f05b,9XSrZ8RkSZ3WDoGkrgWHrmMhixsoWZTLnPxBtQNWNK9c,So11111111111111111111111111111111111111112,LBTCgU4b3wsFKsPwBn1rRZDx5DoFutM6RPiEt1TPDsY,wSOL,LBTC,sell,5000000,687,0,0,expired,Winner too late: creation blockhash expired,,,,279,main
2026-10-07T21:33:43.027318Z,0xee04cfd23c8963fe94a8e18d4f96193fc6ffd4fe911b51de04b6cb6a13f9351e,AQtmpjmjjZTzzs5W2Ld4gPteDe1teLKMpwj3v5GAv7ef,So11111111111111111111111111111111111111112,CzLSujWBLFsSjncfkh59rUFqvafWcY5tzedWJSuypump,wSOL,GOAT,sell,5000000,33646274,0,0,expired,Winner too late: creation blockhash expired,,,,349,main
2026-10-07T21:33:43.150576Z,0x49823eac19b2932ee01269f0b1f96a684446837614a9782058d929317dd8b5dc,3FHY6qZALHavE387YcUMyqFYdYCiR5PbLSxdQBpwR6JK,So11111111111111111111111111111111111111112,CortexFv3fRcLKTgACr7aLqckGh5eP7TP3z9JHoKqMc6,wSOL,CX,sell,5000000,16543609490,0,0,expired,Winner too late: creation blockhash expired,,,,247,main
2026-10-07T21:33:45.409242Z,0xd75ca915727856dd38e52833171a9ec328f84ade1c76f8f84241384b8568bf97,Dy1CJYGtZBZBsAqe13BPSYqDy1pyrThHBi6g2zTVASd1,So11111111111111111111111111111111111111112,CLoUDKc4Ane7HeQcPpE3YHnznRxhMimJ4MyaUqyHFzAu,wSOL,SANC,sell,5000000,9082274785,0,0,expired,Winner too late: creation blockhash expired,,,,291,main
2026-10-07T21:33:46.562310Z,0x4df2c64fdf818e90a1434052079e4137bfbb9b1d7fe5f3f71c85762388ee5b58,4SqtvDu46EtUmHrpwzvvzqUtA8FJD7tY3baar9XQU33g,So11111111111111111111111111111111111111112,J6pQQ3FAcJQeWPPGppWRb4nM8jU3wLyYbRrLh7feMfvd,wSOL,2Z,sell,5000000,1492060794,0,0,expired,Winner too late: creation blockhash expired,,,,293,main
2026-10-07T21:33:47.647730Z,0x89c57cf668abd585e6773b9ccb8a86fa81f661da34932980470170ada8b47743,94bjVVSp8jgvP4ivAW3wFomkRpeE3xBouyCWErsR1ANz,So11111111111111111111111111111111111111112,6AJcP7wuLwmRYLBNbi825wgguaPsWzPBEHcHndpRpump,wSOL,VINE,buy,4597930,66300000,0,0,expired,Winner too late: creation blockhash expired,,,,276,acquire
2026-10-07T21:33:48.898841Z,0x0755927f89ca49e153ed88ea67aa65eb0d6c98f3f59bbfa3b179bef7aa864de8,EGXsUdM4HLc983jD276LHz87k5zBZSJrJc137qcokK8D,So11111111111111111111111111111111111111112,8XtRWb4uAAJFMP4QQhoYYCWR6XXb7ybcCdiqPwz9s5WS,wSOL,ALON,sell,5000000,125728140,0,0,expired,Winner too late: creation blockhash expired,,,,211,main
2026-10-07T21:33:52.031545Z,0x40abb9bdf3503eefae73a60608412739964bb30dc406ad88135308ea61de7516,BsXAAY6SvTyWYjwKCa5SUs1kDBK6n7ia7qvRPVj5dFgz,So11111111111111111111111111111111111111112,hntyVP6YFm1Hg25TN9WGLqM12b8TQmcknKrdu1oxWux,wSOL,HNT,buy,4544268,98100000,0,0,expired,Winner too late: creation blockhash expired,,,,214,acquire
2026-10-07T21:33:53.522293Z,0x8d01fb3ec9ddc686d7cbe228d645d02bbd3aac0454e1757830aed84268427cf0,BPmy52DKPodqoSUirZUBedULujAZr6s778i4hc153r1X,So11111111111111111111111111111111111111112,8x5VqbHA8D7NkD52uNuS5nnt3PwA8pLD34ymskeSo2Wn,wSOL,ZEREBRO,buy,4526523,17700000,0,0,expired,Winner too late: creation blockhash expired,,,,196,acquire
2026-10-07T21:33:53.774412Z,0xb2e85c9682a1ae333312ee3b5004d4a1ee5f69decc8f10ebd54b8959db0d56fe,GikSpMABHu6MJERkF3N9GMmwPXfEBxABjChVkK1W9ji4,So11111111111111111111111111111111111111112,pSo1f9nQXWgXibFtKf7NWYxb5enAM4qfP6UJSiXRQfL,wSOL,PSOL,buy,4524544,4090000,0,0,expired,Winner too late: creation blockhash expired,,,,286,acquire
2026-10-07T21:33:55.648923Z,0x91f5049890d84293f1708f737f3741288a31572fcb72b5986aab309c98840c49,CaMSDEBp5zy2QxSYqDxqbk28qxFwzLXiNdFJiv9TKqhU,So11111111111111111111111111111111111111112,CtzPWv73Sn1dMGVU3ZtLv9yWSyUAanBni19YWDaznnkn,wSOL,xBTC,sell,5000000,690,0,0,expired,Winner too late: creation blockhash expired,,,,261,main
2026-10-07T21:33:56.274111Z,0x554400755ebdc23812e3117a6c7012c439a110ce5d5fab4ccdc1ea017e696072,EDimKwHuMtcwxxbAfQPT3EaH9CPpyTLARxLRRwiZV26v,So11111111111111111111111111111111111111112,Df6yfrKC8kZE3KNkrHERKzAetSxbrWeniQfyJY4Jpump,wSOL,CHILLGUY,sell,5000000,48470585,0,0,expired,Winner too late: creation blockhash expired,,,,227,main
2026-10-07T21:34:01.147434Z,0x8fdfe1b15ec3527413fba337d7d837692c14fd55622b4c78b5208fefa4161107,4p3tgZxpw2gKnJnVwQ4Ah3av47HywcXfFaXTFGNU2aTT,So11111111111111111111111111111111111111112,METAwkXcqyXKy1AtsSgJ8JiUHwGCafnZL38n3vYmeta,wSOL,META,sell,5000000,95721,0,0,expired,Winner too late: creation blockhash expired,,,,241,main
2026-10-07T21:34:07.149884Z,0x6eabfe54642fb87b93fbe6d38f644d335766f856fb7c4e0a2e271247afae8162,5akdWDVyHEWgFASL9q18W1wvJcy546hL4EGfPF6Hiwrd,So11111111111111111111111111111111111111112,rndrizKT3MK1iimdxRdWabcF7Zg7AR5T4nud4EkHBof,wSOL,RENDER,buy,4512237,25600000,0,0,expired,Winner too late: creation blockhash expired,,,,236,acquire
2026-10-07T21:34:12.772944Z,0xe90732f429a61ee5371e4dfa76be5443c5094166e981623a40a1df964e506738,AEZeUZRrPrAJ94wX66QCy4hwNYQyM4SR9tzQzUjg7UPX,So11111111111111111111111111111111111111112,GoLDppdjB1vDTPSGxyMJFqdnj134yH6Prg9eqsGDiw6A,wSOL,GOLD,sell,5000000,139,0,0,expired,Winner too late: creation blockhash expired,,,,359,main
2026-10-07T21:34:14.522147Z,0x57a77551793ad3d8e1dacaffd7f5c5388ad234e877ce901ca8a70ad839b589b7,CDY1rvEes25vx7DZwxp5BRSgAewDQMgwBExfAMEymdMC,So11111111111111111111111111111111111111112,FeR8VBqNRSUD5NtXAj2n3j1dAHkZHfyDktKuLXD4pump,wSOL,jellyjelly,buy,4520914,9590000,0,0,expired,Winner too late: creation blockhash expired,,,,266,acquire
2026-10-07T21:34:15.648841Z,0xe4bcfa24d7e0529a6e3deeeb95b153f8c1a60f6fc2e579079e39cd89b127f9f8,91V7pVaQyARieyPXcNpxQZdqk5KoH7P1vgg2YHNBfSti,So11111111111111111111111111111111111111112,ED5nyyWEzpPPiWimP8vYm7sD7TD3LAt3Q3gRTWHzPJBY,wSOL,MOODENG,sell,5000000,13494313,0,0,expired,Winner too late: creation blockhash expired,,,,267,main
2026-10-07T21:34:16.996959Z,0xaba926c3f10bac981e09f4d575bf09ce6c854c024ed4ea490bbb293b1c8969ff,CcQdkRAXeX7seuZLmiapfpM6CVBndVrsvMe38E4Uypyg,So11111111111111111111111111111111111111112,Xs78JED6PFZxWc2wCEPspZW9kL3Se5J7L5TChKgsidH,wSOL,STRCx,sell,5000000,529248,0,0,expired,Winner too late: creation blockhash expired,,,,329,main
2026-10-07T21:34:17.398376Z,0xc91b73711363d94545c956d4b965af1a721fa7eee0c9f27076c70725644e3b3a,HoWtt82mr4wqKqMDy4jFDRs1C9kt3kY6KtXH3i83fyn5,So11111111111111111111111111111111111111112,BCNT4t3rv5Hva8RnUtJUJLnxzeFAabcYp8CghC1SmWin,wSOL,BC,sell,5000000,15160147,0,0,expired,Winner too late: creation blockhash expired,,,,341,main
2026-10-07T21:34:18.648599Z,0x3aed5541e5d511af80751fda1ee8e25a7bc55e4ff78477ed58996b6a260bd030,2kV12Qsin6Wfxr2Pr6M8bqUbjqMppw4gpqAbV18TiFfJ,So11111111111111111111111111111111111111112,HKJHsYJHMVK5VRyHHk5GhvzY9tBAAtPvDkZfDH6RLDTd,wSOL,READY,sell,5000000,108600929482,0,0,expired,Winner too late: creation blockhash expired,,,,277,main
2026-10-07T21:34:19.647982Z,0x37d522a23068491f43475e944f7d518f8a2421fe1a3aea125c1c3bf3b5efdcf8,7RqUGHCV2tngEBctNc8o58nPDy6AsYzsUHAW2JgA2XX9,So11111111111111111111111111111111111111112,8k4sBtEeK4pf26noKqApv8NBTnuSJcbdwpKYknk5PbAA,wSOL,CALI,sell,5000000,445490868,0,0,expired,Winner too late: creation blockhash expired,,,,251,main
2026-10-07T21:34:20.147161Z,0x9aa4710976bfdc0a2d8de6d4207795826821573bf73e0ba2d352c71690ae9a8a,BQAD73uj3XftKnCB5ZB7P67b7AvEdfLefYbLiipch5oC,So11111111111111111111111111111111111111112,SLXdx4BUt2v9uJQNzWqSfzTJ9UKLUDsvxHFMEEdrfgq,wSOL,SLX,sell,5000000,9693621,0,0,expired,Winner too late: creation blockhash expired,,,,243,main
2026-10-07T21:34:20.647596Z,0xdc90ea8b100af8b4db5f9673e1bd70d950b86f56e6a0eb903fa958928f607a7e,HTsxGEXBSe8rdUJjtW7e4v4YChNXTVmLQXuqBvvQtJuF,So11111111111111111111111111111111111111112,HcfnJxLov6tY8i1dq9uYRRZKCvxADPpovcfkyXzdpump,wSOL,Chonketha,sell,5000000,190074380,0,0,expired,Winner too late: creation blockhash expired,,,,317,main
2026-10-07T21:34:21.025763Z,0x860c292c817b9d3a9e422c253dc419d2859e7fe0986f08600778b5b4f559fcc6,CagkCmsroJWAiUWrigym7vR9wGYV5aKWanTGu3ZARKqD,So11111111111111111111111111111111111111112,PerPsCe2SJ7Q25CN4R5TTX4fmBdmknE2hQmqCt96fHL,wSOL,PERPSPAD,buy,4646331,216000000,0,0,expired,Winner too late: creation blockhash expired,,,,224,acquire
2026-10-07T21:34:21.772879Z,0x42505d719a0c924acbace605a07ff2a7a2df72af076b8fec33086b40057413fa,GcY8jk3HeHLDmdPa8wRVnHkn8f77frWdZxRWr6rrdyus,So11111111111111111111111111111111111111112,XsqE9cRRpzxcGKDXj1BJ7Xmg4GRhZoyY1KpmGSxAWT2,wSOL,MCDx,sell,5000000,243944,0,0,expired,Winner too late: creation blockhash expired,,,,259,main
2026-10-07T21:34:22.273848Z,0xc3f4b2ae0cdba391b39797ef26c348f27c032e538568e4a9ba80dd77a259c314,7wPqkLkFafKQZEkqFhbCP2c9vapCvxmbM7AcKRgMT8u6,So11111111111111111111111111111111111111112,HooDYv5RewLRiMLnEVq3VJqdqxhuE6c5eYvqejMC3e9A,wSOL,HOOD,sell,5000000,5242,0,0,expired,Winner too late: creation blockhash expired,,,,357,main
2026-10-07T21:34:22.773275Z,0x3da3c41c6bfff59ac686f5582a3693dc9b2a89a3044a166703d13b954c9fbfee,FjcXArDzUrBTJ1Lv6Yc8n9atjkNYaxKosVjn6VSxZTrK,So11111111111111111111111111111111111111112,HNg5PYJmtqcmzXrv6S9zP1CDKk5BgDuyFBxbvNApump,wSOL,ALCH,buy,4541815,11600000,0,0,expired,Winner too late: creation blockhash expired,,,,194,acquire
2026-10-07T21:34:23.521814Z,0xce14f5e30e7e8aa62c49178366e93826547c5cdc0cdfa142bb064919762775bb,AM6Qwi3vwMCGpRbJ55zDatByeAtsbcfXvXBh77be8C9T,So11111111111111111111111111111111111111112,AavE1kKKnesPw4MuRJmJ9jZs9QzEE8CPxQ3ViczUDfc1,wSOL,AAVE,sell,5000000,331334,0,0,expired,Winner too late: creation blockhash expired,,,,369,main
2026-10-07T21:34:28.021492Z,0x420c40bff970480c1dd2f768ad6405664e842280a41f1976b9ce5362117ba475,DoD7Kb5bE6Jr7Eq2JTdYwfLn7718RzpYxKyQen2rxiBQ,So11111111111111111111111111111111111111112,CreiuhfwdWCN5mJbMJtA9bBpYQrQF2tCBuZwSPWfpump,wSOL,PYTHIA,buy,4713027,434000000,0,0,expired,Winner too late: creation blockhash expired,,,,306,acquire
2026-10-07T21:34:28.521659Z,0x2453bfd1158525d223630c2d2dbe4cabc83efce3eb7bf26c7f7cfe0151165493,3FHY6qZALHavE387YcUMyqFYdYCiR5PbLSxdQBpwR6JK,So11111111111111111111111111111111111111112,CortexFv3fRcLKTgACr7aLqckGh5eP7TP3z9JHoKqMc6,wSOL,CX,buy,4593800,15200000000,0,0,expired,Winner too late: creation blockhash expired,,,,248,acquire
2026-10-07T21:34:28.896808Z,0x9a5b8494d8ac2334a00a0de9e7331c0329f6aec96b91c77aeb4125f359cbb505,AQtmpjmjjZTzzs5W2Ld4gPteDe1teLKMpwj3v5GAv7ef,So11111111111111111111111111111111111111112,CzLSujWBLFsSjncfkh59rUFqvafWcY5tzedWJSuypump,wSOL,GOAT,buy,4517448,30400000,0,0,expired,Winner too late: creation blockhash expired,,,,350,acquire
2026-10-07T21:34:29.273032Z,0x6044e7542d21a43160126e043e13df05dc14a2e35ab4e7c13ef85065152a8ce4,AQHstwk1uwAEnz8JE41HEbbD1EaPBjBwtid2qbo1Q3KD,So11111111111111111111111111111111111111112,8J69rbLTzWWgUJziFY8jeu5tDwEPBwUz4pKBMr5rpump,wSOL,WOJAK,sell,5000000,346671320,0,0,expired,Winner too late: creation blockhash expired,,,,323,main
2026-10-07T21:34:31.775528Z,0x133032088693d6e14f1786a5fce8fed24f5ca6ee6ad3a6706b34d89b709e35d8,Dy1CJYGtZBZBsAqe13BPSYqDy1pyrThHBi6g2zTVASd1,So11111111111111111111111111111111111111112,CLoUDKc4Ane7HeQcPpE3YHnznRxhMimJ4MyaUqyHFzAu,wSOL,SANC,buy,4596777,8350000000,0,0,expired,Winner too late: creation blockhash expired,,,,292,acquire
2026-10-07T21:34:32.149826Z,0x6e2bdbecac8ee51167688981fa209e03056f1e25bc11fbb4cd3f81d4c3fcc71c,9XSrZ8RkSZ3WDoGkrgWHrmMhixsoWZTLnPxBtQNWNK9c,So11111111111111111111111111111111111111112,69LjZUUzxj3Cb3Fxeo1X4QpYEQTboApkhXTysPpbpump,wSOL,CODEC,sell,5000000,77214068,0,0,expired,Winner too late: creation blockhash expired,,,,339,main
2026-10-07T21:34:32.274467Z,0xac69d95de68271da6046294107a30722457f09e5ac4fcdd3b98df65a86fa75ed,94bjVVSp8jgvP4ivAW3wFomkRpeE3xBouyCWErsR1ANz,So11111111111111111111111111111111111111112,HiMSSzzwkZkrXJ4PGVJRdtfLaANeAztjjcgk5Dxe7Lwx,wSOL,HIMS,sell,5000000,19485,0,0,expired,Winner too late: creation blockhash expired,,,,335,main
2026-10-07T21:34:32.872125Z,0x1bd66eb6cf1de22c60ec4824059354f3b52bade2a329d676b032c2df386b9c68,EGXsUdM4HLc983jD276LHz87k5zBZSJrJc137qcokK8D,So11111111111111111111111111111111111111112,8XtRWb4uAAJFMP4QQhoYYCWR6XXb7ybcCdiqPwz9s5WS,wSOL,ALON,buy,4553520,114000000,0,0,expired,Winner too late: creation blockhash expired,,,,212,acquire
2026-10-07T21:34:34.272186Z,0xaf5648d07f60f0b106d7f47131a959f0dbf88fed58da926e83d4688dba82c88e,4SqtvDu46EtUmHrpwzvvzqUtA8FJD7tY3baar9XQU33g,So11111111111111111111111111111111111111112,J6pQQ3FAcJQeWPPGppWRb4nM8jU3wLyYbRrLh7feMfvd,wSOL,2Z,buy,4524507,1350000000,0,0,expired,Winner too late: creation blockhash expired,,,,294,acquire
2026-10-07T21:34:37.400496Z,0x04f14bc397ba71ca10fde6f05e50f6a8c17352c6b66b2e6d31ef6c15cef009f4,BPmy52DKPodqoSUirZUBedULujAZr6s778i4hc153r1X,So11111111111111111111111111111111111111112,AymATz4TCL9sWNEEV9Kvyz45CHVhDZ6kUgjTJPzLpU9P,wSOL,XAUt0,sell,5000000,139,0,0,expired,Winner too late: creation blockhash expired,,,,255,main
2026-10-07T21:34:37.896350Z,0x2067cb3c506834dae84105a30188c97d8cfea100c93401a70e1caaa8ff4ab16f,GikSpMABHu6MJERkF3N9GMmwPXfEBxABjChVkK1W9ji4,So11111111111111111111111111111111111111112,nosXBVoaCTtYdLvKY6Csb4AC8JCdQKKAaWYtx2ZMoo7,wSOL,NOS,sell,5000000,981349,0,0,expired,Winner too late: creation blockhash expired,,,,345,main
2026-10-07T21:34:39.522194Z,0xfea7b1454575048e0c7d2d743cfa3961f936448516f0ad2be35d918a4ac9df7d,CaMSDEBp5zy2QxSYqDxqbk28qxFwzLXiNdFJiv9TKqhU,So11111111111111111111111111111111111111112,CtzPWv73Sn1dMGVU3ZtLv9yWSyUAanBni19YWDaznnkn,wSOL,xBTC,buy,4529275,625,0,0,expired,Winner too late: creation blockhash expired,,,,262,acquire
2026-10-07T21:34:40.654784Z,0x766af1b2a6d3d831f3c0278f514caa070d88834c0c00660e240e87eed3afdea6,BsXAAY6SvTyWYjwKCa5SUs1kDBK6n7ia7qvRPVj5dFgz,So11111111111111111111111111111111111111112,2qEHjDLDLbuBgRYvsxhc5D6uDWAivNFZGan56P1tpump,wSOL,Pnut,sell,5000000,11692415,0,0,expired,Winner too late: creation blockhash expired,,,,273,main
2026-10-07T21:34:41.021381Z,0xdcc24040fba96c8ffb246e9fdd8022f2ee4470785e91d28e95397500e84e968a,EDimKwHuMtcwxxbAfQPT3EaH9CPpyTLARxLRRwiZV26v,So11111111111111111111111111111111111111112,Df6yfrKC8kZE3KNkrHERKzAetSxbrWeniQfyJY4Jpump,wSOL,CHILLGUY,buy,4518088,43800000,0,0,expired,Winner too late: creation blockhash expired,,,,228,acquire
2026-10-07T21:34:45.404251Z,0x9c53532ac51665c06271cbb5f4a5e1cd262efce3cd8fd7d1a9e704c8afc1ef8f,4p3tgZxpw2gKnJnVwQ4Ah3av47HywcXfFaXTFGNU2aTT,So11111111111111111111111111111111111111112,METAwkXcqyXKy1AtsSgJ8JiUHwGCafnZL38n3vYmeta,wSOL,META,buy,4541785,86700,0,0,expired,Winner too late: creation blockhash expired,,,,242,acquire
2026-10-07T21:34:50.647735Z,0xe97caf14403f6902c1163298a5ed2b7fc67b8710cd96ff6070699721d1bbf75a,5akdWDVyHEWgFASL9q18W1wvJcy546hL4EGfPF6Hiwrd,So11111111111111111111111111111111111111112,CREDBHvVqREBCAxMihzr8D1nepHMr2gmQoZWpmgGmeta,wSOL,CRED,sell,5000000,715768,0,0,expired,Winner too late: creation blockhash expired,,,,295,main
2026-10-07T21:34:56.896662Z,0x22f81ae7d659ccd4853a504a339796e031544127864de0b3291f70457afc73d3,AEZeUZRrPrAJ94wX66QCy4hwNYQyM4SR9tzQzUjg7UPX,So11111111111111111111111111111111111111112,GRNDYDpqwpCm6jVxpbh4xT5AM4r3p391qYsKTHqgaET2,wSOL,GRND,sell,5000000,39966,0,0,expired,Winner too late: creation blockhash expired,,,,419,main
2026-10-07T21:34:58.148558Z,0x5f3e87f1b27a7974df346d0d82d474b661ed766290cdd96e15a57efd568a2078,CDY1rvEes25vx7DZwxp5BRSgAewDQMgwBExfAMEymdMC,So11111111111111111111111111111111111111112,9PR7nCP9DpcUotnDPVLUBUZKu5WAYkwrCUx9wDnSpump,wSOL,Ban,sell,5000000,8828945,0,0,expired,Winner too late: creation blockhash expired,,,,325,main
2026-10-07T21:35:00.174381Z,0x1dc060f1feebb3ca7054558f5b8e3c686e23636dd8026cc6704d947549a674d0,91V7pVaQyARieyPXcNpxQZdqk5KoH7P1vgg2YHNBfSti,So11111111111111111111111111111111111111112,ED5nyyWEzpPPiWimP8vYm7sD7TD3LAt3Q3gRTWHzPJBY,wSOL,MOODENG,buy,4520307,12200000,0,0,expired,Winner too late: creation blockhash expired,,,,268,acquire
2026-10-07T21:35:01.522521Z,0x435fdee0302017d01720d46e34903a4aa4db3395c1e654dd160ff602e0233d2f,CcQdkRAXeX7seuZLmiapfpM6CVBndVrsvMe38E4Uypyg,So11111111111111111111111111111111111111112,EN2nnxrg8uUi6x2sJkzNPd2eT6rB9rdSoQNNaENA4RZA,wSOL,SQUIRE,sell,5000000,526892255,0,0,expired,Winner too late: creation blockhash expired,,,,389,main
2026-10-07T21:35:02.021877Z,0x85eafd4a5dbbed6d98aff89a1041794e5f8688254baaee6f4b4299ea78b52f69,HoWtt82mr4wqKqMDy4jFDRs1C9kt3kY6KtXH3i83fyn5,So11111111111111111111111111111111111111112,BCNT4t3rv5Hva8RnUtJUJLnxzeFAabcYp8CghC1SmWin,wSOL,BC,buy,4532044,13700000,0,0,expired,Winner too late: creation blockhash expired,,,,342,acquire
2026-10-07T21:35:02.521955Z,0xe0e3ebb40482cff837f22b2ce7641b6cc608141423cea3b7a331384fd76056b2,2kV12Qsin6Wfxr2Pr6M8bqUbjqMppw4gpqAbV18TiFfJ,So11111111111111111111111111111111111111112,XsoBhf2ufR8fTyNSjqfU71DYGaE6Z3SUGAidpzriAA4,wSOL,PLTRx,sell,5000000,297090,0,0,expired,Winner too late: creation blockhash expired,,,,337,main
2026-10-07T21:35:04.648201Z,0x802af60e7600e617004cfa935112a076ad0ab94b697916bcf8d7ec9e9afdfad5,7RqUGHCV2tngEBctNc8o58nPDy6AsYzsUHAW2JgA2XX9,So11111111111111111111111111111111111111112,3dQTr7ror2QPKQ3GbBCokJUmjErGg8kTJzdnYjNfvi3Z,wSOL,BORG,sell,5000000,3407862990,0,0,expired,Winner too late: creation blockhash expired,,,,311,main
2026-10-07T21:35:05.504458Z,0x13db4ac66b23130e14e87e06ca11d5244325c1e3ed2480709a85e84bfa60eb9b,BQAD73uj3XftKnCB5ZB7P67b7AvEdfLefYbLiipch5oC,So11111111111111111111111111111111111111112,SLXdx4BUt2v9uJQNzWqSfzTJ9UKLUDsvxHFMEEdrfgq,wSOL,SLX,buy,4508221,8740000,0,0,expired,Winner too late: creation blockhash expired,,,,244,acquire
2026-10-07T21:35:06.146189Z,0xf4f81627d85720352c3b0497ae36df9ecaf3e39fe1e5b567e33e5e4859ad4a32,HTsxGEXBSe8rdUJjtW7e4v4YChNXTVmLQXuqBvvQtJuF,So11111111111111111111111111111111111111112,MSTRdWXMeZxdE8osAQy3fA4rvTY5rgummDSMEx6U7Nz,wSOL,MSTR,sell,5000000,3729,0,0,expired,Winner too late: creation blockhash expired,,,,377,main
2026-10-07T21:35:06.420905Z,0x3f679c53dea01bfd9befe8432f71d5bd6b1a2e1158f358fbca90e2a9dbe10cd6,CagkCmsroJWAiUWrigym7vR9wGYV5aKWanTGu3ZARKqD,So11111111111111111111111111111111111111112,Eg2ymQ2aQqjMcibnmTt8erC6Tvk9PVpJZCxvVPJz2agu,wSOL,PUMPCADE,sell,5000000,43356734,0,0,expired,Winner too late: creation blockhash expired,,,,283,main
2026-10-07T21:35:07.147478Z,0xf107e9edae690b4aa0e785afb65be34cbe300080e1eeed66f0181e19cced03ea,GcY8jk3HeHLDmdPa8wRVnHkn8f77frWdZxRWr6rrdyus,So11111111111111111111111111111111111111112,63LfDmNb3MQ8mw9MtZ2To9bEA2M71kZUUGq5tiJxcqj9,wSOL,GIGA,sell,5000000,28051827,0,0,expired,Winner too late: creation blockhash expired,,,,319,main
2026-10-07T21:35:07.272297Z,0xbbfdd0e5d7f63d0df626de28229d329c11f5a296a06c6edf9bd08f62406b6513,FjcXArDzUrBTJ1Lv6Yc8n9atjkNYaxKosVjn6VSxZTrK,So11111111111111111111111111111111111111112,5oVNBeEEQvYi1cX3ir8Dx5n1P7pdxydbGF2X4TxVusJm,wSOL,INF,sell,5000000,3422062,0,0,expired,Winner too late: creation blockhash expired,,,,253,main
2026-10-07T21:35:09.395303Z,0x660fbcd1301928424b96eb751effb87e9f2c567ef1fc412c690d551f4f1743c7,7wPqkLkFafKQZEkqFhbCP2c9vapCvxmbM7AcKRgMT8u6,So11111111111111111111111111111111111111112,H8xQ6poBjB9DTPMDTKWzWPrnxu4bDEhybxiouF8Ppump,wSOL,Tokabu,sell,5000000,418873080,0,0,expired,Winner too late: creation blockhash expired,,,,417,main
2026-10-07T21:35:09.520031Z,0x776e93a5f402500bc42a8931328eb0b23873affaa1f7bc56bedeeb8d948b9a8d,AM6Qwi3vwMCGpRbJ55zDatByeAtsbcfXvXBh77be8C9T,So11111111111111111111111111111111111111112,AavE1kKKnesPw4MuRJmJ9jZs9QzEE8CPxQ3ViczUDfc1,wSOL,AAVE,buy,4525554,300000,0,0,expired,Winner too late: creation blockhash expired,,,,370,acquire
2026-10-07T21:35:12.910466Z,0x780ef2ef428c95be8725a7edf7077f20fb6308b67b431eb53d23c2fb811dafb3,AQtmpjmjjZTzzs5W2Ld4gPteDe1teLKMpwj3v5GAv7ef,So11111111111111111111111111111111111111112,GvUCjmWSXA5hrTh9smmNA1AU55YCtP9mDLQcrKA1pump,wSOL,WSOLP,sell,5000000,468665565,0,0,expired,Winner too late: creation blockhash expired,,,,409,main
2026-10-07T21:35:13.523417Z,0x9d5f38f18324ae303ce02a0df74507aed4325695f46b0ac526f497c34638424e,AQHstwk1uwAEnz8JE41HEbbD1EaPBjBwtid2qbo1Q3KD,So11111111111111111111111111111111111111112,4TyZGqRLG3VcHTGMcLBoPUmqYitMVojXinAmkL8xpump,wSOL,testicle,sell,5000000,2104668323,0,0,expired,Winner too late: creation blockhash expired,,,,383,main
2026-10-07T21:35:15.273160Z,0xdab0bf0895910c2c99fc6c088ad471068028f8d34747ab0fd4b5dc7b53c6bbae,DoD7Kb5bE6Jr7Eq2JTdYwfLn7718RzpYxKyQen2rxiBQ,So11111111111111111111111111111111111111112,XkeTXo1125vz5H9svJpGiw4JvLbN8VmMu9cmMvspump,wSOL,DREGG,sell,5000000,338548819,0,0,expired,Winner too late: creation blockhash expired,,,,365,main
2026-10-07T21:35:16.831408Z,0xb45a65be9d76c20721f760e47ad319830249e2a6fc921482079fbe61078adc6a,3FHY6qZALHavE387YcUMyqFYdYCiR5PbLSxdQBpwR6JK,So11111111111111111111111111111111111111112,C8fU5GdfAt5mnw2RK7HE6XJGFNxHpaskZMkXxdm88888,wSOL,CTM,sell,5000000,2607413914,0,0,expired,Winner too late: creation blockhash expired,,,,307,main
2026-10-07T21:35:17.546720Z,0x794fba968c2c12972f63677a8f4be1e2e9602714c479bd1f1ff667e2b086a8d7,EGXsUdM4HLc983jD276LHz87k5zBZSJrJc137qcokK8D,So11111111111111111111111111111111111111112,METAewgxyPbgwsseH8T16a39CQ5VyVxZi9zXiDPY18m,wSOL,MPLX,sell,5000000,10697389,0,0,expired,Winner too late: creation blockhash expired,,,,271,main
2026-10-07T21:35:19.451710Z,0xe12ba96de1a681505c41bea0720b9df41e18e2b33b4c14682179788a99ae3ebe,4SqtvDu46EtUmHrpwzvvzqUtA8FJD7tY3baar9XQU33g,So11111111111111111111111111111111111111112,8nnaeWCw8mUypcGAgbmSuzAT85uWx4UN12adDrMhXrGF,wSOL,HOTBOT,sell,5000000,423200784,0,0,expired,Winner too late: creation blockhash expired,,,,353,main
2026-10-07T21:35:19.976807Z,0x54cd5dc7f7d0034727a899dc80f6ba2f5eba2e9d9f7dcb0503091a52c4b092b6,Dy1CJYGtZBZBsAqe13BPSYqDy1pyrThHBi6g2zTVASd1,So11111111111111111111111111111111111111112,CGEDT9QZDvvH5GmVkWJH2BXiMJqMJySC9ihWyr7Spump,wSOL,BURNIE,sell,5000000,420258227,0,0,expired,Winner too late: creation blockhash expired,,,,351,main
2026-10-07T21:35:20.397475Z,0xc1f908809e20c763db9ac95dd0478fb0d47407b4dc813793de4b333e0d560ba2,9XSrZ8RkSZ3WDoGkrgWHrmMhixsoWZTLnPxBtQNWNK9c,So11111111111111111111111111111111111111112,1zJX5gRnjLgmTpq5sVwkq69mNDQkCemqoasyjaPW6jm,wSOL,KLED,sell,5000000,53329112354,0,0,expired,Winner too late: creation blockhash expired,,,,399,main
2026-10-07T21:35:21.026291Z,0x947d5c7651e01cbd9dbc037b1218f775c33719f45dc4abc73883f764cd9de2e4,94bjVVSp8jgvP4ivAW3wFomkRpeE3xBouyCWErsR1ANz,So11111111111111111111111111111111111111112,55Vr2VpSwxsDkB6uGGHAvRv86K6zax2Zb4TT8ivwDEzW,wSOL,slopcannon,sell,5000000,1820190552,0,0,expired,Winner too late: creation blockhash expired,,,,395,main
2026-10-07T21:35:22.273864Z,0xb8e7a934dc0addc4d74f26a9dc22f802a365886d8c931c52e0b1079bc2c13279,BPmy52DKPodqoSUirZUBedULujAZr6s778i4hc153r1X,So11111111111111111111111111111111111111112,AymATz4TCL9sWNEEV9Kvyz45CHVhDZ6kUgjTJPzLpU9P,wSOL,XAUt0,buy,4506662,126,0,0,expired,Winner too late: creation blockhash expired,,,,256,acquire
2026-10-07T21:35:26.374928Z,0xbe313a0a47b2e91ee392a4f239f45b437d14fff15f0b3873862f2fa495870488,GikSpMABHu6MJERkF3N9GMmwPXfEBxABjChVkK1W9ji4,So11111111111111111111111111111111111111112,nosXBVoaCTtYdLvKY6Csb4AC8JCdQKKAaWYtx2ZMoo7,wSOL,NOS,buy,4522722,887000,0,0,expired,Winner too late: creation blockhash expired,,,,346,acquire
2026-10-07T21:35:27.521633Z,0x996f6eadc94e6b527053ffe46b6c44315879f6ab148670e9ee17276b35560d61,CaMSDEBp5zy2QxSYqDxqbk28qxFwzLXiNdFJiv9TKqhU,So11111111111111111111111111111111111111112,59obFNBzyTBGowrkif5uK7ojS58vsuWz3ZCvg6tfZAGw,wSOL,PST,sell,5000000,505469,0,0,expired,Winner too late: creation blockhash expired,,,,321,main
2026-10-07T21:35:28.401417Z,0xb473ebec2c64279819777aa1b3dfddb474f28de541806cb0751d8e63234bc32e,BsXAAY6SvTyWYjwKCa5SUs1kDBK6n7ia7qvRPVj5dFgz,So11111111111111111111111111111111111111112,2qEHjDLDLbuBgRYvsxhc5D6uDWAivNFZGan56P1tpump,wSOL,Pnut,buy,4532736,10600000,0,0,expired,Winner too late: creation blockhash expired,,,,274,acquire
2026-10-07T21:35:29.650413Z,0x03cdaed9749cfa0a16f20a17ed307f27effc4227a9e89f69a4d691b5ab352435,EDimKwHuMtcwxxbAfQPT3EaH9CPpyTLARxLRRwiZV26v,So11111111111111111111111111111111111111112,TTWofwAge91oFhZs7kpQdyrVRkmevgM88xijGvQFbKo,wSOL,TTWO,sell,5000000,2812,0,0,expired,Winner too late: creation blockhash expired,,,,287,main
2026-10-07T21:35:33.645797Z,0xd393c983c554f5f9f38a2cdac7f2ede538429336805bf3151e14b09a58ed2cf8,4p3tgZxpw2gKnJnVwQ4Ah3av47HywcXfFaXTFGNU2aTT,So11111111111111111111111111111111111111112,74SBV4zDXxTRgv1pEMoECskKBkZHc2yGPnc7GYVepump,wSOL,swarms,sell,5000000,70648641,0,0,expired,Winner too late: creation blockhash expired,,,,301,main
2026-10-07T21:35:39.043887Z,0xb2be44b241cf7ba983af7ecd6cc72ae8bf515d395a9c9895fb3e5fdb0a5ed051,5akdWDVyHEWgFASL9q18W1wvJcy546hL4EGfPF6Hiwrd,So11111111111111111111111111111111111111112,CREDBHvVqREBCAxMihzr8D1nepHMr2gmQoZWpmgGmeta,wSOL,CRED,buy,5721613,662000,0,0,expired,Winner too late: creation blockhash expired,,,,296,acquire
2026-10-07T21:35:45.398260Z,0xd16954ef66ff24ddbf91c801266e4dcd7e78449573c051ca68a47ba1b82246e0,AEZeUZRrPrAJ94wX66QCy4hwNYQyM4SR9tzQzUjg7UPX,So11111111111111111111111111111111111111112,y1AZt42vceCmStjW4zetK3VoNarC1VxJ5iDjpiupump,wSOL,FARTBOY,sell,5000000,30947312463,0,0,expired,Winner too late: creation blockhash expired,,,,479,main
2026-10-07T21:35:46.584519Z,0x79bbd34833845af0b084f92821d8c01fe28ce9d5f0e24b15151941ddcfe700d5,CDY1rvEes25vx7DZwxp5BRSgAewDQMgwBExfAMEymdMC,So11111111111111111111111111111111111111112,9PR7nCP9DpcUotnDPVLUBUZKu5WAYkwrCUx9wDnSpump,wSOL,Ban,buy,4519110,7980000,0,0,expired,Winner too late: creation blockhash expired,,,,326,acquire
2026-10-07T21:35:48.396911Z,0x9d8d8e0f71acb03b2810593e667279257ee33c889bed75b3e2f08b0b375bacc3,91V7pVaQyARieyPXcNpxQZdqk5KoH7P1vgg2YHNBfSti,So11111111111111111111111111111111111111112,H74CYmXgMkYHYuSRsZt6RJb4NYp2u72Vw8BS5huApump,wSOL,LMAO!,sell,5000000,250519651,0,0,expired,Winner too late: creation blockhash expired,,,,327,main
2026-10-07T21:35:50.145785Z,0x42efc3df632ec2dbe0ba3f5f5b6fcb66851d00e6a3c9a61dd8557fc39238c64f,CcQdkRAXeX7seuZLmiapfpM6CVBndVrsvMe38E4Uypyg,So11111111111111111111111111111111111111112,PAYmo6moDF3Ro3X6bU2jwe2UdBnBhv8YjLgL1j4DxGu,wSOL,PAYAI,sell,5000000,63331876918,0,0,expired,Winner too late: creation blockhash expired,,,,449,main
2026-10-07T21:35:50.778345Z,0x036693ad176c3feb16392f840e4d23ed2acfb5d1872aefbc08e78e19bb035dcd,HoWtt82mr4wqKqMDy4jFDRs1C9kt3kY6KtXH3i83fyn5,So11111111111111111111111111111111111111112,2uxaYT1fVrp6Fg2BrxQcyKSW91hefM6dG9krpbeDiirT,wSOL,reUSD,sell,5000000,519919160,0,0,expired,Winner too late: creation blockhash expired,,,,401,main
2026-10-07T21:35:51.827219Z,0xfb9a1d53d3cf46d7e2ea7359399869563312f91a18d9103bc7ed918c899376ea,2kV12Qsin6Wfxr2Pr6M8bqUbjqMppw4gpqAbV18TiFfJ,So11111111111111111111111111111111111111112,8G5ayEsJF4Q7FEWEGeF4jtnUWZBEKCqhySTFQf9Ppump,wSOL,HeavyPulp,sell,5000000,1174824959,0,0,expired,Winner too late: creation blockhash expired,,,,397,main
2026-10-07T21:35:52.772245Z,0x0c8823aafeae1baf47e91b5c9ad24882319cd4726bdc687a897d226995bbd139,7RqUGHCV2tngEBctNc8o58nPDy6AsYzsUHAW2JgA2XX9,So11111111111111111111111111111111111111112,3dQTr7ror2QPKQ3GbBCokJUmjErGg8kTJzdnYjNfvi3Z,wSOL,BORG,buy,4537169,3090000000,0,0,expired,Winner too late: creation blockhash expired,,,,312,acquire
2026-10-07T21:35:54.520108Z,0x158a139ddf7c4a993abaaf89fd5ccf810fc308803f7e183b7a9185029bc60ebd,BQAD73uj3XftKnCB5ZB7P67b7AvEdfLefYbLiipch5oC,So11111111111111111111111111111111111111112,bSo13r4TkiE4KumL71LsHTPpL2euBYLFx6h9HP3piy1,wSOL,bSOL,sell,5000000,3770453,0,0,expired,Winner too late: creation blockhash expired,,,,303,main
2026-10-07T21:35:55.167031Z,0x21125b37ccd5193ffbe870e3ae0c418d43d5a8d2ca2e4bb87d918c9c24b4c1e0,HTsxGEXBSe8rdUJjtW7e4v4YChNXTVmLQXuqBvvQtJuF,So11111111111111111111111111111111111111112,HeeBovJNKd27tQ6xkeP1dfSyTr8LyLwhJz9wfFTbPLEX,wSOL,HEEBOO,sell,5000000,63799367,0,0,expired,Winner too late: creation blockhash expired,,,,437,main
2026-10-07T21:35:55.522978Z,0x75e8b7e7f9e8eaa2476f12813bcec0668d034905b158607db6ac22a54ab831b8,CagkCmsroJWAiUWrigym7vR9wGYV5aKWanTGu3ZARKqD,So11111111111111111111111111111111111111112,4ChT49V1iazP2XUGtycGkEsS6pRMqvGfUbqvRC9Z91ZT,wSOL,MOS,sell,5000000,3194270589421,0,0,expired,Winner too late: creation blockhash expired,,,,343,main
2026-10-07T21:35:55.900759Z,0x5731c39031effc86c6e981f99e011a24c9a31c272d8254a2c78d5dfb23fa9979,GcY8jk3HeHLDmdPa8wRVnHkn8f77frWdZxRWr6rrdyus,So11111111111111111111111111111111111111112,63LfDmNb3MQ8mw9MtZ2To9bEA2M71kZUUGq5tiJxcqj9,wSOL,GIGA,buy,4527218,25400000,0,0,expired,Winner too late: creation blockhash expired,,,,320,acquire
2026-10-07T21:35:56.396099Z,0x037f744c2a77dfbb1c96a6bd84667fe3fbc3c63b45eb8ae80fcf1c5ebb408fd0,FjcXArDzUrBTJ1Lv6Yc8n9atjkNYaxKosVjn6VSxZTrK,So11111111111111111111111111111111111111112,5oVNBeEEQvYi1cX3ir8Dx5n1P7pdxydbGF2X4TxVusJm,wSOL,INF,buy,4534279,3100000,0,0,expired,Winner too late: creation blockhash expired,,,,254,acquire
2026-10-07T21:35:58.523847Z,0xbbc018e2eba136a8ee39abec2cec3590c0196067440195baaacfc5fe6a0b9556,AQHstwk1uwAEnz8JE41HEbbD1EaPBjBwtid2qbo1Q3KD,So11111111111111111111111111111111111111112,ACtfUWtgvaXrQGNMiohTusi5jcx5RJf5zwu9aAxkpump,wSOL,unc,sell,5000000,1280693426,0,0,expired,Winner too late: creation blockhash expired,,,,443,main
2026-10-07T21:35:58.837462Z,0x93135de89d3ecacf02e9b2d2ee4b71d3fa8aeb018337c14ffdcf6cea9cf9d31d,7wPqkLkFafKQZEkqFhbCP2c9vapCvxmbM7AcKRgMT8u6,So11111111111111111111111111111111111111112,H8xQ6poBjB9DTPMDTKWzWPrnxu4bDEhybxiouF8Ppump,wSOL,Tokabu,buy,4491232,376000000,0,0,expired,Winner too late: creation blockhash expired,,,,418,acquire
2026-10-07T21:35:59.022414Z,0x0e3a21c8a0898f0a4560fc476f362c85ce65b6c20ae6fd3cd0ec8027220c7c06,AM6Qwi3vwMCGpRbJ55zDatByeAtsbcfXvXBh77be8C9T,So11111111111111111111111111111111111111112,5Jr9hGmJgxBRjjF8XGcGgQzXUdsbpZNNMpigEv8Wpump,wSOL,MUSHU,sell,5000000,162533416,0,0,expired,Winner too late: creation blockhash expired,,,,429,main
2026-10-07T21:36:00.220271Z,0xc9509b696ad56d009eaabd1e57216d431ab80cc83e1daae45ab70ce19b2fd235,DoD7Kb5bE6Jr7Eq2JTdYwfLn7718RzpYxKyQen2rxiBQ,So11111111111111111111111111111111111111112,SNAPcESrvnH8yUdgeMF6xm1hym9b6hW6s8YeqeHdZFz,wSOL,SNAP,sell,5000000,98538,0,0,expired,Winner too late: creation blockhash expired,,,,425,main
2026-10-07T21:36:01.789231Z,0xd8d5a142cc9728672c5bef3ba0088622120301fedec467ac3efd26ffcebe4d5a,AQtmpjmjjZTzzs5W2Ld4gPteDe1teLKMpwj3v5GAv7ef,So11111111111111111111111111111111111111112,MEFNBXixkEbait3xn9bkm8WsJzXtVsaJEn4c8Sam21u,wSOL,ME,sell,5000000,8071089,0,0,expired,Winner too late: creation blockhash expired,,,,469,main
2026-10-07T21:36:02.147568Z,0x764dca214d8c71615b9526bbe95890d8fc96658fe7357d31917473044b0035a4,EGXsUdM4HLc983jD276LHz87k5zBZSJrJc137qcokK8D,So11111111111111111111111111111111111111112,METAewgxyPbgwsseH8T16a39CQ5VyVxZi9zXiDPY18m,wSOL,MPLX,buy,4533699,9700000,0,0,expired,Winner too late: creation blockhash expired,,,,272,acquire
2026-10-07T21:36:04.411276Z,0x8859b2345dccb24da6f46b2eb7f5021e15ffdc71d1a5f30e52c19efb396eb225,4SqtvDu46EtUmHrpwzvvzqUtA8FJD7tY3baar9XQU33g,So11111111111111111111111111111111111111112,5VnbrKp28Qs9CAH6PyZdxBNvLxZcbeX3YBsozgWnpump,wSOL,darwin,sell,5000000,655988779,0,0,expired,Winner too late: creation blockhash expired,,,,413,main
2026-10-07T21:36:05.984334Z,0x1814d41ed41b514081d14acb1932df0f31d45a01ce7f4079de21c1cd34f77bfa,3FHY6qZALHavE387YcUMyqFYdYCiR5PbLSxdQBpwR6JK,So11111111111111111111111111111111111111112,3iQL8BFS2vE7mww4ehAqQHAsbmRNCrPxizWAT2Zfyr9y,wSOL,VIRTUAL,sell,5000000,749031214,0,0,expired,Winner too late: creation blockhash expired,,,,367,main
2026-10-07T21:36:08.396549Z,0x4ecca38899eeb25a866065724fd179738fabef93dc2570e0888bb56056a5812b,Dy1CJYGtZBZBsAqe13BPSYqDy1pyrThHBi6g2zTVASd1,So11111111111111111111111111111111111111112,FQgtfugBdpFN7PZ6NdPrZpVLDBrPGxXesi4gVu3vErhY,wSOL,BMT,sell,5000000,31035532257,0,0,expired,Winner too late: creation blockhash expired,,,,411,main
2026-10-07T21:36:08.897268Z,0x054b616220dba1554d9cd42edbaf75155d70085c5c339f8555a39b36218e39b0,9XSrZ8RkSZ3WDoGkrgWHrmMhixsoWZTLnPxBtQNWNK9c,So11111111111111111111111111111111111111112,1zJX5gRnjLgmTpq5sVwkq69mNDQkCemqoasyjaPW6jm,wSOL,KLED,buy,4527815,48200000000,0,0,expired,Winner too late: creation blockhash expired,,,,400,acquire
2026-10-07T21:36:10.026078Z,0xf3146a2bab8e491a79bb9fa1968d6adf62ce811be816f77a2fb549e83cc13cf2,94bjVVSp8jgvP4ivAW3wFomkRpeE3xBouyCWErsR1ANz,So11111111111111111111111111111111111111112,Hh3oTaqDCKKfdBgsQEvxp9sUwyNf8x9qmKqEMLBWpump,wSOL,HODL,sell,5000000,338940828,0,0,expired,Winner too late: creation blockhash expired,,,,455,main
2026-10-07T21:36:11.772348Z,0xbca01d08e95bd9ed1109a568769b65f6576c3852ff82c40bbbb034f3c8431c16,BPmy52DKPodqoSUirZUBedULujAZr6s778i4hc153r1X,So11111111111111111111111111111111111111112,ARXwZkNAtzPfdcoqQiduJn8EPv9fKiDfGn2KyggyDrFs,wSOL,ARX,sell,5000000,2126917557,0,0,expired,Winner too late: creation blockhash expired,,,,315,main
2026-10-07T21:36:12.276916Z,0x2b5e3becc90147219eff494adc4d93589e451b6fc91c2d2f59cd251f89573d0e,CaMSDEBp5zy2QxSYqDxqbk28qxFwzLXiNdFJiv9TKqhU,So11111111111111111111111111111111111111112,59obFNBzyTBGowrkif5uK7ojS58vsuWz3ZCvg6tfZAGw,wSOL,PST,buy,4539246,459000,0,0,expired,Winner too late: creation blockhash expired,,,,322,acquire
2026-10-07T21:36:14.271751Z,0x4d52b5726b108c42ee4aee6424fa453712c445b2e40ae581473b6e1862e72a65,EDimKwHuMtcwxxbAfQPT3EaH9CPpyTLARxLRRwiZV26v,So11111111111111111111111111111111111111112,5XZw2LKTyrfvfiskJ78AMpackRjPcyCif1WhUsPDuVqQ,wSOL,WBTC,sell,5000000,688,0,0,expired,Winner too late: creation blockhash expired,,,,347,main
2026-10-07T21:36:15.088111Z,0x0f9dc45007373f380d5bc8a1335db4490687bc05f781b88363b1f6273f8291aa,GikSpMABHu6MJERkF3N9GMmwPXfEBxABjChVkK1W9ji4,So11111111111111111111111111111111111111112,he1iusmfkpAdwvxLNGV8Y1iSbj4rUy6yMhEA3fotn9A,wSOL,hSOL,sell,5000000,4179674,0,0,expired,Winner too late: creation blockhash expired,,,,405,main
2026-10-07T21:36:16.895580Z,0xe439acc1a3a624f7189007f0f605ffbb3bc033d552813fd553a38a3f758745fb,BsXAAY6SvTyWYjwKCa5SUs1kDBK6n7ia7qvRPVj5dFgz,So11111111111111111111111111111111111111112,SATqS9DYpLQsM2z51P4QCoqJRHa5wboV4qjJerJRUSH,wSOL,RUSH,sell,5000000,8021193,0,0,expired,Winner too late: creation blockhash expired,,,,333,main
2026-10-07T21:36:21.394948Z,0xe82fd2c45222b5eba5fb02fed5e3c10bfa128ec3c3c60667e7bce389ca69d0d2,4p3tgZxpw2gKnJnVwQ4Ah3av47HywcXfFaXTFGNU2aTT,So11111111111111111111111111111111111111112,74SBV4zDXxTRgv1pEMoECskKBkZHc2yGPnc7GYVepump,wSOL,swarms,buy,4522457,64000000,0,0,expired,Winner too late: creation blockhash expired,,,,302,acquire
2026-10-07T21:36:24.395980Z,0x81051a55e91db30a3aa0115b273100509b946a59a1b472cb977277040fc61f04,5akdWDVyHEWgFASL9q18W1wvJcy546hL4EGfPF6Hiwrd,So11111111111111111111111111111111111111112,6dX5M8DY6VTFtVRX5yzWn9RE4MkJTyoAVbAodk6cpump,wSOL,GEOM,sell,5000000,214122075,0,0,expired,Winner too late: creation blockhash expired,,,,355,main
2026-10-07T21:36:31.146564Z,0x6c9bb1af0a1d31f0378a7c8e44de55296a64cbfd7626391b6a6371ab614bcd31,CDY1rvEes25vx7DZwxp5BRSgAewDQMgwBExfAMEymdMC,So11111111111111111111111111111111111111112,8wxkvAfEns76yBzu4MnbV7VnXWjg3iDPA9uwAQ6cpump,wSOL,SOLANGELES,sell,5000000,580635941,0,0,expired,Winner too late: creation blockhash expired,,,,385,main
2026-10-07T21:36:33.020824Z,0xa27c560d10b45d2bb68d88ad5799ca6e0fe7e274fe23d7a9da43dbab144e378d,91V7pVaQyARieyPXcNpxQZdqk5KoH7P1vgg2YHNBfSti,So11111111111111111111111111111111111111112,C1MHyoTJpRTeS9AQCyspNVu2EWAYCZwmJ1jNkEArFP1f,wSOL,APE,sell,5000000,3892316459,0,0,expired,Winner too late: creation blockhash expired,,,,387,main
2026-10-07T21:36:33.645825Z,0xc647f1eb7aec9662ad392a4bee4084597257565afdff0285e0af8a146ef6ddb9,AEZeUZRrPrAJ94wX66QCy4hwNYQyM4SR9tzQzUjg7UPX,So11111111111111111111111111111111111111112,y1AZt42vceCmStjW4zetK3VoNarC1VxJ5iDjpiupump,wSOL,FARTBOY,buy,4523699,28000000000,0,0,expired,Winner too late: creation blockhash expired,,,,480,acquire
2026-10-07T21:36:37.036006Z,0x88cc427080b13fce0b5d9fed779a403c56e82f9400ae55dd25c7c05a3d019939,7RqUGHCV2tngEBctNc8o58nPDy6AsYzsUHAW2JgA2XX9,So11111111111111111111111111111111111111112,HgBRWfYxEfvPhtqkaeymCQtHCrKE46qQ43pKe8HCpump,wSOL,Bert,sell,5000000,44394069,0,0,expired,Winner too late: creation blockhash expired,,,,371,main
2026-10-07T21:36:37.646474Z,0x575fb2ec9dd4695e9c5fd80cb549e7d99e7672c3e2677a00925e764162b96f53,CcQdkRAXeX7seuZLmiapfpM6CVBndVrsvMe38E4Uypyg,So11111111111111111111111111111111111111112,PAYmo6moDF3Ro3X6bU2jwe2UdBnBhv8YjLgL1j4DxGu,wSOL,PAYAI,buy,4523670,57300000000,0,0,expired,Winner too late: creation blockhash expired,,,,450,acquire
2026-10-07T21:36:38.645035Z,0xc2880480381152a93410f1ea3ebf1092e916328497f37211ed3501364bd38a18,HoWtt82mr4wqKqMDy4jFDRs1C9kt3kY6KtXH3i83fyn5,So11111111111111111111111111111111111111112,A8C3xuqscfmyLrte3VmTqrAq8kgMASius9AFNANwpump,wSOL,FWOG,sell,5000000,107032591,0,0,expired,Winner too late: creation blockhash expired,,,,461,main
2026-10-07T21:36:39.397013Z,0xbd59a94d3087df7c3efea5db3ccf846c7adb68a141021a962131adc5b0a447e9,HTsxGEXBSe8rdUJjtW7e4v4YChNXTVmLQXuqBvvQtJuF,So11111111111111111111111111111111111111112,HeeBovJNKd27tQ6xkeP1dfSyTr8LyLwhJz9wfFTbPLEX,wSOL,HEEBOO,buy,4650436,57900000,0,0,expired,Winner too late: creation blockhash expired,,,,438,acquire
2026-10-07T21:36:41.273129Z,0xa1d08b8413153e3a7ee0fc2b210b332301ab79239ef27f40feffb38d6696f3d3,CagkCmsroJWAiUWrigym7vR9wGYV5aKWanTGu3ZARKqD,So11111111111111111111111111111111111111112,vRseBFqTy9QLmmo5qGiwo74AVpdqqMTnxPqWoWMpump,wSOL,Verse,sell,5000000,26488232,0,0,expired,Winner too late: creation blockhash expired,,,,403,main
2026-10-07T21:36:41.520320Z,0xb5d8552db4acd8888d4f3d5a4cbb42c9a3bde34560e07c742a788a79853bb15e,GcY8jk3HeHLDmdPa8wRVnHkn8f77frWdZxRWr6rrdyus,So11111111111111111111111111111111111111112,AMC1qwR9KhiyrQBRPrxnfo4JfMeMZqEBvt5tgTytNNoc,wSOL,AMC,sell,5000000,199873,0,0,expired,Winner too late: creation blockhash expired,,,,379,main
2026-10-07T21:36:41.897784Z,0x27ab657abd2e85cf9c8c6906eeceb856ba1c09660180ea0177e7763c1ce0f631,2kV12Qsin6Wfxr2Pr6M8bqUbjqMppw4gpqAbV18TiFfJ,So11111111111111111111111111111111111111112,4nV5gNwwP68zUDat26ySChREqVaQaLudfJBkSgEzpump,wSOL,BOBO,sell,5000000,106744975,0,0,expired,Winner too late: creation blockhash expired,,,,457,main
2026-10-07T21:36:43.020281Z,0x84062fcf462b13c3a1ab5e0124b3c2fd8c206978bab451fd02116a5c786da3c9,7wPqkLkFafKQZEkqFhbCP2c9vapCvxmbM7AcKRgMT8u6,So11111111111111111111111111111111111111112,9McvH6w97oewLmPxqQEoHUAv3u5iYMyQ9AeZZhguYf1T,wSOL,Anon,sell,5000000,1621864782,0,0,expired,Winner too late: creation blockhash expired,,,,477,main
2026-10-07T21:36:43.902926Z,0x967d27adf8beba60378651ce8fb81d3a91be73ddedc5b780a4793562275f3222,BQAD73uj3XftKnCB5ZB7P67b7AvEdfLefYbLiipch5oC,So11111111111111111111111111111111111111112,bSo13r4TkiE4KumL71LsHTPpL2euBYLFx6h9HP3piy1,wSOL,bSOL,buy,4521884,3410000,0,0,expired,Winner too late: creation blockhash expired,,,,304,acquire
2026-10-07T21:36:45.411390Z,0xbc2fdc5ab0dd80ff3455f3fb96c87835ee179f7794fc40bad1c3f734ae4f6579,DoD7Kb5bE6Jr7Eq2JTdYwfLn7718RzpYxKyQen2rxiBQ,So11111111111111111111111111111111111111112,A1KLoBrKBde8Ty9qtNQUtq3C2ortoC3u7twggz7sEto6,wSOL,USDY,sell,5000000,499154,0,0,expired,Winner too late: creation blockhash expired,,,,485,main
2026-10-07T21:36:45.897736Z,0xe5ef757d0cf9e3d0e8f71c04b7adb40b821c0899171b3c864f2a4f72c06d7cbd,FjcXArDzUrBTJ1Lv6Yc8n9atjkNYaxKosVjn6VSxZTrK,So11111111111111111111111111111111111111112,Xs3eBt7uRfJX8QUs4suhyU8p2M6DoUDrJyWBa8LLZsg,wSOL,AMZNx,sell,5000000,221470,0,0,expired,Winner too late: creation blockhash expired,,,,313,main
2026-10-07T21:36:48.148445Z,0x6ce87a463d316ab1bd91ae9f44cc0269d7683c21b7efde93f0f176dec48a1998,AQtmpjmjjZTzzs5W2Ld4gPteDe1teLKMpwj3v5GAv7ef,So11111111111111111111111111111111111111112,MEFNBXixkEbait3xn9bkm8WsJzXtVsaJEn4c8Sam21u,wSOL,ME,buy,4534150,7320000,0,0,expired,Winner too late: creation blockhash expired,,,,470,acquire
2026-10-07T21:36:48.897612Z,0xae38425d7e0333d3800609f9e884125419cc7788218f629394b994869a07ab54,AM6Qwi3vwMCGpRbJ55zDatByeAtsbcfXvXBh77be8C9T,So11111111111111111111111111111111111111112,5Jr9hGmJgxBRjjF8XGcGgQzXUdsbpZNNMpigEv8Wpump,wSOL,MUSHU,buy,4520803,147000000,0,0,expired,Winner too late: creation blockhash expired,,,,430,acquire
2026-10-07T21:36:49.030745Z,0x6336bcde43e865d20f19c1a614d21bc787e7a464fba23a84fac0f4a0662efbae,EGXsUdM4HLc983jD276LHz87k5zBZSJrJc137qcokK8D,So11111111111111111111111111111111111111112,NKEda5nHhNGgjrE9nDdMvaEmkmJ96qqxzBVZEcKmjSg,wSOL,NKE,sell,5000000,16802,0,0,expired,Winner too late: creation blockhash expired,,,,331,main
2026-10-07T21:36:49.146846Z,0x181f9bfc03553994a2bcbb06a23048bbb32c7a674620f3ee5d7746893abc73e5,4SqtvDu46EtUmHrpwzvvzqUtA8FJD7tY3baar9XQU33g,So11111111111111111111111111111111111111112,AWGCDT2gd8JadbYbYyZy1iKxfWokPNgrEQoU24zUpump,wSOL,Clude,sell,5000000,864350066,0,0,expired,Winner too late: creation blockhash expired,,,,473,main
2026-10-07T21:36:49.773409Z,0x27cad90312a5922136e752c9f85d2fe33de81ca844c002db1ed703b48b18c0d3,3FHY6qZALHavE387YcUMyqFYdYCiR5PbLSxdQBpwR6JK,So11111111111111111111111111111111111111112,3iQL8BFS2vE7mww4ehAqQHAsbmRNCrPxizWAT2Zfyr9y,wSOL,VIRTUAL,buy,4526217,677000000,0,0,expired,Winner too late: creation blockhash expired,,,,368,acquire
2026-10-07T21:36:52.398723Z,0xf0ce565678c9146bd04501a769ec38a322c621c975249761ac61ad031a2a3df4,Dy1CJYGtZBZBsAqe13BPSYqDy1pyrThHBi6g2zTVASd1,So11111111111111111111111111111111111111112,FQgtfugBdpFN7PZ6NdPrZpVLDBrPGxXesi4gVu3vErhY,wSOL,BMT,buy,4526950,28100000000,0,0,expired,Winner too late: creation blockhash expired,,,,412,acquire
2026-10-07T21:36:53.523227Z,0x8e27c73e25f532d9d1b4bdeec9aaee14a832e263029d7a8f3007939c55992a60,9XSrZ8RkSZ3WDoGkrgWHrmMhixsoWZTLnPxBtQNWNK9c,So11111111111111111111111111111111111111112,CrAr4RRJMBVwRsZtT62pEhfA9H5utymC2mVx8e7FreP2,wSOL,MON,sell,5000000,2246250504,0,0,expired,Winner too late: creation blockhash expired,,,,459,main
2026-10-07T21:36:55.521602Z,0x783b964f531939f393c09a051d8cf685e3cc0e95c670ee84618f0370fd5f0ae5,BPmy52DKPodqoSUirZUBedULujAZr6s778i4hc153r1X,So11111111111111111111111111111111111111112,72QvBVwpxqmheEPfaCwWSWqEFsUy3rhWt6JhQBMNTwD1,wSOL,ENA,sell,5000000,2551670413,0,0,expired,Winner too late: creation blockhash expired,,,,375,main
2026-10-07T21:36:56.147070Z,0x63f947653b6dbe2ac89ee6c635748b08b5ffd075dddcbb710e921f4741f56664,CaMSDEBp5zy2QxSYqDxqbk28qxFwzLXiNdFJiv9TKqhU,So11111111111111111111111111111111111111112,EmcxFTNVDqyLHp11NvwvLZ4D7LKGbG9i7B8RF7dwpump,wSOL,ZERO,sell,5000000,1148348555,0,0,expired,Winner too late: creation blockhash expired,,,,381,main
2026-10-07T21:36:58.521598Z,0x82002b06ae09a1ed23a2aae142352f04247f8f69c096c5b00f0be3892c1e2ab5,GikSpMABHu6MJERkF3N9GMmwPXfEBxABjChVkK1W9ji4,So11111111111111111111111111111111111111112,he1iusmfkpAdwvxLNGV8Y1iSbj4rUy6yMhEA3fotn9A,wSOL,hSOL,buy,4522099,3780000,0,0,expired,Winner too late: creation blockhash expired,,,,406,acquire
2026-10-07T21:37:01.519775Z,0x33e757b6881a1c97c01a95e6efa2efd6b552143f583d20cc17005bdbb58ac028,EDimKwHuMtcwxxbAfQPT3EaH9CPpyTLARxLRRwiZV26v,So11111111111111111111111111111111111111112,5XZw2LKTyrfvfiskJ78AMpackRjPcyCif1WhUsPDuVqQ,wSOL,WBTC,buy,4528294,623,0,0,expired,Winner too late: creation blockhash expired,,,,348,acquire
2026-10-07T21:37:03.922364Z,0xc608506023b906228f64ba139c36cd8d476d727ae3eba355c39a3982e5b1919b,BsXAAY6SvTyWYjwKCa5SUs1kDBK6n7ia7qvRPVj5dFgz,So11111111111111111111111111111111111111112,SATqS9DYpLQsM2z51P4QCoqJRHa5wboV4qjJerJRUSH,wSOL,RUSH,buy,4541965,7260000,0,0,expired,Winner too late: creation blockhash expired,,,,334,acquire
2026-10-07T21:37:05.022444Z,0xcb9bbdf958dbbf2339b93e4f274ed5acbe34661b2be230cd7d417e8965551e23,4p3tgZxpw2gKnJnVwQ4Ah3av47HywcXfFaXTFGNU2aTT,So11111111111111111111111111111111111111112,9gP2kCy3wA1ctvYWQk75guqXuHfrEomqydHLtcTCqiLa,wSOL,BNB,sell,5000000,74677,0,0,expired,Winner too late: creation blockhash expired,,,,361,main
2026-10-07T21:37:07.024215Z,0x9c8aca85bdfbcdfa20c4d97ff8c8b8f6b0d42714193ef01cbbd57d7652f66eef,5akdWDVyHEWgFASL9q18W1wvJcy546hL4EGfPF6Hiwrd,So11111111111111111111111111111111111111112,CB9dDufT3ZuQXqqSfa1c5kY935TEreyBw9XJXxHKpump,wSOL,USDUC,sell,5000000,203944318,0,0,expired,Winner too late: creation blockhash expired,,,,415,main
2026-10-07T21:37:17.270782Z,0xf1c39d5826183bb12e86549abfc8145515c29db9edd296d24fb33dcdfb94e5dd,CDY1rvEes25vx7DZwxp5BRSgAewDQMgwBExfAMEymdMC,So11111111111111111111111111111111111111112,8Jx8AAHj86wbQgUTjGuj6GTTL5Ps3cqxKRTvpaJApump,wSOL,PENGUIN,sell,5000000,960907594,0,0,expired,Winner too late: creation blockhash expired,,,,445,main
2026-10-07T21:37:18.998879Z,0x2f1df9a4a1e130826b9aa0e3c5435ea0bb553b62b895cf01ad48069e69d73ab5,91V7pVaQyARieyPXcNpxQZdqk5KoH7P1vgg2YHNBfSti,So11111111111111111111111111111111111111112,C1MHyoTJpRTeS9AQCyspNVu2EWAYCZwmJ1jNkEArFP1f,wSOL,APE,buy,4524077,3520000000,0,0,expired,Winner too late: creation blockhash expired,,,,388,acquire
2026-10-07T21:37:22.148971Z,0xaf319f4aaeea16eea696cfdefd0d6fd80e73c4bc71a8033ebcf658839863c1bd,7RqUGHCV2tngEBctNc8o58nPDy6AsYzsUHAW2JgA2XX9,So11111111111111111111111111111111111111112,HgBRWfYxEfvPhtqkaeymCQtHCrKE46qQ43pKe8HCpump,wSOL,Bert,buy,4527476,40200000,0,0,expired,Winner too late: creation blockhash expired,,,,372,acquire
2026-10-07T21:37:23.652798Z,0x802df0afcf3bf65ef494e240491c80d90dd430a51434ca5f289c53d2a0ebc2cb,HoWtt82mr4wqKqMDy4jFDRs1C9kt3kY6KtXH3i83fyn5,So11111111111111111111111111111111111111112,A8C3xuqscfmyLrte3VmTqrAq8kgMASius9AFNANwpump,wSOL,FWOG,buy,4521870,96800000,0,0,expired,Winner too late: creation blockhash expired,,,,462,acquire
2026-10-07T21:37:25.019604Z,0xb855e6378bcdf31fa25140dd57a628e7becb7fea5e5a8e3f0122fcd57e6217bc,HTsxGEXBSe8rdUJjtW7e4v4YChNXTVmLQXuqBvvQtJuF,So11111111111111111111111111111111111111112,6yjNqPzTSanBWSa6dxVEgTjePXBrZ2FoHLDQwYwEsyM6,wSOL,Chud,sell,5000000,482530739,0,0,expired,Winner too late: creation blockhash expired,,,,497,main
2026-10-07T21:37:26.896909Z,0xde9c49c15fbdde6debf4ac7d64e758b00e9036093f8c5434694c30692be4349a,CagkCmsroJWAiUWrigym7vR9wGYV5aKWanTGu3ZARKqD,So11111111111111111111111111111111111111112,5z3EqYQo9HiCEs3R84RCDMu2n7anpDMxRhdK8PSWmrRC,wSOL,PONKE,sell,5000000,25353034803,0,0,expired,Winner too late: creation blockhash expired,,,,463,main
2026-10-07T21:37:27.522083Z,0x025d63f00798f8170657b977081813333cd9644f006c3745c2ea759242c11157,GcY8jk3HeHLDmdPa8wRVnHkn8f77frWdZxRWr6rrdyus,So11111111111111111111111111111111111111112,BeGY8KqKxboEwRbJd1q9H2K829jS4Rc5dEyNMYXCbV5p,wSOL,NPC,sell,5000000,2755687503,0,0,expired,Winner too late: creation blockhash expired,,,,439,main
2026-10-07T21:37:27.774221Z,0x4aacd423d3f587ac45e12b5c6f808a5299f4f203bd64cef896458fa04e9ddc53,7wPqkLkFafKQZEkqFhbCP2c9vapCvxmbM7AcKRgMT8u6,So11111111111111111111111111111111111111112,9McvH6w97oewLmPxqQEoHUAv3u5iYMyQ9AeZZhguYf1T,wSOL,Anon,buy,4531661,1470000000,0,0,expired,Winner too late: creation blockhash expired,,,,478,acquire
2026-10-07T21:37:29.021320Z,0x2fc9591b820e8e56bffd65d872bde2bd362c108614287a4828ddc5f493cb2c1a,BQAD73uj3XftKnCB5ZB7P67b7AvEdfLefYbLiipch5oC,So11111111111111111111111111111111111111112,739dnZEG4yaBWFsY8L8ZwrfhGG6dhtCSercW8Umspump,wSOL,CLAW,sell,5000000,64219287,0,0,expired,Winner too late: creation blockhash expired,,,,363,main
2026-10-07T21:37:30.279053Z,0xc7d5968be6723d8bc0ff973ffbc6a3292fc6527043c84432017f81333a5eac14,DoD7Kb5bE6Jr7Eq2JTdYwfLn7718RzpYxKyQen2rxiBQ,So11111111111111111111111111111111111111112,A1KLoBrKBde8Ty9qtNQUtq3C2ortoC3u7twggz7sEto6,wSOL,USDY,buy,4538014,453000,0,0,expired,Winner too late: creation blockhash expired,,,,486,acquire
2026-10-07T21:37:30.897718Z,0x8293f5fd44200e85335ff8ba5c7ab167ccaee5e4aebb849a05bb3abaf2866195,FjcXArDzUrBTJ1Lv6Yc8n9atjkNYaxKosVjn6VSxZTrK,So11111111111111111111111111111111111111112,31k88G5Mq7ptbRDf3AM13HAq6wRQHXHikR8hik7wPygk,wSOL,GP,sell,5000000,1103229111,0,0,expired,Winner too late: creation blockhash expired,,,,373,main
2026-10-07T21:37:32.647440Z,0x9f4d7680c5a10e1ad21975c8a3e6c52ef1a17536dd8373ce73ff1fe4f4147bd9,AM6Qwi3vwMCGpRbJ55zDatByeAtsbcfXvXBh77be8C9T,So11111111111111111111111111111111111111112,J1Wpmugrooj1yMyQKrdZ2vwRXG5rhfx3vTnYE39gpump,wSOL,WOULD,sell,5000000,20816584,0,0,expired,Winner too late: creation blockhash expired,,,,489,main
2026-10-07T21:37:33.147400Z,0x7e8307f8f37f7e379453a39165915a08aa67c00cf2cd9c4525f8f09071bc605a,EGXsUdM4HLc983jD276LHz87k5zBZSJrJc137qcokK8D,So11111111111111111111111111111111111111112,DBRiDgJAMsM95moTzJs7M9LnkGErpbv9v6CUR1DXnUu5,wSOL,DBR,sell,5000000,31290058,0,0,expired,Winner too late: creation blockhash expired,,,,391,main
2026-10-07T21:37:34.153159Z,0x7445b044b32fdef4e24f8a7385fc0774c5359eb0d7baad24012470bb88f1a4c7,3FHY6qZALHavE387YcUMyqFYdYCiR5PbLSxdQBpwR6JK,So11111111111111111111111111111111111111112,CzLTZppPdZtTjyq3WGpHLstoc3GLhu7zH5Zg6xUa6Gv5,wSOL,COPX,sell,5000000,6896,0,0,expired,Winner too late: creation blockhash expired,,,,427,main
2026-10-07T21:37:36.521848Z,0xef19ab60ca05204f71c66cb72c774bf23e0171907d41f984c3eb2b04758c29d3,9XSrZ8RkSZ3WDoGkrgWHrmMhixsoWZTLnPxBtQNWNK9c,So11111111111111111111111111111111111111112,CrAr4RRJMBVwRsZtT62pEhfA9H5utymC2mVx8e7FreP2,wSOL,MON,buy,4498530,2020000000,0,0,expired,Winner too late: creation blockhash expired,,,,460,acquire
2026-10-07T21:37:37.773233Z,0x66129851d5e528e53c80cb4f7c5b6d4a828f087a358861cb9cb153fc265897af,BPmy52DKPodqoSUirZUBedULujAZr6s778i4hc153r1X,So11111111111111111111111111111111111111112,72QvBVwpxqmheEPfaCwWSWqEFsUy3rhWt6JhQBMNTwD1,wSOL,ENA,buy,4517924,2290000000,0,0,expired,Winner too late: creation blockhash expired,,,,376,acquire
2026-10-07T21:37:38.899991Z,0x7c6196a722b64a0e60cf45d1fd4c6673ce427f72ba731dc8c874c24fc62e7045,Dy1CJYGtZBZBsAqe13BPSYqDy1pyrThHBi6g2zTVASd1,So11111111111111111111111111111111111111112,8SMMso8Muv8d6i4WmMDthKt6TN1ysN6937sx3DKLXZqB,wSOL,RHEA,sell,5000000,7262941494,0,0,expired,Winner too late: creation blockhash expired,,,,471,main
2026-10-07T21:37:39.147924Z,0xd583919a2e0fdec7cb4f155531b1fb213680aaddba011a89da9e784df6080cd3,CaMSDEBp5zy2QxSYqDxqbk28qxFwzLXiNdFJiv9TKqhU,So11111111111111111111111111111111111111112,CcLd8HTAKLWtQHatqPwBQjtuCA72FNB9E1ckRTEzpump,wSOL,ALTSZN,sell,5000000,149929004,0,0,expired,Winner too late: creation blockhash expired,,,,441,main
2026-10-07T21:37:41.021934Z,0xeca3947abade6bef2a7fadac614595c0a77d82996ceb6279d8d3fba1cbdb945b,GikSpMABHu6MJERkF3N9GMmwPXfEBxABjChVkK1W9ji4,So11111111111111111111111111111111111111112,4K1m7gAMDKzrxQn68yuZAd767w57Fw7Ykw69dG3umeta,wSOL,RAWR,sell,5000000,21136213,0,0,expired,Winner too late: creation blockhash expired,,,,465,main
2026-10-07T21:37:46.112661Z,0x19cc0042c0989df4205d34ffe4f670bad8bd1b85389e4bfcd3fd06125956153b,EDimKwHuMtcwxxbAfQPT3EaH9CPpyTLARxLRRwiZV26v,So11111111111111111111111111111111111111112,DKNGQFNGQmoBdXSRGKJ8tTu7uPDasw5JDcfMmWniNfow,wSOL,DKNG,sell,5000000,30078,0,0,expired,Winner too late: creation blockhash expired,,,,407,main
2026-10-07T21:37:47.956115Z,0x953bc6e02b384b265f92f0707635e6b43309e966d2cd24d6eee7153aa6f34b9f,BsXAAY6SvTyWYjwKCa5SUs1kDBK6n7ia7qvRPVj5dFgz,So11111111111111111111111111111111111111112,9AvytnUKsLxPxFHFqS6VLxaxt5p6BhYNr53SD2Chpump,wSOL,67,sell,5000000,266354563,0,0,expired,Winner too late: creation blockhash expired,,,,393,main
2026-10-07T21:37:49.212490Z,0x1bfeef752433d6a2e88f89fbcb1265915164906539ca8089c308485cece82ff2,4p3tgZxpw2gKnJnVwQ4Ah3av47HywcXfFaXTFGNU2aTT,So11111111111111111111111111111111111111112,9gP2kCy3wA1ctvYWQk75guqXuHfrEomqydHLtcTCqiLa,wSOL,BNB,buy,4526110,67600,0,0,expired,Winner too late: creation blockhash expired,,,,362,acquire
2026-10-07T21:37:51.204535Z,0x2e06dd6c88f2c75a3af544e70d64788d811fa40428a55b20580a132d032688d7,5akdWDVyHEWgFASL9q18W1wvJcy546hL4EGfPF6Hiwrd,So11111111111111111111111111111111111111112,3B1ijcocM5EDga6XxQ7JLW7weocQPWWjuhBYG8Vepump,wSOL,BP,sell,5000000,296807090,0,0,expired,Winner too late: creation blockhash expired,,,,475,main
2026-10-07T21:38:06.685635Z,0x57f3f277b23ba4ce56494ae9366d7682b5c11ec274afaeac1373a502d21d334e,7RqUGHCV2tngEBctNc8o58nPDy6AsYzsUHAW2JgA2XX9,So11111111111111111111111111111111111111112,BABANGA4JE7Kkam4nTrALAwAVgsNJUuFJnnkF7S16BZp,wSOL,BABA,sell,5000000,5367,0,0,expired,Winner too late: creation blockhash expired,,,,431,main
2026-10-07T21:38:09.083760Z,0x15ff4d99b505fbaaa8f92cb8e538f0e9bcae74db4f618a95fe758fd89822d92d,HTsxGEXBSe8rdUJjtW7e4v4YChNXTVmLQXuqBvvQtJuF,So11111111111111111111111111111111111111112,6yjNqPzTSanBWSa6dxVEgTjePXBrZ2FoHLDQwYwEsyM6,wSOL,Chud,buy,4517728,436000000,0,0,expired,Winner too late: creation blockhash expired,,,,498,acquire
2026-10-07T21:38:10.720343Z,0x716b252ea605dd21dfc07b95de4c741a527cc8597902223d4c95f4cc3984ebef,CagkCmsroJWAiUWrigym7vR9wGYV5aKWanTGu3ZARKqD,So11111111111111111111111111111111111111112,5z3EqYQo9HiCEs3R84RCDMu2n7anpDMxRhdK8PSWmrRC,wSOL,PONKE,buy,4516128,22900000000,0,0,expired,Winner too late: creation blockhash expired,,,,464,acquire
2026-10-07T21:38:10.869549Z,0x2cfc8b5f67b6ca307d51a9b1a147d6d96d754d7c3bc0d4e417f542eed84e4b82,GcY8jk3HeHLDmdPa8wRVnHkn8f77frWdZxRWr6rrdyus,So11111111111111111111111111111111111111112,BeGY8KqKxboEwRbJd1q9H2K829jS4Rc5dEyNMYXCbV5p,wSOL,NPC,buy,4535904,2490000000,0,0,expired,Winner too late: creation blockhash expired,,,,440,acquire
2026-10-07T21:38:12.511491Z,0x9fd851d5a3a45cb126ae8149648d5fd053aa49ab350ca652dc5016f18338a9ba,BQAD73uj3XftKnCB5ZB7P67b7AvEdfLefYbLiipch5oC,So11111111111111111111111111111111111111112,FUAfBo2jgks6gB4Z4LfZkqSZgzNucisEHqnNebaRxM1P,wSOL,MELANIA,sell,5000000,5925770,0,0,expired,Winner too late: creation blockhash expired,,,,423,main
2026-10-07T21:38:13.765590Z,0x70d7b86169473f6077c8d009243c278cefd293e1b6b5550c6a3b1846d440762f,FjcXArDzUrBTJ1Lv6Yc8n9atjkNYaxKosVjn6VSxZTrK,So11111111111111111111111111111111111111112,31k88G5Mq7ptbRDf3AM13HAq6wRQHXHikR8hik7wPygk,wSOL,GP,buy,4441060,979000000,0,0,expired,Winner too late: creation blockhash expired,,,,374,acquire
2026-10-07T21:38:15.257187Z,0x176951eb4d94f76fafdad5f6abe900406536d87f11d902f4502fbbe5d3f20e3f,AM6Qwi3vwMCGpRbJ55zDatByeAtsbcfXvXBh77be8C9T,So11111111111111111111111111111111111111112,J1Wpmugrooj1yMyQKrdZ2vwRXG5rhfx3vTnYE39gpump,wSOL,WOULD,buy,4515514,18800000,0,0,expired,Winner too late: creation blockhash expired,,,,490,acquire
2026-10-07T21:38:16.139397Z,0x6bbcb599ccc7a11f2f67bce31e83773f5d740915abfbc20a11371a1d84bafcd3,EGXsUdM4HLc983jD276LHz87k5zBZSJrJc137qcokK8D,So11111111111111111111111111111111111111112,DBRiDgJAMsM95moTzJs7M9LnkGErpbv9v6CUR1DXnUu5,wSOL,DBR,buy,4554038,28500000,0,0,expired,Winner too late: creation blockhash expired,,,,392,acquire
2026-10-07T21:38:19.399593Z,0xaa333175173fa49f5e815b9edd8ae942ad6e6cfa41ae5365de46e58f80ff1963,BPmy52DKPodqoSUirZUBedULujAZr6s778i4hc153r1X,So11111111111111111111111111111111111111112,DvjbEsdca43oQcw2h3HW1CT7N3x5vRcr3QrvTUHnXvgV,wSOL,DOOD,sell,5000000,358613814532,0,0,expired,Winner too late: creation blockhash expired,,,,435,main
2026-10-07T21:38:20.527504Z,0xfcc7f4bd80c662ae057832f95b199dca22b46f9d458222dc9d138966031333dc,3FHY6qZALHavE387YcUMyqFYdYCiR5PbLSxdQBpwR6JK,So11111111111111111111111111111111111111112,BMKdM4yUxX12moFqVk195k7coMbaybd4RUKCUdm7D1Sk,wSOL,IBM,sell,5000000,2605,0,0,expired,Winner too late: creation blockhash expired,,,,487,main
2026-10-07T21:38:23.820149Z,0xd8fad741bec00b911a53cf41c83b514896c776549a026bc5af29eebb0071021a,Dy1CJYGtZBZBsAqe13BPSYqDy1pyrThHBi6g2zTVASd1,So11111111111111111111111111111111111111112,8SMMso8Muv8d6i4WmMDthKt6TN1ysN6937sx3DKLXZqB,wSOL,RHEA,buy,4324822,6270000000,0,0,expired,Winner too late: creation blockhash expired,,,,472,acquire
2026-10-07T21:38:27.970716Z,0x68533d9a3e1d13c4aa9f3f0c87a18271098d74de46ab7efdd242096b612cbe5d,EDimKwHuMtcwxxbAfQPT3EaH9CPpyTLARxLRRwiZV26v,So11111111111111111111111111111111111111112,8PzFWyLpCVEmbZmVJcaRTU5r69XKJx1rd7YGpWvnpump,wSOL,Percolator,sell,5000000,244564685,0,0,expired,Winner too late: creation blockhash expired,,,,467,main
2026-10-07T21:38:30.028274Z,0xbe385110a7cc231360c67d673ea8936b93bb5939cb735bbe0dd180c7d5593bb6,BsXAAY6SvTyWYjwKCa5SUs1kDBK6n7ia7qvRPVj5dFgz,So11111111111111111111111111111111111111112,BZFYNPeQAEW3HWQ4DNsTVahC1n4ZjTgn6jB2nnBbB96W,wSOL,SAPLING,sell,5000000,244706908,0,0,expired,Winner too late: creation blockhash expired,,,,453,main
2026-10-07T21:38:34.311132Z,0xcfb3d3dc918d02df0a5ff002f476d0c74a90378014fe0902dae68e8e8250cf92,4p3tgZxpw2gKnJnVwQ4Ah3av47HywcXfFaXTFGNU2aTT,So11111111111111111111111111111111111111112,7dHbWXmci3dT8UFYWYZweBLXgycu7Y3iL6trKn1Y7ARj,wSOL,stSOL,sell,5000000,4513211,0,0,expired,Winner too late: creation blockhash expired,,,,421,main
2026-10-07T21:38:51.041208Z,0x0242f713b11ac4e20a76a40d0ba00577e2461e1d0a79b1da9b0678832ed79193,7RqUGHCV2tngEBctNc8o58nPDy6AsYzsUHAW2JgA2XX9,So11111111111111111111111111111111111111112,85VBFQZC9TZkfaptBWjvUw7YbZjy52A6mjtPGjstQAmQ,wSOL,W,sell,5000000,38660934,0,0,expired,Winner too late: creation blockhash expired,,,,491,main
2026-10-07T21:38:54.968104Z,0xfce682bfcfbef8a3bc93a0420166d8f1a6feaf8579e864027d07173c592f06b3,GcY8jk3HeHLDmdPa8wRVnHkn8f77frWdZxRWr6rrdyus,So11111111111111111111111111111111111111112,BZLbGTNCSFfoth2GYDtwr7e4imWzpR5jqcUuGEwr646K,wSOL,IO,sell,5000000,371117596,0,0,expired,Winner too late: creation blockhash expired,,,,499,main
2026-10-07T21:38:56.827609Z,0x554a4cb63c536b43b809988a599fefbc7b33157b798db2ea24c75a27928f6e9b,BQAD73uj3XftKnCB5ZB7P67b7AvEdfLefYbLiipch5oC,So11111111111111111111111111111111111111112,XshPgPdXFRWB8tP1j82rebb2Q9rPgGX37RuqzohmArM,wSOL,INTCx,sell,5000000,508166,0,0,expired,Winner too late: creation blockhash expired,,,,483,main
2026-10-07T21:38:57.740421Z,0xdb3fbad8766cba10a8443118cc1853daacb937f37f9d02f09d43e7ffd7c35e35,FjcXArDzUrBTJ1Lv6Yc8n9atjkNYaxKosVjn6VSxZTrK,So11111111111111111111111111111111111111112,ATBR4i19gcQ31Rfr7ymA2XvkCQEAkNFGBtVKTmdqpump,wSOL,Machi,sell,5000000,1214117293,0,0,expired,Winner too late: creation blockhash expired,,,,433,main
2026-10-07T21:39:00.197885Z,0xab736c38c23191ec1d92702c86816611dd5482dc296e5a654854c030dd98774f,EGXsUdM4HLc983jD276LHz87k5zBZSJrJc137qcokK8D,So11111111111111111111111111111111111111112,iNTCy1qTsUEZQe3DSocLz1ZXXai34Gdw8THQh5rxFaF,wSOL,INTC,sell,5000000,5075,0,0,expired,Winner too late: creation blockhash expired,,,,451,main
2026-10-07T21:39:05.901489Z,0xe881b28c3bddbc19521f8efecd59a6bc40cf11b2812abf66e1acbd82a4bf51d5,BPmy52DKPodqoSUirZUBedULujAZr6s778i4hc153r1X,So11111111111111111111111111111111111111112,DvjbEsdca43oQcw2h3HW1CT7N3x5vRcr3QrvTUHnXvgV,wSOL,DOOD,buy,4556268,326000000000,0,0,expired,Winner too late: creation blockhash expired,,,,436,acquire
2026-10-07T21:39:18.489882Z,0x10414b6de70d9d9ee0526f7d7d90bc26bea0a795ede89a7152113f82c028aea9,4p3tgZxpw2gKnJnVwQ4Ah3av47HywcXfFaXTFGNU2aTT,So11111111111111111111111111111111111111112,7dHbWXmci3dT8UFYWYZweBLXgycu7Y3iL6trKn1Y7ARj,wSOL,stSOL,buy,4520262,4080000,0,0,expired,Winner too late: creation blockhash expired,,,,422,acquire
2026-10-07T21:39:35.259558Z,0x0dfd1b1e2309b5be4802e39ecf097c7a6f7ed48e03b01994ef388f575742be1f,7RqUGHCV2tngEBctNc8o58nPDy6AsYzsUHAW2JgA2XX9,So11111111111111111111111111111111111111112,85VBFQZC9TZkfaptBWjvUw7YbZjy52A6mjtPGjstQAmQ,wSOL,W,buy,4610312,35600000,0,0,expired,Winner too late: creation blockhash expired,,,,492,acquire
2026-10-07T21:39:39.468126Z,0x5e8fa97ae8759b22d5feded07d93704b9b0cb313fc60d58be7b8160b9c35b568,GcY8jk3HeHLDmdPa8wRVnHkn8f77frWdZxRWr6rrdyus,So11111111111111111111111111111111111111112,BZLbGTNCSFfoth2GYDtwr7e4imWzpR5jqcUuGEwr646K,wSOL,IO,buy,4530196,336000000,0,0,expired,Winner too late: creation blockhash expired,,,,500,acquire
2026-10-07T21:39:42.319989Z,0x7b1d4b2bb1843950f85856dc4fc00b1ac6473dfe3f0cbdb2fd3411805d99768b,FjcXArDzUrBTJ1Lv6Yc8n9atjkNYaxKosVjn6VSxZTrK,So11111111111111111111111111111111111111112,8ZHE4ow1a2jjxuoMfyExuNamQNALv5ekZhsBn5nMDf5e,wSOL,MORI,sell,5000000,158740031026,0,0,expired,Winner too late: creation blockhash expired,,,,493,main
2026-10-07T21:39:50.484123Z,0xf3986548672c55ecf5d27b6f09f3d9c1bf1b1532e228b2d6f94a31c6a49b6373,BPmy52DKPodqoSUirZUBedULujAZr6s778i4hc153r1X,So11111111111111111111111111111111111111112,utLyQQCPvjuCc6zeaXdsFeEC3JNdxKS3vxaZWoGdoge,wSOL,OGDOGE,sell,5000000,373300190,0,0,expired,Winner too late: creation blockhash expired,,,,495,main
2026-10-07T21:40:00.332579Z,0x512357669e19207e6aa880522ee61c8640811f7f53fe6ea6c18f3a599d7bdf61,4p3tgZxpw2gKnJnVwQ4Ah3av47HywcXfFaXTFGNU2aTT,So11111111111111111111111111111111111111112,463SK47VkB7uE7XenTHKiVcMtxRsfNE2X4Q9wByaURVA,wSOL,TSUKI,sell,5000000,157080708673,0,0,expired,Winner too late: creation blockhash expired,,,,481,main
2026-10-07T21:40:26.741227Z,0x3416ab412d1918f4379683a762fd25151a8186e1faeddda7e1791264f262f7b6,FjcXArDzUrBTJ1Lv6Yc8n9atjkNYaxKosVjn6VSxZTrK,So11111111111111111111111111111111111111112,8ZHE4ow1a2jjxuoMfyExuNamQNALv5ekZhsBn5nMDf5e,wSOL,MORI,buy,4547957,144000000000,0,0,expired,Winner too late: creation blockhash expired,,,,494,acquire
2026-10-07T21:40:42.311841Z,0x1dc6e16e559b1e7e935963e215e09923deee2c4c01ff4c410eefa39994b44dee,4p3tgZxpw2gKnJnVwQ4Ah3av47HywcXfFaXTFGNU2aTT,So11111111111111111111111111111111111111112,463SK47VkB7uE7XenTHKiVcMtxRsfNE2X4Q9wByaURVA,wSOL,TSUKI,buy,4456191,140000000000,0,0,expired,Winner too late: creation blockhash expired,,,,482,acquire
2026-10-07T21:44:20.968890Z,0x7502ffc68d6720feff69b24a67d98c080546300fff66c1c8b85d9493bcbc9e45,CagkCmsroJWAiUWrigym7vR9wGYV5aKWanTGu3ZARKqD,RmtMAYVTTFv2iK9muMrXEoAnSSsZPPgRPbqZCKwNDYk,11111111111111111111111111111111,EYE,SOL (native),sell,8130799930,5493316,0,0,expired,Expired without a fill,,,,,cleanup
2026-10-07T21:44:21.252067Z,0xde975d441df3f37b3f86451ac8c1d5e66ded429f1daec5a0d2b19340a015e813,CagkCmsroJWAiUWrigym7vR9wGYV5aKWanTGu3ZARKqD,98kfF7rmsg1QDUEoCqNE7g7M1FdrTt92TEp2CLzypump,11111111111111111111111111111111,PAID,SOL (native),sell,120967996,5301776,0,0,expired,Expired without a fill,,,,,cleanup
2026-10-07T21:44:21.252067Z,0xcd767f062fdfc64f702e42d78f1ff3d7c4333becdb20d048cfe10cf001e472ae,CagkCmsroJWAiUWrigym7vR9wGYV5aKWanTGu3ZARKqD,5UUH9RTDiSpq6HKS6bp4NdU9PNJpXRXuiw6ShBTBhgH2,11111111111111111111111111111111,TROLL,SOL (native),sell,16261818,5583701,0,0,expired,Expired without a fill,,,,,cleanup
2026-10-07T21:44:22.348076Z,0x4ee234a607bbf8cbb330bd642d9afccee95d89a8734f4e2f832de99dea4a508f,Dy1CJYGtZBZBsAqe13BPSYqDy1pyrThHBi6g2zTVASd1,XsoCS1TfEyfFhfvj8EtZ528L3CaKBDBRqRapnBbDF2W,11111111111111111111111111111111,SPYx,SOL (native),sell,81403,5478105,0,0,expired,Expired without a fill,,,,,cleanup
2026-10-07T21:44:23.805102Z,0x09e9319da71d15c4693f152ec4762b615bab2fdb321f5bae2e029f20f635f03d,2kV12Qsin6Wfxr2Pr6M8bqUbjqMppw4gpqAbV18TiFfJ,USDSwr9ApdHk5bvJKMjzff41FfuX8bSxdKcR81vTwcA,11111111111111111111111111111111,USDS,SOL (native),sell,580053,4997251,0,0,expired,Expired without a fill,,,,,cleanup
2026-10-07T21:44:29.441252Z,0x98fa538faf06e29eb15fef05815cbe9cb8725f880e081a349e81db28e6ab14c4,7wPqkLkFafKQZEkqFhbCP2c9vapCvxmbM7AcKRgMT8u6,9BB6NFEcjBCtnNLFko2FqVQBq8HHM13kCyYcdQbgpump,11111111111111111111111111111111,Fartcoin,SOL (native),sell,7247783,9882057,0,0,expired,Expired without a fill,,,,,cleanup
2026-10-07T21:44:37.686167Z,0x96f0776cef3a79c8a66dbc6ee1030448f7dfc18aaf18467a356cd35f91916805,EDimKwHuMtcwxxbAfQPT3EaH9CPpyTLARxLRRwiZV26v,XsDoVfqeBukxuZHWhdvWHBhgEHjGNst4MLodqsJHzoB,11111111111111111111111111111111,TSLAx,SOL (native),sell,168042,5461719,0,0,expired,Expired without a fill,,,,,cleanup
2026-10-07T21:44:37.893750Z,0x9fbe33f848de4f9bc74f1263c1d566b05ecf94d1aa646ab6861213dd81570e39,EDimKwHuMtcwxxbAfQPT3EaH9CPpyTLARxLRRwiZV26v,J1toso1uCk3RLmjorhTtrVwY9HJ7X8V9yYac6Y7kGCPn,11111111111111111111111111111111,JitoSOL,SOL (native),sell,4209245,5456909,0,0,expired,Expired without a fill,,,,,cleanup
2026-10-07T21:44:38.436214Z,0xff97a2edf5c72cfaeb664ca5872c252fe10b315b84050b45d0867231a683ed87,5akdWDVyHEWgFASL9q18W1wvJcy546hL4EGfPF6Hiwrd,2zMMhcVQEXDtdE6vsFS7S7D5oUodfJHE8vd1gnBouauv,11111111111111111111111111111111,PENGU,SOL (native),sell,74106465,5437469,0,0,expired,Expired without a fill,,,,,cleanup
2026-10-07T21:44:39.453705Z,0x1d5012f7b914ce29a3d1663e28bb1265431193427e11c8108cf3a0bb357c44aa,GikSpMABHu6MJERkF3N9GMmwPXfEBxABjChVkK1W9ji4,8wXtPeU6557ETkp9WHFY1n1EcU6NxDvbAggHGsMYiHsB,11111111111111111111111111111111,GME,SOL (native),sell,799000000000,3426421,0,0,expired,Expired without a fill,,,,,cleanup
2026-10-07T21:44:40.769753Z,0xa10104c53605fef357b28ce4f57184aa83a2874383ddb46463aa2f029f7aef7f,HoWtt82mr4wqKqMDy4jFDRs1C9kt3kY6KtXH3i83fyn5,A2khRbhRJNrAEHj95htivC4cR4VbJwfssDH5FPPbP4m9,11111111111111111111111111111111,duk,SOL (native),sell,18600000000,3442352,0,0,expired,Expired without a fill,,,,,cleanup
2026-10-07T21:44:40.769753Z,0x70ce217a8a09d449f19ccda6a304864f493d91711d97d6094015d1ae7f2c6420,HoWtt82mr4wqKqMDy4jFDRs1C9kt3kY6KtXH3i83fyn5,EEpng77ZPn9FbgbT4xsRjwuxNCcMBYq3HTwEscyTpump,11111111111111111111111111111111,HeeHaw,SOL (native),sell,4670555398,4365893,0,0,expired,Expired without a fill,,,,,cleanup
2026-10-07T21:44:46.223262Z,0x4e369e73aac59127476012da258a65136327fe188fa65d856cff6472ea7174c9,9XSrZ8RkSZ3WDoGkrgWHrmMhixsoWZTLnPxBtQNWNK9c,DEkqHyPN7GMRJ5cArtQFAWefqbZb33Hyf6s5iCwjEonT,11111111111111111111111111111111,USDe,SOL (native),sell,636243087,5481024,0,0,expired,Expired without a fill,,,,,cleanup
2026-10-07T21:44:46.528091Z,0x86c98d99da2a9af543ae89ded9bfda6da076a4f2ae2fe00eb1bb069d228eab74,9XSrZ8RkSZ3WDoGkrgWHrmMhixsoWZTLnPxBtQNWNK9c,HzwqbKZw8HxMN6bF2yFZNrht3c2iXXzpKcFu7uBEDKtr,11111111111111111111111111111111,EURC,SOL (native),sell,517266,4988289,0,0,expired,Expired without a fill,,,,,cleanup
2026-10-07T21:44:54.585630Z,0x5f70012c20720f940388a8783b9e337db29829a0ed32ebd45c5385eac5eea9e8,AQtmpjmjjZTzzs5W2Ld4gPteDe1teLKMpwj3v5GAv7ef,Eg2ymQ2aQqjMcibnmTt8erC6Tvk9PVpJZCxvVPJz2agu,11111111111111111111111111111111,PUMPCADE,SOL (native),sell,42514040,4838552,0,0,expired,Expired without a fill,,,,,cleanup
2026-10-07T21:45:58.576542Z,0x4a907a2cb29f069276c0746319043256eee9a581e1cfba9a35a6b7bb23143de4,AEZeUZRrPrAJ94wX66QCy4hwNYQyM4SR9tzQzUjg7UPX,hntyVP6YFm1Hg25TN9WGLqM12b8TQmcknKrdu1oxWux,11111111111111111111111111111111,HNT,SOL (native),sell,109915146,5004988,0,0,expired,Expired without a fill,,,,,cleanup
