created_utc,uid,owner,sell_token,buy_token,sell_symbol,buy_symbol,kind,sell_amount,buy_amount,executed_sell,executed_buy,api_status,cause,solver,seconds_to_execution,tx_signature,sim_row,sim_step
2026-10-05T19:15:15.283158Z,0xa575fa181002271ed17805adb4d6b2601d7da6ad5b9cacf92dddf80be9837706,CagkCmsroJWAiUWrigym7vR9wGYV5aKWanTGu3ZARKqD,So11111111111111111111111111111111111111112,Es9vMFrzaCERmJfrF4H2FYD4KCoNkY11McCe8BenwNYB,wSOL,USDT,sell,4280000,511423,4280000,513992,fulfilled,Executed,jupiter-solve,7,4X84C9wU94ZwCBggXBCDrdf26bpo4ng4JLhs8mvDqFb6rfBRawR92VKtmBLZtaUgy5XYVXJqcJhMmxDkpfsh65Du,1,main
2026-10-05T19:15:25.426406Z,0xd2e038dc12a3d8104659635a374fbcfb67555d32cbaa70a821b20a41a6d43bfc,FjcXArDzUrBTJ1Lv6Yc8n9atjkNYaxKosVjn6VSxZTrK,So11111111111111111111111111111111111111112,DezXAZ8z7PnrnRJjz3wXBoRgixCa6xjnB7YaB1pPB263,wSOL,Bonk,buy,3854193,12000000000,3835018,12000000000,fulfilled,Executed,jupiter-solve,13,dieKmzrXKKxgjknK3V3QPoiYVeatceEkm7xS4PLdabTdXfqdX5MNKbWnBfT932p9RT1tiHv7s1Utr9tKrbcfiWF,2,main
2026-10-05T19:15:26.694590Z,0xbe167dd1762f1803681065b5fe2c761f085a4033b8cbead8dc6c05f120f6dae1,HoWtt82mr4wqKqMDy4jFDRs1C9kt3kY6KtXH3i83fyn5,So11111111111111111111111111111111111111112,EPjFWdd5AufqSSqeM2qN1xzybapC8G4wEGGkZwyTDt1v,wSOL,USDC,sell,3600000,430133,3600000,432329,fulfilled,Executed,jupiter-solve,21,4MPQ3rRNwwsSZGgYtphAtNsPfxpyfQAHHw5u94uhLJbN9wJHefgP2NDZWfazhwhQqTN6c3NkWH822wBSnfRnjZ1b,4,main
2026-10-05T19:15:28.206904Z,0xd9617892fae617e2a45d9dd5d62482c45c4d0ee35f6960c3af12e94d92a5fefd,3FHY6qZALHavE387YcUMyqFYdYCiR5PbLSxdQBpwR6JK,So11111111111111111111111111111111111111112,EPjFWdd5AufqSSqeM2qN1xzybapC8G4wEGGkZwyTDt1v,wSOL,USDC,buy,3623720,432938,0,0,cancelled,Not filled within fill timeout (cancelled by sim),,,,3,acquire
2026-10-05T19:15:29.941298Z,0x8eb63953bfddd785916a1756f00f0d9ae7a0aaafb5c38efaccda1c3474dd8ea7,2kV12Qsin6Wfxr2Pr6M8bqUbjqMppw4gpqAbV18TiFfJ,So11111111111111111111111111111111111111112,EPjFWdd5AufqSSqeM2qN1xzybapC8G4wEGGkZwyTDt1v,wSOL,USDC,buy,4111662,491234,4091206,491234,fulfilled,Executed,jupiter-solve,12,pucigAjFShaYjJAipCRFY5SBydLUtguE91kB149F8LDv5gLbvhNw9Lh7NmCrdDq1dtp8SSnuruA1E25ZotSs8dk,5,acquire
2026-10-05T19:15:34.240700Z,0x821f6887a8359a6b31c6f66b0ec536bd01c31876fb31814ad26dd5ee467c5dd4,EDimKwHuMtcwxxbAfQPT3EaH9CPpyTLARxLRRwiZV26v,So11111111111111111111111111111111111111112,EPjFWdd5AufqSSqeM2qN1xzybapC8G4wEGGkZwyTDt1v,wSOL,USDC,sell,3600000,430129,3600000,432336,fulfilled,Executed,jupiter-solve,12,iiGfsVCmr6P1Yn6CG8d72HT1LtWpribgfuwqwyd3wdL1RSkPgNLNRGJkgHQwmCEtr1uvwtFb4jTRZwVkpGkhuPq,6,main
2026-10-05T19:15:40.840740Z,0x0d7d77af3686be0494d933b13d63d52d381abe8e773feb0e4dc0438cabbe2bc3,7RqUGHCV2tngEBctNc8o58nPDy6AsYzsUHAW2JgA2XX9,So11111111111111111111111111111111111111112,DezXAZ8z7PnrnRJjz3wXBoRgixCa6xjnB7YaB1pPB263,wSOL,Bonk,buy,3854193,12000000000,3835022,12000000000,fulfilled,Executed,jupiter-solve,7,5SNa4mX5sUUEotK8iNtJ4AgeMappbefumpTXKh3MmEhD1BzX2wbod9YUwTAbyyrfTLNZ6qRL34C1bzSzGLYzjgbU,7,main
2026-10-05T19:15:41.809379Z,0x6e78f1d6c59e0425d43610c28acba2885c67fa30039ae0abe7ada3d59176cf46,GcY8jk3HeHLDmdPa8wRVnHkn8f77frWdZxRWr6rrdyus,So11111111111111111111111111111111111111112,6p6xgHyF7AeE6TZkSmFsko444wqoP15icUSqi2jfGiPN,wSOL,TRUMP,buy,3539696,206000,3521943,206000,fulfilled,Executed,jupiter-solve,18,2YFoueMmaphrMBV9TasqSbSi6641YqSv8qFoarQunrnnWHW3ipN4V7gyjm8opFRR9bC4MBsN3q3rXY76seYvU28X,8,main
2026-10-05T19:15:44.637557Z,0xd5e4d73f1c900c792bad7a616f15af8a377ebe53ef48f38459969b1290eed748,91V7pVaQyARieyPXcNpxQZdqk5KoH7P1vgg2YHNBfSti,So11111111111111111111111111111111111111112,EPjFWdd5AufqSSqeM2qN1xzybapC8G4wEGGkZwyTDt1v,wSOL,USDC,buy,3751310,448209,3732270,448209,fulfilled,Executed,jupiter-solve,8,5yoS6st1ZYPM78ijmMWhNy1ApsRzDYNqeeW8p7UWtoou2uh6fUohVk4tTHfAQ7e6Nf9n642kqyKcNd9ozgaX8RN8,9,acquire
2026-10-05T19:15:46.237659Z,0xc97a10e1746d8d8613d35edf6c8513ae2bc788c47be15c293b76b5566a7742ac,GikSpMABHu6MJERkF3N9GMmwPXfEBxABjChVkK1W9ji4,So11111111111111111111111111111111111111112,6p6xgHyF7AeE6TZkSmFsko444wqoP15icUSqi2jfGiPN,wSOL,TRUMP,buy,3539882,206000,3521080,206000,fulfilled,Executed,jupiter-solve,7,38WQc9FW9hNy7D762zP4DSJPYBnk8Vd9mMFLxKt3L7nQegKwR6cLn5AG8cTgTxNJmkkraW5v8uosCG6ERkQ5dkJc,10,main
2026-10-05T19:15:48.030523Z,0xa3b02befc9723435276ad8e379f3f67678477347c9b704282c5dcb5700c57cb1,HTsxGEXBSe8rdUJjtW7e4v4YChNXTVmLQXuqBvvQtJuF,So11111111111111111111111111111111111111112,7GCihgDB8fe6KNjn2MYtkzZcRjQy3t9GHdC8uHYmW2hr,wSOL,POPCAT,buy,3692851,8150000000,3674479,8150000000,fulfilled,Executed,jupiter-solve,17,5x3pxS86cgWe8t32JpoK1x84djamu5daP7JAtGCK78HfeSFXXzKvRdsUdmD3bgUMNQWJwwvKwcHvYKJx9nPNwQcV,11,main
2026-10-05T19:15:49.652826Z,0x657bfd350ff08e276124b2e58e2a9bc733b7d29f0d8203de38df93f99bc7f05f,2kV12Qsin6Wfxr2Pr6M8bqUbjqMppw4gpqAbV18TiFfJ,EPjFWdd5AufqSSqeM2qN1xzybapC8G4wEGGkZwyTDt1v,4k3Dyjzvzp8eMZWUXbBCjEvwSkkk59S5iCNLY3QrkX6R,USDC,RAY,buy,492258,225000,489821,225000,fulfilled,Executed,jupiter-solve,10,2xgTaFzvLLSNNLFxHS1as8AwwHNoV6i3gNEDtFAFmd9vDwhE77F2LUDurMDERPajz5rd9mk6jhoxqbcG7m4XChgP,5,main
2026-10-05T19:15:50.279806Z,0x249789c1878e10d722ec7a6e11358e8ce8a9e7f368516647af8e0a87c6f457fc,AQtmpjmjjZTzzs5W2Ld4gPteDe1teLKMpwj3v5GAv7ef,So11111111111111111111111111111111111111112,EPjFWdd5AufqSSqeM2qN1xzybapC8G4wEGGkZwyTDt1v,wSOL,USDC,buy,4090511,488753,4070194,488753,fulfilled,Executed,jupiter-solve,9,4eWk2Spt9ydhwJU61kzNPfHMhJSJhbGvcUzqve5n5xKi1DWXSqTN462szJR38tsqE4e43JRRUMtVLGqm4jsEjVx7,12,acquire
2026-10-05T19:15:50.742540Z,0xcebde0928049808af4f9d56f517636da9881506f59f4bd86e1e2762602daf707,BPmy52DKPodqoSUirZUBedULujAZr6s778i4hc153r1X,So11111111111111111111111111111111111111112,EPjFWdd5AufqSSqeM2qN1xzybapC8G4wEGGkZwyTDt1v,wSOL,USDC,buy,4029553,481534,4010930,481534,fulfilled,Executed,jupiter-solve,21,5WxvbF58V6otEKKHRyWFnesJubdiHmKz1aJhEMjwpPXYgzzdd8WYQBU2DeJGoZffNV7JDbbzpMzrhE6tJ287gS9Z,13,acquire
2026-10-05T19:15:53.058135Z,0x1623253bf0d1aec6bb382a4451dcdaf10cb03323ab99da5c7615327e448c7bee,4p3tgZxpw2gKnJnVwQ4Ah3av47HywcXfFaXTFGNU2aTT,So11111111111111111111111111111111111111112,7GCihgDB8fe6KNjn2MYtkzZcRjQy3t9GHdC8uHYmW2hr,wSOL,POPCAT,buy,3692851,8150000000,3674479,8150000000,fulfilled,Executed,jupiter-solve,7,5hHq9o9kyBYVbyu8NGKEkESUdNGr25F3FMNAEizjFBZsmVGJLJ4bDF69P8jEUzgKxUECJyYB3kgoRq6emZVoc21L,15,main
2026-10-05T19:15:53.920164Z,0xd611953e10fcc468ef973eb97fc8b1d25e7c3c2071601881b6134ac519286a28,9XSrZ8RkSZ3WDoGkrgWHrmMhixsoWZTLnPxBtQNWNK9c,So11111111111111111111111111111111111111112,EPjFWdd5AufqSSqeM2qN1xzybapC8G4wEGGkZwyTDt1v,wSOL,USDC,buy,3615929,431989,3598247,431989,fulfilled,Executed,jupiter-solve,29,3ug4pRsQCfpZowtkwEhkEqSM24wvmEwGyJtPSvSYcDFQchANwGNEGT29myBX94tLoxPXzzi3eCwMLmqVoi4tk5VJ,17,acquire
2026-10-05T19:15:54.286199Z,0x6fde9289ed9efedb13da35c5176b862eecc06cc228ef0aefb2f016ed776b21ce,94bjVVSp8jgvP4ivAW3wFomkRpeE3xBouyCWErsR1ANz,So11111111111111111111111111111111111111112,DezXAZ8z7PnrnRJjz3wXBoRgixCa6xjnB7YaB1pPB263,wSOL,Bonk,buy,3854201,12000000000,3835026,12000000000,fulfilled,Executed,jupiter-solve,12,5LGgJxGQdNDtLzRjakrg9BQvtVquY5q1S5mkpyK8JaP68bYTeSuVxYp8C8RrPyHu9Xgu5UPzRxZ7UwrbuhaZppeG,16,main
2026-10-05T19:15:55.208008Z,0x7ed17c8bc7719e3b724104504025d2e9d0761ba026c756c5c59715350e8f3a59,CcQdkRAXeX7seuZLmiapfpM6CVBndVrsvMe38E4Uypyg,So11111111111111111111111111111111111111112,EPjFWdd5AufqSSqeM2qN1xzybapC8G4wEGGkZwyTDt1v,wSOL,USDC,sell,4920000,587834,4920000,591008,fulfilled,Executed,8E74…2mpx,11,3HKqZvNNQGzYx8Jjm3QLQ7MPrfTCubfLw5sLmKJMDBpYCDBP1n4VzZgEQNCjoMzjhY1Tr5r8LUZU4qyGCgWCgcge,19,main
2026-10-05T19:15:56.355306Z,0x1ca41ed453c9c63e638cd8ae7ad360d46d2226d56ecd56295a52ce0dd8e6323c,HoWtt82mr4wqKqMDy4jFDRs1C9kt3kY6KtXH3i83fyn5,So11111111111111111111111111111111111111112,EPjFWdd5AufqSSqeM2qN1xzybapC8G4wEGGkZwyTDt1v,wSOL,USDC,sell,3600000,430123,3600000,432661,fulfilled,Executed,8E74…2mpx,31,3tFaKhB3sERsGQpUTj45Ew68A4FNTvredNJiFqTDgtk7U7MV2WqRz9LdAzaTZFYNm6RUAnhRt1vLAevxcscQLZAu,14,main
2026-10-05T19:15:57.351306Z,0x7541e77277b29bbceb1e2eb728b8bcbd55aa7fa68fbf517115dc46f6b5142ebe,CagkCmsroJWAiUWrigym7vR9wGYV5aKWanTGu3ZARKqD,So11111111111111111111111111111111111111112,Es9vMFrzaCERmJfrF4H2FYD4KCoNkY11McCe8BenwNYB,wSOL,USDT,sell,3600000,430173,3600000,432336,fulfilled,Executed,jupiter-solve,9,2poqbQBSWsHxiocRJGoGJX5PGAschMFeiyHt9sKqu34NYWdPtHFEQwJpwHpLrruk8QDVQSX75PP71p5RjsYzi8Q4,20,main
2026-10-05T19:16:00.278956Z,0x86c248c953c19baf7c5c7f96f08e36dacb9c7e52fbb7fcb272ecd98dd6eba9e8,91V7pVaQyARieyPXcNpxQZdqk5KoH7P1vgg2YHNBfSti,EPjFWdd5AufqSSqeM2qN1xzybapC8G4wEGGkZwyTDt1v,J1toso1uCk3RLmjorhTtrVwY9HJ7X8V9yYac6Y7kGCPn,USDC,JitoSOL,buy,435169,2760000,432955,2760000,fulfilled,Executed,jupiter-solve,11,QjjLJoswTndAmU4gsyXaVMEgW79wn17BY98215u2WPo8tmkLFJLJ82Rvr1wv22oqg9zUchypr6Najh4MrHohTXt,9,main
2026-10-05T19:16:02.011516Z,0x94a5e9bc231a81291f4e75ece27b4d6c6093393c7a9fa64da38cf003f4a189a6,EGXsUdM4HLc983jD276LHz87k5zBZSJrJc137qcokK8D,So11111111111111111111111111111111111111112,DezXAZ8z7PnrnRJjz3wXBoRgixCa6xjnB7YaB1pPB263,wSOL,Bonk,buy,3854201,12000000000,3835047,12000000000,fulfilled,Executed,jupiter-solve,10,5RFn4rspsr9hucQEYFc5wRDTNvMAeNXFSw5QrLWMeBVpBoWNfx8wKhbhvZQnzbb7ZHgQAdCaaZRKEkoJJA1U31FY,21,main
2026-10-05T19:16:05.181051Z,0x7be636f0ae7c74c750b4cf76dc68906da0c1dd0d0c2161bd0fd7cfdbbf42c22a,BsXAAY6SvTyWYjwKCa5SUs1kDBK6n7ia7qvRPVj5dFgz,So11111111111111111111111111111111111111112,6p6xgHyF7AeE6TZkSmFsko444wqoP15icUSqi2jfGiPN,wSOL,TRUMP,buy,3540021,206000,3521466,206000,fulfilled,Executed,jupiter-solve,7,5SzyifAMBwQRnX7ELx3FoH1vmRNN2Hg6YXpgdx9UtpMbVzrBG3DHPtdfSVXwnKShz9Gg9nqLddUpdvpTpFixJM7V,22,main
2026-10-05T19:16:05.314718Z,0xbb3a693abe48537a4d0c67293849fed54c0bbd8a845af0fbca34eaf748abbe4b,AQtmpjmjjZTzzs5W2Ld4gPteDe1teLKMpwj3v5GAv7ef,EPjFWdd5AufqSSqeM2qN1xzybapC8G4wEGGkZwyTDt1v,jtojtomepa8beP8AuQc6eXt5FriJwfFMwQx2v2f9mCL,USDC,JTO,buy,474934,835000000,472572,835000000,fulfilled,Executed,jupiter-solve,6,3WcCn5U8eqhp4snfK1fa2xj7s9DVKmdCtxyjCn4v9MfcsrxYD1jJ9x8APwRdgYALEHz4Ga6C5KAWN5D9Bf6sGQMf,12,main
2026-10-05T19:16:22.736261Z,0xb5e8180a84a3ff3492a07fdeb592019932ddcf6fd44579db15166696753c81d9,AM6Qwi3vwMCGpRbJ55zDatByeAtsbcfXvXBh77be8C9T,So11111111111111111111111111111111111111112,EPjFWdd5AufqSSqeM2qN1xzybapC8G4wEGGkZwyTDt1v,wSOL,USDC,sell,3600000,430070,3600000,432274,fulfilled,Executed,8E74…2mpx,27,1KwmUQK5MLai4hjArx4D976Cy3Bzx3XErXd9fbFTtQDwuv5rMJL4a6xoTUKfjY822Z6fJV31dEfAboiE5ymQRfr,27,main
2026-10-05T19:16:24.198421Z,0x4c8c35a009e71f6e14007cb0ce51c246fb8faa9b81ce63ff6f4b2177bc762054,DoD7Kb5bE6Jr7Eq2JTdYwfLn7718RzpYxKyQen2rxiBQ,So11111111111111111111111111111111111111112,EPjFWdd5AufqSSqeM2qN1xzybapC8G4wEGGkZwyTDt1v,wSOL,USDC,sell,4930000,588957,4930000,591925,fulfilled,Executed,8E74…2mpx,9,54Ti17KPDDuo3zH3M8Tm21YskKjbgNEfgcjRtnpUrgc76QTHPcfccp6kFsDRoiV4eiLxpY1eu95N87RpVsZP84v,30,main
2026-10-05T19:16:24.904390Z,0xa194c9348a9f59fd8618f16b0fa8ced9d2add4094dee3f9f52f586eda121b8af,AQHstwk1uwAEnz8JE41HEbbD1EaPBjBwtid2qbo1Q3KD,So11111111111111111111111111111111111111112,EPjFWdd5AufqSSqeM2qN1xzybapC8G4wEGGkZwyTDt1v,wSOL,USDC,buy,3628729,433481,0,0,expired,Winner too late: creation blockhash expired,,,,24,acquire
2026-10-05T19:16:26.116458Z,0xca4d951cb3a3ff076d62e4fe7f0c551b0b7cf80746c1a203c35e1b3ee9e8ef35,7RqUGHCV2tngEBctNc8o58nPDy6AsYzsUHAW2JgA2XX9,So11111111111111111111111111111111111111112,DezXAZ8z7PnrnRJjz3wXBoRgixCa6xjnB7YaB1pPB263,wSOL,Bonk,buy,3856043,12000000000,3836859,12000000000,fulfilled,Executed,jupiter-solve,8,4vytKWYdVvA8nyp7Vik3S5SgLd45XCfaU2GH4kva3nEtJfDBfTjk8hR6M5ZMbHVrggK4tf6bq2WH6i2nU1RP4nnm,25,main
2026-10-05T19:16:26.972953Z,0x7324691f15e0a2015a750b226a5b57175d13db9812f179575ed3955bd3860f22,2kV12Qsin6Wfxr2Pr6M8bqUbjqMppw4gpqAbV18TiFfJ,So11111111111111111111111111111111111111112,EPjFWdd5AufqSSqeM2qN1xzybapC8G4wEGGkZwyTDt1v,wSOL,USDC,buy,3953361,472261,3933939,472261,fulfilled,Executed,jupiter-solve,19,28277qqb9rt5EkdZDPnagAhRgTexHXW1cyda4ysx2jbcU8eJzUz1PtyuETCs2Zo4jTiiuqBc2k9Lx1nBQvT8T87n,18,acquire
2026-10-05T19:16:27.216690Z,0x6432285807862ec9d82edbe50eba28a4352bb150853c1f25a6b32878f4213276,CagkCmsroJWAiUWrigym7vR9wGYV5aKWanTGu3ZARKqD,So11111111111111111111111111111111111111112,Es9vMFrzaCERmJfrF4H2FYD4KCoNkY11McCe8BenwNYB,wSOL,USDT,sell,3600000,430078,3600000,432225,fulfilled,Executed,jupiter-solve,23,34G742d1SUJCJWkkodxQCiTc7apsgQQKg1tebHdTRacLTgwsgnep6b57unBNH3rAazbsbsamTS4XrJueQ3nUsoXZ,32,main
2026-10-05T19:16:27.467509Z,0xa97a8c0e3a91aecc15f7c6e8d9574de7a3e269c644f2a34deeb30006b28752c6,AQtmpjmjjZTzzs5W2Ld4gPteDe1teLKMpwj3v5GAv7ef,jtojtomepa8beP8AuQc6eXt5FriJwfFMwQx2v2f9mCL,4k3Dyjzvzp8eMZWUXbBCjEvwSkkk59S5iCNLY3QrkX6R,JTO,RAY,sell,798000000,205957,798000000,207027,fulfilled,Executed,8E74…2mpx,7,4pnxtpR3v6j6TGw9gALwUgnn7WVEi7SfqamjeFnU88eoH3ZZVNMhoh3SXEpDk9W81nV9gd6riikHGwTvh6TFg2Ba,31,main
2026-10-05T19:16:27.839383Z,0x3dd66ff80c5782cbac0045b8b159b9a30c55c03cc7657af79097c8ebb8724d1a,CaMSDEBp5zy2QxSYqDxqbk28qxFwzLXiNdFJiv9TKqhU,So11111111111111111111111111111111111111112,Es9vMFrzaCERmJfrF4H2FYD4KCoNkY11McCe8BenwNYB,wSOL,USDT,sell,3600000,430078,3600000,432334,fulfilled,Executed,jupiter-solve,17,4DY7orRLfYxB936aEBTnhcq3dqMVQJSw4bFBFLSBvg1eCyKQr24XpmfggSZ7JwrAVQ9aWkJBoHMPLFCjV4iYsRxQ,28,main
2026-10-05T19:16:28.088080Z,0x596bf9231923a0629a625865cd896c75761033077f51d0e638ef218696b35c9c,9XSrZ8RkSZ3WDoGkrgWHrmMhixsoWZTLnPxBtQNWNK9c,EPjFWdd5AufqSSqeM2qN1xzybapC8G4wEGGkZwyTDt1v,mSoLzYCxHdYgdzU16g5QSh3i5K3z3KZK7ytfqcJm7So,USDC,mSOL,buy,435718,2560000,433551,2560000,fulfilled,Executed,jupiter-solve,6,o3enaTybuAhp7JmvYCycNetf2SUScTTYsuMt4ShvUgskHcwe6Z53aheMYS6hTZmM6vXKpbCgK7ejW85noMojdgz,17,main
2026-10-05T19:16:28.483821Z,0x0c71b5e06003e4b8a13c9d2fb56e69aed2fd6cdcd4afee83863cae0f773e88f7,GikSpMABHu6MJERkF3N9GMmwPXfEBxABjChVkK1W9ji4,6p6xgHyF7AeE6TZkSmFsko444wqoP15icUSqi2jfGiPN,11111111111111111111111111111111,TRUMP,SOL (native),sell,174000,2951973,174000,2968084,fulfilled,Executed,8E74…2mpx,11,QuqxuahCzXSo7wzTit5YLD4m52hpMsuWFYKqR6cZ1NZavwMNwHbjJ8CgzVA388mcGmjjbPL1RhVaft2Txni1JF6,35,main
2026-10-05T19:16:29.332436Z,0x274d0edb0d3ee57ed6a8104e487055010aa0b07c5c621eca839d49cf4579f1f7,BPmy52DKPodqoSUirZUBedULujAZr6s778i4hc153r1X,EPjFWdd5AufqSSqeM2qN1xzybapC8G4wEGGkZwyTDt1v,JUPyiwrYJFskUPiHa7hkeR8VUtAeFoSYbKedZNsDvCN,USDC,JUP,buy,481616,1370000,479425,1370000,fulfilled,Executed,jupiter-solve,10,4DH9vUZsGEHeNZscBQ8KNdrGgpB6ptqQPn5zEe27LHevkhH52ZgaVTXx3WBtBcdEr3hQjAybDouBN48HVTNAXh3U,13,main
2026-10-05T19:16:30.951750Z,0xe8a57e198e05fe692cc9bd191ee87893f3dc8543a8a8abae3ff1e34800492484,BQAD73uj3XftKnCB5ZB7P67b7AvEdfLefYbLiipch5oC,So11111111111111111111111111111111111111112,EPjFWdd5AufqSSqeM2qN1xzybapC8G4wEGGkZwyTDt1v,wSOL,USDC,buy,4092840,488926,4072479,488926,fulfilled,Executed,jupiter-solve,8,GL5hRiEarbc9eUNBYJNG6ximSTejxX89jrVHiBd3KSpK5thvYNiXH7WyuCssx6Y5DmPT6Mo2jP2ndw2o4mJ3594,23,acquire
2026-10-05T19:16:31.542714Z,0x3416a738f6f135f7e8dc7d5edf39b78650dd117401497759a0a68f60bfdba8eb,EGXsUdM4HLc983jD276LHz87k5zBZSJrJc137qcokK8D,So11111111111111111111111111111111111111112,6p6xgHyF7AeE6TZkSmFsko444wqoP15icUSqi2jfGiPN,wSOL,TRUMP,buy,3538271,206000,3521355,206000,fulfilled,Executed,jupiter-solve,7,3Gu5j15TPXNNqSYqC4bBi6KDd2uvybKs3zppzE9BbfQn1UM3AMjYezwHi4vZ7RmXixJWYX1BgQq6xGGh73KxL9Wf,33,main
2026-10-05T19:16:31.936673Z,0x3c7b009d3aed64aef3555622105a6c18b09c2de42fddb77a4248b527ee03a209,CDY1rvEes25vx7DZwxp5BRSgAewDQMgwBExfAMEymdMC,So11111111111111111111111111111111111111112,Es9vMFrzaCERmJfrF4H2FYD4KCoNkY11McCe8BenwNYB,wSOL,USDT,sell,4280000,511293,4280000,513997,fulfilled,Executed,8E74…2mpx,7,2ZNErBpzyR2pW1bELFGnJfSwGx9L1jXMpsaVJMwCwoEC897bBJ2PWkYNFmd51HwDQSUwx2W7WMrAYAdU3LrakyXt,26,main
2026-10-05T19:16:33.012790Z,0x9b7e90af26db93603b5438163f63bfe5d7d785c7617b5c9392e06da5f21fd491,HTsxGEXBSe8rdUJjtW7e4v4YChNXTVmLQXuqBvvQtJuF,7GCihgDB8fe6KNjn2MYtkzZcRjQy3t9GHdC8uHYmW2hr,11111111111111111111111111111111,POPCAT,SOL (native),sell,7180000000,3216781,7180000000,3232945,fulfilled,Executed,jupiter-solve,5,24jUUigBybaHYivXGZyK2SnTDzPMAeSfqnDMyZhjFLNZqcTRAFCxpDk1Cr9nLDPuEYUkiYrtSZWJ8HN2LM89zf2m,37,main
2026-10-05T19:16:33.568572Z,0x3bbb2c51e577981f06eb86bea3a47d7bdb935af73a14c24c5de7cd18398c1cb5,HoWtt82mr4wqKqMDy4jFDRs1C9kt3kY6KtXH3i83fyn5,So11111111111111111111111111111111111111112,Es9vMFrzaCERmJfrF4H2FYD4KCoNkY11McCe8BenwNYB,wSOL,USDT,sell,3600000,430173,3600000,432334,fulfilled,Executed,jupiter-solve,23,61orgZCHuLb7DLgSCr8Cv2XzLS1vpnCmdE2CGd8XAR1T1HP7CndEJqQ7v43ZbR6PJ3GEhMvT7gHzZMrd6cR2ZZYo,29,main
2026-10-05T19:16:34.261818Z,0x88131d2f6c5f5fb00e1e3aec0d3aba50334b64f294e4340aaee8373a682ba906,BsXAAY6SvTyWYjwKCa5SUs1kDBK6n7ia7qvRPVj5dFgz,So11111111111111111111111111111111111111112,6p6xgHyF7AeE6TZkSmFsko444wqoP15icUSqi2jfGiPN,wSOL,TRUMP,buy,3539195,206000,3521905,206000,fulfilled,Executed,jupiter-solve,12,BAD2zbXyvV6AMFcyxQBzAUEt2bFkVgtc1SHtXdY4xCyVMJGJsKeM1kPLuT9hw5onYrmBuNz4hoCYvR15J8G3Vhm,36,main
2026-10-05T19:16:37.372743Z,0xc69187629e55cc9c68b9bab75ba8d978fd71402382f709456378e5757c90c61b,DoD7Kb5bE6Jr7Eq2JTdYwfLn7718RzpYxKyQen2rxiBQ,EPjFWdd5AufqSSqeM2qN1xzybapC8G4wEGGkZwyTDt1v,11111111111111111111111111111111,USDC,SOL (native),sell,478000,3954626,478000,3974498,fulfilled,Executed,8E74…2mpx,8,5tsHd6cSPmuU6QL2DqJXtRaerAbidQHU2ixUotQ5M8BPqy4Lw4e44cxvFZBgC5MCGkbGBoFawyrKFsNc9cHbnLeC,40,main
2026-10-05T19:16:40.941209Z,0x49e43a0a5201db715215622ad040566c41f38522afa8090f02413fa68bfbecf9,3FHY6qZALHavE387YcUMyqFYdYCiR5PbLSxdQBpwR6JK,So11111111111111111111111111111111111111112,EPjFWdd5AufqSSqeM2qN1xzybapC8G4wEGGkZwyTDt1v,wSOL,USDC,buy,3624408,432938,3605601,432938,fulfilled,Executed,jupiter-solve,15,mPAFhtiTwdmJ4MosbVTn6pSHDvktXfvENM6TqdoMv5qmrJPcyrTURghG3iPCLe5iQ8umUyGjRmVq8oDQ4DuuPX5,3,acquire
2026-10-05T19:16:45.817301Z,0xee43e75312684c9dbc3e2337f10e4fda63b4ba83048aa905a6e7bff4cf5cf960,BQAD73uj3XftKnCB5ZB7P67b7AvEdfLefYbLiipch5oC,EPjFWdd5AufqSSqeM2qN1xzybapC8G4wEGGkZwyTDt1v,4k3Dyjzvzp8eMZWUXbBCjEvwSkkk59S5iCNLY3QrkX6R,USDC,RAY,buy,491844,225000,489809,225000,fulfilled,Executed,jupiter-solve,11,3rYnMbWxZohUg2EkR9W6KzCwsBmN9LEM4Lh2LD9bV6PYr3e6tXsEFtg6Y8mrhk8dEaeJuBYTLdYnNj6S57nd83DA,23,main
2026-10-05T19:16:48.075831Z,0x4d7439204b231dad4394a148239927255c79cd46915d7dd6b30a835eab18e66d,BPmy52DKPodqoSUirZUBedULujAZr6s778i4hc153r1X,So11111111111111111111111111111111111111112,EPjFWdd5AufqSSqeM2qN1xzybapC8G4wEGGkZwyTDt1v,wSOL,USDC,buy,3607959,430973,3589613,430973,fulfilled,Executed,jupiter-solve,15,3iSXLebJutMKQusa76pkTF74Jk5URnbfi8mv4t2A358KPAqReEZioKPX8TC93h1b3mgwf33VeQhmdy6N7Xzz1JJM,34,acquire
2026-10-05T19:16:50.337506Z,0xf3d6e2f4e42bd9a9fae1a8b925a1f49165669ae4229889b382428714cc123e24,GikSpMABHu6MJERkF3N9GMmwPXfEBxABjChVkK1W9ji4,So11111111111111111111111111111111111111112,7GCihgDB8fe6KNjn2MYtkzZcRjQy3t9GHdC8uHYmW2hr,wSOL,POPCAT,buy,3693239,8150000000,3674865,8150000000,fulfilled,Executed,jupiter-solve,7,2sTv9gc7VWganSMKgxuJQRXTLva4PoRRZ2AU1hA55UMaX1urbFhCD6nJTghX3YHWG5Yj6moFBewV8xKdQRW6SPPb,44,main
2026-10-05T19:16:52.530486Z,0xc4486aac19fe4aeb0318a6d91a44c5e2aab11e76b2a08cfe8f59750e708c0c86,2kV12Qsin6Wfxr2Pr6M8bqUbjqMppw4gpqAbV18TiFfJ,EPjFWdd5AufqSSqeM2qN1xzybapC8G4wEGGkZwyTDt1v,jtojtomepa8beP8AuQc6eXt5FriJwfFMwQx2v2f9mCL,USDC,JTO,buy,474956,835000000,472594,835000000,fulfilled,Executed,jupiter-solve,10,27or1oxffvvrFP43BB6sUwa1pWPoGdXFNeCWNFeKHFr1A4NDj2VBttACqV2otbP9Eu4CzemZsfTgpvGLgbWjnRyo,18,main
2026-10-05T19:16:53.780571Z,0xb9f7d9dfbf757ad120243e564828cd45fbb90dc06ba748010e2c5cbdadf2129a,AQtmpjmjjZTzzs5W2Ld4gPteDe1teLKMpwj3v5GAv7ef,4k3Dyjzvzp8eMZWUXbBCjEvwSkkk59S5iCNLY3QrkX6R,mSoLzYCxHdYgdzU16g5QSh3i5K3z3KZK7ytfqcJm7So,RAY,mSOL,sell,201000,2565621,201000,2578513,fulfilled,Executed,jupiter-solve,10,ozoAoGJZCA1s2CHJ2kWewAdHTEZzYdi6UJKAi7aoyHzczwdZUxFDp15bgbmLv1535jeoJe21dv8fWTvhM9NWuka,48,main
2026-10-05T19:16:55.742225Z,0xf69d0a1e33a9b3025ccbd64508cafbb4c267a645794be5a0ed3d41c1c0b4e97e,HTsxGEXBSe8rdUJjtW7e4v4YChNXTVmLQXuqBvvQtJuF,So11111111111111111111111111111111111111112,DezXAZ8z7PnrnRJjz3wXBoRgixCa6xjnB7YaB1pPB263,wSOL,Bonk,buy,3857477,12000000000,3838286,12000000000,fulfilled,Executed,jupiter-solve,7,4Th2ftxVkgXL49wgH1BSfdEZMFRkaZCg22UEUVPT34jcP3cA1QgZftHxzgQ8tQebvXEqtQLQDiPW9WhgcHRUjJDj,45,main
2026-10-05T19:16:56.941905Z,0x46a4fd4ef2a0bbc6c4da1283b069c9591820682ceea1f8f198dce9d4dd50ef13,CagkCmsroJWAiUWrigym7vR9wGYV5aKWanTGu3ZARKqD,Es9vMFrzaCERmJfrF4H2FYD4KCoNkY11McCe8BenwNYB,11111111111111111111111111111111,USDT,SOL (native),sell,908000,7511628,908000,7555260,fulfilled,Executed,8E74…2mpx,12,3LuVn7pTxtw287rvRQCCDmFpMZKBakFwhKNkocudGRx4oQkmR7yz3KTrbbhpwmbsgXrkxCBWBJxZohMAbppVpTvh,47,main
2026-10-05T19:16:58.624353Z,0x7fa67fded394e68e99606c55fdfbedd769a3a3b6db696cac69c02f90b8a46b87,AM6Qwi3vwMCGpRbJ55zDatByeAtsbcfXvXBh77be8C9T,So11111111111111111111111111111111111111112,EPjFWdd5AufqSSqeM2qN1xzybapC8G4wEGGkZwyTDt1v,wSOL,USDC,sell,3600000,430124,0,0,cancelled,Not filled within fill timeout (cancelled by sim),,,,38,main
2026-10-05T19:17:01.774836Z,0x38416ab546eee4335232ba322f03443d1ab149ac8a1837223ed3347fbe168da1,3FHY6qZALHavE387YcUMyqFYdYCiR5PbLSxdQBpwR6JK,EPjFWdd5AufqSSqeM2qN1xzybapC8G4wEGGkZwyTDt1v,mSoLzYCxHdYgdzU16g5QSh3i5K3z3KZK7ytfqcJm7So,USDC,mSOL,buy,435715,2560000,433548,2560000,fulfilled,Executed,jupiter-solve,8,31RNvMdDWfB4xcrChSyGq7rsmzA6tfuStDoGWwuEk1dRmoTPY1csZNstmMPsrFSsoyj7yGcNVoxoGRqLV2Rm7JSH,3,main
2026-10-05T19:17:02.374567Z,0x7bb8b10871069a7e7831de1586d3203a3a9b6305645688ba29b18924eb32ba74,HoWtt82mr4wqKqMDy4jFDRs1C9kt3kY6KtXH3i83fyn5,So11111111111111111111111111111111111111112,EPjFWdd5AufqSSqeM2qN1xzybapC8G4wEGGkZwyTDt1v,wSOL,USDC,sell,4370000,522123,4370000,524808,fulfilled,Executed,jupiter-solve,8,2ZxNyBu74oTQAfhFa554o5Qem1g3ADvFqW6L35u41gHk5TdjuGHpg6i7ANsCowokr2ZkfRV85yspvC92cxgozRB2,39,main
2026-10-05T19:17:03.561889Z,0xee9e555b9ff654e9d0d12d1f8ee9f2e0e3d8da1363a7e0ce59d173147fc5e838,FjcXArDzUrBTJ1Lv6Yc8n9atjkNYaxKosVjn6VSxZTrK,So11111111111111111111111111111111111111112,7GCihgDB8fe6KNjn2MYtkzZcRjQy3t9GHdC8uHYmW2hr,wSOL,POPCAT,buy,3693432,8150000000,3675057,8150000000,fulfilled,Executed,jupiter-solve,15,3nsTNLbA2XcSh1RbRXTV4oC4bd3TSVRdZ5zFNHfpzanoEWXvs6zHzxkpUTEnkmHfCKBxQyyqcBa27wQ2JQiZSXmB,50,main
2026-10-05T19:17:05.670222Z,0x9a146254cc44afbac11be7e665203af74a55969daae7e6313bd53d7ea8da5ea7,DoD7Kb5bE6Jr7Eq2JTdYwfLn7718RzpYxKyQen2rxiBQ,So11111111111111111111111111111111111111112,Es9vMFrzaCERmJfrF4H2FYD4KCoNkY11McCe8BenwNYB,wSOL,USDT,sell,3600000,430173,3600000,432945,fulfilled,Executed,8E74…2mpx,14,2imfGmdyXFJFrtF3qYmd2xU3owsqUDXfz4fBwUNLjji5iVRznGzYDYchst3BdSLrgtxkrxbU41auZy3yXhrDpXvF,51,main
2026-10-05T19:17:07.848437Z,0x5d849114e7a1599befbac884e83cda1f573531aa4075d4a6a87886c01f18cd8b,2kV12Qsin6Wfxr2Pr6M8bqUbjqMppw4gpqAbV18TiFfJ,jtojtomepa8beP8AuQc6eXt5FriJwfFMwQx2v2f9mCL,6p6xgHyF7AeE6TZkSmFsko444wqoP15icUSqi2jfGiPN,JTO,TRUMP,sell,822000000,224572,822000000,225805,fulfilled,Executed,8E74…2mpx,11,5qWrYeCBrrYgRR8ziiGKSvHupGjB22mtbbRYHnsgria3ybC3tb6PbAUKnh9oGixCfoTCWookcpi8vwyBCnppwK9s,41,main
2026-10-05T19:17:10.148096Z,0xc5ae52177a232781e26587e2f7447c1835fa381a66e9e48cf56de69e965995f9,BPmy52DKPodqoSUirZUBedULujAZr6s778i4hc153r1X,EPjFWdd5AufqSSqeM2qN1xzybapC8G4wEGGkZwyTDt1v,J1toso1uCk3RLmjorhTtrVwY9HJ7X8V9yYac6Y7kGCPn,USDC,JitoSOL,buy,435113,2760000,432927,2760000,fulfilled,Executed,jupiter-solve,11,2r5MBZnZksrS5YDencZewbdiBmvTCFYFazBKNt5Er25jnnjqaLp7JzyQqeU6yjJFy4cifhZJarzRMNpAKLQFK3T9,34,main
2026-10-05T19:17:12.360851Z,0x150ae6633547e978bb9c629c6385d7125b7bcf18a4256630d55e6fb465b1cf51,AQHstwk1uwAEnz8JE41HEbbD1EaPBjBwtid2qbo1Q3KD,So11111111111111111111111111111111111111112,EPjFWdd5AufqSSqeM2qN1xzybapC8G4wEGGkZwyTDt1v,wSOL,USDC,buy,3628887,433481,3610964,433481,fulfilled,Executed,jupiter-solve,10,4H4pji9a6RLzkADz366yN1so6uaanqkdTehUVqETGg4XtiHGxWnTyuXex33kqfUEX6VQA48psKnLfsXR1S4y44iu,24,acquire
2026-10-05T19:17:14.653686Z,0x29989c3f16e1f45a36011e6073a9e1cd7e476eb3cd32ce0a4d3f06f999419024,EDimKwHuMtcwxxbAfQPT3EaH9CPpyTLARxLRRwiZV26v,EPjFWdd5AufqSSqeM2qN1xzybapC8G4wEGGkZwyTDt1v,11111111111111111111111111111111,USDC,SOL (native),sell,385000,3185209,385000,3206952,fulfilled,Executed,8E74…2mpx,6,5n1vKnCdqrppykFrNVDj4ku4SUnNZ1SLbHdTiUK7Vzurk4j5RoRsijXSacJZQstcY1bwRq2BocUPzhZwEs7UgK9d,55,main
2026-10-05T19:17:14.771459Z,0x3a172f07849ee584b42794c456dffe47d2bb3e90512a6cf22f87ede415cf1212,GcY8jk3HeHLDmdPa8wRVnHkn8f77frWdZxRWr6rrdyus,6p6xgHyF7AeE6TZkSmFsko444wqoP15icUSqi2jfGiPN,EPjFWdd5AufqSSqeM2qN1xzybapC8G4wEGGkZwyTDt1v,TRUMP,USDC,sell,182000,371089,182000,372984,fulfilled,Executed,jupiter-solve,5,2y66ywYejfNh7wqo7nFo9ZnhYrJ9ss4GzYKkLeZQtYHJtxBZvBj5ZfWFyTkdYJy1i7GJW2vZQmiDhR34f29zDuTZ,54,main
2026-10-05T19:17:15.592896Z,0xafb6579e1e34589148482e953be5154c76d501ed9700f1ab7e6ded73a7f1ca76,HTsxGEXBSe8rdUJjtW7e4v4YChNXTVmLQXuqBvvQtJuF,So11111111111111111111111111111111111111112,EKpQGSJtjMFqKZ9KQanSqYXRcF8fBopzLHYxdM65zcjm,wSOL,$WIF,buy,3745566,1750000,3726932,1750000,fulfilled,Executed,jupiter-solve,16,4MMFgUMDtGwHRD7RBvxk2cgKkpbkZWfJvqkBRAE4b4S9UX8WXdEWvNTFLT55GbJFBzaCSvXwDXqURqRCfCcR83RY,52,main
2026-10-05T19:17:16.655592Z,0x3749ad84505d850774801cc3801433ccf0e3553e46146335441dc2c6c68ee592,HoWtt82mr4wqKqMDy4jFDRs1C9kt3kY6KtXH3i83fyn5,So11111111111111111111111111111111111111112,Es9vMFrzaCERmJfrF4H2FYD4KCoNkY11McCe8BenwNYB,wSOL,USDT,sell,3600000,430095,3600000,432273,fulfilled,Executed,8E74…2mpx,10,BX3683RiSk38K3Ya3xvGxxymtxvDksdNWLyM3RThEcSSmDqvBAyzUYPAWSRuxtE15sojijPVUZPAhh5oUBYoGDQ,53,main
2026-10-05T19:17:17.659425Z,0x1f215693fb3565bf9bd8e7522b78d5b5d1762b1696931266b710567f25513dd9,3FHY6qZALHavE387YcUMyqFYdYCiR5PbLSxdQBpwR6JK,mSoLzYCxHdYgdzU16g5QSh3i5K3z3KZK7ytfqcJm7So,7GCihgDB8fe6KNjn2MYtkzZcRjQy3t9GHdC8uHYmW2hr,mSOL,POPCAT,sell,2370000,7360648268,2370000,7397071405,fulfilled,Executed,jupiter-solve,9,44sUNWdmtxk17Unhbb7aLksnSqZe1oYRJ67EV2WuMHQ32SSLtQa9VBTAxLpre5LwSYZXvoVVfn6Yzs1tRKhQLVPy,42,main
2026-10-05T19:17:20.513229Z,0x74d28560f996d8a5c83734790a33e7a632cc04f1f1e629e452a8e53170fb34be,7RqUGHCV2tngEBctNc8o58nPDy6AsYzsUHAW2JgA2XX9,So11111111111111111111111111111111111111112,EKpQGSJtjMFqKZ9KQanSqYXRcF8fBopzLHYxdM65zcjm,wSOL,$WIF,buy,3745566,1750000,3726932,1750000,fulfilled,Executed,jupiter-solve,5,5mEasWbf2e3s53D5E5haJNv3BxPGy9Fyvyo9dtQtA2TaF7B1U338teF2jJ4mQK4ax9CPdrib4HosKhKhu27SFZbU,56,main
2026-10-05T19:17:24.382941Z,0x9e38845a6db6c0684394e7518fb0bee8a70c320cc4aa47fb2578f760f87f37ca,9XSrZ8RkSZ3WDoGkrgWHrmMhixsoWZTLnPxBtQNWNK9c,So11111111111111111111111111111111111111112,EPjFWdd5AufqSSqeM2qN1xzybapC8G4wEGGkZwyTDt1v,wSOL,USDC,buy,4107160,490811,4088503,490811,fulfilled,Executed,jupiter-solve,8,4sVbkQ9ALf9gzQZ9dzWHxTwZsV6KAN1LUKwqdQGkWSVvsNUcUMWpS3DkV4AKuDh61vNyupBpLXXNJVQgSgTt72Kp,58,acquire
2026-10-05T19:17:25.591370Z,0x2d2863b24c89fff73b88c596457b2d1c7f497b573870f1d4e3fe5c5402145f09,BPmy52DKPodqoSUirZUBedULujAZr6s778i4hc153r1X,J1toso1uCk3RLmjorhTtrVwY9HJ7X8V9yYac6Y7kGCPn,jtojtomepa8beP8AuQc6eXt5FriJwfFMwQx2v2f9mCL,JitoSOL,JTO,sell,2670000,736407340,2670000,741982415,fulfilled,Executed,8E74…2mpx,6,P1PNFAAi4ADm7R6R5VwavqdJLCF6ezF3HWfHkwbZdxfg41BeDfKjQReeXfH1YT6xLGkmPuprKsymsPzVzn5yKcr,43,main
2026-10-05T19:17:27.759766Z,0xf4fdd07208c01bded78f84751c67f5b4dbb356ba522ab4c1b075d44f6112cb1a,AQHstwk1uwAEnz8JE41HEbbD1EaPBjBwtid2qbo1Q3KD,EPjFWdd5AufqSSqeM2qN1xzybapC8G4wEGGkZwyTDt1v,mSoLzYCxHdYgdzU16g5QSh3i5K3z3KZK7ytfqcJm7So,USDC,mSOL,buy,435676,2560000,433510,2560000,fulfilled,Executed,jupiter-solve,11,9StSmJiiZ69BtBTyrAhgdfa68AuWTYsVA22yGqb39umwoQaXUyFXmhGbLm39bfFDWUPGTfPyFngitGdvZJ5bFwa,24,main
2026-10-05T19:17:33.224374Z,0x93535bad83a39b46bd591bc52ff2367af54b11f2e372bb439b15924be1e18340,HoWtt82mr4wqKqMDy4jFDRs1C9kt3kY6KtXH3i83fyn5,So11111111111111111111111111111111111111112,Es9vMFrzaCERmJfrF4H2FYD4KCoNkY11McCe8BenwNYB,wSOL,USDT,sell,3770000,450371,3770000,452758,fulfilled,Executed,jupiter-solve,11,bffysnphgg7rARvAhAgLigiG5MyHsrMDXqFZZHKNfmCuyHC2iB1iLVAxCsb1rq9SzsDStrWErA6sJLtRk4uDGhR,62,main
2026-10-05T19:17:36.623511Z,0x0eaabcca9781b09c1648b10a7266c00501ec8743f659aba84bf44941ab66a172,GcY8jk3HeHLDmdPa8wRVnHkn8f77frWdZxRWr6rrdyus,So11111111111111111111111111111111111111112,DezXAZ8z7PnrnRJjz3wXBoRgixCa6xjnB7YaB1pPB263,wSOL,Bonk,buy,3858083,12000000000,3837511,12000000000,fulfilled,Executed,jupiter-solve,7,2Z3WtLaP4WhA3Ajn5kpCZ44t7Apsf8xiKnE7Yz1NAsnAEybiyMLStb4PLqjtukRmKtbLRAot3FXdXHpSKasVrmF,60,main
2026-10-05T19:17:37.584306Z,0x919d7a3e772ef983b13c32cf71ce7cd8a1b58280290209300ca5714af6f11002,GikSpMABHu6MJERkF3N9GMmwPXfEBxABjChVkK1W9ji4,7GCihgDB8fe6KNjn2MYtkzZcRjQy3t9GHdC8uHYmW2hr,11111111111111111111111111111111,POPCAT,SOL (native),sell,7400000000,3310394,7400000000,3331362,fulfilled,Executed,8E74…2mpx,6,P61JtzyTKXVHWKwttocqP5MbzUWGaGdMeFkpcjhPnaGce1nfTiHhG5JgW74pdbDzF5X7ngeaAk3WZr4uD41WdVt,63,main
2026-10-05T19:17:38.553286Z,0x65ebc96e9fee1835cfeb5bb92efa78a947ad015396669e36d716a1ad8b0a2d09,7RqUGHCV2tngEBctNc8o58nPDy6AsYzsUHAW2JgA2XX9,So11111111111111111111111111111111111111112,DezXAZ8z7PnrnRJjz3wXBoRgixCa6xjnB7YaB1pPB263,wSOL,Bonk,buy,3857636,12000000000,3837635,12000000000,fulfilled,Executed,jupiter-solve,10,2TmHDpPHkswdSkgYGy9MZVeDCgM3vPJbxsEpZiapSDeEdPG1z7SGgwCrRVNR5bAsfrN24mSYUYaSjtwkksayLvBz,61,main
2026-10-05T19:17:38.803736Z,0xff1acfecfac5c2657e66a98da66541dfce92e4bcf8b795122fcbbdff78daa57f,9XSrZ8RkSZ3WDoGkrgWHrmMhixsoWZTLnPxBtQNWNK9c,EPjFWdd5AufqSSqeM2qN1xzybapC8G4wEGGkZwyTDt1v,4k3Dyjzvzp8eMZWUXbBCjEvwSkkk59S5iCNLY3QrkX6R,USDC,RAY,buy,492102,225000,489814,225000,fulfilled,Executed,jupiter-solve,10,2rtMZyLn7JisAJmM7EgR78YCySUm5qGd1pwjzNRu4tYG54hsPEhDZe6YmgoNyCJYh338HZswWzbs634v2WjdPjVT,58,main
2026-10-05T19:17:46.811682Z,0x5abecec5b86bf2661006efb6f3ccd6bfb59b1827a0d900d5ddabc5b216f6c0ba,AQHstwk1uwAEnz8JE41HEbbD1EaPBjBwtid2qbo1Q3KD,mSoLzYCxHdYgdzU16g5QSh3i5K3z3KZK7ytfqcJm7So,jtojtomepa8beP8AuQc6eXt5FriJwfFMwQx2v2f9mCL,mSOL,JTO,sell,2150000,639785159,2150000,642987128,fulfilled,Executed,jupiter-solve,8,mFimUJCb9bJVNE7UTQpvMXmYy5gkdirFZMPvuVPMRJxsAFX69ijkq4mPDs7eDnvCi5TXy6kt6qPKq5cB3iHJRkd,49,main
2026-10-05T19:17:49.720182Z,0x8ac4664c136f23979d4d3170790e45528cd025b0087d9c47f1d37db231c0ec28,HTsxGEXBSe8rdUJjtW7e4v4YChNXTVmLQXuqBvvQtJuF,So11111111111111111111111111111111111111112,7GCihgDB8fe6KNjn2MYtkzZcRjQy3t9GHdC8uHYmW2hr,wSOL,POPCAT,buy,3692669,8150000000,3674623,8150000000,fulfilled,Executed,jupiter-solve,11,5n9w6Q162LfRQfDSb6uYNy8pe9mocKfxQcBr43doPkURwhX6a2PjZ42RSpALGzyiCwqzYrAMYJGwFe9kPWxuJHUY,65,main
2026-10-05T19:17:50.922258Z,0x2c64ccff6ea369d7c14bfb40c193a5c2df1615d0dd5b5dc277324cbe4f331e41,BQAD73uj3XftKnCB5ZB7P67b7AvEdfLefYbLiipch5oC,4k3Dyjzvzp8eMZWUXbBCjEvwSkkk59S5iCNLY3QrkX6R,J1toso1uCk3RLmjorhTtrVwY9HJ7X8V9yYac6Y7kGCPn,RAY,JitoSOL,sell,191000,2631497,191000,2642907,fulfilled,Executed,jupiter-solve,12,2YoPBc6AfzRa1b2aKo7VzMhd4SMvXVKPmtDEaMoJabDgKZEzvdYv2NjYJc3z8N1DCJ7xQjMYJD8RaQQXgWnw2XsK,66,main
2026-10-05T19:17:56.206253Z,0x7f4ffc1516d9ca65e778a4653dd85e9bd2773ad4e32280484a252ebc60935552,CagkCmsroJWAiUWrigym7vR9wGYV5aKWanTGu3ZARKqD,So11111111111111111111111111111111111111112,Es9vMFrzaCERmJfrF4H2FYD4KCoNkY11McCe8BenwNYB,wSOL,USDT,sell,3600000,430205,3600000,432356,fulfilled,Executed,jupiter-solve,14,3DyRzyfoT8FSqPkKUiG3Rv8N55eMP4ghY7Jdga89dRcZszh91Ls9LY6ck6CBf5tbgUQfiEHjkzeEAMYC3YNCtLuB,68,main
2026-10-05T19:17:57.496758Z,0x207df9fe16a9a9b27c6ea7e6920ac4282ea3a33dd77203eed1713bc039a94412,GcY8jk3HeHLDmdPa8wRVnHkn8f77frWdZxRWr6rrdyus,So11111111111111111111111111111111111111112,EKpQGSJtjMFqKZ9KQanSqYXRcF8fBopzLHYxdM65zcjm,wSOL,$WIF,buy,3746004,1750000,3735070,1750000,fulfilled,Executed,jupiter-solve,14,4HGcYhAmbMddpSjkeR5LzPNtHDjgXXJRmsmNefR2Hna2v5DnNigR4RWorZJxA9sLMuSdcvpm74Sf44ZqiWitseo8,67,main
2026-10-05T19:17:58.507906Z,0xf3936a897da5320847d8b82b97ffce3fb6dc48cd06b4c74c6759d4ab8ebbd377,9XSrZ8RkSZ3WDoGkrgWHrmMhixsoWZTLnPxBtQNWNK9c,So11111111111111111111111111111111111111112,EPjFWdd5AufqSSqeM2qN1xzybapC8G4wEGGkZwyTDt1v,wSOL,USDC,buy,3615198,432005,3597395,432005,fulfilled,Executed,jupiter-solve,12,4LdA5zYR5FHNzeobGpbxZDkv3vEr2DPmojtfdNoZrRQYw6GZWZnpLH2GHevwt3or5cyhcKHFQA3ktt9XDGcKmwpr,64,acquire
2026-10-05T19:18:01.903747Z,0xad257b94066355cc2e91150f6b41050491f897048cf47e943b40ba3c33c7e495,BPmy52DKPodqoSUirZUBedULujAZr6s778i4hc153r1X,So11111111111111111111111111111111111111112,EPjFWdd5AufqSSqeM2qN1xzybapC8G4wEGGkZwyTDt1v,wSOL,USDC,buy,3974921,475041,3955564,475041,fulfilled,Executed,jupiter-solve,18,hGXAvuqVSu7gaSBRCq23hHc3AJEMFBHWKH9nm585biHPMMAzM7bxT4YgRt8epGtPZwWms85ngGFayFMBtqyj3TL,69,acquire
2026-10-05T19:18:04.031600Z,0xce12d9b2a222429e49ee8a3d8a4b009c9fd848fabe9b6ee48fa86ab976fe27fb,AQHstwk1uwAEnz8JE41HEbbD1EaPBjBwtid2qbo1Q3KD,So11111111111111111111111111111111111111112,EPjFWdd5AufqSSqeM2qN1xzybapC8G4wEGGkZwyTDt1v,wSOL,USDC,buy,4112563,491423,4092058,491423,fulfilled,Executed,jupiter-solve,9,4XrQHHJfByqFrXzLHGKmh4S53LUm2Chyqd8uignNuPGEHBssKnuQu6ZYMwFC7KcaFovrFAARznRrndnuSPCjJicm,57,acquire
2026-10-05T19:18:05.094383Z,0x4260cfc732ef1c479f57f0022a73c5e436119eed3d4e12ab5bf1a72e5e8d4e18,FjcXArDzUrBTJ1Lv6Yc8n9atjkNYaxKosVjn6VSxZTrK,7GCihgDB8fe6KNjn2MYtkzZcRjQy3t9GHdC8uHYmW2hr,11111111111111111111111111111111,POPCAT,SOL (native),sell,7740000000,3470149,7740000000,3487249,fulfilled,Executed,jupiter-solve,8,bN79ZP46SvYZ1g2GycRC57jVnsDRebEVo77Lask9FEFN38JJnLNued88UhaUrycFoGpLUVghPKMz1JhJ18KRv9A,71,main
2026-10-05T19:18:07.165147Z,0x9097ea80ba0451d318e4f9d300574c42047376faac7696430dcc0a665f1f00cd,EGXsUdM4HLc983jD276LHz87k5zBZSJrJc137qcokK8D,So11111111111111111111111111111111111111112,DezXAZ8z7PnrnRJjz3wXBoRgixCa6xjnB7YaB1pPB263,wSOL,Bonk,buy,3857532,12000000000,3838777,12000000000,fulfilled,Executed,jupiter-solve,6,3RA2N5xByMtQhyns9KxNAW2dUBUc4T7GvZqbtzUvV5rBS4bBbvx7q97NC6wARPnqcqSGPDho5LnFTHYY2mxT8hX4,70,main
2026-10-05T19:18:10.703004Z,0x896e470994a34afedf254c9583f5d6e5fd076d9572f414cb0dbc79c6e9557470,CaMSDEBp5zy2QxSYqDxqbk28qxFwzLXiNdFJiv9TKqhU,So11111111111111111111111111111111111111112,Es9vMFrzaCERmJfrF4H2FYD4KCoNkY11McCe8BenwNYB,wSOL,USDT,sell,4470000,534144,4470000,537404,fulfilled,Executed,8E74…2mpx,9,9JZmneeMQshubmAufS7dreFfiVdPB6feqoUtxXN3wJo2Z94Mjw1ZnbMFUHoWjcoZyzvkoaFL6rbJx7soTMczqmv,73,main
2026-10-05T19:18:12.143975Z,0x54c8e3fe16e2a53b1defcb53407c1ebefd8f5521def901e33682b288bef24050,BsXAAY6SvTyWYjwKCa5SUs1kDBK6n7ia7qvRPVj5dFgz,So11111111111111111111111111111111111111112,6p6xgHyF7AeE6TZkSmFsko444wqoP15icUSqi2jfGiPN,wSOL,TRUMP,buy,3540786,206000,3522760,206000,fulfilled,Executed,jupiter-solve,8,5uFseJszdcZQVjxqwWMU161AuTop2Hp5Cyv5UNhu2TLnB7VzrcEi5fyzb9JpgrvPRNb6Yj4gn26dqJDUL84RZQhY,72,main
2026-10-05T19:18:14.483954Z,0xba46e86add41126d0289cfe240b33326d4a38f67740c37ca2c413415386f74a6,AM6Qwi3vwMCGpRbJ55zDatByeAtsbcfXvXBh77be8C9T,So11111111111111111111111111111111111111112,EPjFWdd5AufqSSqeM2qN1xzybapC8G4wEGGkZwyTDt1v,wSOL,USDC,sell,3600000,430186,3600000,432434,fulfilled,Executed,jupiter-solve,15,3k2fgkXTQZHXGS4sNBV3E3hVpbjKfWjgcQZfg8ZDa8RhHev8TFLJpvZtLD3nk3QeXQR92qkgSH8QeANrzYAVf5ue,38,main
2026-10-05T19:18:18.205551Z,0xa44e26ac42d59b2821ab17a3d2bb106beb1ef091715155672d14adb14262a578,BQAD73uj3XftKnCB5ZB7P67b7AvEdfLefYbLiipch5oC,So11111111111111111111111111111111111111112,EPjFWdd5AufqSSqeM2qN1xzybapC8G4wEGGkZwyTDt1v,wSOL,USDC,buy,3613504,431800,3593239,431800,fulfilled,Executed,jupiter-solve,20,5J9FDRg6MD4o9PucRvkqThUdExLKDFGVCGUDgsE8FH2GUhtYtVh52iQtPfjGq82j79vWrnXLfcEqeyBEju1643uq,75,acquire
2026-10-05T19:18:18.459132Z,0xa2534fa541ee0d14840bbd35cf1d5c9c4459341e213336d8b96fb42a3b757d72,9XSrZ8RkSZ3WDoGkrgWHrmMhixsoWZTLnPxBtQNWNK9c,EPjFWdd5AufqSSqeM2qN1xzybapC8G4wEGGkZwyTDt1v,J1toso1uCk3RLmjorhTtrVwY9HJ7X8V9yYac6Y7kGCPn,USDC,JitoSOL,buy,435234,2760000,433086,2760000,fulfilled,Executed,jupiter-solve,8,27nsfxT9s7p8MBJLhxv3uXTK3Nf3pr53kSLyuUttgh4ZA3eSeuNn5Ak5A1Ed3owRmAkipbgCfACMpDxDesyTgznK,64,main
2026-10-05T19:18:18.583495Z,0x28ac691390d44ae303310fd32a459d94cbbc89850becff21f9f6c65b382360e7,HoWtt82mr4wqKqMDy4jFDRs1C9kt3kY6KtXH3i83fyn5,So11111111111111111111111111111111111111112,Es9vMFrzaCERmJfrF4H2FYD4KCoNkY11McCe8BenwNYB,wSOL,USDT,sell,4740000,566493,4740000,569673,fulfilled,Executed,jupiter-solve,19,ZqxmrzBZCnc5Jid4BmVGJqngicP2o3xuRqiFGh9jSKVf43uHd3BobkGkbuXA7tQ5X8ViTEw4ziLfZo5S355SmFA,76,main
2026-10-05T19:18:19.532353Z,0xe4a5764e0013632b18546b69cc9801ac7f55cceb8115d4f6630567a9bc1dcd75,AQHstwk1uwAEnz8JE41HEbbD1EaPBjBwtid2qbo1Q3KD,EPjFWdd5AufqSSqeM2qN1xzybapC8G4wEGGkZwyTDt1v,4k3Dyjzvzp8eMZWUXbBCjEvwSkkk59S5iCNLY3QrkX6R,USDC,RAY,buy,491872,225000,489476,225000,fulfilled,Executed,jupiter-solve,12,45aeaKdsN6HNCbZeziEtAMxBAjYo7iTeShh4XJoumzLXEKcZHTwNmTsQuH8eTBxh1m3r9pTvs11wT9ww3XXTEzYV,57,main
2026-10-05T19:18:22.827273Z,0xc9bd0609fcbab6fd21cfc2cf21b004ec4c28dcffc1aa12fb52ba20b616c63d04,EDimKwHuMtcwxxbAfQPT3EaH9CPpyTLARxLRRwiZV26v,So11111111111111111111111111111111111111112,EPjFWdd5AufqSSqeM2qN1xzybapC8G4wEGGkZwyTDt1v,wSOL,USDC,sell,4450000,532179,4450000,534773,fulfilled,Executed,jupiter-solve,9,3UVD39rrxTF6HuxhDaDoto8EutNhMGpMaSXZex3rSvvgj4hQJeQLA5XF8rLTmiajzY8XcNCybRBTo8V5usF3io4R,79,main
2026-10-05T19:18:25.546496Z,0x299b2daf73d9942c14e93b0dc0715a6745ca5eeafdd30a9e2dd7e7d6895dfe76,4p3tgZxpw2gKnJnVwQ4Ah3av47HywcXfFaXTFGNU2aTT,7GCihgDB8fe6KNjn2MYtkzZcRjQy3t9GHdC8uHYmW2hr,11111111111111111111111111111111,POPCAT,SOL (native),sell,7260000000,3247403,7260000000,3266485,fulfilled,Executed,8E74…2mpx,12,3g5cC2Ca8AjaKf9DZhd39iW5DYkZ2nh8Jkqn2xdrtHBNzhW77suuCwRTzyxs1A38pu1vxmkjKDKK5FHNBFVvJ7Ah,80,main
2026-10-05T19:18:27.120264Z,0xb008dc5036901d717c309385fc98025a05915980d65f67211e5b7dd7b5eda416,BPmy52DKPodqoSUirZUBedULujAZr6s778i4hc153r1X,EPjFWdd5AufqSSqeM2qN1xzybapC8G4wEGGkZwyTDt1v,jtojtomepa8beP8AuQc6eXt5FriJwfFMwQx2v2f9mCL,USDC,JTO,buy,476278,835000000,473909,835000000,fulfilled,Executed,jupiter-solve,11,2pyFvZczXan9fumDSZUow3vAnAEYqjpw7r3nxLo1c5XFSDx7JehXndMPc3VGuu1jckV2x4Tuy2CSFKkk68fuCXDc,69,main
2026-10-05T19:18:30.189769Z,0x39535f6e999a1983cf548512a99314854b1e63892f47a6e784c7acfaf7e35a93,BsXAAY6SvTyWYjwKCa5SUs1kDBK6n7ia7qvRPVj5dFgz,So11111111111111111111111111111111111111112,J1toso1uCk3RLmjorhTtrVwY9HJ7X8V9yYac6Y7kGCPn,wSOL,JitoSOL,buy,3619479,2760000,3600638,2760000,fulfilled,Executed,jupiter-solve,8,3f7MaHEKp4KqDZA4PNq7hfHKP1vcy3en32KMLaF5WNrCpbHTvZh18Z561ReoqKNxh2Vih1ruqcTFhmbzFKuMeKwu,82,main
2026-10-05T19:18:30.930866Z,0x21dfff1e69a148995b51d2a198d11c87a3a42e2df81dc0bf2cc02ec68a3fd60b,CaMSDEBp5zy2QxSYqDxqbk28qxFwzLXiNdFJiv9TKqhU,Es9vMFrzaCERmJfrF4H2FYD4KCoNkY11McCe8BenwNYB,11111111111111111111111111111111,USDT,SOL (native),sell,700000,5790435,700000,5815801,fulfilled,Executed,jupiter-solve,23,4sZqFxieP9o5diK7fK4f2QGaChDD4SFbfpW3N9365AwmdvinajfbZ7jyVpZftdxxmePX2X76NeSUScA9kyr8tmnU,83,main
2026-10-05T19:18:34.075236Z,0xda1bfe160e6ae8dabac96d85c5ecd3be3f145ac8b1521ba520358f110bc6dada,CcQdkRAXeX7seuZLmiapfpM6CVBndVrsvMe38E4Uypyg,EPjFWdd5AufqSSqeM2qN1xzybapC8G4wEGGkZwyTDt1v,11111111111111111111111111111111,USDC,SOL (native),sell,478000,3952086,478000,3970370,fulfilled,Executed,jupiter-solve,14,3wBKd3QPub6dxVjHH8HwpCEAWMbCd3fwEzsv5yPqb73qtjQbQG3EY6qvwSc1e7Z1XCgetjjTaPNquL1tocX6YU86,85,main
2026-10-05T19:18:34.812912Z,0xd43816f3c4c84f521667a6e8758026d43aa3049552a5d898a34485e667cc7e25,DoD7Kb5bE6Jr7Eq2JTdYwfLn7718RzpYxKyQen2rxiBQ,Es9vMFrzaCERmJfrF4H2FYD4KCoNkY11McCe8BenwNYB,11111111111111111111111111111111,USDT,SOL (native),sell,399000,3298119,399000,3316612,fulfilled,Executed,8E74…2mpx,14,3qa9VCxTdEwqgURpnRggJhfjuykDQ9raHv7QeXWDp3zvTn6ttCnHKspjBf2cisVaTLNqCgKtjnxnDYwEQHyvBUuS,84,main
2026-10-05T19:18:35.916158Z,0x3e573a3e7fddde1e59a1f7941a8099e1ca20f9b95eb598cc5c56928000efc67e,AM6Qwi3vwMCGpRbJ55zDatByeAtsbcfXvXBh77be8C9T,EPjFWdd5AufqSSqeM2qN1xzybapC8G4wEGGkZwyTDt1v,11111111111111111111111111111111,USDC,SOL (native),sell,642000,5308497,642000,5333906,fulfilled,Executed,jupiter-solve,18,41r69qHKbk7RP1rXWWLVQXYQjxnfLPwBMDBVuCmXJ3HjvFsYE4X4Bm3iUEREJnggeJTBdAnbNZbLhzeHQZPGwumg,46,main
2026-10-05T19:18:37.110758Z,0x84758060ac13c88aa6e8b57df4cdcd076e73593979cb5e0386ecdc379459ab3c,9XSrZ8RkSZ3WDoGkrgWHrmMhixsoWZTLnPxBtQNWNK9c,So11111111111111111111111111111111111111112,EPjFWdd5AufqSSqeM2qN1xzybapC8G4wEGGkZwyTDt1v,wSOL,USDC,buy,4029630,481839,4008670,481839,fulfilled,Executed,jupiter-solve,10,mLzKJmis2L7tUM1h438Q9pUxEK1pTTqWTj7tWWZZYzCMQKRsPzEXySzAT7xCoQYZYFGg2sYVP5e81FhHHiA9W3D,78,acquire
2026-10-05T19:18:40.348299Z,0xe6f60756c6c9db2f056c827ab37352179ba3ae3765d32133d964380546564156,AQHstwk1uwAEnz8JE41HEbbD1EaPBjBwtid2qbo1Q3KD,So11111111111111111111111111111111111111112,EPjFWdd5AufqSSqeM2qN1xzybapC8G4wEGGkZwyTDt1v,wSOL,USDC,buy,4092301,489458,4071907,489458,fulfilled,Executed,jupiter-solve,9,31o5L11hz84b3YapavUmfVdU4k6stdwLzcfE32QyojMZ4BWET3jEgjGV669kMmPjBnssmbb5QkmydCQSgvKeAMa9,81,acquire
2026-10-05T19:18:42.707519Z,0x0754542bb28eb63e48383ad947ab6c1566c492d51c314dc1ee5a8c5974d9819b,BQAD73uj3XftKnCB5ZB7P67b7AvEdfLefYbLiipch5oC,EPjFWdd5AufqSSqeM2qN1xzybapC8G4wEGGkZwyTDt1v,mSoLzYCxHdYgdzU16g5QSh3i5K3z3KZK7ytfqcJm7So,USDC,mSOL,buy,435898,2560000,433843,2560000,fulfilled,Executed,jupiter-solve,6,3FHSBMFCGE76XgiGTD5cEwfjrKaudHBum22HAvb39hSm7c12yyx3RSqoY59rUUHzdwAMD7LeZEQ1t2413zrrkJE4,75,main
2026-10-05T19:18:43.628710Z,0xcc7789592044634174a3605242ab1846f60b0c864e43a61ab186e4d4e87dde53,BPmy52DKPodqoSUirZUBedULujAZr6s778i4hc153r1X,jtojtomepa8beP8AuQc6eXt5FriJwfFMwQx2v2f9mCL,EPjFWdd5AufqSSqeM2qN1xzybapC8G4wEGGkZwyTDt1v,JTO,USDC,sell,1340000000,754849,1340000000,759190,fulfilled,Executed,8E74…2mpx,13,3VNyEtVusVRNzvrcELLzJ4iiL3BXxedpeKaPm8yHYxEnpCxpurYvtQ7uKNysMjunwgnED4H7tBWj3pH8Kom3JCCt,77,main
2026-10-05T19:18:48.111668Z,0xeafea01b7e9d2ad73ac2f5e1996c1d237ca8adf29fc9f55112a9f478e99be75e,BsXAAY6SvTyWYjwKCa5SUs1kDBK6n7ia7qvRPVj5dFgz,So11111111111111111111111111111111111111112,7GCihgDB8fe6KNjn2MYtkzZcRjQy3t9GHdC8uHYmW2hr,wSOL,POPCAT,buy,3693387,8150000000,3675012,8150000000,fulfilled,Executed,jupiter-solve,6,vD4u95s7hXnFzpGFEXxoszxEEqmCXWPSqsruVoFaqghGjn8k8oLt2gNGveKGwiuFS7L95kwZiia84zjd3pPst4Z,89,main
2026-10-05T19:18:49.124036Z,0xd76832df8fd3dc90154878b788c69fb67ac801fea8510aecd2da8df56f56fa1f,4p3tgZxpw2gKnJnVwQ4Ah3av47HywcXfFaXTFGNU2aTT,So11111111111111111111111111111111111111112,6p6xgHyF7AeE6TZkSmFsko444wqoP15icUSqi2jfGiPN,wSOL,TRUMP,buy,3545522,206000,3527997,206000,fulfilled,Executed,jupiter-solve,18,4g2WQpBgFzLnin2yGewikzs7SLzCTyH8UcWGVWDk9k8itsbT3RqyyoFZPxaQHdG9bcftFRUrhN1Z4eQP2k2kMrif,86,main
2026-10-05T19:18:51.865280Z,0x236e39f411267b02deed8dff2f677ee3a1e5429c2fcdabcd321778ad99aae007,EGXsUdM4HLc983jD276LHz87k5zBZSJrJc137qcokK8D,DezXAZ8z7PnrnRJjz3wXBoRgixCa6xjnB7YaB1pPB263,11111111111111111111111111111111,Bonk,SOL (native),sell,17200000000,5466779,17200000000,5495394,fulfilled,Executed,jupiter-solve,12,35Vqa75hcLo41Rkk6ojixt5mo3kR4Hp6V4SAqNEcTRtbMQT1JAeUSLFQ14DSmCCYwWjVvEJNVuEEnpXCeH3w3Lq6,90,main
2026-10-05T19:18:52.441944Z,0xefe82314b94ef80bbb43df27139084f1ec9bf719b591238a9f55ba3f2366a01e,9XSrZ8RkSZ3WDoGkrgWHrmMhixsoWZTLnPxBtQNWNK9c,EPjFWdd5AufqSSqeM2qN1xzybapC8G4wEGGkZwyTDt1v,JUPyiwrYJFskUPiHa7hkeR8VUtAeFoSYbKedZNsDvCN,USDC,JUP,buy,482746,1370000,480346,1370000,fulfilled,Executed,jupiter-solve,11,4TxGKad9LJVqFidfqZBJPJiQ6NSDoszLVo5Top34XtfRrYnxpQ3u44E3eo6XTvdSUHvNbd7hzKna9MZsauwhAZFo,78,main
2026-10-05T19:18:54.753918Z,0x0f968dd0c9f9d494be86a6c663c79a10ef69c58dbdb6df4132dba6ceb2ab540f,7RqUGHCV2tngEBctNc8o58nPDy6AsYzsUHAW2JgA2XX9,EKpQGSJtjMFqKZ9KQanSqYXRcF8fBopzLHYxdM65zcjm,11111111111111111111111111111111,$WIF,SOL (native),sell,1710000,3628785,1710000,3647020,fulfilled,Executed,jupiter-solve,11,tsReEAazs938TTmQwJ1euRLQQpMt6Gy1Y4GKKmTz8RyqWTLx8LcHEv7M3TNPsgNxdwjrAWWFBuV1Y6wqiDERQx4,92,main
2026-10-05T19:18:55.756407Z,0xb5425276f4e2303af5519da01e71037a00613aa386a9422b807dd285b6422b13,AQHstwk1uwAEnz8JE41HEbbD1EaPBjBwtid2qbo1Q3KD,EPjFWdd5AufqSSqeM2qN1xzybapC8G4wEGGkZwyTDt1v,4k3Dyjzvzp8eMZWUXbBCjEvwSkkk59S5iCNLY3QrkX6R,USDC,RAY,buy,491555,225000,488080,225000,fulfilled,Executed,fractal,12,ngxj5RMwDrTYweFNQ8hisDRU7Kx8A7R8R9VRXz1o4SFdHSgyxAP3adUULXUkpGgR2yYb2M2L8hkS3uaaGqfMYuj,81,main
2026-10-05T19:18:57.746181Z,0x90f62838f2601f65bd3716d1e45f2aefb24328d2dda19bf6d58fb30daca96cd7,DoD7Kb5bE6Jr7Eq2JTdYwfLn7718RzpYxKyQen2rxiBQ,So11111111111111111111111111111111111111112,Es9vMFrzaCERmJfrF4H2FYD4KCoNkY11McCe8BenwNYB,wSOL,USDT,sell,3960000,473477,3960000,475990,fulfilled,Executed,jupiter-solve,8,63VaXnCUyKrHcrUCSqxRvoMV6x7SBQFRxEcGyB6c8nKnQKusTwAgg7zVYo4d2eMi6jYVJujeefS5iVUzSnyiBnNQ,91,main
2026-10-05T19:18:59.137297Z,0x2a6ba4b86781209c114eba12619ff1eee322401adeba0da67cd24d8930c43058,CDY1rvEes25vx7DZwxp5BRSgAewDQMgwBExfAMEymdMC,So11111111111111111111111111111111111111112,EPjFWdd5AufqSSqeM2qN1xzybapC8G4wEGGkZwyTDt1v,wSOL,USDC,sell,3600000,430534,3600000,432716,fulfilled,Executed,jupiter-solve,8,3BkywWqcEvwrKqhK8FntzxzdZc4BsZCDsiRfUujEVMsExdRnk2inNQn9xG7BWWdTdRvXfPcpYpLrstn7D4UAsbra,93,main
2026-10-05T19:19:01.227119Z,0xa85ba1f6888a81b165f0721f7f5d0073a376491ac6c0ea18d2171edff47e544d,AM6Qwi3vwMCGpRbJ55zDatByeAtsbcfXvXBh77be8C9T,So11111111111111111111111111111111111111112,EPjFWdd5AufqSSqeM2qN1xzybapC8G4wEGGkZwyTDt1v,wSOL,USDC,sell,3600000,430573,3600000,432741,fulfilled,Executed,8E74…2mpx,22,3tEsPYpimU5yCee8ExNgXuQy6h8N3zGf4xXNWraadH9zHew24CYT1MCdHCqdREH9zj8ZY4vfPEemEdEv6ZtsJbYQ,59,main
2026-10-05T19:19:02.437889Z,0xadcdc6f738825e2bdd1bafd273517f7e1bad27fc0748e4c7ec894e6fd3b9f2e1,HoWtt82mr4wqKqMDy4jFDRs1C9kt3kY6KtXH3i83fyn5,EPjFWdd5AufqSSqeM2qN1xzybapC8G4wEGGkZwyTDt1v,11111111111111111111111111111111,USDC,SOL (native),sell,1250000,10337370,1250000,10385172,fulfilled,Executed,fractal,10,42XPDhPhKaoPF2B2vQ92Z1W9cqYmMFRESMMPjHkKT5uhad6XdFANMLVJNBUhaw98kHABQKioDRSZdNENB3GSXG8u,94,main
2026-10-05T19:19:03.443273Z,0x03ba6888756675050ead081ebeb5a674d81d9922fa98de496875a13bd928f153,BPmy52DKPodqoSUirZUBedULujAZr6s778i4hc153r1X,EPjFWdd5AufqSSqeM2qN1xzybapC8G4wEGGkZwyTDt1v,J1toso1uCk3RLmjorhTtrVwY9HJ7X8V9yYac6Y7kGCPn,USDC,JitoSOL,sell,660000,4184103,660000,4203642,fulfilled,Executed,fractal,10,2ewzrVJfqBQS4hnimh5eV3WB4QzqeFemrCqdmWsPQ1KggkbvDYoNh2rm1RHNQenJewrwvn8fyK9JrqJXQoP8NLJF,87,main
2026-10-05T19:19:05.506250Z,0xb140b6beafa02e23f8f7d92b963a8200f003c3535ce816a337c706de97c6c43a,CcQdkRAXeX7seuZLmiapfpM6CVBndVrsvMe38E4Uypyg,So11111111111111111111111111111111111111112,EPjFWdd5AufqSSqeM2qN1xzybapC8G4wEGGkZwyTDt1v,wSOL,USDC,sell,3600000,430553,3600000,432969,fulfilled,Executed,8E74…2mpx,6,5YzWmLpJhsTXuUsBKUKzvEVQnAjyHyUWPWauxHLXbAAJbYc3ppAhkPQrov1f21P7CgVm6Aiq2xq8DkGapu5VWETA,97,main
2026-10-05T19:19:07.942811Z,0xf20a78a0737763f6ab3fbe907eb3e64dad32c6148712c7f0ff8e3a2a9ed672a3,3FHY6qZALHavE387YcUMyqFYdYCiR5PbLSxdQBpwR6JK,So11111111111111111111111111111111111111112,EPjFWdd5AufqSSqeM2qN1xzybapC8G4wEGGkZwyTDt1v,wSOL,USDC,buy,4329224,517742,4307563,517742,fulfilled,Executed,jupiter-solve,10,5NgNAbirbKcW5fEEDoHzrHGQhRvo3BajTjJzsBaJagXgApeLrmEKVpmxmp4n4zLTvELXiWGGwTk1TrihbA4gaDf6,95,acquire
2026-10-05T19:19:08.933481Z,0xe5fe2e70ad4056be27d53d0152b67bf7731de19a753e3928af36bfebb3c4b972,91V7pVaQyARieyPXcNpxQZdqk5KoH7P1vgg2YHNBfSti,J1toso1uCk3RLmjorhTtrVwY9HJ7X8V9yYac6Y7kGCPn,EPjFWdd5AufqSSqeM2qN1xzybapC8G4wEGGkZwyTDt1v,JitoSOL,USDC,sell,2670000,416310,2670000,418721,fulfilled,Executed,8E74…2mpx,9,XookGNVHgPupdpUYgTSrx88x8KnsCA2PQdvhHJJPa9KguE7YEXQ6nymbSZUbBXRNMLtpBfaTSMLNUqJYWhzinqP,100,main
2026-10-05T19:19:10.052982Z,0x3fc790591680e09b2636678786c9ec1c34fc0f6548368317abc6b18f7efbe6db,BsXAAY6SvTyWYjwKCa5SUs1kDBK6n7ia7qvRPVj5dFgz,So11111111111111111111111111111111111111112,mSoLzYCxHdYgdzU16g5QSh3i5K3z3KZK7ytfqcJm7So,wSOL,mSOL,buy,3623562,2560000,3606968,2560000,fulfilled,Executed,jupiter-solve,8,2uDGxHfHGEs1UdfqpFjJGnMJZoWzw1rQchV8tKBsfqnVkMbYg3yKXnMob7n61J75pELcap3gSjWr4sVP1JaadM8D,98,main
2026-10-05T19:19:11.721873Z,0x59967c9b46a8b4bf947c449dc0c6385797ff08ea19964b00d0d6de9116bb620f,GikSpMABHu6MJERkF3N9GMmwPXfEBxABjChVkK1W9ji4,So11111111111111111111111111111111111111112,DezXAZ8z7PnrnRJjz3wXBoRgixCa6xjnB7YaB1pPB263,wSOL,Bonk,buy,3861251,12000000000,3841853,12000000000,fulfilled,Executed,jupiter-solve,5,265T8zJ8iUiwB9DXAUPWtux7va5pYPm9yS9Tg5kU62q3RMtsJrvaPx5HjgfC2ZX4hWGG3WwNkcpUUpS3BYVKPwf4,99,main
2026-10-05T19:19:12.260796Z,0xace4e8c62879d849782e1746e613f945ab467e42b4dd83564426bb7eeb086633,CagkCmsroJWAiUWrigym7vR9wGYV5aKWanTGu3ZARKqD,So11111111111111111111111111111111111111112,EPjFWdd5AufqSSqeM2qN1xzybapC8G4wEGGkZwyTDt1v,wSOL,USDC,sell,3600000,430560,3600000,432689,fulfilled,Executed,8E74…2mpx,23,2PrVjPCr7LqJYNs1Q2BiktMLpzz4sKXRHctqfV3Qwg7Tb7ABc2zX8NsZX638q8u1yzu2t36Rjx7urvHxa9UZaFoW,102,main
2026-10-05T19:19:13.456128Z,0x4f94fc7bda044d36a74951f4a212848ebdc26892fb2268bdffc9ea5df1c1f4b2,CaMSDEBp5zy2QxSYqDxqbk28qxFwzLXiNdFJiv9TKqhU,So11111111111111111111111111111111111111112,Es9vMFrzaCERmJfrF4H2FYD4KCoNkY11McCe8BenwNYB,wSOL,USDT,sell,3600000,430513,3600000,432690,fulfilled,Executed,jupiter-solve,10,5ChLjbLMvMrsWTq879pBx1pe5dkuaDeqdtshyyMffuZUWEN9h4QLUSiDtLgntjCczA3QRrGQc2Ksg2uUHM8eEWFK,103,main
2026-10-05T19:19:16.914536Z,0xee74ae7db12362fb167e0b97d4d7994b86cc5f675842e8114509cbed57faa757,AQHstwk1uwAEnz8JE41HEbbD1EaPBjBwtid2qbo1Q3KD,So11111111111111111111111111111111111111112,EPjFWdd5AufqSSqeM2qN1xzybapC8G4wEGGkZwyTDt1v,wSOL,USDC,buy,3595986,430028,0,0,expired,Winner too late: creation blockhash expired,,,,88,acquire
2026-10-05T19:19:18.919180Z,0x2cbc82cc16d5ae621b39fc286ebdec00db3a8bfcf1343001c2271497a21d49fa,BPmy52DKPodqoSUirZUBedULujAZr6s778i4hc153r1X,J1toso1uCk3RLmjorhTtrVwY9HJ7X8V9yYac6Y7kGCPn,DezXAZ8z7PnrnRJjz3wXBoRgixCa6xjnB7YaB1pPB263,JitoSOL,Bonk,sell,3510000,14222206482,3510000,14292633904,fulfilled,Executed,jupiter-solve,11,yxmzVmjnwwXWT83CwsfgmjnXyEsp6pcPjcx17hM7EN2wHTngFM6QFtkiQd4Esgx7hnZxuxaHGjY4zWwEKdSdiVu,96,main
2026-10-05T19:19:19.944999Z,0x923bef82ac53e4f95804afe3fa1ad5fb5c5c036bc47f51777e3d5f62e5b7c822,CDY1rvEes25vx7DZwxp5BRSgAewDQMgwBExfAMEymdMC,So11111111111111111111111111111111111111112,EPjFWdd5AufqSSqeM2qN1xzybapC8G4wEGGkZwyTDt1v,wSOL,USDC,sell,3600000,430545,3600000,432969,fulfilled,Executed,jupiter-solve,10,62aAo2GMGjY6ou2rYFPkjHevL2jYDKuZims54WP66so2q5j7bR3JwQKFnqiWxKDC7XNsF75GFgHcE67GGpFxP99u,104,main
2026-10-05T19:19:22.263258Z,0x9925911acabf3a2cff1075fc885a29598cafd7a4b7edfc5d1f5fee2a9cd7ff7d,3FHY6qZALHavE387YcUMyqFYdYCiR5PbLSxdQBpwR6JK,EPjFWdd5AufqSSqeM2qN1xzybapC8G4wEGGkZwyTDt1v,4k3Dyjzvzp8eMZWUXbBCjEvwSkkk59S5iCNLY3QrkX6R,USDC,RAY,buy,517823,237000,515816,237000,fulfilled,Executed,8E74…2mpx,8,3BxQAnSME3q1ELfHXYhGUoopFNBxzpbLJJGWwRdXQ1rySGM5wd1SvCwsAa48kjEL9N3jYmk4hPcWx3urKSRw2Xqd,95,main
2026-10-05T19:19:24.700799Z,0x33023e5f7a676bd37caef76e2fa4f5997ee942d234b8a29c9fbb8a36afc2d861,EGXsUdM4HLc983jD276LHz87k5zBZSJrJc137qcokK8D,6p6xgHyF7AeE6TZkSmFsko444wqoP15icUSqi2jfGiPN,EPjFWdd5AufqSSqeM2qN1xzybapC8G4wEGGkZwyTDt1v,TRUMP,USDC,sell,172000,351857,172000,353569,fulfilled,Executed,8E74…2mpx,10,31HeJSJR44PTMuSrtF3Bk1kGc9RGRzoB3DRidrratpCEigig3Z1bXutzwgXmjDB8iDzGcr88PoCyX7KYKpfwev9a,107,main
2026-10-05T19:19:28.749409Z,0xc08be225b3b5c9a2a22453f496525ff1faddf65f5df75fde4d7b483455a69458,BsXAAY6SvTyWYjwKCa5SUs1kDBK6n7ia7qvRPVj5dFgz,So11111111111111111111111111111111111111112,6p6xgHyF7AeE6TZkSmFsko444wqoP15icUSqi2jfGiPN,wSOL,TRUMP,buy,3546729,206000,3529001,206000,fulfilled,Executed,fractal,6,WKiEXeytZ5tQpdFjxH6rYUMdPJBX8ZjcUWU8nszFfN9w13d1aaYReMifmc96w5NXGt7Rfgrvn8RWyP5f7FoNMNA,108,main
2026-10-05T19:19:29.946249Z,0x1888626dbea2ef49f91e4afb51aecbf299b2aa683d7fcd8eb11f01d2214fdf3a,AM6Qwi3vwMCGpRbJ55zDatByeAtsbcfXvXBh77be8C9T,So11111111111111111111111111111111111111112,EPjFWdd5AufqSSqeM2qN1xzybapC8G4wEGGkZwyTDt1v,wSOL,USDC,sell,3600000,430526,3600000,432689,fulfilled,Executed,jupiter-solve,22,3k9VaPVAsKsfJPbZ8XgP3mwazMXqe3jExeqvNqYuziG2bHMG8FCA9w4FCcMbo5ijxrj4QPSUWK85y65vmheNoTpS,74,main
2026-10-05T19:19:30.989389Z,0xf03d3a6f64eae2e3355e374e55fcd0e5709d4c92ad18d9115a29c13749a73403,HTsxGEXBSe8rdUJjtW7e4v4YChNXTVmLQXuqBvvQtJuF,So11111111111111111111111111111111111111112,DezXAZ8z7PnrnRJjz3wXBoRgixCa6xjnB7YaB1pPB263,wSOL,Bonk,buy,3861936,12000000000,3842723,12000000000,fulfilled,Executed,jupiter-solve,13,5rVoDf5Ri5Kyd2WqKunn25rcTU1ew3Lxs7czJdMEUWegHWvyEZsN6ZQiFkgiiPRA9BHDPwr8LBLhicBaQiiyTVmm,109,main
2026-10-05T19:19:33.268479Z,0x47f93799a8da70f8c50a11f1fc48c9a31d74a9d2bc9fa4ac4862fbccdff36bac,EDimKwHuMtcwxxbAfQPT3EaH9CPpyTLARxLRRwiZV26v,So11111111111111111111111111111111111111112,EPjFWdd5AufqSSqeM2qN1xzybapC8G4wEGGkZwyTDt1v,wSOL,USDC,sell,3600000,430526,3600000,432725,fulfilled,Executed,jupiter-solve,17,3dQYvMRf1Y7NmBgrXTWdbx7nGjzNbDB9guhT4Ny8yfYXjQnosygT6XchcmVSgCyEmArHwp7v3DMBgYJzVUAKAMZM,111,main
2026-10-05T19:19:35.325015Z,0xf9e4f9991a0f9efd640e6cd550744c5b0870f25900a38b3e5e3a66d3426834ca,BPmy52DKPodqoSUirZUBedULujAZr6s778i4hc153r1X,So11111111111111111111111111111111111111112,DezXAZ8z7PnrnRJjz3wXBoRgixCa6xjnB7YaB1pPB263,wSOL,Bonk,buy,163286,507366096,162481,507366096,fulfilled,Executed,jupiter-solve,15,2YtCHgSzNQCPxEAVF5UVRV7gafwkbzX8LDv3dkaTJrB2ZtumXhLyFYT9GSnuMvrwKGiCLNKVzfj2Lw823jFSfUo9,105,acquire
2026-10-05T19:19:36.498073Z,0x3b7a8f34579d0592b614f0f8da8e10e1aaf3623e8d3bba15e8c6af24c89060dc,GcY8jk3HeHLDmdPa8wRVnHkn8f77frWdZxRWr6rrdyus,So11111111111111111111111111111111111111112,EKpQGSJtjMFqKZ9KQanSqYXRcF8fBopzLHYxdM65zcjm,wSOL,$WIF,buy,3759605,1750000,3740901,1750000,fulfilled,Executed,jupiter-solve,13,5UjUP4HVZHEf3cyd282HDdPAyaEtPNvmjHXEgfoTZSddqhRpLoi1q83FRfpyRDTtECjjWymWCbd1TkDese1Q8htF,112,main
2026-10-05T19:19:39.039436Z,0xeff3e1f4a71ac65028bfb162c25307aa0ebef61f6dcf103875686cc4104d571d,CagkCmsroJWAiUWrigym7vR9wGYV5aKWanTGu3ZARKqD,Es9vMFrzaCERmJfrF4H2FYD4KCoNkY11McCe8BenwNYB,11111111111111111111111111111111,USDT,SOL (native),sell,540000,4464004,540000,4484342,fulfilled,Executed,8E74…2mpx,10,pg97xZEFPqb56XSGoswnr1w5QSNpcE5P6WcDrEskTYKGpfrD3VdtfUkjgsCPHK6e7JU1kHoRPWEx8mrdWsbm3dN,110,main
2026-10-05T19:19:44.148052Z,0x9798bca6666d0a15883e0a42a0fd2fdee2bf9365912c571fe70c52a02467d934,94bjVVSp8jgvP4ivAW3wFomkRpeE3xBouyCWErsR1ANz,DezXAZ8z7PnrnRJjz3wXBoRgixCa6xjnB7YaB1pPB263,EPjFWdd5AufqSSqeM2qN1xzybapC8G4wEGGkZwyTDt1v,Bonk,USDC,sell,10300000000,393647,10300000000,395651,fulfilled,Executed,8E74…2mpx,19,4HutFvWD251pMWpXLTj4ZsK8ZKpXKtvK2xgUK8d3jpNtRACu2bGamxPVj5rkfZ99nM8VV2npxXpy2vhChB28fRYg,114,main
2026-10-05T19:19:47.548564Z,0xda64efaceb888b3fcaf9e4318f7596675ec9a8a60975de5bcc1b9f528345eee5,EGXsUdM4HLc983jD276LHz87k5zBZSJrJc137qcokK8D,So11111111111111111111111111111111111111112,7GCihgDB8fe6KNjn2MYtkzZcRjQy3t9GHdC8uHYmW2hr,wSOL,POPCAT,buy,3693580,8150000000,3674400,8150000000,fulfilled,Executed,jupiter-solve,10,twL3TVF25HXT7eev7GuhUtWyWijZcKnzfV77y4axVvaAWjtPCRAuU7GD4HgJX7gyUzBYEmEvGZdJx7niGw7zSFD,115,main
2026-10-05T19:19:50.742216Z,0x507b5c6f67b6e62b37f6e8e2fbde9557eb9454a548bb081152c249640a203de0,FjcXArDzUrBTJ1Lv6Yc8n9atjkNYaxKosVjn6VSxZTrK,So11111111111111111111111111111111111111112,EKpQGSJtjMFqKZ9KQanSqYXRcF8fBopzLHYxdM65zcjm,wSOL,$WIF,buy,3759605,1750000,3741237,1750000,fulfilled,Executed,jupiter-solve,7,3SmjLEWHvgttSfWkf3Yjw8NThTH2LTD36Xz9RcAc1Zzv61kceqVQRm92AChem79Y4gfRjRvwFJdEGiPpjJ5A54Ci,116,main
2026-10-05T19:19:54.044208Z,0x560163a72cd4aabfedc739ab8750fa21511e909a494f420e050db1b6cc1a35c6,BPmy52DKPodqoSUirZUBedULujAZr6s778i4hc153r1X,DezXAZ8z7PnrnRJjz3wXBoRgixCa6xjnB7YaB1pPB263,Es9vMFrzaCERmJfrF4H2FYD4KCoNkY11McCe8BenwNYB,Bonk,USDT,sell,14800000000,565678,14800000000,568455,fulfilled,Executed,jupiter-solve,10,vjiXFPqzUGiLL3Tuwfi27XufUQQQPwJQg6MhebL77Nt1iEwrmYVxEyueNajAFqqBy9uViKJYHAF4hxBsqonvMiJ,105,main
2026-10-05T19:19:56.376797Z,0xa512f2b6b8497e6c2190c939ebaebebfb6355f1a4fc80a656bbade4bcec31a27,BQAD73uj3XftKnCB5ZB7P67b7AvEdfLefYbLiipch5oC,So11111111111111111111111111111111111111112,EPjFWdd5AufqSSqeM2qN1xzybapC8G4wEGGkZwyTDt1v,wSOL,USDC,buy,4036213,482545,4016100,482545,fulfilled,Executed,jupiter-solve,8,t7wxCZ3veFkEDdfQW9vyvusBSk5PG2rrUbCeZyC8dttKauuk2Fq8hSx1mbWxhLbniukbvyv7ERgZ47FHtd4CfVs,117,acquire
2026-10-05T19:19:57.566045Z,0x1c6a6b58ef3d4662a9bf809a3f41a3da8d35e19a3cdbba57976a5e58259bc1f4,CagkCmsroJWAiUWrigym7vR9wGYV5aKWanTGu3ZARKqD,So11111111111111111111111111111111111111112,Es9vMFrzaCERmJfrF4H2FYD4KCoNkY11McCe8BenwNYB,wSOL,USDT,sell,3600000,430527,3600000,432642,fulfilled,Executed,jupiter-solve,6,5KEDYEtkp4Ypui47z6UzDZNKxDuGhpeFUWPddqcjVJQeRxsqfordbJ9UorYjiG9ynkGBe3Qk1JeXM3fma7e3B4pX,118,main
2026-10-05T19:19:58.435798Z,0xc63852c9cb4965a2ae2947a0db04baac86a199a4902afad64109e154fb1bf165,AM6Qwi3vwMCGpRbJ55zDatByeAtsbcfXvXBh77be8C9T,EPjFWdd5AufqSSqeM2qN1xzybapC8G4wEGGkZwyTDt1v,11111111111111111111111111111111,USDC,SOL (native),sell,744000,6150935,744000,6182791,fulfilled,Executed,8E74…2mpx,11,657viKAGxb5itc9EBKi9d8vzgzVRwLReU5ESqHZYNnxCob37jWesBsTdV2h2ZpjLBayhwFwk3yVv8ucCa2f1gfYQ,101,main
2026-10-05T19:20:00.720177Z,0xd6e560ef9eeb76e27cf89e3e42cec58398d4ff25462a588a1de46b471a33dfd2,AQHstwk1uwAEnz8JE41HEbbD1EaPBjBwtid2qbo1Q3KD,So11111111111111111111111111111111111111112,EPjFWdd5AufqSSqeM2qN1xzybapC8G4wEGGkZwyTDt1v,wSOL,USDC,buy,3596909,430028,3579013,430028,fulfilled,Executed,jupiter-solve,8,2Fh3ZHg4X3e4x9MrzZxwa9EhYQ3bduNR78K4NmM2EaL9LLK2Ux69oZ3RWkPSdunKTTNLQvCW1Fq7JFR2aDm6bfTe,88,acquire
2026-10-05T19:20:02.950160Z,0x7f94621e1f948d880f1fbe3a1f8f87bec0d2acb68b49ce8bb091c888d5f53be1,HTsxGEXBSe8rdUJjtW7e4v4YChNXTVmLQXuqBvvQtJuF,So11111111111111111111111111111111111111112,EKpQGSJtjMFqKZ9KQanSqYXRcF8fBopzLHYxdM65zcjm,wSOL,$WIF,buy,3759943,1750000,3741572,1750000,fulfilled,Executed,jupiter-solve,6,4EWpUmbxRmupAvgGqEeczNm2cvyWLLU3PnuUb7UAJkkB8jtsfU8J41jYC9eU91a9wqwJxBkbxzjrstCesDmq4KjB,119,main
2026-10-05T19:20:06.029594Z,0x3bd0027a65570d3669282fe75bdc23d0a25714626174d128f42be745266338c4,DoD7Kb5bE6Jr7Eq2JTdYwfLn7718RzpYxKyQen2rxiBQ,Es9vMFrzaCERmJfrF4H2FYD4KCoNkY11McCe8BenwNYB,11111111111111111111111111111111,USDT,SOL (native),sell,369000,3049432,369000,3065719,fulfilled,Executed,jupiter-solve,11,2Z9VmhoBZKXN4UExhXxi3cpo4MNKCF2oFvdahxGTDHMS5kce7oPegLQ8bgSduyNMS7LTW3wjN9MgXaCq1h9ZMyTe,120,main
2026-10-05T19:20:08.355297Z,0xd47790f345a9661823db82723dc8aed61c14d99ecbfe4506e208cf8b190f93bf,BQAD73uj3XftKnCB5ZB7P67b7AvEdfLefYbLiipch5oC,EPjFWdd5AufqSSqeM2qN1xzybapC8G4wEGGkZwyTDt1v,JUPyiwrYJFskUPiHa7hkeR8VUtAeFoSYbKedZNsDvCN,USDC,JUP,buy,483075,1370000,480551,1370000,fulfilled,Executed,jupiter-solve,9,2uFJycQTnLmVqVzXAebmij9suqMz526LNzK2qPzWJig2FXUCCeVSDK1j1d2WBH4Q8DkXV7wa7rhN6j1G14zsk1DH,117,main
2026-10-05T19:20:13.317896Z,0x8fbe59f98a7b57030832b70d5ac0c8d154dc9489646a2c8ecf2cd0671123357e,7RqUGHCV2tngEBctNc8o58nPDy6AsYzsUHAW2JgA2XX9,DezXAZ8z7PnrnRJjz3wXBoRgixCa6xjnB7YaB1pPB263,11111111111111111111111111111111,Bonk,SOL (native),sell,27200000000,8643990,27200000000,8687555,fulfilled,Executed,fractal,7,5nn4tj1mdkZH3jLW5bTUZrybTuEvzQjmLZgDnxWxRaTmquj89LCJGAdx71B6b35xWST93ELmxx9ZxeVZSrhkGaRg,122,main
2026-10-05T19:20:14.968418Z,0x761d69a08ea45977b3d3a3066f0633b3ffd8c6f638739892ab08fc6b955c9081,AQHstwk1uwAEnz8JE41HEbbD1EaPBjBwtid2qbo1Q3KD,EPjFWdd5AufqSSqeM2qN1xzybapC8G4wEGGkZwyTDt1v,J1toso1uCk3RLmjorhTtrVwY9HJ7X8V9yYac6Y7kGCPn,USDC,JitoSOL,buy,435381,2760000,433208,2760000,fulfilled,Executed,jupiter-solve,14,3MGBv6C2YVdn7AV3pxThTHaRbJDQJhfa2PEa2HVExYDN8ataT9U4DgJAdRbkVvF1hHnz2vmwexowF4L7GxuCy3aM,88,main
2026-10-05T19:20:17.276338Z,0xd062dfb300745ea4dc2bc6dfd38ddc8eb05f075cad163913e9caa2cbc857d67a,HTsxGEXBSe8rdUJjtW7e4v4YChNXTVmLQXuqBvvQtJuF,DezXAZ8z7PnrnRJjz3wXBoRgixCa6xjnB7YaB1pPB263,11111111111111111111111111111111,Bonk,SOL (native),sell,17900000000,5687049,17900000000,5715273,fulfilled,Executed,fractal,8,4JyJ9crnJqGZicLhsZR1us1LwQ93A7haUXCTMmwaHRdiZ6NbaTC8RYMWt4tP8Df1qvVs8TQ9FyDA4se2WNDHnW3z,123,main
2026-10-05T19:20:22.208578Z,0x2981640970cb230e313c70dfe3beb4c7ac44487927c5289e67782683c4d2f23f,94bjVVSp8jgvP4ivAW3wFomkRpeE3xBouyCWErsR1ANz,So11111111111111111111111111111111111111112,6p6xgHyF7AeE6TZkSmFsko444wqoP15icUSqi2jfGiPN,wSOL,TRUMP,buy,3544012,206000,3528566,206000,fulfilled,Executed,jupiter-solve,7,85Q7pVmM6FL8VtDzfsrXfGKJe7WGXtMUWptJtJTDNNAavBdmmPGFu1P4nm7zvyqLtrxzWXZJq5hMSD9DQXEYfeb,124,main
2026-10-05T19:20:25.441128Z,0x3029b30a948393b9ef1848f04e4ced9bc9100f704dd980729bb37e416127320c,DoD7Kb5bE6Jr7Eq2JTdYwfLn7718RzpYxKyQen2rxiBQ,So11111111111111111111111111111111111111112,Es9vMFrzaCERmJfrF4H2FYD4KCoNkY11McCe8BenwNYB,wSOL,USDT,sell,3600000,430292,3600000,433193,fulfilled,Executed,8E74…2mpx,11,5urG9CeWWd6ip8xiMKF8rzvJhifqhsFMxBU7MhodhzsRkTeE84UijjmndxfRjrbWEs7JknAKtWT9yTYMshoLreKn,125,main
2026-10-05T19:20:26.604978Z,0xccb0f497bab144fcd8719035f31595fa46eaea3a8c49fe50a8e931fe8fb111d3,BPmy52DKPodqoSUirZUBedULujAZr6s778i4hc153r1X,So11111111111111111111111111111111111111112,EPjFWdd5AufqSSqeM2qN1xzybapC8G4wEGGkZwyTDt1v,wSOL,USDC,buy,2790131,333482,2776011,333482,fulfilled,Executed,jupiter-solve,14,4MAZqQyeehXkYVXrkGfTw5QSGr9BwxekYxtYZ3KLPUaDAmDyHpRzWxrWeMMkCwNPNTNTVwZknzrMdFxKLEv9rEAX,126,acquire
2026-10-05T19:20:30.871175Z,0x505e7f5e64e1b7d1c8f4f8e742b99f9a2497ffcaf0a0a3fb9f64a392fe590c60,CDY1rvEes25vx7DZwxp5BRSgAewDQMgwBExfAMEymdMC,So11111111111111111111111111111111111111112,Es9vMFrzaCERmJfrF4H2FYD4KCoNkY11McCe8BenwNYB,wSOL,USDT,sell,3600000,430528,3600000,432436,fulfilled,Executed,jupiter-solve,11,3WXfuRx1w1NjUcn9LGU5NBwpqbQXCG4WvKJHkqwcLbAeiBnrDFGoGrn8UDB1eW154Mgidks1FhkP4r6ZbFqEvrGh,127,main
2026-10-05T19:20:33.253176Z,0x61d9e4bd3ac19313ff262c7972030f7f7827efeb6589297398455e0b8d18ce1e,AQHstwk1uwAEnz8JE41HEbbD1EaPBjBwtid2qbo1Q3KD,4k3Dyjzvzp8eMZWUXbBCjEvwSkkk59S5iCNLY3QrkX6R,JUPyiwrYJFskUPiHa7hkeR8VUtAeFoSYbKedZNsDvCN,RAY,JUP,sell,372000,2287137,372000,2298239,fulfilled,Executed,8E74…2mpx,9,4HzrUoq2SaSqZcvJHhw8DnEv8ae1poAEX5U491cto39gxYi9JHUbTn617irL1LpTPWvs74QDYqnVvfNSeJVGiVRD,106,main
2026-10-05T19:20:34.358217Z,0xd2adcd82638cd613e1197e0c2c9488cb958e452ca9c2cd62564e76f31f48af49,2kV12Qsin6Wfxr2Pr6M8bqUbjqMppw4gpqAbV18TiFfJ,So11111111111111111111111111111111111111112,EPjFWdd5AufqSSqeM2qN1xzybapC8G4wEGGkZwyTDt1v,wSOL,USDC,buy,4022894,480910,4003622,480910,fulfilled,Executed,jupiter-solve,8,5Y1snDy8n2vMD6dzmkzyb4KRskfwMEjZPD1WA1tM4U5msAtJrdz6UFVNgiTP1ckVWg25KMBMiSzZRpykpcZj3PpK,128,acquire
2026-10-05T19:20:41.070305Z,0x76032c4ad9209ca8f8d716ca428e85f37e7a4a8882dcbbc4cde4c8e782aebe7b,9XSrZ8RkSZ3WDoGkrgWHrmMhixsoWZTLnPxBtQNWNK9c,JUPyiwrYJFskUPiHa7hkeR8VUtAeFoSYbKedZNsDvCN,DezXAZ8z7PnrnRJjz3wXBoRgixCa6xjnB7YaB1pPB263,JUP,Bonk,sell,1200000,10867281926,1200000,10935413547,fulfilled,Executed,8E74…2mpx,12,224kBFPSS1u5nDytaixyfKaqaCGQRYqwR8Di5cSmZdvy58LP4EcQUArGL6zdLqHoVAg3Ko6DzR5MZQeCFNdZm2w7,129,main
2026-10-05T19:20:43.337888Z,0xb59ca9e4c58fe2cdc13f6b3a649ece6fae8744cc8940ef9373b35a03873aaaf8,EDimKwHuMtcwxxbAfQPT3EaH9CPpyTLARxLRRwiZV26v,So11111111111111111111111111111111111111112,EPjFWdd5AufqSSqeM2qN1xzybapC8G4wEGGkZwyTDt1v,wSOL,USDC,sell,4190000,500928,4190000,503264,fulfilled,Executed,8E74…2mpx,10,2EeMkgo8d2RmnFY4guGUPQbQ7W7maKkLo4rifGPdw4CX9GoPFcN5n5ZtYWmhQyceBpqPjnzfMtfUpPiHXfuQnKza,131,main
2026-10-05T19:20:44.412261Z,0xab6c074b2d7085c4396b9731662bbeaea7974a4926d641073640bd81ad8e5012,BPmy52DKPodqoSUirZUBedULujAZr6s778i4hc153r1X,EPjFWdd5AufqSSqeM2qN1xzybapC8G4wEGGkZwyTDt1v,mSoLzYCxHdYgdzU16g5QSh3i5K3z3KZK7ytfqcJm7So,USDC,mSOL,buy,435859,2560000,433684,2560000,fulfilled,Executed,jupiter-solve,9,5GZ36XAAfTD59CDCFR7HeaAi6A5cWZTdESAs5pJ3iGswMtPWg43An4WZBC21pjDC57vjq1MBkeKWg9Ad1gHgkisF,126,main
2026-10-05T19:20:45.491135Z,0x6570dcec94447f7c76877351184c1cbf10fb5b99278c11fab6bba4d73c536983,2kV12Qsin6Wfxr2Pr6M8bqUbjqMppw4gpqAbV18TiFfJ,EPjFWdd5AufqSSqeM2qN1xzybapC8G4wEGGkZwyTDt1v,JUPyiwrYJFskUPiHa7hkeR8VUtAeFoSYbKedZNsDvCN,USDC,JUP,buy,482914,1370000,480504,1370000,fulfilled,Executed,jupiter-solve,8,2ehEXWy27Kr5VpES5hiqXtUbY1VJPEkG3LMQDz6TjXVkapNiwR65J1z37UyB44gcW9RzMX5GUmZ4HkBJAT288Dn3,128,main
2026-10-05T19:20:46.729082Z,0x46ec5ae36509b913567772b45cbc940149079f98ae78d23d11e0973020e21b4b,AQHstwk1uwAEnz8JE41HEbbD1EaPBjBwtid2qbo1Q3KD,J1toso1uCk3RLmjorhTtrVwY9HJ7X8V9yYac6Y7kGCPn,mSoLzYCxHdYgdzU16g5QSh3i5K3z3KZK7ytfqcJm7So,JitoSOL,mSOL,sell,2460000,2264961,2460000,2278091,fulfilled,Executed,8E74…2mpx,10,3hxtLaENLnNEzAcTREQwseSDF9jf7BS2fEN1tbvng5onajaKFx8QGqwtdWT8mgVY1TiAPeEyHAzjnA2E7xqzTa9o,113,main
2026-10-05T19:20:48.745956Z,0xed53cc94b83e089672f890a3502ce20a008151ac9cad6e2d01f599a3bf12811e,CaMSDEBp5zy2QxSYqDxqbk28qxFwzLXiNdFJiv9TKqhU,Es9vMFrzaCERmJfrF4H2FYD4KCoNkY11McCe8BenwNYB,11111111111111111111111111111111,USDT,SOL (native),sell,514000,4249520,514000,4272105,fulfilled,Executed,jupiter-solve,8,4fibpwy72eyksGdSAGeXxpQWNn6qAUfDuD9U4zF8wujHhnDCh65W8cHgD1kuyZUEt5yL9nf8L1vc9p6YbKiuabWh,130,main
2026-10-05T19:20:53.082679Z,0x07a2ad6e1673bf736a8953f0d5826df14188bafb21d44b1f69d5458c29db4269,AQtmpjmjjZTzzs5W2Ld4gPteDe1teLKMpwj3v5GAv7ef,So11111111111111111111111111111111111111112,EPjFWdd5AufqSSqeM2qN1xzybapC8G4wEGGkZwyTDt1v,wSOL,USDC,buy,4026779,481212,4006886,481212,fulfilled,Executed,jupiter-solve,8,GkgZWFtCixJhvDr3nyWR19vNuYxsLWcAYEe6LwS1NwMXsiLu7i7mW13PesFzArept1DCiin2VZtNFSLrNjSsqNh,132,acquire
2026-10-05T19:21:04.120003Z,0xa377b154b206431efc1f54f7d9e7d704964963310061b0a510810d0edf784bd8,AQHstwk1uwAEnz8JE41HEbbD1EaPBjBwtid2qbo1Q3KD,So11111111111111111111111111111111111111112,EPjFWdd5AufqSSqeM2qN1xzybapC8G4wEGGkZwyTDt1v,wSOL,USDC,buy,4032193,481838,4011822,481838,fulfilled,Executed,jupiter-solve,21,2wtCLPpu3pGoHsBDcgU2fSeJPzxw89G35ywrCCkmXj2hMe1wHVAiyuE3xS66ceWNuR5XWReiozwTHJHkVoSwReW1,121,acquire
2026-10-05T19:21:05.595222Z,0x308d43aad2ad98a4c8267e1f8e4ec1056170156cb94e906b89231a054293782d,7RqUGHCV2tngEBctNc8o58nPDy6AsYzsUHAW2JgA2XX9,So11111111111111111111111111111111111111112,EKpQGSJtjMFqKZ9KQanSqYXRcF8fBopzLHYxdM65zcjm,wSOL,$WIF,buy,3760618,1750000,3737012,1750000,fulfilled,Executed,fractal,7,ifEyAGJr7uwhw3FC6n3oeuX6rdREFkRrFyrGBSDoEFpa2dTfKGxfRWikEFRzaTX6UBcP1erZVDTUVFyZEDXaMR7,134,main
2026-10-05T19:21:06.385611Z,0x2df31937f85a842b978c4c17b203c56fc2d54d93e7619df3385ed4bb1d564b54,3FHY6qZALHavE387YcUMyqFYdYCiR5PbLSxdQBpwR6JK,So11111111111111111111111111111111111111112,EPjFWdd5AufqSSqeM2qN1xzybapC8G4wEGGkZwyTDt1v,wSOL,USDC,buy,4075900,487061,4055445,487061,fulfilled,Executed,jupiter-solve,7,3zEtUimDtssvukiKtBboF9iXyQdjBCtYujptxofW54uLpAfh6bbSyGDWM7DCWNUYaqkgbrNg4NwjTjMsNhAy6aqU,133,acquire
2026-10-05T19:21:07.609365Z,0x93e54d09dfdd0bfae0f01399ab7f55d92c412792aeb3e009f3c6d32a8a8ad72d,BPmy52DKPodqoSUirZUBedULujAZr6s778i4hc153r1X,Es9vMFrzaCERmJfrF4H2FYD4KCoNkY11McCe8BenwNYB,J1toso1uCk3RLmjorhTtrVwY9HJ7X8V9yYac6Y7kGCPn,USDT,JitoSOL,sell,493000,3126422,493000,3141611,fulfilled,Executed,8E74…2mpx,17,L64cm12Q2RxUzGHP6pCH6XRNXFXJCpsJtNhr3poGs8YNxtabtnS8bHHHqF5xtk1DNoQWQ2Xrz1GXGSYRGX7VSB5,135,main
2026-10-05T19:21:09.751731Z,0x259a016aebc54fb16b1e5c72c06882497282aba3769683c8668a89d5c802dd54,CaMSDEBp5zy2QxSYqDxqbk28qxFwzLXiNdFJiv9TKqhU,So11111111111111111111111111111111111111112,EPjFWdd5AufqSSqeM2qN1xzybapC8G4wEGGkZwyTDt1v,wSOL,USDC,sell,3600000,430281,3600000,432367,fulfilled,Executed,jupiter-solve,21,3mP7TjuXJpnw96tDd1cP1HAqPQsNVUWCjqDjf8pv8XYS4XFcK35WxhF4ifYhB2L93CjAn5TUAnvKkjn5tWW84wS3,137,main
2026-10-05T19:21:10.703762Z,0x3e7e31ccff28fe9661c4ee817088dc54d4d7183d352d1a5f9a17e4a583ea6890,AQtmpjmjjZTzzs5W2Ld4gPteDe1teLKMpwj3v5GAv7ef,EPjFWdd5AufqSSqeM2qN1xzybapC8G4wEGGkZwyTDt1v,JUPyiwrYJFskUPiHa7hkeR8VUtAeFoSYbKedZNsDvCN,USDC,JUP,buy,482759,1370000,480358,1370000,fulfilled,Executed,jupiter-solve,10,5pHfCsjQdTAJx5ucMpcfuAJP8XBXDmUwP5fjwKNh4fLRew8e5K3NeUiS6ZgoDUZ26JjM9t9z9P4msdTk7bA68ayt,132,main
2026-10-05T19:21:10.986686Z,0xe82e4dcb7d6b72802421ab6b916c0f5d4e9583035e4e3c1f6a491a99dc8ef358,CDY1rvEes25vx7DZwxp5BRSgAewDQMgwBExfAMEymdMC,EPjFWdd5AufqSSqeM2qN1xzybapC8G4wEGGkZwyTDt1v,11111111111111111111111111111111,USDC,SOL (native),sell,726000,6007411,726000,6032549,fulfilled,Executed,fractal,8,39qP3cXFHnK26wkeUvv6g3aNKFpXbnLFGE4geAKBuaCrchufagH9c5jNK61Va8B7LSiB3djZNKjKzHteq9v4FWy,136,main
2026-10-05T19:21:15.089293Z,0xca8765f388c3ad5affcd5e7162effdc0e2537945b4cb21d37bf694b039025144,EGXsUdM4HLc983jD276LHz87k5zBZSJrJc137qcokK8D,So11111111111111111111111111111111111111112,6p6xgHyF7AeE6TZkSmFsko444wqoP15icUSqi2jfGiPN,wSOL,TRUMP,buy,3545461,206000,3529530,206000,fulfilled,Executed,jupiter-solve,10,4nZqtSqq1TGZam1F3jCPc7dZu9KVGVGHjUJdK7f8UGjZ2HACeJWd5wWRNW6SfToo1933DuSsB8uBPKv8YtYczwtp,139,main
2026-10-05T19:21:16.270432Z,0xa87b69a86b659dab9b126ca0966aad2fcf5e875cb07499bbb5311cda3f7ad888,BsXAAY6SvTyWYjwKCa5SUs1kDBK6n7ia7qvRPVj5dFgz,So11111111111111111111111111111111111111112,DezXAZ8z7PnrnRJjz3wXBoRgixCa6xjnB7YaB1pPB263,wSOL,Bonk,buy,3861917,12000000000,3842704,12000000000,fulfilled,Executed,jupiter-solve,9,3uRDzFA7SNU99b5fWYWkqBE4DjSX5UJEAoE32NdRh3iHXgCf31iNwxxscoS4TxLKiJPZJVCCsNyjW97F1w7x5qqM,140,main
2026-10-05T19:21:16.293997Z,0x63dca163e12c6993ed2c84f18fc6c27f5e6fd777ba9c1b95141cc6e86a44b47e,HTsxGEXBSe8rdUJjtW7e4v4YChNXTVmLQXuqBvvQtJuF,So11111111111111111111111111111111111111112,7GCihgDB8fe6KNjn2MYtkzZcRjQy3t9GHdC8uHYmW2hr,wSOL,POPCAT,buy,3693403,8150000000,3674591,8150000000,fulfilled,Executed,jupiter-solve,9,5KV81k37mp2PuTtizcxNjj5C8ABw4ZUtMPA8dpPbftZYSvzC7ZE7aL2cTu6iMzJFYMB44JTFtJRpkXLzJF1PjQ4v,138,main
2026-10-05T19:21:18.590428Z,0x88415aa4d8af11c7eb898bd0b1b04d141830a7a79956c51b5933a100a54c801c,BQAD73uj3XftKnCB5ZB7P67b7AvEdfLefYbLiipch5oC,So11111111111111111111111111111111111111112,EPjFWdd5AufqSSqeM2qN1xzybapC8G4wEGGkZwyTDt1v,wSOL,USDC,buy,4254955,508506,4234043,508506,fulfilled,Executed,jupiter-solve,6,5xmhJZVkft3x687n1N6URLTYUSgXkmzaCZ2krErDXiaas2d4W519tQzVmzewokYz5iDvjyEAGQb24DkScxQAAeho,141,acquire
2026-10-05T19:21:19.480021Z,0xfe0e41c678fca38ec558f0ff188a71826099df0f62ef23e28a4f59f34a09e92c,3FHY6qZALHavE387YcUMyqFYdYCiR5PbLSxdQBpwR6JK,EPjFWdd5AufqSSqeM2qN1xzybapC8G4wEGGkZwyTDt1v,4k3Dyjzvzp8eMZWUXbBCjEvwSkkk59S5iCNLY3QrkX6R,USDC,RAY,buy,489030,225000,486493,225000,fulfilled,Executed,jupiter-solve,12,4fETwvF8CsdYgN49ihir7fgUxU4rkjb2adM27rGg1BGd8h5Zhre9tTuPpvf8iKvp6LRSSQ6P2CfZpkUWGmJZhEuK,133,main
2026-10-05T19:21:30.608845Z,0x687893225c084b5bd70db8d43ac208c6fa5b68cb3726558600999816907d7bc0,BQAD73uj3XftKnCB5ZB7P67b7AvEdfLefYbLiipch5oC,EPjFWdd5AufqSSqeM2qN1xzybapC8G4wEGGkZwyTDt1v,jtojtomepa8beP8AuQc6eXt5FriJwfFMwQx2v2f9mCL,USDC,JTO,buy,511272,892000000,509271,892000000,fulfilled,Executed,jupiter-solve,8,3FNhV3ZyzS914ZQzZQPCmDhzTfk7ZxnTSutD8T3M4wayzuWuaJqVNyhpEGu9Beo2aM4mct9jqbHFKZM3VJiHCtAt,141,main
2026-10-05T19:21:31.620863Z,0x036ce925867d9211f6a67d97f698f718db144b72680564fd247f105bcb487419,AQHstwk1uwAEnz8JE41HEbbD1EaPBjBwtid2qbo1Q3KD,EPjFWdd5AufqSSqeM2qN1xzybapC8G4wEGGkZwyTDt1v,JUPyiwrYJFskUPiHa7hkeR8VUtAeFoSYbKedZNsDvCN,USDC,JUP,buy,482770,1370000,480261,1370000,fulfilled,Executed,jupiter-solve,7,iFymeTgC9oQd73DQq8K7qJgYTJ2gRAAHSAfL7uYAxdyVnX9xccDLSdVkWFBG3twT6GcomvYHvLS3srr4mmDjxqN,121,main
2026-10-05T19:21:43.346436Z,0x667e7ebcae8eeb59f3094e3f3028e736eb5a65aaa99c431a42c7eb5c88216c3e,4p3tgZxpw2gKnJnVwQ4Ah3av47HywcXfFaXTFGNU2aTT,6p6xgHyF7AeE6TZkSmFsko444wqoP15icUSqi2jfGiPN,11111111111111111111111111111111,TRUMP,SOL (native),sell,206000,3506487,206000,3523252,fulfilled,Executed,8E74…2mpx,7,3dq619ne6tiBRH7UVPHoWH9uedgsNmzFX5dqiUGirE3AGNxx83qpHtvEHYrFAJt5JZDCrDdBAhuHqRx5qhW9UTaL,,cleanup
2026-10-05T19:21:44.160235Z,0x043c540102fcdf046969be26df6377b260d3fd15c5af6a76e076d245ecbbd738,BQAD73uj3XftKnCB5ZB7P67b7AvEdfLefYbLiipch5oC,JUPyiwrYJFskUPiHa7hkeR8VUtAeFoSYbKedZNsDvCN,11111111111111111111111111111111,JUP,SOL (native),sell,1370000,3967537,1370000,3986945,fulfilled,Executed,8E74…2mpx,6,2ZB6J2nEwEPqnoEr6VGzV11DZsdsrbsVTP2RxtzCDNBzbMnJuRz7LCx615hTHzJG2WH1S9A2MfSq4WPXn6nMeeNm,,cleanup
2026-10-05T19:21:45.460626Z,0xd11ed6e4f17b0361867a8c0b7c740540055e70c781a340f8ae9595d183b1e868,DoD7Kb5bE6Jr7Eq2JTdYwfLn7718RzpYxKyQen2rxiBQ,EPjFWdd5AufqSSqeM2qN1xzybapC8G4wEGGkZwyTDt1v,11111111111111111111111111111111,USDC,SOL (native),sell,113925,942527,113925,947163,fulfilled,Executed,jupiter-solve,17,Rdj5xxbz4bxCxZmjCY7SkFDnb5x2fMFv2SA7szGmQy5Zv8BATWdxXH61tvmpAK8H7brhpLJtZkC1Z8ubMeTTfyq,,cleanup
2026-10-05T19:21:46.475089Z,0x7c2dd4641d394ebdb263bfa96cc574254a2e0ff3db3ee81310b0659932cfc0d3,3FHY6qZALHavE387YcUMyqFYdYCiR5PbLSxdQBpwR6JK,mSoLzYCxHdYgdzU16g5QSh3i5K3z3KZK7ytfqcJm7So,11111111111111111111111111111111,mSOL,SOL (native),sell,380000,531897,380000,534459,fulfilled,Executed,8E74…2mpx,58,EGsLi7iE3j9DCGtNUYoXUdDX9iqbM2L2Rf5a6hJxU4FViza22vvDj1GTfXxf7nT2U3HbNjpSAjZz11YPjRfRswg,,cleanup
2026-10-05T19:21:48.511300Z,0xf5215031402b9f3974c78f6315498ee668fb62f0ab0cf6eadd7f83670a23cd17,AM6Qwi3vwMCGpRbJ55zDatByeAtsbcfXvXBh77be8C9T,EPjFWdd5AufqSSqeM2qN1xzybapC8G4wEGGkZwyTDt1v,11111111111111111111111111111111,USDC,SOL (native),sell,344138,2846919,344138,2861261,fulfilled,Executed,jupiter-solve,18,621UgrSZKk9TMD1s7rRHdVFCmXx94vDSaV5VVJCrFEd1jE5tQXKYjTq2rXuZ8v492rt8dgvEE1KnnAQFazB38cgN,,cleanup
2026-10-05T19:21:53.706775Z,0x26adff395158313c1ada9f1a167fb16e78517e34acb20b92d6dd6d8d0f034a46,4p3tgZxpw2gKnJnVwQ4Ah3av47HywcXfFaXTFGNU2aTT,7GCihgDB8fe6KNjn2MYtkzZcRjQy3t9GHdC8uHYmW2hr,11111111111111111111111111111111,POPCAT,SOL (native),sell,1780000000,796351,1780000000,800352,fulfilled,Executed,jupiter-solve,8,2NH8uv4yJmeoF9fkQBhyDZvopPBvJzy6X9NJ99TyGWnffKDTUQr6uHA9UwfpAT6zc5UH8FKgaqhjpqq6VVHcP2rn,,cleanup
2026-10-05T19:21:56.135751Z,0x0c4f2b2e5dd9639b423070d8b66358b21aef8e92208471fe709a4b5e040405a8,BQAD73uj3XftKnCB5ZB7P67b7AvEdfLefYbLiipch5oC,jtojtomepa8beP8AuQc6eXt5FriJwfFMwQx2v2f9mCL,11111111111111111111111111111111,JTO,SOL (native),sell,892000000,4187040,892000000,4207655,fulfilled,Executed,jupiter-solve,6,2VycNMQt1FDGfaRBn76v1NJ3pBD4u7c4saef72JFrSAaz5rL968XwSL7eNwguQPCzVcnySWiABoLqmXJYvQ5AKjz,,cleanup
2026-10-05T19:22:08.055134Z,0xf0989d9bfac28d65ef6783e33056684d5268527f7a73487b671dcfd6628c83a9,BQAD73uj3XftKnCB5ZB7P67b7AvEdfLefYbLiipch5oC,mSoLzYCxHdYgdzU16g5QSh3i5K3z3KZK7ytfqcJm7So,11111111111111111111111111111111,mSOL,SOL (native),sell,2560000,3581530,2560000,3599592,fulfilled,Executed,8E74…2mpx,12,5xZQdeYgMV8yH5fKxNtNBmziAy5J3kBQBvGMutJSVMvLNkaokcb5YJxC2WEzK4HeofYRkr7mz6QTtvNuU4fbRNF2,,cleanup
2026-10-05T19:22:09.257606Z,0x19750b958fb18a051244398603d960d39a6c0e8cc9897140050828e4705e62d8,DoD7Kb5bE6Jr7Eq2JTdYwfLn7718RzpYxKyQen2rxiBQ,Es9vMFrzaCERmJfrF4H2FYD4KCoNkY11McCe8BenwNYB,11111111111111111111111111111111,USDT,SOL (native),sell,574128,4749886,574128,4773993,fulfilled,Executed,jupiter-solve,11,4X8pDEsta995uSiXdSaMUcseykPc6N1C8onmwP7tSSmhnVQmS37RARmAFDwvzJZV8BeDbdkePKQXkProCmT4xsGF,,cleanup
2026-10-05T19:22:24.308690Z,0x9a4578fffb238d3e399ffc936485c261817ca7a9b64c9be93c9b34701116dae3,BQAD73uj3XftKnCB5ZB7P67b7AvEdfLefYbLiipch5oC,4k3Dyjzvzp8eMZWUXbBCjEvwSkkk59S5iCNLY3QrkX6R,11111111111111111111111111111111,RAY,SOL (native),sell,34000,607464,34000,610541,fulfilled,Executed,8E74…2mpx,5,5btBbs9QrPYta1uuS6xg4pv9kWJEdaytSkB7f3MXx3VDsmeCVh5w7AT3vHM1QV6Z8WzDCAgkMvkT317Kcw3pPzLU,,cleanup
2026-10-05T19:22:36.419434Z,0x57f5cea977fb497d6ad1021b06371fb3a37297163ea4e3c63232ff643f8c068e,BQAD73uj3XftKnCB5ZB7P67b7AvEdfLefYbLiipch5oC,EPjFWdd5AufqSSqeM2qN1xzybapC8G4wEGGkZwyTDt1v,11111111111111111111111111111111,USDC,SOL (native),sell,16255,134459,16255,135120,fulfilled,Executed,8E74…2mpx,3,hKELAxPYXMUdKPZ8WRPovBsnj2Vhct9jSLC2z7KsE5m2po7R1qEQPwv53aoqEebiooqjGcUk4xMYcqsciKH5XYm,,cleanup
2026-10-05T19:22:48.199712Z,0xd3bac39be33a643b9d7adc4aa90a0a30b6d3382a00957b1f187dcf0648e2ae9e,BQAD73uj3XftKnCB5ZB7P67b7AvEdfLefYbLiipch5oC,J1toso1uCk3RLmjorhTtrVwY9HJ7X8V9yYac6Y7kGCPn,11111111111111111111111111111111,JitoSOL,SOL (native),sell,2642907,3425274,2642907,3442265,fulfilled,Executed,jupiter-solve,6,5ZXy5cPVQNaZ22TWMDtcrAo2ABm9UoBxZhdVdzsvwyiLmRzgb4iXrGThCCYGyuhDFsLkvz4RmQ5cKLrfKHr6iUuS,,cleanup
2026-10-05T19:22:52.525911Z,0x06e30008b466bcf8ec3799bbfd0608b3057970058c0387f44be21465921819e6,3FHY6qZALHavE387YcUMyqFYdYCiR5PbLSxdQBpwR6JK,4k3Dyjzvzp8eMZWUXbBCjEvwSkkk59S5iCNLY3QrkX6R,11111111111111111111111111111111,RAY,SOL (native),sell,462000,8254716,462000,8306562,fulfilled,Executed,8E74…2mpx,5,6vPvWyTzcxfhjGWvYVPgFJFqusoJAVWi4FjsHTCZPFXj7bxMKxWiW4NDoUtcYS1F6CtY3SoDbkNPrSXdxfX3Djc,,cleanup
2026-10-05T19:23:07.062626Z,0x2e0369dd587f9f059dbf48ccc1f92c9be06caf1a6d5a2a907a8d1962cc624b6f,3FHY6qZALHavE387YcUMyqFYdYCiR5PbLSxdQBpwR6JK,7GCihgDB8fe6KNjn2MYtkzZcRjQy3t9GHdC8uHYmW2hr,11111111111111111111111111111111,POPCAT,SOL (native),sell,7397071405,3310368,7397071405,3327193,fulfilled,Executed,8E74…2mpx,9,4DyMw6gAQp6gG1cm6Qx67E6gBMiLwJoyfRzwLNauURSHk5ANDJm6AsWvHqyq2rwoJf9645xN6TNeM1m3wRYu8KbK,,cleanup
2026-10-05T19:23:19.084100Z,0x97a3c9c76ec0fabbadfefd9d27af5b2d670e338c427275fbc0869c6af88eda35,7RqUGHCV2tngEBctNc8o58nPDy6AsYzsUHAW2JgA2XX9,DezXAZ8z7PnrnRJjz3wXBoRgixCa6xjnB7YaB1pPB263,11111111111111111111111111111111,Bonk,SOL (native),sell,8800000000,2799080,8800000000,2813145,fulfilled,Executed,jupiter-solve,9,SQizonv8AgfWEHtcoGY5esnfDe92S8PesMppHX2RQUaaoNSrHfJu4f83FDKTxuutMSVqQ34AHaAuZTm1cM3L5hL,,cleanup
2026-10-05T19:23:23.352677Z,0xe95cdfcf11b841aef706969aacbca19cc50132f2d6b4df115a901e63e7b7591a,3FHY6qZALHavE387YcUMyqFYdYCiR5PbLSxdQBpwR6JK,EPjFWdd5AufqSSqeM2qN1xzybapC8G4wEGGkZwyTDt1v,11111111111111111111111111111111,USDC,SOL (native),sell,17782,147058,17782,147773,fulfilled,Executed,8E74…2mpx,5,xXvGnfFuwnKDuXt1QGjrWzVtXwHn6VRijm6fmuYu8bqEkc9FdN3gf8yGbDqYoQwciRXe9YF8qySwsbumTJP51uf,,cleanup
2026-10-05T19:23:26.504683Z,0x745103c3f35774347722ed31e8bd2e6b51e412a6d44014baac20da4533a2357b,FjcXArDzUrBTJ1Lv6Yc8n9atjkNYaxKosVjn6VSxZTrK,7GCihgDB8fe6KNjn2MYtkzZcRjQy3t9GHdC8uHYmW2hr,11111111111111111111111111111111,POPCAT,SOL (native),sell,1640000000,733953,1640000000,739645,fulfilled,Executed,8E74…2mpx,3,XeMG2TmdS6XERVAccR5Q6Fw6PZyL5ufoGRpXZxq37dUzPz25aWGYxbhTKAv5b6534cmXQni5mP6hLMWn8zJ8iAs,,cleanup
2026-10-05T19:23:35.395433Z,0xd18c4c1f641c6133ed8db6c5c0ed78897fad4194ebabaf50022037064c77b66d,FjcXArDzUrBTJ1Lv6Yc8n9atjkNYaxKosVjn6VSxZTrK,DezXAZ8z7PnrnRJjz3wXBoRgixCa6xjnB7YaB1pPB263,11111111111111111111111111111111,Bonk,SOL (native),sell,12000000000,3816904,12000000000,3836067,fulfilled,Executed,jupiter-solve,8,5g8ZTpRN8jJcqUTTuFPdWRMFUpnKFr2FfswUeXk4pcUZQnYphPpFC7QEC9QSM6dS7B9rhYS3Z9u746Ld2Fou289M,,cleanup
2026-10-05T19:23:39.122216Z,0x70cf1c7b2d7d4b638fee4a01a4612f2b60824e40da15cd335bced209889fb728,7RqUGHCV2tngEBctNc8o58nPDy6AsYzsUHAW2JgA2XX9,EKpQGSJtjMFqKZ9KQanSqYXRcF8fBopzLHYxdM65zcjm,11111111111111111111111111111111,$WIF,SOL (native),sell,1790000,3790429,1790000,3809094,fulfilled,Executed,8E74…2mpx,10,3sCGKdEwEd9rTZgShbYEy7FG83whCJ59BJSbiJaYP7MWS4rBjp3YJAGuSNyNDJqqWFPkN84VaK5QnqRP1GCpzMtp,,cleanup
2026-10-05T19:23:49.081451Z,0x515dffe8261c6b1686f98f6a77b6ad82e2ec8cd00ccb59d693a10ee5b02fe24e,FjcXArDzUrBTJ1Lv6Yc8n9atjkNYaxKosVjn6VSxZTrK,EKpQGSJtjMFqKZ9KQanSqYXRcF8fBopzLHYxdM65zcjm,11111111111111111111111111111111,$WIF,SOL (native),sell,1750000,3704970,1750000,3722514,fulfilled,Executed,8E74…2mpx,10,3XFcA3jK1R8Dfum9ca1zHKpL7Bevdq7FZ4ckXDQj4wGrQggDRSbRcbpf8VYLKu5k3ewiUQTjifxTbsvQeLBrx7C,,cleanup
2026-10-05T19:24:08.844164Z,0xdc6170f4ada95877415bc1525e184ae4c9713c0bf09f7ba5ad5cccbccdde4801,7RqUGHCV2tngEBctNc8o58nPDy6AsYzsUHAW2JgA2XX9,EPjFWdd5AufqSSqeM2qN1xzybapC8G4wEGGkZwyTDt1v,11111111111111111111111111111111,USDC,SOL (native),sell,54302,449246,54302,451483,fulfilled,Executed,jupiter-solve,1,4DErq39cQQktqTx7SHQnGURzvMpf6Y9ka5LuhCoLdFkYc1Y9N8VmsFDY87yYmmznRuwmK1qBqkwy1fYorBZQx8v6,,cleanup
2026-10-05T19:24:49.470467Z,0x18aff8d019fd1cdb334b1d6ae34df9e5a8849bae70992c661f320cbf1dc862ad,BPmy52DKPodqoSUirZUBedULujAZr6s778i4hc153r1X,JUPyiwrYJFskUPiHa7hkeR8VUtAeFoSYbKedZNsDvCN,11111111111111111111111111111111,JUP,SOL (native),sell,1370000,3964605,1370000,3984259,fulfilled,Executed,8E74…2mpx,9,38XBvK5UGws9Bn3vLXvr9PdEqzmC6UXeu4S4FNnQYX6JDa4WLWySidkcdXp7fE8Rq63ExUsCb71sBYmrhmcRdXHh,,cleanup
2026-10-05T19:25:04.838777Z,0x25e2a5ae0a09a813b78e4c3e57a804b4f9004536f52eda380a00d838379dbb05,BPmy52DKPodqoSUirZUBedULujAZr6s778i4hc153r1X,jtojtomepa8beP8AuQc6eXt5FriJwfFMwQx2v2f9mCL,11111111111111111111111111111111,JTO,SOL (native),sell,236982415,1112938,236982415,1118536,fulfilled,Executed,jupiter-solve,8,4PkLGVfbuaJ3SVyfQjizSTYfoMBQsaKncJ2PJs5AqwAgissks3EXVsf7anx9VvnWoN15fRAeNkd9ziNvb3dbCXqR,,cleanup
2026-10-05T19:25:13.763389Z,0xfb76b0aa2d7990f3ff8bb381aab5eefdd801c950951bd38dedc8f073c9c035fa,HTsxGEXBSe8rdUJjtW7e4v4YChNXTVmLQXuqBvvQtJuF,7GCihgDB8fe6KNjn2MYtkzZcRjQy3t9GHdC8uHYmW2hr,11111111111111111111111111111111,POPCAT,SOL (native),sell,17270000000,7728373,17270000000,7768328,fulfilled,Executed,8E74…2mpx,5,49JrhsfFT1pMG8ajcpHXkzhUtLDHF9W9eb8fkrGeKE4xAvfwqdetqd7JxYTyzmUPBpexgLZVeTj5zTKSjTYfG2Ut,,cleanup
2026-10-05T19:25:17.618769Z,0xd10eaa69c8085498c84373cd0b1ea150e63564a5878ef96f46aa1114cea5ad9c,GcY8jk3HeHLDmdPa8wRVnHkn8f77frWdZxRWr6rrdyus,6p6xgHyF7AeE6TZkSmFsko444wqoP15icUSqi2jfGiPN,11111111111111111111111111111111,TRUMP,SOL (native),sell,48000,817267,0,0,cancelled,Not filled within fill timeout (cancelled by sim),,,,,cleanup
2026-10-05T19:25:19.831485Z,0x7fd8e2a57e704922fd516dd619aff64310339c35f3a1121f93bc6993895af3f2,BPmy52DKPodqoSUirZUBedULujAZr6s778i4hc153r1X,mSoLzYCxHdYgdzU16g5QSh3i5K3z3KZK7ytfqcJm7So,11111111111111111111111111111111,mSOL,SOL (native),sell,2560000,3581529,2560000,3599526,fulfilled,Executed,jupiter-solve,11,5PTQKaY7AJYPKVPQXYFZCvqXfKixkXmq5Wbjny8rBDhirHACvWj7sXfDLZvNNpp7NFEJa4g7tEZ7R7fkSYnbBpiN,,cleanup
2026-10-05T19:25:24.325621Z,0x38157efa79a28f2eb43ffccadfa5a45e60c1c6f32bd2625f1d80f3ee9cbc34b8,HTsxGEXBSe8rdUJjtW7e4v4YChNXTVmLQXuqBvvQtJuF,DezXAZ8z7PnrnRJjz3wXBoRgixCa6xjnB7YaB1pPB263,11111111111111111111111111111111,Bonk,SOL (native),sell,6100000000,1938982,6100000000,1948876,fulfilled,Executed,8E74…2mpx,7,2vbBvDsW9GkYrboeXbkNVC4r7L6xc1yEM7Vy47F2X1CBZfTxK57zMqfrMrqV6PkF1xZWTcsXncGkZ29qgceJZgzy,,cleanup
2026-10-05T19:25:35.125456Z,0x145a1f06cf3f6e255d872a770037b21d37e87c971bab95086e99358eab1df5f7,BPmy52DKPodqoSUirZUBedULujAZr6s778i4hc153r1X,EPjFWdd5AufqSSqeM2qN1xzybapC8G4wEGGkZwyTDt1v,11111111111111111111111111111111,USDC,SOL (native),sell,15340,126909,15340,127546,fulfilled,Executed,jupiter-solve,2,2HM3GHQhDDMFhZogcNi3PM3iWMg43rZfVxB2489pXbKvquF1aCLWgfnpV5CsXo5z3a1zxkvaU7UP7mY8k9aZJVBB,,cleanup
2026-10-05T19:25:39.329532Z,0xbb80e9ce2366a406a414545faaed8eee58f07c1a72f86853ffec4ee2b511186c,HTsxGEXBSe8rdUJjtW7e4v4YChNXTVmLQXuqBvvQtJuF,EKpQGSJtjMFqKZ9KQanSqYXRcF8fBopzLHYxdM65zcjm,11111111111111111111111111111111,$WIF,SOL (native),sell,3500000,7404798,3500000,7441598,fulfilled,Executed,fractal,79,51iEzpz8k4vA9nz6poVY1mdE4jMjfBiSpx4JavbC7WUefQ8fWjDvq1sbPpS5djEiUnmfPrDUnEHHQG574aMt3eh2,,cleanup
2026-10-05T19:25:40.924285Z,0x550a5334f1186b1ad55805cfe7a4cd383f835377a86fe9f872bcdceabdfa342c,CaMSDEBp5zy2QxSYqDxqbk28qxFwzLXiNdFJiv9TKqhU,EPjFWdd5AufqSSqeM2qN1xzybapC8G4wEGGkZwyTDt1v,11111111111111111111111111111111,USDC,SOL (native),sell,432367,3575553,432367,3595050,fulfilled,Executed,jupiter-solve,30,2z5BcoH9nsRxRGB9zS9QWFHdfT8Zsuoe5Lk46viFn7dyFvuZyTqzwZka6Bw9cY2FVdUQ8drKqtN4iTbMrmHj5R9Q,,cleanup
2026-10-05T19:25:41.967670Z,0xe17dfc604e7c39b488fb8251155b2792a02dea46f58ffa6dc05228472f59e039,BPmy52DKPodqoSUirZUBedULujAZr6s778i4hc153r1X,Es9vMFrzaCERmJfrF4H2FYD4KCoNkY11McCe8BenwNYB,11111111111111111111111111111111,USDT,SOL (native),sell,151495,1253347,151495,1259070,fulfilled,Executed,jupiter-solve,20,5LCx8Bz1tPmweP2wbS6PVpqkf7kyyPMubmSWwovvtM82NGp1MnqwtZfedb9eicy4v2RCM8vkFhe95egAUtsUTKB1,,cleanup
2026-10-05T19:26:08.983989Z,0x03d1a64d22246ae8f4b304fddc57d5a6319728b2af979e47972a9c32baf67707,BPmy52DKPodqoSUirZUBedULujAZr6s778i4hc153r1X,J1toso1uCk3RLmjorhTtrVwY9HJ7X8V9yYac6Y7kGCPn,11111111111111111111111111111111,JitoSOL,SOL (native),sell,3925253,5088130,3925253,5113794,fulfilled,Executed,jupiter-solve,8,4qrYj4LbmUn67raHCgQaFVEHzTZ7HftbdYQCTDNPiaD2AfjNqUW8nvLMk4RrEZuJ9nwL4VTpwrdF6YXjk6qy9m2S,,cleanup
2026-10-05T19:26:13.052045Z,0xb3b04bf43d055974b1d0901a9f11f7349c950ab8497d5b247b871648a12e1f5b,AQHstwk1uwAEnz8JE41HEbbD1EaPBjBwtid2qbo1Q3KD,JUPyiwrYJFskUPiHa7hkeR8VUtAeFoSYbKedZNsDvCN,11111111111111111111111111111111,JUP,SOL (native),sell,3668239,10614535,3668239,10667537,fulfilled,Executed,fractal,10,5wFDSba6thJnnocM3TiYBX5puc3MLU51MNBfxJ8kVJHC77Bfr9QRHsra3bmW2pkmHA35tz1CCf5jxL6maeVQQq9x,,cleanup
2026-10-05T19:26:15.926716Z,0xf933f35b8b6bcac57971bb4a4be0d41b0e2a6686e2530a1c374b07c8c52367ab,CaMSDEBp5zy2QxSYqDxqbk28qxFwzLXiNdFJiv9TKqhU,Es9vMFrzaCERmJfrF4H2FYD4KCoNkY11McCe8BenwNYB,11111111111111111111111111111111,USDT,SOL (native),sell,188428,1558726,188428,1566360,fulfilled,Executed,jupiter-solve,6,4VjuHJUYFupPgRyc6EwmoG5FGTxUgaCjrgjrH3ETCj8TyuUPvmsJLKijWmAuxWfon7mBLhx7SNYjwcjqF36naVGW,,cleanup
2026-10-05T19:26:27.137054Z,0xe8eb10ad20d52ba1f15dedd3dac2dca0090fd6e5184dba3b21b71f468bb8f9c2,AQHstwk1uwAEnz8JE41HEbbD1EaPBjBwtid2qbo1Q3KD,jtojtomepa8beP8AuQc6eXt5FriJwfFMwQx2v2f9mCL,11111111111111111111111111111111,JTO,SOL (native),sell,642987128,3019181,642987128,3031507,fulfilled,Executed,jupiter-solve,67,3RhDMTf6KzmnZshYjCNcByBFLXv2xuebdTFxMrMVWrUXruxS8tN219Mzfhz8VwTiW2TRqfMWkWJp6DgNZhSKqcuM,,cleanup
2026-10-05T19:26:50.795851Z,0xae6f5e4c5202d98712b9c502acb025f4ede6e9f07a01f77d3e3fb637e286e58b,GcY8jk3HeHLDmdPa8wRVnHkn8f77frWdZxRWr6rrdyus,6p6xgHyF7AeE6TZkSmFsko444wqoP15icUSqi2jfGiPN,11111111111111111111111111111111,TRUMP,SOL (native),sell,48000,817061,48000,821165,fulfilled,Executed,jupiter-solve,7,2C1WgMFqAg6vGWSpqcYW1ifStXSESLmfktPB1PTWMQEswzng1oXVxTXkQDVn6Ggf1e8PAag43rgmVZFFyCbzpwee,,cleanup
2026-10-05T19:26:58.838469Z,0xb10e73ece556a3ceda0d1be037e6274ea1c18424e40e47742edd10818785cd19,CDY1rvEes25vx7DZwxp5BRSgAewDQMgwBExfAMEymdMC,EPjFWdd5AufqSSqeM2qN1xzybapC8G4wEGGkZwyTDt1v,11111111111111111111111111111111,USDC,SOL (native),sell,139685,1155793,139685,1161550,fulfilled,Executed,jupiter-solve,9,366vT1awWjosqpb5646y7VgQ6dSSwyxeJ8ma8uFgJvrSS1gF5tvP6AsXnYtNVDPoFEpk6XAX39EAYzuvigMyWANt,,cleanup
2026-10-05T19:27:06.436328Z,0xff6cc2d3d17d5021631626ae9d42d6c9b4e170b33f5bdbe1aecd85be86cb8508,GcY8jk3HeHLDmdPa8wRVnHkn8f77frWdZxRWr6rrdyus,DezXAZ8z7PnrnRJjz3wXBoRgixCa6xjnB7YaB1pPB263,11111111111111111111111111111111,Bonk,SOL (native),sell,12000000000,3812140,12000000000,3831138,fulfilled,Executed,jupiter-solve,7,5NcdPw5jwUj1dM7jjyKmz5PT54HyJbWbeXuwn9qccuxZ3c9ydqu2RdFLZq6LpnJ3LaiNmk1Byrb5yQuzLfokSn6y,,cleanup
2026-10-05T19:27:19.123959Z,0x28a96c9ab3fe9599ee2762024c2b8b767e08aebe5659e211a60a906054b5d8d2,GcY8jk3HeHLDmdPa8wRVnHkn8f77frWdZxRWr6rrdyus,EKpQGSJtjMFqKZ9KQanSqYXRcF8fBopzLHYxdM65zcjm,11111111111111111111111111111111,$WIF,SOL (native),sell,3500000,7403997,3500000,7441345,fulfilled,Executed,fractal,10,7k9wjD288tABG3h6SY72MXoo69Qw45TGGGV8QKqckdR2VzA3Xv2Hh2pHkDPwkEnNasT4gHAq2Je5u4pxRshMsMK,,cleanup
2026-10-05T19:27:24.117842Z,0x1f68af52638b2bc57d73e7f9ef68d712c7829d51db9e2bf80a42414ab610bc3f,CDY1rvEes25vx7DZwxp5BRSgAewDQMgwBExfAMEymdMC,Es9vMFrzaCERmJfrF4H2FYD4KCoNkY11McCe8BenwNYB,11111111111111111111111111111111,USDT,SOL (native),sell,946433,7832079,946433,7872184,fulfilled,Executed,fractal,10,5djZbTZP7kAA1fXykRY4jBF3tRWNP9JQhbv7GeeED5w3q6UZhSXGhU85FMY5y7wK6bD74xeJYnRzmtXjg4jcUVUH,,cleanup
2026-10-05T19:27:48.144909Z,0xa95cef32e523af9e2aba67aeb1db5b7a597943b3f8e7d799b4e24925e67e2a0a,GcY8jk3HeHLDmdPa8wRVnHkn8f77frWdZxRWr6rrdyus,EPjFWdd5AufqSSqeM2qN1xzybapC8G4wEGGkZwyTDt1v,11111111111111111111111111111111,USDC,SOL (native),sell,372984,3086551,372984,3104600,fulfilled,Executed,jupiter-solve,16,k6eu2xKWRy9bFFX92QFiRBribNe7XEEov6oQnYfVeFwb15Xybn7uWZW5DvVpPyS4VvCgLViEtKwrQjzfrQ36CqE,,cleanup
2026-10-05T19:29:17.528081Z,0x9ce5898677a36b79538d055d59be1d2155729f04c09c09563df0407887e61c6d,AQHstwk1uwAEnz8JE41HEbbD1EaPBjBwtid2qbo1Q3KD,mSoLzYCxHdYgdzU16g5QSh3i5K3z3KZK7ytfqcJm7So,11111111111111111111111111111111,mSOL,SOL (native),sell,2688091,3760733,2688091,3783200,fulfilled,Executed,8E74…2mpx,8,4ZEgEQPNYvcKgoBjyghydFPkWpKLEZTVQHPRPxjamah9N72f7ya1t9VzH6QT2LoiSQLSJ2kPYrAzeCq4WMBVgQAn,,cleanup
2026-10-05T19:29:18.540962Z,0x41554a9c12249fefc993550656bf47c9cdcb5cb84547bfa8de5057e495100116,BsXAAY6SvTyWYjwKCa5SUs1kDBK6n7ia7qvRPVj5dFgz,mSoLzYCxHdYgdzU16g5QSh3i5K3z3KZK7ytfqcJm7So,11111111111111111111111111111111,mSOL,SOL (native),sell,2560000,3581529,2560000,3599526,fulfilled,Executed,jupiter-solve,11,3JQFP7gQAUpcDprUTqApvmK8hpQL2yMcvLbZ95nXDsWs4A6BmqwmmYCnzV1jPLUmDSvC2t5bat1EQPEzsWnGnpmb,,cleanup
2026-10-05T19:29:19.935880Z,0x23d889e35164143d1d39864eb488ca54a2044f5d00bc71f2ba625ba4ddbe92dc,EGXsUdM4HLc983jD276LHz87k5zBZSJrJc137qcokK8D,6p6xgHyF7AeE6TZkSmFsko444wqoP15icUSqi2jfGiPN,11111111111111111111111111111111,TRUMP,SOL (native),sell,240000,4083353,240000,4105410,fulfilled,Executed,8E74…2mpx,26,2bZgMsz7NaP2aLZ9h9WcvYqFAbK3rJcb4QypHH9wmWsbita5hr8ieUYVr8mBXEjVNzaUACsTPu43v4UbQhkno3LF,,cleanup
2026-10-05T19:29:30.471134Z,0xa2070bcb8d486c4092aa02029f3f2a6d30ca2a7809c054db6d844bdeb958dca2,AQHstwk1uwAEnz8JE41HEbbD1EaPBjBwtid2qbo1Q3KD,4k3Dyjzvzp8eMZWUXbBCjEvwSkkk59S5iCNLY3QrkX6R,11111111111111111111111111111111,RAY,SOL (native),sell,78000,1391875,78000,1405079,fulfilled,Executed,8E74…2mpx,6,2vHf3yq6RPYy2fw9Y9dX7uKczxNNAUwAQsJ2Fg52pyiVtdjfoHLtaYcnUX2yHbciRSMgMKv1U6CxT59DUS1CLJYx,,cleanup
2026-10-05T19:29:35.289752Z,0x0f5dcac7777279116f1de3dce3bc438b3c803835aa4148cb3592b83466b98bf0,BsXAAY6SvTyWYjwKCa5SUs1kDBK6n7ia7qvRPVj5dFgz,6p6xgHyF7AeE6TZkSmFsko444wqoP15icUSqi2jfGiPN,11111111111111111111111111111111,TRUMP,SOL (native),sell,824000,14026831,824000,14097696,fulfilled,Executed,fractal,6,4SsjbekbhqgH3Zh5YSDU685pCx37bKmzaAgJfcr9gFQVorGQtjroFq5d82c19HsrdLwUqgJBrw4rbts2tixUiJVM,,cleanup
2026-10-05T19:29:46.946737Z,0xd588b8ba473b17efb5820107f1c56db186aabe00c80ecf91d6becf41f70b04e9,BsXAAY6SvTyWYjwKCa5SUs1kDBK6n7ia7qvRPVj5dFgz,7GCihgDB8fe6KNjn2MYtkzZcRjQy3t9GHdC8uHYmW2hr,11111111111111111111111111111111,POPCAT,SOL (native),sell,8150000000,3645828,8150000000,3667220,fulfilled,Executed,8E74…2mpx,10,3VjXLghtrNyyNemMaftu1eByzAbhrHPnSnr2MxbfXmi4U5SAytXH4DuFHvbCJcfbRuMKkBWY93oZoUAx8oBu8bMX,,cleanup
2026-10-05T19:29:51.665731Z,0x8f65e1e6cb8c79b191e4e709fdc33bf24183dcee35b378a3917ff494b9a02a43,EGXsUdM4HLc983jD276LHz87k5zBZSJrJc137qcokK8D,7GCihgDB8fe6KNjn2MYtkzZcRjQy3t9GHdC8uHYmW2hr,11111111111111111111111111111111,POPCAT,SOL (native),sell,8150000000,3645828,8150000000,3666118,fulfilled,Executed,8E74…2mpx,11,2VXWdurxGZCcaySJ8YsaTb45Pb1VKFYurLatZ5n29L9JR4FgDT81JnHs95sxGMG5JzAtSCy6BZxFPJWFrezsfJrM,,cleanup
2026-10-05T19:29:59.155349Z,0xdd6ef4a3474bca5e8d94269f06ae26e8a7c56935e83e1ecfeaa71074dd4f31c6,94bjVVSp8jgvP4ivAW3wFomkRpeE3xBouyCWErsR1ANz,6p6xgHyF7AeE6TZkSmFsko444wqoP15icUSqi2jfGiPN,11111111111111111111111111111111,TRUMP,SOL (native),sell,206000,3504816,0,0,cancelled,Not filled within fill timeout (cancelled by sim),,,,,cleanup
2026-10-05T19:30:03.010597Z,0xe9db2c89313e70b3ce38086337473a183b228592978a8cf3c0112ef11624148c,BsXAAY6SvTyWYjwKCa5SUs1kDBK6n7ia7qvRPVj5dFgz,DezXAZ8z7PnrnRJjz3wXBoRgixCa6xjnB7YaB1pPB263,11111111111111111111111111111111,Bonk,SOL (native),sell,12000000000,3812797,12000000000,3832834,fulfilled,Executed,jupiter-solve,10,5U8EcGVZUxkDpEt8P9TCwaZ2k8ALnNG5FXyRH5V6MdBRh2dFbwa5yJeya1MjSwoTjtpaVJMgiGQ2Rvc82Lfwr94q,,cleanup
2026-10-05T19:30:05.682180Z,0x3cd84ff9fe28aec7bd5d2350bd066f4f09d7ddc72fcec13b389f1adec1b1f0dd,AQHstwk1uwAEnz8JE41HEbbD1EaPBjBwtid2qbo1Q3KD,EPjFWdd5AufqSSqeM2qN1xzybapC8G4wEGGkZwyTDt1v,11111111111111111111111111111111,USDC,SOL (native),sell,16980,140510,16980,141288,fulfilled,Executed,jupiter-solve,7,kthaocvfG7QH1YsP7bh1QYySx1iQVCvceW2sAjCxDgWaxf2ZCFs1kErvFjUcdwFepP6TAxKoJHM9MNLEJoteagL,,cleanup
2026-10-05T19:30:07.418Z,0x1e9845557dfc3a46ca4920a7436cf16b45acf00f30f13f089b071206a809b2d6,EGXsUdM4HLc983jD276LHz87k5zBZSJrJc137qcokK8D,DezXAZ8z7PnrnRJjz3wXBoRgixCa6xjnB7YaB1pPB263,11111111111111111111111111111111,Bonk,SOL (native),sell,6800000000,2161080,6800000000,2171146,fulfilled,Executed,jupiter-solve,11,4x11neEUgqhNNcNLaitYhuzUggtaEpRZjmxCNGKTyr31dvisB2e7L7978pVKrmVEWX7VS4ui9XN8fJd9dzVuLfjo,,cleanup
2026-10-05T19:30:12.914670Z,0x28058d0b25a219c33edc3418f515a62345bc26ccd1244ee8577f30470382bbf8,2kV12Qsin6Wfxr2Pr6M8bqUbjqMppw4gpqAbV18TiFfJ,JUPyiwrYJFskUPiHa7hkeR8VUtAeFoSYbKedZNsDvCN,11111111111111111111111111111111,JUP,SOL (native),sell,1370000,3962806,1370000,3981908,fulfilled,Executed,8E74…2mpx,5,5gr2fghPkBX7JPSCoMJQNaAFjDCyoiwRPLYQuTdBEzXgREtLrF6wNUCUJm7QvQhkGu8wNXD6xZGd71Fxp7iFyX7u,,cleanup
2026-10-05T19:30:17.367746Z,0x508eacd77336c06136d07b089f12d6b3ca17ea39689ec907c4eca5cfdc1cce41,AQHstwk1uwAEnz8JE41HEbbD1EaPBjBwtid2qbo1Q3KD,J1toso1uCk3RLmjorhTtrVwY9HJ7X8V9yYac6Y7kGCPn,11111111111111111111111111111111,JitoSOL,SOL (native),sell,900000,1166815,900000,1172614,fulfilled,Executed,jupiter-solve,8,2jMARffH6t5AJPVWtBWu9nQnEHWs5V4gC3YTMcbaV5dLnivbXozL7o2pFG1U2d9Xw7PPRUQLBnVc9yeJSc4VRca7,,cleanup
2026-10-05T19:30:19.736310Z,0x5f17e4a9ec5f8d2cec4bd44bd565703d84570efa0683c8d5bd124db9207115aa,BsXAAY6SvTyWYjwKCa5SUs1kDBK6n7ia7qvRPVj5dFgz,J1toso1uCk3RLmjorhTtrVwY9HJ7X8V9yYac6Y7kGCPn,11111111111111111111111111111111,JitoSOL,SOL (native),sell,2760000,3578968,2760000,3595477,fulfilled,Executed,8E74…2mpx,9,wHbYXUxGhkxf61Z4PDcPCCMQb3oAsY6MbctdSCcsJvN49GCvoPneLrXWTfjCFXHoZeMgzMwm2HxXpsYm6eXFPoQ,,cleanup
2026-10-05T19:30:22.854542Z,0x74e6a2a66a43f0dc32758a83329db00a91e3bc2694d216a328dfe1c633e18231,2kV12Qsin6Wfxr2Pr6M8bqUbjqMppw4gpqAbV18TiFfJ,jtojtomepa8beP8AuQc6eXt5FriJwfFMwQx2v2f9mCL,11111111111111111111111111111111,JTO,SOL (native),sell,26000000,122047,26000000,122615,fulfilled,Executed,8E74…2mpx,13,2mphLcMobbsdiUiXvewtv9ecud1MPmzzeSPFbvbKYFVEXMrWUTu39Etmk5j1EPtXnf7iqYGykwSkAUfmVjZnLmRa,,cleanup
2026-10-05T19:30:24.409715Z,0x7e8bd9d315b86703f11016a796a333f7f209dbb2ef75b743aca6167c34b4411e,EGXsUdM4HLc983jD276LHz87k5zBZSJrJc137qcokK8D,EPjFWdd5AufqSSqeM2qN1xzybapC8G4wEGGkZwyTDt1v,11111111111111111111111111111111,USDC,SOL (native),sell,353569,2929121,353569,2940814,fulfilled,Executed,8E74…2mpx,11,38dCB7Ek9e7k6EHTsP8ToKRnnw9zZJhqo8aUEJSL6iytPWyiifcgcoRnsS6TD5rgxt2Bk7dnm5adR4Z9aGLgagNJ,,cleanup
2026-10-05T19:30:42.607580Z,0x0265a821599593c6ab09eb24d4a6291a0a91084d21c6d0425342b0bbd4fcac5f,2kV12Qsin6Wfxr2Pr6M8bqUbjqMppw4gpqAbV18TiFfJ,4k3Dyjzvzp8eMZWUXbBCjEvwSkkk59S5iCNLY3QrkX6R,11111111111111111111111111111111,RAY,SOL (native),sell,225000,4010998,225000,4037862,fulfilled,Executed,8E74…2mpx,6,38DbejH9prLd278cwVsKdPAWEbFmqwoUv2paNSiAyEVgnGJgcPvHVix7AboTxcTNVjNsxyyCK2LqTLx1nxHsaPsM,,cleanup
2026-10-05T19:31:13.791754Z,0x2171e2cfb0bf7b66c5c103d6412dac339a1fe9758ee0f26c1ce00fe2d3909b24,94bjVVSp8jgvP4ivAW3wFomkRpeE3xBouyCWErsR1ANz,6p6xgHyF7AeE6TZkSmFsko444wqoP15icUSqi2jfGiPN,11111111111111111111111111111111,TRUMP,SOL (native),sell,206000,3508334,206000,3525261,fulfilled,Executed,jupiter-solve,11,5p9DJ5WXTcA16VwifNXQb17hdvxhFpNeU6vVfTPkYGBz2kea6kAZc9LBq66kebY8vu8PVL4yzK4VKfhZVYRVtFRg,,cleanup
2026-10-05T19:31:23.256832Z,0x693c90b36d03b8e14d5e0d46b523fb58763e450bdef4bfc744e76972b9dfe3b4,2kV12Qsin6Wfxr2Pr6M8bqUbjqMppw4gpqAbV18TiFfJ,6p6xgHyF7AeE6TZkSmFsko444wqoP15icUSqi2jfGiPN,11111111111111111111111111111111,TRUMP,SOL (native),sell,225805,3843133,225805,3866130,fulfilled,Executed,8E74…2mpx,7,48kft7tNbVCgbz1r7ZeeGvz3sWKnUdSCiWotUAKqWiKxpJE8XgNQqVR417wkg8UmayWoG16Z3dNCoU9kq77Bswto,,cleanup
2026-10-05T19:31:47.328812Z,0xb60f9544921426116b7b1accb9776f039ea07f2b7a323ef9e6e17cdcefc48744,9XSrZ8RkSZ3WDoGkrgWHrmMhixsoWZTLnPxBtQNWNK9c,JUPyiwrYJFskUPiHa7hkeR8VUtAeFoSYbKedZNsDvCN,11111111111111111111111111111111,JUP,SOL (native),sell,170000,491740,170000,495402,fulfilled,Executed,8E74…2mpx,5,2wwS36mA1g6iCvLNgWNSvmGSeobWtsRP2yZC7DhSQUUkBvAzPaxq7bQPgcp541bGC8aV2q8bTExSqC9xLPHPZPek,,cleanup
2026-10-05T19:31:51.193099Z,0x5cd6f3241acaafad657370a35ce669ed4f239df4b6140533ae9a0e6975c37cc6,2kV12Qsin6Wfxr2Pr6M8bqUbjqMppw4gpqAbV18TiFfJ,EPjFWdd5AufqSSqeM2qN1xzybapC8G4wEGGkZwyTDt1v,11111111111111111111111111111111,USDC,SOL (native),sell,16994,140577,16994,141316,fulfilled,Executed,8E74…2mpx,14,2zxqZdvMkmsCVLGu9BxDAykt1qgbSgYnJW5cVWiwDfsdddJcEidA8xF1uut6PyJqEvXcfp8LzG7UvCqJejX2nvHP,,cleanup
2026-10-05T19:31:54.118475Z,0x70a881c915b9f28de2724d91bf02b3a9b5b49058effcc6faac0db1a088acd684,HoWtt82mr4wqKqMDy4jFDRs1C9kt3kY6KtXH3i83fyn5,EPjFWdd5AufqSSqeM2qN1xzybapC8G4wEGGkZwyTDt1v,11111111111111111111111111111111,USDC,SOL (native),sell,139798,1156398,139798,1162380,fulfilled,Executed,jupiter-solve,17,5LkDSqh6UW9q9hptUfcq3FfFfGUHBSFiP6CvSuyTJW8Ar1tLHzKsVNWKRHipmeaGNRdTHUYu72ySZoG3W7i7zvfA,,cleanup
2026-10-05T19:31:56.830793Z,0x574003805d1d2f7cf757dcb73787fdccabd2c0b1455bccc6e1944f5541d64d49,9XSrZ8RkSZ3WDoGkrgWHrmMhixsoWZTLnPxBtQNWNK9c,mSoLzYCxHdYgdzU16g5QSh3i5K3z3KZK7ytfqcJm7So,11111111111111111111111111111111,mSOL,SOL (native),sell,2560000,3581529,2560000,3599526,fulfilled,Executed,jupiter-solve,8,51kTANivtnYcrcT5QbzUjdsRkYncm7LyZNb88EsLLqGqwohczVHsrkXCxuS2V8NttL9MNNd2sGWxnCiKzJ6Yc5mr,,cleanup
2026-10-05T19:32:12.743957Z,0x7c76632b83ea0938cd17e651d6dbf865d489aeac26b2e064603c000e5429985c,9XSrZ8RkSZ3WDoGkrgWHrmMhixsoWZTLnPxBtQNWNK9c,4k3Dyjzvzp8eMZWUXbBCjEvwSkkk59S5iCNLY3QrkX6R,11111111111111111111111111111111,RAY,SOL (native),sell,225000,4009917,225000,4036287,fulfilled,Executed,8E74…2mpx,9,4bzeY13Ng9xQq1HKRXXXZ19P15qtaqDdVV7H9mqsDR2iGjbY2eF5UPXVAF5DSgTwoVc6AA773K3yBKj2XrrMMAoT,,cleanup
2026-10-05T19:32:15.840820Z,0xdd8d46db033c64bc03c6900fa5cb5be8b683b274e4a373ccc0d0e5132edc5ee1,HoWtt82mr4wqKqMDy4jFDRs1C9kt3kY6KtXH3i83fyn5,Es9vMFrzaCERmJfrF4H2FYD4KCoNkY11McCe8BenwNYB,11111111111111111111111111111111,USDT,SOL (native),sell,1887038,15620446,1887038,15698078,fulfilled,Executed,fractal,5,4b7QE2BsvCpaPD3p6gZYeY2aF9Rjjp4XLuquma4bPvKrUXJAdWu8jrzVXkbi9v7BZVS1rdy3GVsh7Y7VynpgvWos,,cleanup
2026-10-05T19:32:26.768036Z,0x1fda534ce20442534a612dd7ca4b54dcb775b3d06b6ac63acbc76604eb2220c8,9XSrZ8RkSZ3WDoGkrgWHrmMhixsoWZTLnPxBtQNWNK9c,DezXAZ8z7PnrnRJjz3wXBoRgixCa6xjnB7YaB1pPB263,11111111111111111111111111111111,Bonk,SOL (native),sell,10935413547,3479109,10935413547,3495095,fulfilled,Executed,jupiter-solve,10,4Z1Zk8Q7DiY4LcFdhDRZXDV9Yzi2gfLFep1sZnCwMidhg3BgcdDmNmr6mNkS8gLaC9tMz4zkN1gfreMs9jT94MVo,,cleanup
2026-10-05T19:32:41.972577Z,0xcbc080126f89e142e98d0c36beacb54f6a3392517e99e0024b356ddca9c849dc,9XSrZ8RkSZ3WDoGkrgWHrmMhixsoWZTLnPxBtQNWNK9c,EPjFWdd5AufqSSqeM2qN1xzybapC8G4wEGGkZwyTDt1v,11111111111111111111111111111111,USDC,SOL (native),sell,16704,138374,16704,138886,fulfilled,Executed,jupiter-solve,12,ADzFHDBka2XemgnzAoHc3rU9nvJNeTjqoUYdo4uE1sdGgrBW5SDy6h4V98wz7usENphpUzEzBd1WY4PyPmAErt4,,cleanup
2026-10-05T19:32:54.711467Z,0x1644b17b03cea37c19b4e5deb7a2b4dcbf270469323795d36a1418defce7bb95,CagkCmsroJWAiUWrigym7vR9wGYV5aKWanTGu3ZARKqD,EPjFWdd5AufqSSqeM2qN1xzybapC8G4wEGGkZwyTDt1v,11111111111111111111111111111111,USDC,SOL (native),sell,432689,3581341,432689,3597580,fulfilled,Executed,jupiter-solve,13,LNDTEkkDAQ4BoQpPshfFyT87sRN8hzs3FFZtU3DbrFJiYYKGCSYhGiqpLJJD8aMo2X82xtTFqJ3UPHkqZGHBX99,,cleanup
2026-10-05T19:32:59.986818Z,0x7f988a20f19a937648bfadf4f8e47b6bd0ce6cd2fd96caea72feb6145f6904aa,9XSrZ8RkSZ3WDoGkrgWHrmMhixsoWZTLnPxBtQNWNK9c,J1toso1uCk3RLmjorhTtrVwY9HJ7X8V9yYac6Y7kGCPn,11111111111111111111111111111111,JitoSOL,SOL (native),sell,2760000,3576643,2760000,3594616,fulfilled,Executed,jupiter-solve,63,4KPgtDQenaxzbndrZKRxiUYVyGkedJ4aN5DrW5qfNzSHaoXzpXhDXGYWD9Eqp8m5kx1F4qTCzANmGTCoXTX757TC,,cleanup
2026-10-05T19:33:22.042029Z,0xfa8851ee0f61f08a8a6c5a1a5f27a2d6f9369dc78bc5b5730c467b1dc78604f5,GikSpMABHu6MJERkF3N9GMmwPXfEBxABjChVkK1W9ji4,6p6xgHyF7AeE6TZkSmFsko444wqoP15icUSqi2jfGiPN,11111111111111111111111111111111,TRUMP,SOL (native),sell,64000,1089464,64000,1095404,fulfilled,Executed,8E74…2mpx,20,1WUShoUvKfL18TycEL45gVpTquyYZdRd4sMuPvhH52K5UZZtB3CCZr6ukT8znpsnYSiUx9nPhZEN1uZ6j6pPPoB,,cleanup
2026-10-05T19:33:23.759076Z,0xdc11b9da17546a6f7207dbb50d1e66ac3a42dfe30c1344ff855b54f5c10ea453,94bjVVSp8jgvP4ivAW3wFomkRpeE3xBouyCWErsR1ANz,DezXAZ8z7PnrnRJjz3wXBoRgixCa6xjnB7YaB1pPB263,11111111111111111111111111111111,Bonk,SOL (native),sell,3400000000,1082384,3400000000,1087510,fulfilled,Executed,jupiter-solve,8,51dQTq7RjJTK14asY4cgTD6CquNLV4DuAvsaWcZfX4risAEkNCNGYytrcKXGcKaEUuf2Xx6QdDAhtxh8XkwEY4R8,,cleanup
2026-10-05T19:33:30.084505Z,0xd1c468b2cab43a03ec5a88a852888c7facdcf3448f295bec24fcf51b832f98d6,CagkCmsroJWAiUWrigym7vR9wGYV5aKWanTGu3ZARKqD,Es9vMFrzaCERmJfrF4H2FYD4KCoNkY11McCe8BenwNYB,11111111111111111111111111111111,USDT,SOL (native),sell,795551,6584209,795551,6617249,fulfilled,Executed,fractal,8,4eY5ffgoQeLXdmnmSwkn7w8mDpaSp6zZ5XpuyZYiriVHtFwbEw3xVMkdR9kx7C1BSa3csCC4sYpp5ztxjvMVd4Lf,,cleanup
2026-10-05T19:33:32.200639Z,0xa0e73c106533bb8f1a5c71d5c666974c43c469ace8a377dbec7b1a034301ec8f,EDimKwHuMtcwxxbAfQPT3EaH9CPpyTLARxLRRwiZV26v,EPjFWdd5AufqSSqeM2qN1xzybapC8G4wEGGkZwyTDt1v,11111111111111111111111111111111,USDC,SOL (native),sell,1518098,12570119,1518098,12632280,fulfilled,Executed,fractal,6,5HtnwAUYaE91ScqpxanPPnTEDLq8CkrhcxKnTa8ZDcq1eHUdVouk8hRQK2QSgyjfMGVRosPPNFSBA1ha2Sh4UrcF,,cleanup
2026-10-05T19:33:38.908092Z,0xb07e4c994d568cd315fe74875bd66f68ce7baa388c1c7d37c877c3fa732463f2,94bjVVSp8jgvP4ivAW3wFomkRpeE3xBouyCWErsR1ANz,EPjFWdd5AufqSSqeM2qN1xzybapC8G4wEGGkZwyTDt1v,11111111111111111111111111111111,USDC,SOL (native),sell,395651,3279123,395651,3290728,fulfilled,Executed,8E74…2mpx,8,2F1wXGDi9u1b1FuVTFzQT6AqXB22Fkzff3UK4eBPUjbc963K2GapocSZ7167fH9Aw6ryw8b3XzvW25RZrkw1Yhoe,,cleanup
2026-10-05T19:33:46.252169Z,0xeea77601c168041b44bb378123d2d6408cd6b43807249feee161d8edbe5c8b14,GikSpMABHu6MJERkF3N9GMmwPXfEBxABjChVkK1W9ji4,7GCihgDB8fe6KNjn2MYtkzZcRjQy3t9GHdC8uHYmW2hr,11111111111111111111111111111111,POPCAT,SOL (native),sell,750000000,336568,750000000,337104,fulfilled,Executed,jupiter-solve,3,2uSsb8dLCP8rdg4kkLBY2sUMXpgW89EciRyPAzQk8PQZX19cbY7rMkbmE3fQVVVNtn31ndATp7juVs41cM2g4RCi,,cleanup
2026-10-05T19:33:54.662632Z,0xafc9f8026e8ab3de2fe0a9c661272b5c12bd4f6604f20e5369ecbbb449c7d897,GikSpMABHu6MJERkF3N9GMmwPXfEBxABjChVkK1W9ji4,DezXAZ8z7PnrnRJjz3wXBoRgixCa6xjnB7YaB1pPB263,11111111111111111111111111111111,Bonk,SOL (native),sell,12000000000,3816390,12000000000,3835712,fulfilled,Executed,jupiter-solve,8,4riY25EYHz5Uy2BVJ7yFw69xUrTk2prHb1E1bYra8JtmVHPLE8JjH8kqrbD92A72FKxx6xeFqo6JXiUnkfobHXim,,cleanup
2026-10-05T19:35:05.828584Z,0x8f49f109a08bc5228bd82aa78a8e1a2201750d868772b4fb3067bff2b6ff0751,AQtmpjmjjZTzzs5W2Ld4gPteDe1teLKMpwj3v5GAv7ef,JUPyiwrYJFskUPiHa7hkeR8VUtAeFoSYbKedZNsDvCN,11111111111111111111111111111111,JUP,SOL (native),sell,1370000,3957496,1370000,3981068,fulfilled,Executed,jupiter-solve,7,2WLTx5CD8GkKkEvMdKXz1edXQikVjX3NPnTDCc5demFs17FQD2McSUY8AXRwXpsgSk3gy7vf4ULNvq27fmWv7SEw,,cleanup
2026-10-05T19:35:37.856827Z,0xe607edb3c1dd6b94a9a41f46e8e273ed4827d4afa0aaa801a82519ee2cbde184,AQtmpjmjjZTzzs5W2Ld4gPteDe1teLKMpwj3v5GAv7ef,jtojtomepa8beP8AuQc6eXt5FriJwfFMwQx2v2f9mCL,11111111111111111111111111111111,JTO,SOL (native),sell,111000000,521034,111000000,523650,fulfilled,Executed,jupiter-solve,15,P6fZep1DgLM86eKCUiexB6n5rJ5Pwdz7KLhUq55PX2AjmrvCWcyJHz1sokURjPiHx64McbaJQ3B4Dhmb4GEU6Ph,,cleanup
2026-10-05T19:35:57.058199Z,0xad6f44cdfcc3df8ae6e7c45825101d4626e36cb4e057070d1abb6f89c83f68ea,AQtmpjmjjZTzzs5W2Ld4gPteDe1teLKMpwj3v5GAv7ef,mSoLzYCxHdYgdzU16g5QSh3i5K3z3KZK7ytfqcJm7So,11111111111111111111111111111111,mSOL,SOL (native),sell,2578513,3607430,2578513,3630765,fulfilled,Executed,8E74…2mpx,6,4p7Q5JoBdgBP6vHu9yxEiq6xaecyZCCgaqbCFYFRj4crE7AFYdGJhr44Av1SdrG3nzTVPo1ZdBjGbz9FZsZyxs2t,,cleanup
2026-10-05T19:36:06.413259Z,0x0575e7cf0e11b3963895b962af4edb0b86647dec18f8bc61f3253667d9408c9a,AQtmpjmjjZTzzs5W2Ld4gPteDe1teLKMpwj3v5GAv7ef,4k3Dyjzvzp8eMZWUXbBCjEvwSkkk59S5iCNLY3QrkX6R,11111111111111111111111111111111,RAY,SOL (native),sell,6027,107511,6027,108065,fulfilled,Executed,8E74…2mpx,4,2o2iMQBJkCJx6JBbMoXjfcttrwWgDPhXHWtP18frKD4qnrsDJ6HdaRDt7UFVvsDu28cr9eGRvjeECRZPASM66cpV,,cleanup
2026-10-05T19:36:15.955078Z,0x035594416b7474c9bfe540a76525f618d79b5bbc43f0683346ec5b4b15392849,AQtmpjmjjZTzzs5W2Ld4gPteDe1teLKMpwj3v5GAv7ef,EPjFWdd5AufqSSqeM2qN1xzybapC8G4wEGGkZwyTDt1v,11111111111111111111111111111111,USDC,SOL (native),sell,17035,141068,17035,141765,fulfilled,Executed,8E74…2mpx,4,5Fitj1S2ySygs6L3L9AhpcxQrobxxBfGzRo42yQ26Anua99VRnTYrScE7iNEp5A7ooF1shX24sxFS95wERGn3NJu,,cleanup
