created_utc,uid,owner,sell_token,buy_token,sell_symbol,buy_symbol,kind,sell_amount,buy_amount,executed_sell,executed_buy,api_status,cause,solver,seconds_to_execution,tx_signature,sim_row,sim_step
2026-10-05T15:31:32.955457Z,0x6732dafd6d2b95f7417edfc187643902e97ada539ee845005810d10517e5094a,CagkCmsroJWAiUWrigym7vR9wGYV5aKWanTGu3ZARKqD,So11111111111111111111111111111111111111112,Es9vMFrzaCERmJfrF4H2FYD4KCoNkY11McCe8BenwNYB,wSOL,USDT,sell,4280000,508804,4280000,511185,fulfilled,Executed,8E74…2mpx,8,jhNiWeqSLD8FzBUCNKywn5aUxY3GyALaZmjR4J3vY2J7Jp2aC1t8NYoVv3voGvbaqJXHgrcKH5uggo9Kr2K3kfH,1,main
2026-10-05T15:31:42.822167Z,0x9d7871585fcefe22a275af52caf5d7a5675f4ce7295b60e649affa8a89c12707,FjcXArDzUrBTJ1Lv6Yc8n9atjkNYaxKosVjn6VSxZTrK,So11111111111111111111111111111111111111112,DezXAZ8z7PnrnRJjz3wXBoRgixCa6xjnB7YaB1pPB263,wSOL,Bonk,buy,3929511,12000000000,3909972,12000000000,fulfilled,Executed,jupiter-solve,13,2xVqLovGq7wnx7z1epEwXDbrWJEdZztJ6w7Sg5zo5tEBqnpyhyU9EPBKKZH7Q24cyo5KUbTKK3kqWfvHhSdJSoNT,2,main
2026-10-05T15:31:45.349218Z,0x307d9a3dfefd69668a765bf0da11821c6841578cc2e953c75c3b7087c676cafd,HoWtt82mr4wqKqMDy4jFDRs1C9kt3kY6KtXH3i83fyn5,So11111111111111111111111111111111111111112,EPjFWdd5AufqSSqeM2qN1xzybapC8G4wEGGkZwyTDt1v,wSOL,USDC,sell,3600000,427807,3600000,429870,fulfilled,Executed,8E74…2mpx,11,5JXN8NL2E2rkRXL3YWCZAaXAgCSPhzT1Mg8UPVS6uzeLFwKdBKCnV1jF9skwMSvjC7oxN8LHktC2nFepYgZKd8qt,4,main
2026-10-05T15:31:47.879716Z,0xc387eed90b78359b3b5584183ea1d742d13786667930e72ccfe5dcf77b8c36e2,3FHY6qZALHavE387YcUMyqFYdYCiR5PbLSxdQBpwR6JK,So11111111111111111111111111111111111111112,EPjFWdd5AufqSSqeM2qN1xzybapC8G4wEGGkZwyTDt1v,wSOL,USDC,buy,3630225,431341,3619515,431341,fulfilled,Executed,jupiter-solve,109,5BYDkQfDXThCWsJZzYB3cC6KCUKUSuFavhB1oDZKqURhnnn4muWQyesqkGUDeJ3JcJufkhDBj4nFcirHiPeUyDbS,3,acquire
2026-10-05T15:31:48.410835Z,0xee735c1e239c736d949744b1e277792f0f83fb28f9c9ad345791b6d2d58c5d64,2kV12Qsin6Wfxr2Pr6M8bqUbjqMppw4gpqAbV18TiFfJ,So11111111111111111111111111111111111111112,EPjFWdd5AufqSSqeM2qN1xzybapC8G4wEGGkZwyTDt1v,wSOL,USDC,buy,3816413,453481,3798267,453481,fulfilled,Executed,jupiter-solve,14,5eGnpAepCacqsbbQLEDwLQMSubddCw9rcfhjyLw9LKLmXrXC8EEkAbLFoNTT77bGtcKYd7Cw4G5a5GK81mNcAJkh,5,acquire
2026-10-05T15:31:52.683505Z,0xc7eea6979bd2d6420374adf23a2605d391f7d706c570d7cfda9333e701c23bd6,EDimKwHuMtcwxxbAfQPT3EaH9CPpyTLARxLRRwiZV26v,So11111111111111111111111111111111111111112,EPjFWdd5AufqSSqeM2qN1xzybapC8G4wEGGkZwyTDt1v,wSOL,USDC,sell,3600000,427690,3600000,429553,fulfilled,Executed,8E74…2mpx,70,2MGnHnkBmpKaFwM2fdW5AVGYSpDBVzwFHvz6hcXw9XfDT17rF2VX3k3rbMGhQBfcXinnHHh7EjXSqtzX9ztiFiLP,6,main
2026-10-05T15:31:59.290835Z,0x2742f55b337d3b0f0d058a581ac6e7a7cbcc6731122baf121fb044eb8f7f8f1e,7RqUGHCV2tngEBctNc8o58nPDy6AsYzsUHAW2JgA2XX9,So11111111111111111111111111111111111111112,DezXAZ8z7PnrnRJjz3wXBoRgixCa6xjnB7YaB1pPB263,wSOL,Bonk,buy,3929430,12000000000,3910766,12000000000,fulfilled,Executed,jupiter-solve,6,3VCT5pqrot9furWryWtwgAYsVtwi1r5Nt3v8bh9b4XznZDuz9LHm73QvkEhTRp1ZvKWyESqrt6h3BFrsR775n6NA,7,main
2026-10-05T15:32:00.392852Z,0xcc4cfa6235ca57dfdcf32b1775dd9667e2069cf7394c82855f2fa0377f28faaf,GcY8jk3HeHLDmdPa8wRVnHkn8f77frWdZxRWr6rrdyus,So11111111111111111111111111111111111111112,6p6xgHyF7AeE6TZkSmFsko444wqoP15icUSqi2jfGiPN,wSOL,TRUMP,buy,3536313,206000,3518520,206000,fulfilled,Executed,jupiter-solve,13,3jcnK46yorfYKat46KMobLmeKWRg9vMFkMm75EUDoPMFzmTNCkDzzNyuQRwp1gH8HEahEFbKHj45467eX8oJUm1G,8,main
2026-10-05T15:32:03.049364Z,0x8b56a2496246126ac5c61e670ed1680cce53de8fb0c1ffc71ecfbff17019553e,91V7pVaQyARieyPXcNpxQZdqk5KoH7P1vgg2YHNBfSti,So11111111111111111111111111111111111111112,EPjFWdd5AufqSSqeM2qN1xzybapC8G4wEGGkZwyTDt1v,wSOL,USDC,buy,3751108,445698,3731638,445698,fulfilled,Executed,jupiter-solve,11,2Q8uWMqVg8PTEddA81gcWaRi59j3tpjEyGiQHdPBFugPrKnTic8bijY3i555inMJcf2sppThrM7oe2guGxBvgmub,9,acquire
2026-10-05T15:32:04.766802Z,0x3f7b2792ac4ec7a85e8f10ab4d308d2eaac48a8658e59590a4d218cfe8d41175,GikSpMABHu6MJERkF3N9GMmwPXfEBxABjChVkK1W9ji4,So11111111111111111111111111111111111111112,6p6xgHyF7AeE6TZkSmFsko444wqoP15icUSqi2jfGiPN,wSOL,TRUMP,buy,3536460,206000,3517834,206000,fulfilled,Executed,jupiter-solve,13,Hxfybat13HP9kxEAPne387zGjqKQgR2kmyPAHQKhqo42tmzHmum6RJqAPbTkKj7yV27APQ8y5uVHL235hU2KEsb,10,main
2026-10-05T15:32:05.946293Z,0xd4b2c94f63138d081d437c807836b458ed4ee65e5b762c92b16da773d0a5e814,HoWtt82mr4wqKqMDy4jFDRs1C9kt3kY6KtXH3i83fyn5,So11111111111111111111111111111111111111112,EPjFWdd5AufqSSqeM2qN1xzybapC8G4wEGGkZwyTDt1v,wSOL,USDC,sell,3600000,427847,3600000,430291,fulfilled,Executed,8E74…2mpx,29,36Wxy9KcH4oNzuVDiQ3w5WjryWSADuAm2VgbNyumZ9XaTriyExWu5qWreJ1etHwFUpwDGFF2mbLphmampvqqLBqG,14,main
2026-10-05T15:32:06.353131Z,0x799b24b90ef26e5be67093c7eb5e8029c4ad23a144fc2ec34890d4e5de508b6c,HTsxGEXBSe8rdUJjtW7e4v4YChNXTVmLQXuqBvvQtJuF,So11111111111111111111111111111111111111112,7GCihgDB8fe6KNjn2MYtkzZcRjQy3t9GHdC8uHYmW2hr,wSOL,POPCAT,buy,3715625,8150000000,3697140,8150000000,fulfilled,Executed,jupiter-solve,10,3yxhXrr5Ta5s9wgHWhjBmkqeVe96PHon1w2Q6pTnexK5a6eHzYeP2rUszWisAhUAp2DUVEJrrSrQtesJzqMNVhSB,11,main
2026-10-05T15:32:08.132965Z,0xf303f1db9e3f8eaab1dc45a64149fe5df466dd6fa698ac98646b6dfd23fc030c,2kV12Qsin6Wfxr2Pr6M8bqUbjqMppw4gpqAbV18TiFfJ,EPjFWdd5AufqSSqeM2qN1xzybapC8G4wEGGkZwyTDt1v,4k3Dyjzvzp8eMZWUXbBCjEvwSkkk59S5iCNLY3QrkX6R,USDC,RAY,buy,455172,225000,452918,225000,fulfilled,Executed,jupiter-solve,10,4Np3Rdc8kfZKLhJk3dEaeVL3auBMPv6gHqvtTgLPGtWCYPa1M1YE1MUkP9z8hzVd6Se127QDwgqKKn8v9FAXwFRh,5,main
2026-10-05T15:32:08.702019Z,0x3e1b347860039cb9495e91845db26ebef92f2938ba1afe69b7a315516bbd5cb6,AQtmpjmjjZTzzs5W2Ld4gPteDe1teLKMpwj3v5GAv7ef,So11111111111111111111111111111111111111112,EPjFWdd5AufqSSqeM2qN1xzybapC8G4wEGGkZwyTDt1v,wSOL,USDC,buy,4042694,480443,4022702,480443,fulfilled,Executed,jupiter-solve,7,2auAgFnF6rGtJg8WrxtC3SMk6G1u4sdmw8ad61PSBN9DJB3tr9YuLZeJpbcGQNVmL9tiyiJaEJTihVXzZCXWj5WA,12,acquire
2026-10-05T15:32:10.492184Z,0x3a49626a82498c51c539ad1a01cf8ccbaf2744aa1554a107a9a3029e1c16e51d,BPmy52DKPodqoSUirZUBedULujAZr6s778i4hc153r1X,So11111111111111111111111111111111111111112,EPjFWdd5AufqSSqeM2qN1xzybapC8G4wEGGkZwyTDt1v,wSOL,USDC,buy,3668656,436046,0,0,expired,Winner too late: creation blockhash expired,,,,13,acquire
2026-10-05T15:32:11.432913Z,0x1dd2351ce1159bf9338b5f1443aee1e4a44073b02968cb153d4ce0899147912a,4p3tgZxpw2gKnJnVwQ4Ah3av47HywcXfFaXTFGNU2aTT,So11111111111111111111111111111111111111112,7GCihgDB8fe6KNjn2MYtkzZcRjQy3t9GHdC8uHYmW2hr,wSOL,POPCAT,buy,3715625,8150000000,3697333,8150000000,fulfilled,Executed,jupiter-solve,18,5n7qfKVDkmaRKZvxLNq46Acz2LbNLY6nEtfb9Ny8kyQ5s5zVS7kvMGMSQokRVsQAiJe665o1nZmkzvz6CGTfJzLp,15,main
2026-10-05T15:32:12.372066Z,0x9ff48e4c32e6a409fb1c37d707deda31b489b4a9dc68af936d33db0875d925b4,9XSrZ8RkSZ3WDoGkrgWHrmMhixsoWZTLnPxBtQNWNK9c,So11111111111111111111111111111111111111112,EPjFWdd5AufqSSqeM2qN1xzybapC8G4wEGGkZwyTDt1v,wSOL,USDC,buy,3629866,431379,0,0,expired,Winner too late: creation blockhash expired,,,,17,acquire
2026-10-05T15:32:12.624382Z,0x0a3cbdedd2d7de1b2ec55566ec196791f2410c3810cfeeedced72b4d3ffe268e,94bjVVSp8jgvP4ivAW3wFomkRpeE3xBouyCWErsR1ANz,So11111111111111111111111111111111111111112,DezXAZ8z7PnrnRJjz3wXBoRgixCa6xjnB7YaB1pPB263,wSOL,Bonk,buy,3931344,12000000000,3912610,12000000000,fulfilled,Executed,jupiter-solve,16,KmAyjJKobnHikHJvzVvEvcJiQnRdnYoFCddGTvWUmcedi9G7zgbZT42iY5oAKcpgKAJKTpK797a7oVvTJJWte1j,16,main
2026-10-05T15:32:13.595473Z,0xf24bcee65b30453ebbb3a21c8cde9cf12a696b8d1ae56c8e6022ebd969c3e932,CcQdkRAXeX7seuZLmiapfpM6CVBndVrsvMe38E4Uypyg,So11111111111111111111111111111111111111112,EPjFWdd5AufqSSqeM2qN1xzybapC8G4wEGGkZwyTDt1v,wSOL,USDC,sell,4920000,584716,0,0,expired,Expired without a fill,,,,19,main
2026-10-05T15:32:15.935666Z,0x09c19d778f1356be0df60da4e0fd11667248cea7c00e17dff1fe27b8104e23c0,CagkCmsroJWAiUWrigym7vR9wGYV5aKWanTGu3ZARKqD,So11111111111111111111111111111111111111112,Es9vMFrzaCERmJfrF4H2FYD4KCoNkY11McCe8BenwNYB,wSOL,USDT,sell,3600000,427895,3600000,429421,fulfilled,Executed,8E74…2mpx,64,6RjisAJbePWPLqxHEC4r2WvbFm9gyFDYW3gbkPu35aT7mfguHsCQgfL57BbFNTj5Cr9nKM2Fmn4Uyv4KmwuM2SV,20,main
2026-10-05T15:32:19.096756Z,0xcb4bbfc0b19e48080eb26d769786e7a97cc873cefc004a83ea8c89673fe3f1d2,EGXsUdM4HLc983jD276LHz87k5zBZSJrJc137qcokK8D,So11111111111111111111111111111111111111112,DezXAZ8z7PnrnRJjz3wXBoRgixCa6xjnB7YaB1pPB263,wSOL,Bonk,buy,3932173,12000000000,3912799,12000000000,fulfilled,Executed,jupiter-solve,12,5tAy4Jzmw3nYqzEd3SMkkomE6RDL86Ca1en1Xsm4JDbngdpiVoYaEkLxTWB883RHsfi4Wur9P9a8hbvKqRwTunvs,21,main
2026-10-05T15:32:21.500915Z,0x691e72e7f57d02eed8ba70a14971c5e2be2109587894578afc9ebfb8dce4b00c,91V7pVaQyARieyPXcNpxQZdqk5KoH7P1vgg2YHNBfSti,EPjFWdd5AufqSSqeM2qN1xzybapC8G4wEGGkZwyTDt1v,J1toso1uCk3RLmjorhTtrVwY9HJ7X8V9yYac6Y7kGCPn,USDC,JitoSOL,buy,432746,2760000,430593,2760000,fulfilled,Executed,jupiter-solve,9,4cppeKrShoYHn6hBUA8RJ1hfWWhMMUSKgSsfxiV9KmUJEkJMPA1Z2WvN83zD3Z6ev15mWG27WcEyzUCJneTsaLqq,9,main
2026-10-05T15:32:22.513581Z,0xb4534f3c0e4388fa21e5278cf21933f11366ef0cf37eb822213bc4c79a595bfa,BsXAAY6SvTyWYjwKCa5SUs1kDBK6n7ia7qvRPVj5dFgz,So11111111111111111111111111111111111111112,6p6xgHyF7AeE6TZkSmFsko444wqoP15icUSqi2jfGiPN,wSOL,TRUMP,buy,3536810,206000,3518625,206000,fulfilled,Executed,jupiter-solve,8,4dzx7PVpFrPx1WHakKyp5g9Gw2iP93gNh4p3LDXgrzwZoHApZnzwBaoWGE5cY78d9WLQRfv8W3ZxfVk73vj8Z2XZ,22,main
2026-10-05T15:32:25.176796Z,0x5be3ec965884d09768e440b2349b0a7ac19389c9575a0eee550d351f513e0667,AQtmpjmjjZTzzs5W2Ld4gPteDe1teLKMpwj3v5GAv7ef,EPjFWdd5AufqSSqeM2qN1xzybapC8G4wEGGkZwyTDt1v,jtojtomepa8beP8AuQc6eXt5FriJwfFMwQx2v2f9mCL,USDC,JTO,buy,481311,835000000,479303,835000000,fulfilled,Executed,8E74…2mpx,9,2qKkV2ct6m6UEXjazx5re2SsEnhos38YmwMrjJRRg8aojTaBQytkGnEjMdwDmNeT8bic3whfrxLLiEqWPBYvQnXe,12,main
2026-10-05T15:32:25.797154Z,0xdb4944753083f14dba38ee72529aca0db609f1e5aa2229fd0518ff322e8cdc6a,BQAD73uj3XftKnCB5ZB7P67b7AvEdfLefYbLiipch5oC,So11111111111111111111111111111111111111112,EPjFWdd5AufqSSqeM2qN1xzybapC8G4wEGGkZwyTDt1v,wSOL,USDC,buy,3649022,433591,0,0,expired,Winner too late: creation blockhash expired,,,,23,acquire
2026-10-05T15:32:27.873111Z,0x69eb5f3c2f0bf1a7ef4d446d30a9f954fea43c60e2f6560021b060a515650e3d,CDY1rvEes25vx7DZwxp5BRSgAewDQMgwBExfAMEymdMC,So11111111111111111111111111111111111111112,Es9vMFrzaCERmJfrF4H2FYD4KCoNkY11McCe8BenwNYB,wSOL,USDT,sell,4280000,508682,4280000,511239,fulfilled,Executed,8E74…2mpx,7,4d9H5Coq3B7TB8uaJE7XZkfkKysc1yXSNby2bKEC6JedNgvADu71ecBde1rFn1WV7cSjpsD3x5dbt85kKbqrYCYH,26,main
2026-10-05T15:32:29.318879Z,0xaeaa40ba18c04f45c3a249848bb40808f7c5260fda0f95af5715bc48e67d5092,2kV12Qsin6Wfxr2Pr6M8bqUbjqMppw4gpqAbV18TiFfJ,So11111111111111111111111111111111111111112,EPjFWdd5AufqSSqeM2qN1xzybapC8G4wEGGkZwyTDt1v,wSOL,USDC,buy,4041268,480122,4022829,480122,fulfilled,Executed,jupiter-solve,21,399oNKWrPcm5xYrNS3nQ8dBXAEKWpPtfjSwqfpwmwZNFWhgMpgADXJzTinPbeysJBR8PECaji4Z2QGVGupb8qZCY,18,acquire
2026-10-05T15:32:30.150780Z,0x7856cced8ab336cb248fd3d1aa72ddfbdddc966b87fcfd8c4aede4d4bb24efab,7RqUGHCV2tngEBctNc8o58nPDy6AsYzsUHAW2JgA2XX9,So11111111111111111111111111111111111111112,DezXAZ8z7PnrnRJjz3wXBoRgixCa6xjnB7YaB1pPB263,wSOL,Bonk,buy,3932362,12000000000,3912808,12000000000,fulfilled,Executed,jupiter-solve,16,AawNmr4AgbBt5pgWudymxECnT1Zgv6Vf2Ty5cdhc5qLxLxthQzueqAXLQcXYuvPw73oaG4tcbLQ4aPsF2quTncs,25,main
2026-10-05T15:32:31.089619Z,0xb17e2f7ff1f3e56dce49021c809dd979384923d4d1e69117672eb82b18e5e520,AM6Qwi3vwMCGpRbJ55zDatByeAtsbcfXvXBh77be8C9T,So11111111111111111111111111111111111111112,EPjFWdd5AufqSSqeM2qN1xzybapC8G4wEGGkZwyTDt1v,wSOL,USDC,sell,3600000,427625,3600000,429613,fulfilled,Executed,8E74…2mpx,28,d4oVSWwqa9iJgyUBTuyjiLfmNKJ9PA5YUkdxUTbLB9qg3Mu4SZ1noXfjtgNCFq1tWaytCNMJ9SQvWRfUP9FqCck,27,main
2026-10-05T15:32:31.562452Z,0xa10ecce122e7d9f25532de9b2e7aa5ddcd7c3b059bd01c7f2c5a071b655ab8cb,AQHstwk1uwAEnz8JE41HEbbD1EaPBjBwtid2qbo1Q3KD,So11111111111111111111111111111111111111112,EPjFWdd5AufqSSqeM2qN1xzybapC8G4wEGGkZwyTDt1v,wSOL,USDC,buy,3635536,431782,3617804,431782,fulfilled,Executed,jupiter-solve,19,2LbWKrgwACSFRS8SxbAAghHP6Kh6ovJF63rk83m6UuWw9bxcfGvDqSjGtxX7jNYZeaEFbFHgj5H3UPCboUxZyqVF,24,acquire
2026-10-05T15:32:32.242132Z,0x293c7a4b91bf3fd9aa3ac110cb2e1f4e360a50b3425f14744baeaa73e93846f1,CaMSDEBp5zy2QxSYqDxqbk28qxFwzLXiNdFJiv9TKqhU,So11111111111111111111111111111111111111112,Es9vMFrzaCERmJfrF4H2FYD4KCoNkY11McCe8BenwNYB,wSOL,USDT,sell,3600000,427675,3600000,429826,fulfilled,Executed,8E74…2mpx,11,4ggFvhvLwjiJRTigzkeNakWmgfpJX9Mnb5YKnC6vRdvyhMmMrECexLHbsJPdkP5obMXLEn7Rs8i5u4rRh3bRJXSz,28,main
2026-10-05T15:32:32.747711Z,0xe607e443d8ed31d1eee407296525af1e098290fdcbe72384c2e067f3b90d1459,DoD7Kb5bE6Jr7Eq2JTdYwfLn7718RzpYxKyQen2rxiBQ,So11111111111111111111111111111111111111112,EPjFWdd5AufqSSqeM2qN1xzybapC8G4wEGGkZwyTDt1v,wSOL,USDC,sell,4930000,585607,4930000,588497,fulfilled,Executed,8E74…2mpx,10,4KCRqL7XsbKV2e5rhPuL7aN4n7XA14JVakZR3sos2JhXyMH445ijkkyAovDBQWcX2dSJ9MMYeC9yKgJdmbAAAuaY,30,main
2026-10-05T15:32:37.903269Z,0xe4c8502ca59abe0d6f097d22d86209e723d8aa1ddb180a80a1647b80b3615eaf,AQtmpjmjjZTzzs5W2Ld4gPteDe1teLKMpwj3v5GAv7ef,jtojtomepa8beP8AuQc6eXt5FriJwfFMwQx2v2f9mCL,4k3Dyjzvzp8eMZWUXbBCjEvwSkkk59S5iCNLY3QrkX6R,JTO,RAY,sell,798000000,225514,798000000,226679,fulfilled,Executed,8E74…2mpx,12,2F29BDYfkuK86MJto2hpzzPnRH7qvwJaNMPYQdvDJ4Fc3FgymWf9steFLP4yxtWdVwu1v9Vm5deN2GPUCHi3JwC5,31,main
2026-10-05T15:32:41.159367Z,0x464cb8354ef82d40eb62ec2af7be854a20ca289d7a4fd57f226be88888f23344,HoWtt82mr4wqKqMDy4jFDRs1C9kt3kY6KtXH3i83fyn5,So11111111111111111111111111111111111111112,Es9vMFrzaCERmJfrF4H2FYD4KCoNkY11McCe8BenwNYB,wSOL,USDT,sell,3600000,427617,3600000,429725,fulfilled,Executed,8E74…2mpx,10,5jKotVbpnSsQw8H14kro9ndJTAnmT3ZuDf4gPVZngN3Yh6vbw8SbJbq6q56GKyEck9tvbdYrvpMNJVTYQnvGtfyt,29,main
2026-10-05T15:32:47.718404Z,0xe0caff0b45d89ee90d7676815b337b929c9f8f09701b0569081018d35b5cbe9c,EGXsUdM4HLc983jD276LHz87k5zBZSJrJc137qcokK8D,So11111111111111111111111111111111111111112,6p6xgHyF7AeE6TZkSmFsko444wqoP15icUSqi2jfGiPN,wSOL,TRUMP,buy,3534175,206000,3515492,206000,fulfilled,Executed,jupiter-solve,20,RfLbdn9BUHoGcVCifUaPXXsXRdY7nchm1fCunkz8fVhKEstfVYJN8A2fVZds21DmAP9oJJCfZn8s3yyQhRtJEHz,33,main
2026-10-05T15:32:50.587960Z,0x5df76c207665fd5f5aab32d0ed339fddaf75a76ee1c83b9f39d8270923c5563a,HTsxGEXBSe8rdUJjtW7e4v4YChNXTVmLQXuqBvvQtJuF,7GCihgDB8fe6KNjn2MYtkzZcRjQy3t9GHdC8uHYmW2hr,11111111111111111111111111111111,POPCAT,SOL (native),sell,7180000000,3231155,7180000000,3250748,fulfilled,Executed,8E74…2mpx,12,5EA3ABuGi47KYhxjX6RC9Wa2p4cGTURwT7VZL36qTeoKC98hzapp3fPj8kxe2bE9qnLaeeA7d3GAkdd6mkR1yhgH,37,main
2026-10-05T15:32:51.252526Z,0x98b67277ba73097418710e0017e1801b284fc10d3fe9eb381d5b2775eabfc59a,BsXAAY6SvTyWYjwKCa5SUs1kDBK6n7ia7qvRPVj5dFgz,So11111111111111111111111111111111111111112,6p6xgHyF7AeE6TZkSmFsko444wqoP15icUSqi2jfGiPN,wSOL,TRUMP,buy,3534217,206000,3516523,206000,fulfilled,Executed,jupiter-solve,13,5KdZgWWzK6Ui9UgPK87oi5Hui64qyRRW9PTZHwDfrsWdfTLfDjxeYqJDp8aPcVUNTyooEGZw88kKe5UZ4FSUbbCT,36,main
2026-10-05T15:32:52.501736Z,0xa3888ab90ff0ff2958f87bd2d2c891faf3ae8f5605b6a623f25707d48117c492,GikSpMABHu6MJERkF3N9GMmwPXfEBxABjChVkK1W9ji4,6p6xgHyF7AeE6TZkSmFsko444wqoP15icUSqi2jfGiPN,11111111111111111111111111111111,TRUMP,SOL (native),sell,174000,2948807,174000,2963730,fulfilled,Executed,jupiter-solve,11,5kxiRtA4m7D6ShVKp64Npv5qMSSux3CWEgRnEjEWtufZauxojXJFPCLcEnidxpXzDP12YqSZrqtkdJmUnTgTpFyE,35,main
2026-10-05T15:32:53.632145Z,0x7d0ef3dff5dcd4f8edee89217fdb15c8f1241e2d40f66f37d86d5f13189ebc2f,DoD7Kb5bE6Jr7Eq2JTdYwfLn7718RzpYxKyQen2rxiBQ,EPjFWdd5AufqSSqeM2qN1xzybapC8G4wEGGkZwyTDt1v,11111111111111111111111111111111,USDC,SOL (native),sell,478000,3982631,478000,3998280,fulfilled,Executed,jupiter-solve,9,35uxWAGBeQmEuMSnRZnRfthy9vfnxRnQKQbmDe37HAbVqT5dntN5bKs88FyZqtEuQm4diQsqJcj7B6TbCgcrVjCL,40,main
2026-10-05T15:32:55.645543Z,0x3b75bc6da4ba510e0433a10a2d38786aa14958013aec5bcac088567123f97ad5,2kV12Qsin6Wfxr2Pr6M8bqUbjqMppw4gpqAbV18TiFfJ,EPjFWdd5AufqSSqeM2qN1xzybapC8G4wEGGkZwyTDt1v,jtojtomepa8beP8AuQc6eXt5FriJwfFMwQx2v2f9mCL,USDC,JTO,buy,480943,835000000,478744,835000000,fulfilled,Executed,rosato,18,2WGmkiCGXi3JVbYdY48bUWrxsS48Ta4fJv6DLmR4EjaMqdJvDmyHLp6e5Uxrw1JBukHcb1g1hsmHC6G5xurECAcj,18,main
2026-10-05T15:32:57.764005Z,0x1bb9b1765ace76ddbd44df29e9651104876bc9f8e173d61d92d52af8cf654a06,AQHstwk1uwAEnz8JE41HEbbD1EaPBjBwtid2qbo1Q3KD,EPjFWdd5AufqSSqeM2qN1xzybapC8G4wEGGkZwyTDt1v,mSoLzYCxHdYgdzU16g5QSh3i5K3z3KZK7ytfqcJm7So,USDC,mSOL,buy,432897,2560000,431071,2560000,fulfilled,Executed,rosato,10,5eoiW9EzDudr2vByDV9rEUkgT5hewQ6fUpaG8Ltz7qSjDkLBRpbKzZgDBSRuwXoJboQo5PTsZNfhgqaybnJNUsjE,24,main
2026-10-05T15:32:59.053941Z,0xa27ef88e30b922290961dd4adc952c4fc30af61fa67cb24ff2b109a08f414065,HoWtt82mr4wqKqMDy4jFDRs1C9kt3kY6KtXH3i83fyn5,So11111111111111111111111111111111111111112,EPjFWdd5AufqSSqeM2qN1xzybapC8G4wEGGkZwyTDt1v,wSOL,USDC,sell,4370000,518815,4370000,521451,fulfilled,Executed,8E74…2mpx,9,4LP9JyvEPGzni7faAExinjvWBgdodFngXKvkLLkzVT5U5HQj6JbdiNfbo62UNoJMYqt2GSiH8kfUcoMSQqWx5y7T,39,main
2026-10-05T15:32:59.827771Z,0xacfd80890623d1665a717bb722e0ff28061a88c0b82ba35f7e3b47f8780828ae,9XSrZ8RkSZ3WDoGkrgWHrmMhixsoWZTLnPxBtQNWNK9c,So11111111111111111111111111111111111111112,EPjFWdd5AufqSSqeM2qN1xzybapC8G4wEGGkZwyTDt1v,wSOL,USDC,buy,3633649,431379,0,0,expired,Winner too late: creation blockhash expired,,,,17,acquire
2026-10-05T15:33:03.128630Z,0x652d4a72500f0de18d7a707cef3f65ed1f23987e26debc9826fcdd868e9718cb,BPmy52DKPodqoSUirZUBedULujAZr6s778i4hc153r1X,So11111111111111111111111111111111111111112,EPjFWdd5AufqSSqeM2qN1xzybapC8G4wEGGkZwyTDt1v,wSOL,USDC,buy,3371868,400259,0,0,expired,Winner too late: creation blockhash expired,,,,34,acquire
2026-10-05T15:33:04.581677Z,0xf578abdbd5cb24b6a193612e94c733fa7119fb39ad0ebbbdba8daae9eba5d0c6,AM6Qwi3vwMCGpRbJ55zDatByeAtsbcfXvXBh77be8C9T,So11111111111111111111111111111111111111112,EPjFWdd5AufqSSqeM2qN1xzybapC8G4wEGGkZwyTDt1v,wSOL,USDC,sell,3600000,427429,3600000,429459,fulfilled,Executed,8E74…2mpx,9,4Y5YL6FHtBNTafL5yzAdAfCFupaKzHEHWMSvTUqoFffAdNcYX4ikoyDToy7X3MWAMsXj6R5XHMuH8BKxYgeGHBfv,38,main
2026-10-05T15:33:09.839622Z,0xcb3e8bfdd3e09152e07dad1b9e8e1b992bdc7a0aab65f4056a21f6d67235aac2,HTsxGEXBSe8rdUJjtW7e4v4YChNXTVmLQXuqBvvQtJuF,So11111111111111111111111111111111111111112,DezXAZ8z7PnrnRJjz3wXBoRgixCa6xjnB7YaB1pPB263,wSOL,Bonk,buy,3932359,12000000000,3913389,12000000000,fulfilled,Executed,8E74…2mpx,10,3uw9gUF6ycUAzTNehXD8vkenCrGUHvozfUbe76aja4W4ZaywH6xGWw7pm2rng61uGQsgGXbgQXPecyQsQjEiiaKv,45,main
2026-10-05T15:33:13.131628Z,0x235acd83610fdbe9cc31469735cfb04ba1d2ba4e2e171dfbb6080d94af44332a,AQtmpjmjjZTzzs5W2Ld4gPteDe1teLKMpwj3v5GAv7ef,4k3Dyjzvzp8eMZWUXbBCjEvwSkkk59S5iCNLY3QrkX6R,mSoLzYCxHdYgdzU16g5QSh3i5K3z3KZK7ytfqcJm7So,RAY,mSOL,sell,201000,2383706,201000,2396310,fulfilled,Executed,jupiter-solve,9,2WaFNSHHdd4VRR213p92QWzJkYqASQ6qtRNRNJS5bqBWaerQ2KckbCgMf1L5jnt6we2sJLTmBLJ7SvR4Za2kM6ou,48,main
2026-10-05T15:33:15.323934Z,0x6391c67dedd815c414dc136258138b5998daac4cee968c3eb703ed24850affdc,BQAD73uj3XftKnCB5ZB7P67b7AvEdfLefYbLiipch5oC,So11111111111111111111111111111111111111112,EPjFWdd5AufqSSqeM2qN1xzybapC8G4wEGGkZwyTDt1v,wSOL,USDC,buy,3654438,433591,3637020,433591,fulfilled,Executed,jupiter-solve,17,2wXGhrMY3jquoLWQfmmA4rL4bbPvFtxaCfKcFYRLXtbiNs7RPo3oEqrSsz3potwvcpE4B9wNjSujxTWWowr7kfig,23,acquire
2026-10-05T15:33:16.414835Z,0x8d85634500b44330a4a576f81b5d57b508a7d9c6fda00a9e73c4a291014aea63,GikSpMABHu6MJERkF3N9GMmwPXfEBxABjChVkK1W9ji4,So11111111111111111111111111111111111111112,7GCihgDB8fe6KNjn2MYtkzZcRjQy3t9GHdC8uHYmW2hr,wSOL,POPCAT,buy,3715684,8150000000,3697199,8150000000,fulfilled,Executed,jupiter-solve,11,WXx4kzkGeegUsjtdDdHNnYf4eHGsvNHEGyCu6xX9kRsJKuKP89ZbbqgbcSKRtJAShriZ5ukh2EqwWRcM5W41aAA,44,main
2026-10-05T15:33:16.708391Z,0xe3abb11ccc34564e70dfffa69ed3db5271304caf0d78b54445ed637c61a91280,AQHstwk1uwAEnz8JE41HEbbD1EaPBjBwtid2qbo1Q3KD,mSoLzYCxHdYgdzU16g5QSh3i5K3z3KZK7ytfqcJm7So,jtojtomepa8beP8AuQc6eXt5FriJwfFMwQx2v2f9mCL,mSOL,JTO,sell,2150000,627643233,2150000,631347883,fulfilled,Executed,8E74…2mpx,9,54cFyd3L45LvzXydJ34w9X7tV2HDLYiEPn2meBsQeuKjwnbUgThHiTTGCPfNTy4G4NucvFNQCFraSn97oin6fVeQ,49,main
2026-10-05T15:33:19.627836Z,0x4e032ce7a302e29b1ab765503229c698e59a15000df7cb2129a56b5364df4f37,AM6Qwi3vwMCGpRbJ55zDatByeAtsbcfXvXBh77be8C9T,EPjFWdd5AufqSSqeM2qN1xzybapC8G4wEGGkZwyTDt1v,11111111111111111111111111111111,USDC,SOL (native),sell,642000,5347710,642000,5375143,fulfilled,Executed,8E74…2mpx,7,sKCmur2Ux4PVBaYte9nNZCnfGJN6NGTamU8kZ9hoJmUBgvKzWEPkVGLcTqT3t1xFfHieAk7m3ZYoAVSseBq1r8B,46,main
2026-10-05T15:33:20.753119Z,0x1069028c5a2bc3fe4aaa1a75d845107b35de017ee0e13739d9e3a02dc10c78ed,FjcXArDzUrBTJ1Lv6Yc8n9atjkNYaxKosVjn6VSxZTrK,So11111111111111111111111111111111111111112,7GCihgDB8fe6KNjn2MYtkzZcRjQy3t9GHdC8uHYmW2hr,wSOL,POPCAT,buy,3715684,8150000000,3701090,8150000000,fulfilled,Executed,rosato,11,2wtW6G26xh8JFB2KDwqo8ST6vH6SXHwWduv1CJVVE2H3SMqPkgRticqcgeK5Vo5rJuZQrP2UvWVSaLHpi7KAiT65,50,main
2026-10-05T15:33:21.905185Z,0xc7ba8dbd0aa8a44d75ed17fe8bd2bfa00959b8a021a45aa639da8b9b85dd8a71,2kV12Qsin6Wfxr2Pr6M8bqUbjqMppw4gpqAbV18TiFfJ,jtojtomepa8beP8AuQc6eXt5FriJwfFMwQx2v2f9mCL,6p6xgHyF7AeE6TZkSmFsko444wqoP15icUSqi2jfGiPN,JTO,TRUMP,sell,822000000,229160,822000000,230503,fulfilled,Executed,8E74…2mpx,25,xxcmWTewgWC5fTGSCRU9Wyc9UjosgqhD2VXwR5SdSqcETtnVei2RJ4eaeVAJPm7HBwQfHjvBrNReWWsmqFfX6iw,41,main
2026-10-05T15:33:24.051642Z,0x3fbfbb28f5428043b64cc086fcc888479604eedeb6d42a958363ea83a441319b,DoD7Kb5bE6Jr7Eq2JTdYwfLn7718RzpYxKyQen2rxiBQ,So11111111111111111111111111111111111111112,Es9vMFrzaCERmJfrF4H2FYD4KCoNkY11McCe8BenwNYB,wSOL,USDT,sell,3600000,427253,3600000,429923,fulfilled,Executed,jupiter-solve,8,4W3KKyEFHbtb8jjcJQB2JFmDUAQVNm6Wv9QXrXpS76DdbPyHYHVkMxYoxYUx9WLn1CMrujCoaAHnB9J6P6yiUawS,51,main
2026-10-05T15:33:25.309352Z,0x56cfc0fd775e13693f4c407d723aca85f6296be9dd128a4f688d5ffa990e37e7,CagkCmsroJWAiUWrigym7vR9wGYV5aKWanTGu3ZARKqD,So11111111111111111111111111111111111111112,Es9vMFrzaCERmJfrF4H2FYD4KCoNkY11McCe8BenwNYB,wSOL,USDT,sell,3600000,427253,3600000,429201,fulfilled,Executed,jupiter-solve,22,5BqYQq6m7QuDvbRoTERn8o6Ea55zfw81gpN17S38yfKsJrNTVrtGKHjfaEP3H4XDgDrGz2Va2qGenmQqveSj4coy,32,main
2026-10-05T15:33:29.604804Z,0xbc6bbe96d559387e8e86a0415a7715f527ca16d42a5fa0df0fab1d5d549ba400,HoWtt82mr4wqKqMDy4jFDRs1C9kt3kY6KtXH3i83fyn5,So11111111111111111111111111111111111111112,Es9vMFrzaCERmJfrF4H2FYD4KCoNkY11McCe8BenwNYB,wSOL,USDT,sell,3600000,427102,3600000,429312,fulfilled,Executed,8E74…2mpx,17,3ztR8xJDKbDVEpBBMSXGsy6Q2ZuQoPhAbu7e2z8AUnB1bR99awwQJaF44zT7RvkDzCAUFwve6urVWTfhiBfD797P,53,main
2026-10-05T15:33:30.643912Z,0xa8fb0debcfb6909cd823e70279609b4e68a24351ffb448103df264bf29d70f31,HTsxGEXBSe8rdUJjtW7e4v4YChNXTVmLQXuqBvvQtJuF,So11111111111111111111111111111111111111112,EKpQGSJtjMFqKZ9KQanSqYXRcF8fBopzLHYxdM65zcjm,wSOL,$WIF,buy,3755899,1750000,3735743,1750000,fulfilled,Executed,jupiter-solve,6,63hKu5wp1iFA5yqhD9LeScAmSqHNsLhiJ1dezbqJ1bP2EfGgo15eviip1T88vhvwTp84ibxuDF6ANwaJEoX3dxDG,52,main
2026-10-05T15:33:33.106199Z,0x6f094f41b1e9429a469fe3e2d537fba9a6e18d2bec6dc9e33d777307a1708607,EDimKwHuMtcwxxbAfQPT3EaH9CPpyTLARxLRRwiZV26v,EPjFWdd5AufqSSqeM2qN1xzybapC8G4wEGGkZwyTDt1v,11111111111111111111111111111111,USDC,SOL (native),sell,385000,3208174,385000,3225013,fulfilled,Executed,8E74…2mpx,11,5LYR9Z3cWsNv41GGrAkthES7kt2tEHmUtBcRGzJSACeHdCwMRkHff34QcS7DAVFXYNz7VKzgAkxE76NihzK81nfa,55,main
2026-10-05T15:33:33.212709Z,0xd82439ffc0668fee7bcc85e6771265b696e73687ec3a4651928164d62b41c312,GcY8jk3HeHLDmdPa8wRVnHkn8f77frWdZxRWr6rrdyus,6p6xgHyF7AeE6TZkSmFsko444wqoP15icUSqi2jfGiPN,EPjFWdd5AufqSSqeM2qN1xzybapC8G4wEGGkZwyTDt1v,TRUMP,USDC,sell,182000,367810,182000,369138,fulfilled,Executed,jupiter-solve,12,4FEGkFmz1dypFzESx1DPgettT8xqVaVjY7hTv2kYoPC5bRfnoojenQXzT2hoJS72SKqPnEKoGtkFa9K27D9rESsU,54,main
2026-10-05T15:33:36.526406Z,0x0da8e1ce3ec65fe4a201bd16dc32e8296a4c6f66e94fc77686c42edb49805097,7RqUGHCV2tngEBctNc8o58nPDy6AsYzsUHAW2JgA2XX9,So11111111111111111111111111111111111111112,EKpQGSJtjMFqKZ9KQanSqYXRcF8fBopzLHYxdM65zcjm,wSOL,$WIF,buy,3754493,1750000,3739506,1750000,fulfilled,Executed,rosato,8,5wjMqavBZq8SC3ni2YPUCjEoPCsxmiDQoQdfgu1idnFedXkVqpbaiiRfWexDGuJVSzSwCLEQ5aQvL6g52snSzWQY,56,main
2026-10-05T15:33:37.326458Z,0x43bd42ed80293946389320c6f7738e5e42a7853050730dc22ab8b00b4b8335c9,BQAD73uj3XftKnCB5ZB7P67b7AvEdfLefYbLiipch5oC,EPjFWdd5AufqSSqeM2qN1xzybapC8G4wEGGkZwyTDt1v,4k3Dyjzvzp8eMZWUXbBCjEvwSkkk59S5iCNLY3QrkX6R,USDC,RAY,buy,453444,225000,452017,225000,fulfilled,Executed,rosato,11,3CwzhAz9uCQmH71gfjmfEcXaSf8xwWkLFf7GJiamQHFX1NWMZf2CAyyfZyJfhYQRwDV3b9mLNa8y6K9LPC7cRghJ,23,main
2026-10-05T15:33:40.625848Z,0xba36425ca2a1b77f54e58319df7cad3c010f9846bdb321754b8995d8250ec884,AQHstwk1uwAEnz8JE41HEbbD1EaPBjBwtid2qbo1Q3KD,So11111111111111111111111111111111111111112,EPjFWdd5AufqSSqeM2qN1xzybapC8G4wEGGkZwyTDt1v,wSOL,USDC,buy,3807987,451715,3788764,451715,fulfilled,Executed,jupiter-solve,7,5PihRE9dtDnwQrKSdJf7eTS5Jof7dVW5AviZVpbGmu3XhvagfvVx1p61pcxNPTL9FCNvufnN2qd8yNy45kExjByB,57,acquire
2026-10-05T15:33:42.035782Z,0x86d4ccd12b65ab138a364e16597b9876b8f1c96a525eb1435a44f2d54618a996,3FHY6qZALHavE387YcUMyqFYdYCiR5PbLSxdQBpwR6JK,EPjFWdd5AufqSSqeM2qN1xzybapC8G4wEGGkZwyTDt1v,mSoLzYCxHdYgdzU16g5QSh3i5K3z3KZK7ytfqcJm7So,USDC,mSOL,buy,432589,2560000,430456,2560000,fulfilled,Executed,jupiter-solve,5,Hr3AQcC8ktJSHAKFPuy7yKDMoU5XnFbC33MvE9K98TAeNofxuQHDDV6cetw9EVkkPEVa3nhKLmvcfPZmZzauFAu,3,main
2026-10-05T15:33:44.029911Z,0x1e3d1092ab02b4d95d787384bc96887480e5bec26e08e6cb7fb5f624c174b2ab,AM6Qwi3vwMCGpRbJ55zDatByeAtsbcfXvXBh77be8C9T,So11111111111111111111111111111111111111112,EPjFWdd5AufqSSqeM2qN1xzybapC8G4wEGGkZwyTDt1v,wSOL,USDC,sell,3600000,427104,3600000,429234,fulfilled,Executed,jupiter-solve,12,37dPt7jQJ6ioE7pQme3fsynYfRx5QesEXRWG6QLzLT3xjUPH21Kjy6HRnsBUaBpyPMAfNhdcHJo5JUPtDhvGuBsP,59,main
2026-10-05T15:33:49.328206Z,0x38689a74c1e082f336d8aceb4e1acf5d55dc2c5581dcc85e88f55539f7501972,BPmy52DKPodqoSUirZUBedULujAZr6s778i4hc153r1X,So11111111111111111111111111111111111111112,EPjFWdd5AufqSSqeM2qN1xzybapC8G4wEGGkZwyTDt1v,wSOL,USDC,buy,3374395,400259,3359144,400259,fulfilled,Executed,jupiter-solve,10,2zbL3aEi4P6kjS9ydfcn4D65Y3wgkAuQXp82gNhbSdn6cvQhucW9TwYqjVow8YYkR1yEkm51oJn2yX1LdM4gURzt,34,acquire
2026-10-05T15:33:52.773447Z,0x18cc58542c89fd1243a282389193035d5d78e71e57b2c4184cd9c04bf493fc99,3FHY6qZALHavE387YcUMyqFYdYCiR5PbLSxdQBpwR6JK,mSoLzYCxHdYgdzU16g5QSh3i5K3z3KZK7ytfqcJm7So,7GCihgDB8fe6KNjn2MYtkzZcRjQy3t9GHdC8uHYmW2hr,mSOL,POPCAT,sell,2370000,7318000562,2370000,7360105592,fulfilled,Executed,jupiter-solve,6,65NKbDcK23yWKhujf4utkXe6DdLSoUtgurbJw4iKYfhZ3gXa4X49rCbUL8w8HPc5ERdeXtBUzdeX1T9huBznr1eK,42,main
2026-10-05T15:33:54.819058Z,0x4937c4d790ea81c82a0d98b7b13dfe833e244311da2d38850bf7bf973925af91,HoWtt82mr4wqKqMDy4jFDRs1C9kt3kY6KtXH3i83fyn5,So11111111111111111111111111111111111111112,Es9vMFrzaCERmJfrF4H2FYD4KCoNkY11McCe8BenwNYB,wSOL,USDT,sell,3770000,447315,3770000,449227,fulfilled,Executed,8E74…2mpx,11,2Pqc1y4stz9aNHQhUCSX5mqZnxi4SHUqqvXQSJ5fstuBvkvf36T5tjozK54bHwf2CKEwbAFrSEeGuJCtLPPSkxrd,62,main
2026-10-05T15:33:54.942199Z,0x6a8988547bd7a75f684f2eeeb0cc2a0dd55852e87f4ba96734de04c46ac540ed,AQHstwk1uwAEnz8JE41HEbbD1EaPBjBwtid2qbo1Q3KD,EPjFWdd5AufqSSqeM2qN1xzybapC8G4wEGGkZwyTDt1v,4k3Dyjzvzp8eMZWUXbBCjEvwSkkk59S5iCNLY3QrkX6R,USDC,RAY,buy,453594,225000,450386,225000,fulfilled,Executed,jupiter-solve,10,47dv96eswEiRuMyd2hNcWgqtdrBy7DR3yFUBP2uDcjsi6DAnZmBui7wQWzEsL1aCL6gZTZh3m9SzxsZ6bxVc4woZ,57,main
2026-10-05T15:33:55.323106Z,0xe5dcd4602079ea74ee190212ebf30de1bd5bc30c5ca044cfdfc2abc3aa229fd9,CagkCmsroJWAiUWrigym7vR9wGYV5aKWanTGu3ZARKqD,Es9vMFrzaCERmJfrF4H2FYD4KCoNkY11McCe8BenwNYB,11111111111111111111111111111111,USDT,SOL (native),sell,908000,7565896,908000,7609462,fulfilled,Executed,jupiter-solve,20,3ueHoLF5XbcMJ5ozqoTLSurrY3uUKAabgZjnn5fJCQXj94Fm21RtQ8GCGs1AjMdmwQdwGeNFCUkTffKZZAiKVkRh,47,main
2026-10-05T15:33:55.829659Z,0x76ca53ccdb93a5728a24140b17c0e8abf6f7589b4d9686f0e486c2e3d6a67372,GikSpMABHu6MJERkF3N9GMmwPXfEBxABjChVkK1W9ji4,7GCihgDB8fe6KNjn2MYtkzZcRjQy3t9GHdC8uHYmW2hr,11111111111111111111111111111111,POPCAT,SOL (native),sell,7400000000,3329538,7400000000,3345362,fulfilled,Executed,jupiter-solve,10,UsdB761uaG6txcsJnhgin6GWCyDNvzbLFfi7aCywGmdjvXRM4zRKDBvJJMCS1jDwKS4EHUibmmhpX8geY3kKGkv,63,main
2026-10-05T15:33:56.202389Z,0x76ead69d9f2493e89b6fa27f30ef5b8dc45e596d40536c71f1ab69091ec147b8,GcY8jk3HeHLDmdPa8wRVnHkn8f77frWdZxRWr6rrdyus,So11111111111111111111111111111111111111112,DezXAZ8z7PnrnRJjz3wXBoRgixCa6xjnB7YaB1pPB263,wSOL,Bonk,buy,3923652,12000000000,3907447,12000000000,fulfilled,Executed,8E74…2mpx,9,471qBJzGNr8EFGnCw49Ro1PB76FZf1qjPV3CB5Pp6CSymC4dcHYY1jY3h6cygPBMaqL9gb9iftHBtd2Mcbo7hSrB,60,main
2026-10-05T15:33:57.099644Z,0xcb839857a5fcbc6a46fb676a52ca8a131cef6ba87bdabd6bbc865c24e2284e23,9XSrZ8RkSZ3WDoGkrgWHrmMhixsoWZTLnPxBtQNWNK9c,So11111111111111111111111111111111111111112,EPjFWdd5AufqSSqeM2qN1xzybapC8G4wEGGkZwyTDt1v,wSOL,USDC,buy,3815820,452409,3797386,452409,fulfilled,Executed,jupiter-solve,8,2y3EhuzV53k2GGo3kc6ybkEJnoFkBUJu7Et3rekb6Urmq7mP4SdQN8ukkWNw4nedpbsmAce5RkjgiqPDvU9vnRh8,58,acquire
2026-10-05T15:33:59.256122Z,0x533ad48661facd05ec17ee37eb043a7fa50054eda8703ad2886bed2c0a3c8287,7RqUGHCV2tngEBctNc8o58nPDy6AsYzsUHAW2JgA2XX9,So11111111111111111111111111111111111111112,DezXAZ8z7PnrnRJjz3wXBoRgixCa6xjnB7YaB1pPB263,wSOL,Bonk,buy,3923653,12000000000,3903543,12000000000,fulfilled,Executed,jupiter-solve,10,67EeaSNb4e5cEwvmU5TwjEMq2RyiY7uu92eYWv1Yzu83Za6Dm8RNG3pXszRAgJom8xg8WmzXUAJo728792BrYcy4,61,main
2026-10-05T15:34:05.052040Z,0x59883c361ee3ab6ee473f615eab179860d8669d1ae88790f7ba90725746004f5,BPmy52DKPodqoSUirZUBedULujAZr6s778i4hc153r1X,EPjFWdd5AufqSSqeM2qN1xzybapC8G4wEGGkZwyTDt1v,J1toso1uCk3RLmjorhTtrVwY9HJ7X8V9yYac6Y7kGCPn,USDC,JitoSOL,buy,431717,2760000,429688,2760000,fulfilled,Executed,jupiter-solve,12,g2B1xSJJ2sggtW61BXFjQB5DxaoFg9GUt7Nf2NXpKUqPHRJ1S1caSe29Lf4HJ99rHMXzxYPL4CdUX2ns6WGbVeF,34,main
2026-10-05T15:34:06.320811Z,0x6e893d96bf65c4e31d0af08f17d906bf780e54d056575c3cab83dd14efcbffbd,HTsxGEXBSe8rdUJjtW7e4v4YChNXTVmLQXuqBvvQtJuF,So11111111111111111111111111111111111111112,7GCihgDB8fe6KNjn2MYtkzZcRjQy3t9GHdC8uHYmW2hr,wSOL,POPCAT,buy,3714154,8150000000,3695055,8150000000,fulfilled,Executed,jupiter-solve,9,3WTVgxrJbCACrhk6irTCjiTUXDiDtH1FUZ81WJQn7N5QpZBjASg4nEHyxqCDwQYMWgy4kw7LYVveSV9xxzFFxVEm,65,main
2026-10-05T15:34:08.346389Z,0xaceddda674b40d3a29f245d46399653b6ee797d21d0191f083031f8d6a268a09,9XSrZ8RkSZ3WDoGkrgWHrmMhixsoWZTLnPxBtQNWNK9c,EPjFWdd5AufqSSqeM2qN1xzybapC8G4wEGGkZwyTDt1v,4k3Dyjzvzp8eMZWUXbBCjEvwSkkk59S5iCNLY3QrkX6R,USDC,RAY,buy,452808,225000,450516,225000,fulfilled,Executed,jupiter-solve,9,5W2j9CSKj5c318hC9Cf34YMLNGoFyxD7VXUjb48uZEptUo4aYs4zMbGHnEgRW4Nh7gmHKB1HC9N5ny4p5JLFJMRW,58,main
2026-10-05T15:34:10.237649Z,0x679741d3ddfd4e2d40e68ac12e08bcd4cc5eadb8775306b45b6c8a9ff57be2fa,BQAD73uj3XftKnCB5ZB7P67b7AvEdfLefYbLiipch5oC,4k3Dyjzvzp8eMZWUXbBCjEvwSkkk59S5iCNLY3QrkX6R,J1toso1uCk3RLmjorhTtrVwY9HJ7X8V9yYac6Y7kGCPn,RAY,JitoSOL,sell,191000,2442594,191000,2454878,fulfilled,Executed,8E74…2mpx,13,5gHoCxso2LpNTFcK9QtWLaUMrf9pafvU9dMR9nYsi6MFiefvmEQLqjhUP5C9jbZao5S5cRBHa8XPfuRdNiqPZqmh,66,main
2026-10-05T15:34:13.608508Z,0xf9499271f36d3c347c025f099a9a468d8e6b77eebda571c66cb6cbfef594e3c3,GcY8jk3HeHLDmdPa8wRVnHkn8f77frWdZxRWr6rrdyus,So11111111111111111111111111111111111111112,EKpQGSJtjMFqKZ9KQanSqYXRcF8fBopzLHYxdM65zcjm,wSOL,$WIF,buy,3747200,1750000,3728558,1750000,fulfilled,Executed,jupiter-solve,9,3aXWBUtSS8ZSqSB4aJrrevQvEM5baQwCwPjEK6i5qAa2oiLmkKWVySfywvAAgyKsEUmnPEWcUiqDfb1v7yoXWirA,67,main
2026-10-05T15:34:21.336396Z,0x63e62325b1c5255c4571f5e9ed898456fead5cea5f94afa6969ba9734b2fc2d8,CagkCmsroJWAiUWrigym7vR9wGYV5aKWanTGu3ZARKqD,So11111111111111111111111111111111111111112,Es9vMFrzaCERmJfrF4H2FYD4KCoNkY11McCe8BenwNYB,wSOL,USDT,sell,3600000,427115,3600000,429893,fulfilled,Executed,8E74…2mpx,8,4iDwjDEdmZ3Lz8yPbumzNEr5DWv88pf3VVZ5Ux3GTtkZTFsotPNWSiDQbayrUyKBrQo4yKTqwJLEyBwFUxKv6Cg8,68,main
2026-10-05T15:34:22.349864Z,0x7512e8d8fbc35357875fcbc0ea74cfff3f968c84298298f5b15ec0c5446f5ab5,EGXsUdM4HLc983jD276LHz87k5zBZSJrJc137qcokK8D,So11111111111111111111111111111111111111112,DezXAZ8z7PnrnRJjz3wXBoRgixCa6xjnB7YaB1pPB263,wSOL,Bonk,buy,3923082,12000000000,3903082,12000000000,fulfilled,Executed,jupiter-solve,14,4hqeq8P2k996AcHTViwhuX34zzmD5oXZFe8o3sKpkeW4ZRVnPazeidnj9Rmqo13m4o2Am5jmarNpQ4sxkGUYxra2,70,main
2026-10-05T15:34:23.559998Z,0x182d82be83387d838b65e2f4ae453b6e8217948eefcda99fb5d5fd1a66b04bf5,FjcXArDzUrBTJ1Lv6Yc8n9atjkNYaxKosVjn6VSxZTrK,7GCihgDB8fe6KNjn2MYtkzZcRjQy3t9GHdC8uHYmW2hr,11111111111111111111111111111111,POPCAT,SOL (native),sell,7740000000,3481728,7740000000,3498567,fulfilled,Executed,jupiter-solve,21,3ycAXo2sdoZi1MfsnEvX2r3SJ8GkFGGVm1xYUYXCDoH5TkCR2wqAYyMdxRMyyUmk99dFHy4pWsqBEEABaBEFvzMv,71,main
2026-10-05T15:34:24.586923Z,0xe0ae376ee0fded8ed08c632dea38f7e3fccf00617c5cd76ad86aaefff7ba7114,CcQdkRAXeX7seuZLmiapfpM6CVBndVrsvMe38E4Uypyg,So11111111111111111111111111111111111111112,EPjFWdd5AufqSSqeM2qN1xzybapC8G4wEGGkZwyTDt1v,wSOL,USDC,sell,4920000,583398,4920000,586215,fulfilled,Executed,jupiter-solve,20,294ntsqLCt4TJJtEix91qdFEVu4L1QKrpk6hBNaFHEHiXRrNkcbdh7Lu2AUKZb1THfWr77J7CxdkxxcjhaKLL6jf,19,main
2026-10-05T15:34:25.743832Z,0x161705dcead676f37b105cf664dd96990cdbff37555cd014871f15671c9f5f8a,BPmy52DKPodqoSUirZUBedULujAZr6s778i4hc153r1X,J1toso1uCk3RLmjorhTtrVwY9HJ7X8V9yYac6Y7kGCPn,jtojtomepa8beP8AuQc6eXt5FriJwfFMwQx2v2f9mCL,JitoSOL,JTO,sell,2670000,723926004,2670000,729257670,fulfilled,Executed,8E74…2mpx,11,3W6XADVbCw5D8uioTFkkjtDnHokbUKJC6piHZtnTuUKUKXnHTpmFwMzaYwTStLM86LHybapi8is5UzstrUvnhdxD,43,main
2026-10-05T15:34:27.979714Z,0xb001f0ba95b2a930586b8a00f3790e22755242e2ee5497fa63c6e7043e7b69ca,CaMSDEBp5zy2QxSYqDxqbk28qxFwzLXiNdFJiv9TKqhU,So11111111111111111111111111111111111111112,Es9vMFrzaCERmJfrF4H2FYD4KCoNkY11McCe8BenwNYB,wSOL,USDT,sell,4470000,529947,4470000,533541,fulfilled,Executed,8E74…2mpx,9,26rwEReT1uUZmjyepgPFU8VuRj8s1w17phuAQEiR9TDupRfA2MPokmLuQCZrjoP88XbHGNpLhQPXGDrHcbZy6bkz,73,main
2026-10-05T15:34:29.451309Z,0x1646b6b42c4ca029fe812a3c8c5460228da80a883642fde8e9d0940b8e21aaca,BsXAAY6SvTyWYjwKCa5SUs1kDBK6n7ia7qvRPVj5dFgz,So11111111111111111111111111111111111111112,6p6xgHyF7AeE6TZkSmFsko444wqoP15icUSqi2jfGiPN,wSOL,TRUMP,buy,3524819,206000,3507167,206000,fulfilled,Executed,jupiter-solve,11,5bUTTfyUeeBm6xc49fTmV6j5J3u8TEfgYpoNyd62XYHaGDpij3MzzDP9pQqPUNdkQP3sKzwH1t9LBgEPdKRX14US,72,main
2026-10-05T15:34:30.075718Z,0x5da6ec3f73874953c889e98976b4159cb5d571a19245d400d5acc947bd87cf31,AM6Qwi3vwMCGpRbJ55zDatByeAtsbcfXvXBh77be8C9T,So11111111111111111111111111111111111111112,EPjFWdd5AufqSSqeM2qN1xzybapC8G4wEGGkZwyTDt1v,wSOL,USDC,sell,3600000,426811,3600000,429537,fulfilled,Executed,8E74…2mpx,10,4p1oorgHdPzYgG3kmSzShuZshsMDMJHfz4BbUvYVdBV98K9CL7aRUbBRvUDPQ98NGzCsgzTk3f97uj7YFwyEd1K1,74,main
2026-10-05T15:34:30.097832Z,0x18ac091f898d3ee80de0da07b885d73e2084dacad3d91f3473a86b5ab3e4c5d1,9XSrZ8RkSZ3WDoGkrgWHrmMhixsoWZTLnPxBtQNWNK9c,So11111111111111111111111111111111111111112,EPjFWdd5AufqSSqeM2qN1xzybapC8G4wEGGkZwyTDt1v,wSOL,USDC,buy,3608559,427766,0,0,expired,Winner too late: creation blockhash expired,,,,64,acquire
2026-10-05T15:34:33.543310Z,0x000aa806b0822abbcb98fc25f37bda170d61631d6e7622d2dc16c6680bcd9786,BQAD73uj3XftKnCB5ZB7P67b7AvEdfLefYbLiipch5oC,So11111111111111111111111111111111111111112,EPjFWdd5AufqSSqeM2qN1xzybapC8G4wEGGkZwyTDt1v,wSOL,USDC,buy,3615491,428577,0,0,expired,Winner too late: creation blockhash expired,,,,75,acquire
2026-10-05T15:34:35.632336Z,0xe5050dee9d08cc938020ce77ee20d34f228404ce8ba7280bc62c331017e0d55c,HoWtt82mr4wqKqMDy4jFDRs1C9kt3kY6KtXH3i83fyn5,So11111111111111111111111111111111111111112,Es9vMFrzaCERmJfrF4H2FYD4KCoNkY11McCe8BenwNYB,wSOL,USDT,sell,4740000,561931,4740000,564847,fulfilled,Executed,jupiter-solve,10,4MpzWbBvVi7k4d1egiJJt7QZXVRsvDKvtmFFXRYZnREzaeTeyZaKWL3usHMU6cp3w7uEA86mbs9HFpU16FRQLW7w,76,main
2026-10-05T15:34:41.120887Z,0x06e48f49e9e7024353b3ab4b267c3ca6da9f299adf085f466551921123692b13,EDimKwHuMtcwxxbAfQPT3EaH9CPpyTLARxLRRwiZV26v,So11111111111111111111111111111111111111112,EPjFWdd5AufqSSqeM2qN1xzybapC8G4wEGGkZwyTDt1v,wSOL,USDC,sell,4450000,527584,4450000,530085,fulfilled,Executed,8E74…2mpx,21,5E1D5qFMnDdmBB8H2sm9nYWBpR94WjMZqQZRUAVezRDXQ7eZsK7dcvgyKoouECURc5zSx5m5yT2rnPq7V6iVQXeu,79,main
2026-10-05T15:34:44.762519Z,0x8f116b4027d92f693a041552bde33bc23c438a83b65754aafe9caa1620a012aa,4p3tgZxpw2gKnJnVwQ4Ah3av47HywcXfFaXTFGNU2aTT,7GCihgDB8fe6KNjn2MYtkzZcRjQy3t9GHdC8uHYmW2hr,11111111111111111111111111111111,POPCAT,SOL (native),sell,7260000000,3265069,7260000000,3281443,fulfilled,Executed,jupiter-solve,6,idDGgAkNwsi3f93mDGmiAgDKcbq1zZT3BKqytFpv7fv7sQBCzRPMX8Efphtb5usyz6vdeTCMn8GWy7JdPPQuEiP,80,main
2026-10-05T15:34:46.685849Z,0xb799262a363c5221d7d920623ffef056444923b910c23177924f168ffb8529b2,AQHstwk1uwAEnz8JE41HEbbD1EaPBjBwtid2qbo1Q3KD,So11111111111111111111111111111111111111112,EPjFWdd5AufqSSqeM2qN1xzybapC8G4wEGGkZwyTDt1v,wSOL,USDC,buy,3793847,449675,3775223,449675,fulfilled,Executed,jupiter-solve,11,5X4Nmb7B1ZwxbGTZBG3Dcmd6PywvSbcBsbDMEieVtTb2nwsKqwVm4vrFn7nqT3YWX6PBwoEnvg5zVyQGpwT1rJff,81,acquire
2026-10-05T15:34:49.120557Z,0x1d8d04436f7448c04b0a19f254df88966505b66b3fa2d8cd63cd5904e71da82a,CaMSDEBp5zy2QxSYqDxqbk28qxFwzLXiNdFJiv9TKqhU,Es9vMFrzaCERmJfrF4H2FYD4KCoNkY11McCe8BenwNYB,11111111111111111111111111111111,USDT,SOL (native),sell,700000,5835772,700000,5865898,fulfilled,Executed,8E74…2mpx,8,STdC2bS9k8b9WZ6HcmuHFWmcDi3vwxgFbtgXT9njfvKeiF4vRZuBe7WeqNUKyr4Eef7bYbMMWA5VkJ3zMpF2aBr,83,main
2026-10-05T15:34:51.800339Z,0x1f84eaacaf0bae6dc0ebd360dcca4f060b9d0fcbd0d379cc3849763730b797ba,BsXAAY6SvTyWYjwKCa5SUs1kDBK6n7ia7qvRPVj5dFgz,So11111111111111111111111111111111111111112,J1toso1uCk3RLmjorhTtrVwY9HJ7X8V9yYac6Y7kGCPn,wSOL,JitoSOL,buy,3620389,2760000,3602378,2760000,fulfilled,Executed,jupiter-solve,10,4UMeckLCpEiy6wTHW6G1Gwfchk8ZPgZc9GtG44hzAEfMap8dBSNLt6PxJxV3nKoxMr3nYDRLvtAfTdx5e1Fv2ZyX,82,main
2026-10-05T15:34:52.618818Z,0xa9b2ac9e663e34aff9a9041951a28e75e6dc69fd3d8b7f5d9797b2705b222ad4,DoD7Kb5bE6Jr7Eq2JTdYwfLn7718RzpYxKyQen2rxiBQ,Es9vMFrzaCERmJfrF4H2FYD4KCoNkY11McCe8BenwNYB,11111111111111111111111111111111,USDT,SOL (native),sell,399000,3326434,399000,3357350,fulfilled,Executed,8E74…2mpx,10,4oQNskMT2vxWxnkQqysFAiuCSgTydghjsiD9euqajroxAvexhQk2X8a7gMhghRv4uwmvyCpiGY2FFw64iyu6okLq,84,main
2026-10-05T15:34:53.701753Z,0x800897ee4993ca5e0d19f177fa2d87e3966aefad87249da3a8edf1d24192f286,CcQdkRAXeX7seuZLmiapfpM6CVBndVrsvMe38E4Uypyg,EPjFWdd5AufqSSqeM2qN1xzybapC8G4wEGGkZwyTDt1v,11111111111111111111111111111111,USDC,SOL (native),sell,478000,3985590,478000,4005224,fulfilled,Executed,jupiter-solve,9,R6hYnJvXSvMGX3PrxjmKoJgpNgjW8Z4iifjxJm1x4B3urgXu8ADKNxmQtp3cW8PQqxmS9wQuL1vR6k3p6T1USrj,85,main
2026-10-05T15:34:54.388398Z,0xf5eeb6639ad1f64f21a7a38684af35a55299d9ce5e579abea4df71bc3e823450,BPmy52DKPodqoSUirZUBedULujAZr6s778i4hc153r1X,So11111111111111111111111111111111111111112,EPjFWdd5AufqSSqeM2qN1xzybapC8G4wEGGkZwyTDt1v,wSOL,USDC,buy,4040895,478921,4020213,478921,fulfilled,Executed,jupiter-solve,15,5sPgX4PMw96Z9ppWk8KfYwr4KhmyHwQRV78cC8hdEJXpaNYffzHoi4TJE7RTgaAKtukgccThb7Eeao4RC7DHsXaE,69,acquire
2026-10-05T15:35:05.412547Z,0x39ab1ff14267613d12e9246524a930bc616ae6a9da513ab2af54749c55b186da,4p3tgZxpw2gKnJnVwQ4Ah3av47HywcXfFaXTFGNU2aTT,So11111111111111111111111111111111111111112,6p6xgHyF7AeE6TZkSmFsko444wqoP15icUSqi2jfGiPN,wSOL,TRUMP,buy,3521954,206000,3505793,206000,fulfilled,Executed,jupiter-solve,11,2LvzcpPDp6LZ53KQ1QmRmfp4KpxBZUQUa7u5yT153vANKqe6wjuazydxQd3BQkZc9xL1gwAuSytXYEHXgLVDEnvo,86,main
2026-10-05T15:35:08.886516Z,0x3547902e594f18d81a2e4e4b7f9ddad4e27fb50009e7415c9ef17fdfcb44364e,AQHstwk1uwAEnz8JE41HEbbD1EaPBjBwtid2qbo1Q3KD,EPjFWdd5AufqSSqeM2qN1xzybapC8G4wEGGkZwyTDt1v,4k3Dyjzvzp8eMZWUXbBCjEvwSkkk59S5iCNLY3QrkX6R,USDC,RAY,buy,452610,225000,450447,225000,fulfilled,Executed,jupiter-solve,7,5H4nTnN6XjUk5Z2AKCD2b7XyezGa3W5VCFcZcJWAUACkMGEWSvfaStSe2tYFtyHyVuqXXhWt1wyyhSrwiN8JjysS,81,main
2026-10-05T15:35:09.728306Z,0x314dbd8abb1ad6cac73d331f4ac991d3d0050f95bc9594910f62c689af8bdce2,BsXAAY6SvTyWYjwKCa5SUs1kDBK6n7ia7qvRPVj5dFgz,So11111111111111111111111111111111111111112,7GCihgDB8fe6KNjn2MYtkzZcRjQy3t9GHdC8uHYmW2hr,wSOL,POPCAT,buy,3712786,8150000000,3694315,8150000000,fulfilled,Executed,jupiter-solve,11,3z25FdpYnRW6iR1mn1tq6G3D9YRgo3XzVNTGzjAXHrpHc3epYPUBaZhM3BNzCg7P1vfzLXu2JdpawATaDkymkrkh,89,main
2026-10-05T15:35:11.437709Z,0x315010d28493a0984b0f658c42f483ceabf5fa68ffc957ca0aa72fc3bf2659b0,EGXsUdM4HLc983jD276LHz87k5zBZSJrJc137qcokK8D,DezXAZ8z7PnrnRJjz3wXBoRgixCa6xjnB7YaB1pPB263,11111111111111111111111111111111,Bonk,SOL (native),sell,17200000000,5555773,0,0,expired,Expired without a fill,,,,90,main
2026-10-05T15:35:12.588001Z,0x978e6f150baa6cbca00eb85401962634bc53ce71c0f615f92a77ee1c96378d81,DoD7Kb5bE6Jr7Eq2JTdYwfLn7718RzpYxKyQen2rxiBQ,So11111111111111111111111111111111111111112,Es9vMFrzaCERmJfrF4H2FYD4KCoNkY11McCe8BenwNYB,wSOL,USDT,sell,3960000,469432,3960000,471869,fulfilled,Executed,8E74…2mpx,8,5jDXK6oUozr9aSRxiozNGzb6qCHa7etMLrzi8nftMLA1Hb2GqfrgZSB4uWbfGnMSLbV7BiV7aBovijcpXU2tiNAD,91,main
2026-10-05T15:35:14.344181Z,0x0920843c28ba9de072e5807051cb324176e57db4f683ba900d90f8f91e2f87e4,BPmy52DKPodqoSUirZUBedULujAZr6s778i4hc153r1X,EPjFWdd5AufqSSqeM2qN1xzybapC8G4wEGGkZwyTDt1v,jtojtomepa8beP8AuQc6eXt5FriJwfFMwQx2v2f9mCL,USDC,JTO,buy,480051,835000000,478235,835000000,fulfilled,Executed,8E74…2mpx,8,51jVz3nhgWCxFzXuRj9mhYEq2FV9t1SHcwhpzyCWamtgkBYfYWzTy81GajQfktcLYfsjhQVgUn7K6ma6ExgXpr2Q,69,main
2026-10-05T15:35:14.383971Z,0x0b8333f3d9223f0e505a40cb98db241fb2f5b5c1a6e4dc89bf9d0948e47ce795,7RqUGHCV2tngEBctNc8o58nPDy6AsYzsUHAW2JgA2XX9,EKpQGSJtjMFqKZ9KQanSqYXRcF8fBopzLHYxdM65zcjm,11111111111111111111111111111111,$WIF,SOL (native),sell,1710000,3624390,1710000,3644189,fulfilled,Executed,jupiter-solve,66,3HRFR8xuFvSPufrrNiraMqm5pagvcYgvbyutbQYTp3hP4HvAKtz5um5p3GcbwfW6VhvZTrk3csHBKHnc51iDeiKF,92,main
2026-10-05T15:35:16.340495Z,0x4ae2fb320da54822b60e021da65b26aada255930aabd398481c76a93c608df80,9XSrZ8RkSZ3WDoGkrgWHrmMhixsoWZTLnPxBtQNWNK9c,So11111111111111111111111111111111111111112,EPjFWdd5AufqSSqeM2qN1xzybapC8G4wEGGkZwyTDt1v,wSOL,USDC,buy,3609370,427766,3588551,427766,fulfilled,Executed,jupiter-solve,20,2Cpa2oaAMBQJq3zWhA5ahvuDvEDXK8RtCAmdKxJeL1YEDPiomCorfP1GPPbhUjcLcFZabfwrrFPUikgs7Dk2ktFE,64,acquire
2026-10-05T15:35:17.455148Z,0x6e46cf4afc1f9fdf7b2a99f617a5e450e43b0d7370c6504b7c8866a68f1c7dd8,BQAD73uj3XftKnCB5ZB7P67b7AvEdfLefYbLiipch5oC,So11111111111111111111111111111111111111112,EPjFWdd5AufqSSqeM2qN1xzybapC8G4wEGGkZwyTDt1v,wSOL,USDC,buy,3616212,428577,3595348,428577,fulfilled,Executed,jupiter-solve,10,4sibwkwdLj8QEmsW49iaZUcKwMdfGiNwkPwtbSgshxZykrScSb4gDSgta4KT7cKCpPrUYJowig2Zzwp6Ko12RMuV,75,acquire
2026-10-05T15:35:18.641126Z,0xfb344aa6777596826372d3ea2dc61ced6492970957d23934169d67a58d9e29c2,CDY1rvEes25vx7DZwxp5BRSgAewDQMgwBExfAMEymdMC,So11111111111111111111111111111111111111112,EPjFWdd5AufqSSqeM2qN1xzybapC8G4wEGGkZwyTDt1v,wSOL,USDC,sell,3600000,426744,3600000,429263,fulfilled,Executed,8E74…2mpx,29,5WgeH3HgR9RLZfid7QgXyM8gUwqpH2HS1L9HfnnjEdzPPM4sYiFGxYhrFkx4P6vr1gRkYdB5faSL2iYZmBwrf28N,93,main
2026-10-05T15:35:20.898851Z,0x538aa5b2034b27ef9506b52fd0ec9dce22b5f1de472de19f5e930d8c64412130,HoWtt82mr4wqKqMDy4jFDRs1C9kt3kY6KtXH3i83fyn5,EPjFWdd5AufqSSqeM2qN1xzybapC8G4wEGGkZwyTDt1v,11111111111111111111111111111111,USDC,SOL (native),sell,1250000,10418779,1250000,10466538,fulfilled,Executed,8E74…2mpx,6,4HATWGzPQ8kKcDu6BjLuqoXdDx9j3giq17S2hf4uBfY1TqiHNhdaxaBBLH9umYKQD2ADmhtAhRDmbees5JgLgnHo,94,main
2026-10-05T15:35:24.065799Z,0xd3af23a27dfb6783e37ab3f8695cc128858702f9c78d7a18dc038415a415ba58,CcQdkRAXeX7seuZLmiapfpM6CVBndVrsvMe38E4Uypyg,So11111111111111111111111111111111111111112,EPjFWdd5AufqSSqeM2qN1xzybapC8G4wEGGkZwyTDt1v,wSOL,USDC,sell,3600000,427031,3600000,429516,fulfilled,Executed,8E74…2mpx,33,4LjjmV9fFDuX2BKbsZz52et7h6fRg2M9Bncd6fLHaiP6e8fDBRMmXDGkgFTxafH1sf8KfSiSitX8CVDZ6JdC3bu,97,main
2026-10-05T15:35:26.518006Z,0x18086062f6b23921dc353832db47cc8391c3b1978eba5e65e9d0f09f32bafd0b,AQHstwk1uwAEnz8JE41HEbbD1EaPBjBwtid2qbo1Q3KD,So11111111111111111111111111111111111111112,EPjFWdd5AufqSSqeM2qN1xzybapC8G4wEGGkZwyTDt1v,wSOL,USDC,buy,3616460,428949,3596090,428949,fulfilled,Executed,jupiter-solve,40,4esnJrbqkVYtq7fhh4qcCCFS1bqPqyGGLvbJ6L5k7Z1Gb8GwrnEUcXAeoepEUHeReGG3a6AReXPvJznCNaW5RrQA,88,acquire
2026-10-05T15:35:27.468541Z,0xf2fce37755b7372939efc90adedf760d5c89583836ee738e787e762b79849a92,3FHY6qZALHavE387YcUMyqFYdYCiR5PbLSxdQBpwR6JK,So11111111111111111111111111111111111111112,EPjFWdd5AufqSSqeM2qN1xzybapC8G4wEGGkZwyTDt1v,wSOL,USDC,buy,4010587,475705,3988694,475705,fulfilled,Executed,jupiter-solve,24,ZGo8cLjWSxmXJfgpPDoUxN5KQS4P7BkgdaRikFx2HWEKYZkxJfyfTzqeFUmcRUirTaoF9DgxFEF4RAwjkboaApL,95,acquire
2026-10-05T15:35:28.562303Z,0xec8fd78ef6983ff0bd0f4a5084002928760bba185d4bdb6667e32de0fc45a17c,BPmy52DKPodqoSUirZUBedULujAZr6s778i4hc153r1X,jtojtomepa8beP8AuQc6eXt5FriJwfFMwQx2v2f9mCL,EPjFWdd5AufqSSqeM2qN1xzybapC8G4wEGGkZwyTDt1v,JTO,USDC,sell,1340000000,758619,1340000000,762946,fulfilled,Executed,8E74…2mpx,19,61T8geg6Pr888Dkm8eXoTZKd68v8CopwJsitB48YxWhtgeW4zN4UsMd12jBnzDYXnXYASg1PCqcb25pwFhckLNj1,77,main
2026-10-05T15:35:29.867297Z,0xcb5ce31744318640c85473f4be598157119347940ef72bae64678ce7ba0d12ad,91V7pVaQyARieyPXcNpxQZdqk5KoH7P1vgg2YHNBfSti,J1toso1uCk3RLmjorhTtrVwY9HJ7X8V9yYac6Y7kGCPn,EPjFWdd5AufqSSqeM2qN1xzybapC8G4wEGGkZwyTDt1v,JitoSOL,USDC,sell,2670000,412963,2670000,415069,fulfilled,Executed,8E74…2mpx,18,2rDMZzcw2SqT9G564Xr1WDTqHNSsznjG5W3pVakqgicLusWz2tnX27D5CS66DpwfFiFSjbHZqqbR4CpsTTh99imG,100,main
2026-10-05T15:35:30.028063Z,0xb5ee346df8bb564bb3b3c8b9631e917f07a469198709c5483b1b6090b1c21505,GikSpMABHu6MJERkF3N9GMmwPXfEBxABjChVkK1W9ji4,So11111111111111111111111111111111111111112,DezXAZ8z7PnrnRJjz3wXBoRgixCa6xjnB7YaB1pPB263,wSOL,Bonk,buy,3886974,12000000000,3868071,12000000000,fulfilled,Executed,jupiter-solve,10,X618u4gft5xxZwSEvgEHSwG8RcxJ7hfoSdZ7zQWgyuarjzvmuHcPToRFG6E5ezsdM1wCBQMadjTGQTToJfxAjUk,99,main
2026-10-05T15:35:30.650212Z,0xbfdd07c35d4009374ea9d5dfd449fcda644ed7fcf37a64044994f84ef265defc,AM6Qwi3vwMCGpRbJ55zDatByeAtsbcfXvXBh77be8C9T,EPjFWdd5AufqSSqeM2qN1xzybapC8G4wEGGkZwyTDt1v,11111111111111111111111111111111,USDC,SOL (native),sell,744000,6197763,744000,6231757,fulfilled,Executed,jupiter-solve,9,3VMdyS9H5UAvMxfWGRifwVSjgMiEi9kX9kLmQTsBJ5xfR2V6i3o9FJ1gG3vzpNFJAAfzni2G5quw5JGdaN9AzKi1,101,main
2026-10-05T15:35:30.769258Z,0x9e3d989b048ec8850c9569450dfd8fd3b046fb3b4c6a110aee54db0bf416ea2c,CagkCmsroJWAiUWrigym7vR9wGYV5aKWanTGu3ZARKqD,So11111111111111111111111111111111111111112,EPjFWdd5AufqSSqeM2qN1xzybapC8G4wEGGkZwyTDt1v,wSOL,USDC,sell,3600000,427005,3600000,429170,fulfilled,Executed,jupiter-solve,11,57qTo6qdWZ6aphV9x2KYBYPoYRZ7szcbD5N6ZcZsSkENfDLLVpefRx8pfcAvi89vFmSxY5ncjMwZv19QiExu3CNC,102,main
2026-10-05T15:35:32.705506Z,0xc25afeb20a3baba75dc11419817fd8e04d8f54039723e3fd7e7fe9d4065f9e86,CaMSDEBp5zy2QxSYqDxqbk28qxFwzLXiNdFJiv9TKqhU,So11111111111111111111111111111111111111112,Es9vMFrzaCERmJfrF4H2FYD4KCoNkY11McCe8BenwNYB,wSOL,USDT,sell,3600000,427049,3600000,428295,fulfilled,Executed,6P1c…bsGJ,9,4V8PyTtHAA68pZcQbhcVALYXtwSjdxyWou7Us3Z3yHVkdcGe2qdFUB3aLjG2b1WN2ZcuhGbcFBuNWZs6tbZ2ys1q,103,main
2026-10-05T15:35:33.922357Z,0xb506e07316978d2f49750fcf40da6272212739d6f0c5d670151838c411968035,BQAD73uj3XftKnCB5ZB7P67b7AvEdfLefYbLiipch5oC,EPjFWdd5AufqSSqeM2qN1xzybapC8G4wEGGkZwyTDt1v,mSoLzYCxHdYgdzU16g5QSh3i5K3z3KZK7ytfqcJm7So,USDC,mSOL,buy,432590,2560000,430358,2560000,fulfilled,Executed,jupiter-solve,14,4rDyzbM1nhxXt1ptK33Pq9YWZmGwGcZn8MjeyWDpWvuFTdkLV66KkpJqdEqJWMSmW9rESsEzFXtr22ULHZDPvUA9,75,main
2026-10-05T15:35:34.143289Z,0x61d85c6526d38c19a30d44c8471d38e0816cd335172d840bf9902b56454ecafd,BsXAAY6SvTyWYjwKCa5SUs1kDBK6n7ia7qvRPVj5dFgz,So11111111111111111111111111111111111111112,mSoLzYCxHdYgdzU16g5QSh3i5K3z3KZK7ytfqcJm7So,wSOL,mSOL,buy,3625178,2560000,3607143,2560000,fulfilled,Executed,jupiter-solve,14,3WiCMM4FXoPjbazGoAveZXJKbLjiWPffFvTEriYmt4WWV94pWanMbJkg4aBo21HGgGn7HYeYdTq4UwZi3mzfB6yL,98,main
2026-10-05T15:35:40.864832Z,0x57b27ae13e5c101e32784a41135b366f8c4b5dcad092f23fa8b2885820b4be0d,9XSrZ8RkSZ3WDoGkrgWHrmMhixsoWZTLnPxBtQNWNK9c,EPjFWdd5AufqSSqeM2qN1xzybapC8G4wEGGkZwyTDt1v,J1toso1uCk3RLmjorhTtrVwY9HJ7X8V9yYac6Y7kGCPn,USDC,JitoSOL,buy,431926,2760000,430163,2760000,fulfilled,Executed,jupiter-solve,16,4Z3zmdiZPvQVw3K7y3vXmmgfsJ8PAX8b3MeignoJSs5iAXrmaAurckDQtGN8w28287EcwzWSJ4h3QSno1LjTusYv,64,main
2026-10-05T15:35:46.251674Z,0x775e9bb03c8092b7a2ffdb6b86239b2516f9de65310d0ea5c81b5292d750e01e,HTsxGEXBSe8rdUJjtW7e4v4YChNXTVmLQXuqBvvQtJuF,So11111111111111111111111111111111111111112,DezXAZ8z7PnrnRJjz3wXBoRgixCa6xjnB7YaB1pPB263,wSOL,Bonk,buy,3886115,12000000000,3873289,12000000000,fulfilled,Executed,8E74…2mpx,12,K5DiNkGHy1NNLYZCzcqqG4zyPeeXrwPE3nEXAgznBWBxXwkMBPJbM554NMgrMcTEehEyrRiKSMX2oh7X6WtA81M,109,main
2026-10-05T15:35:48.621219Z,0xa94ebbcc87e828f6ccfcf97af86437e56a04d84dc9eaca9faf9fd8c168a94964,CagkCmsroJWAiUWrigym7vR9wGYV5aKWanTGu3ZARKqD,Es9vMFrzaCERmJfrF4H2FYD4KCoNkY11McCe8BenwNYB,11111111111111111111111111111111,USDT,SOL (native),sell,540000,4496074,540000,4518109,fulfilled,Executed,8E74…2mpx,14,5r8Tmar2QRVAo7SG7SLcNtAkazZWv6uohrXDFw14NisZgLjjsGY23tyDaMYcUu9ZhMoSGivEQ1uVF69nB68bV8JG,110,main
2026-10-05T15:35:50.766821Z,0x76c7a337bdf1540a54327105907d4e2387f6cdfa29ab8c5e2f7f77adfbbed982,EDimKwHuMtcwxxbAfQPT3EaH9CPpyTLARxLRRwiZV26v,So11111111111111111111111111111111111111112,EPjFWdd5AufqSSqeM2qN1xzybapC8G4wEGGkZwyTDt1v,wSOL,USDC,sell,3600000,427441,3600000,430897,fulfilled,Executed,8E74…2mpx,24,3WFoW64WgnMnfHMpGRRWodgeu46yykvyt3BEwgrg8kB8fvL8C79EAbtoMxg7BLuPyGdp16gBks4vh1wbUox2ox8Q,111,main
2026-10-05T15:35:54.953391Z,0xfc7c18c232b26c9b0dec052ba14fe75d86b1758c2a1ba314a859f1d5de56c832,CDY1rvEes25vx7DZwxp5BRSgAewDQMgwBExfAMEymdMC,So11111111111111111111111111111111111111112,EPjFWdd5AufqSSqeM2qN1xzybapC8G4wEGGkZwyTDt1v,wSOL,USDC,sell,3600000,427356,3600000,429635,fulfilled,Executed,8E74…2mpx,14,XaDNAnre7b5W2CPAeqF2PQjkD67qAYoWwU9ddR4Bvy18Vo1SwLzrgQRGgNDD7AdsUE2HC4yTKSogTUDDumtx8k8,104,main
2026-10-05T15:35:55.969952Z,0xbacf2cca010872054c214e7f2ffc5b35e00eeca19b98715887ae5b68723bd671,BPmy52DKPodqoSUirZUBedULujAZr6s778i4hc153r1X,EPjFWdd5AufqSSqeM2qN1xzybapC8G4wEGGkZwyTDt1v,J1toso1uCk3RLmjorhTtrVwY9HJ7X8V9yYac6Y7kGCPn,USDC,JitoSOL,sell,660000,4214604,660000,4234594,fulfilled,Executed,8E74…2mpx,9,4DocjwXgPQMdSfJzppFTMC3q4GjdisYu54CsvikVToame1y6JGAqNAVGXdvwUfUB7PoWZMTnmFrMAx4h49uLdCjc,87,main
2026-10-05T15:35:57.165909Z,0xcfc55bd265bbe455bdb9e66205666bfb43ae53299e36867eeaf9a8b2ceab0a47,BsXAAY6SvTyWYjwKCa5SUs1kDBK6n7ia7qvRPVj5dFgz,So11111111111111111111111111111111111111112,6p6xgHyF7AeE6TZkSmFsko444wqoP15icUSqi2jfGiPN,wSOL,TRUMP,buy,3525310,206000,3509419,206000,fulfilled,Executed,jupiter-solve,12,4t4XpGyhg9WgczuZ4dAzACQrmy8Z8ZZhcrDEUMQSGcEcMP72yRY5hCDdXMdGisnpDmQErANCSk9WePSBXK7MY69q,108,main
2026-10-05T15:35:58.369329Z,0x8c6898ce9fe55c525eca7160845c951a770c5cb01f3b7e62a84d8b90b04d8020,3FHY6qZALHavE387YcUMyqFYdYCiR5PbLSxdQBpwR6JK,EPjFWdd5AufqSSqeM2qN1xzybapC8G4wEGGkZwyTDt1v,4k3Dyjzvzp8eMZWUXbBCjEvwSkkk59S5iCNLY3QrkX6R,USDC,RAY,buy,477593,237000,475437,237000,fulfilled,Executed,jupiter-solve,11,39wWdnxjEnTrtH9KV1Rg1nk4eRTAdD4Y9K65VKq85g3i3Tqwen5hjZM2YXE44ihYJ9kzk3tUFcxtFiY12LCmvEzi,95,main
2026-10-05T15:36:03.747096Z,0xd87aaccc8a1252488a0d5e51962aa92a91aa229a4a2c1068f445e3343ead6aad,94bjVVSp8jgvP4ivAW3wFomkRpeE3xBouyCWErsR1ANz,DezXAZ8z7PnrnRJjz3wXBoRgixCa6xjnB7YaB1pPB263,EPjFWdd5AufqSSqeM2qN1xzybapC8G4wEGGkZwyTDt1v,Bonk,USDC,sell,10300000000,393483,10300000000,395657,fulfilled,Executed,8E74…2mpx,11,2LuVAL2aFg3BUY35duVHGSz2kXQ6sTkAfVe8gCTpk6Hw4nLP2qosPYAcRBDWTk9KgAg2JddQmghKM1gzuswfz9Qq,114,main
2026-10-05T15:36:04.809813Z,0x3495b9738d32bbcf6e0177823213e0dcad65fdafd3e03a69ab2032489f5e9b5f,GcY8jk3HeHLDmdPa8wRVnHkn8f77frWdZxRWr6rrdyus,So11111111111111111111111111111111111111112,EKpQGSJtjMFqKZ9KQanSqYXRcF8fBopzLHYxdM65zcjm,wSOL,$WIF,buy,3758252,1750000,3739909,1750000,fulfilled,Executed,jupiter-solve,15,328H3ENdyYvdPjrF39BmP2f1MK8U273hPtyUfrVShVmq5FTdWbT7bY16BM6LousGxshyumfeutjSxXkAvdMB5Ekw,112,main
2026-10-05T15:36:05.851915Z,0xdf650b8ba678638232b9883d1023cb5fcd16547d0cc1df44b1114c8addbe6d4b,9XSrZ8RkSZ3WDoGkrgWHrmMhixsoWZTLnPxBtQNWNK9c,So11111111111111111111111111111111111111112,EPjFWdd5AufqSSqeM2qN1xzybapC8G4wEGGkZwyTDt1v,wSOL,USDC,buy,3922484,465696,3902504,465696,fulfilled,Executed,jupiter-solve,14,5HnvweNjXPFrsmihvxw8bm4ceScwevkWnJ1JdAnEhVUbfQGLo2vZbwUyEE8mN1kdWmLnFCTQsKEjUK3HJXwcMiKd,78,acquire
2026-10-05T15:36:11.424743Z,0xf1d67d49a318083f523f0df999266adbeca9f3c8ec70d652d01ba87f6b433c73,FjcXArDzUrBTJ1Lv6Yc8n9atjkNYaxKosVjn6VSxZTrK,So11111111111111111111111111111111111111112,EKpQGSJtjMFqKZ9KQanSqYXRcF8fBopzLHYxdM65zcjm,wSOL,$WIF,buy,3758539,1750000,3739924,1750000,fulfilled,Executed,jupiter-solve,22,66UHBhQ2FDw6UWV35tqPwwRff1faCxt6FiqzePCivL2ekfa2W4xufLq4CayT974HFptiJL9KhxWwL5zMuRQDhdjM,116,main
2026-10-05T15:36:12.435244Z,0x427e8932a27d11e121b19cb89e125868c78fc756498599452bcbb8367fc81ac7,BPmy52DKPodqoSUirZUBedULujAZr6s778i4hc153r1X,J1toso1uCk3RLmjorhTtrVwY9HJ7X8V9yYac6Y7kGCPn,DezXAZ8z7PnrnRJjz3wXBoRgixCa6xjnB7YaB1pPB263,JitoSOL,Bonk,sell,3510000,14125569241,3510000,14194107615,fulfilled,Executed,8E74…2mpx,8,253HSnQuVPGzcP1sjk1jAAWoGXQSMNQbjENmNAYKaidCxxQAZbVm2HpCmyGq7QwpwJRsG45rzv5dDUo7y7AZB8nm,96,main
2026-10-05T15:36:13.598674Z,0x70a56f3ee4e23369a7f1473fe4939e5772a1aac789e73b2ddba70b2f773b22c2,CagkCmsroJWAiUWrigym7vR9wGYV5aKWanTGu3ZARKqD,So11111111111111111111111111111111111111112,Es9vMFrzaCERmJfrF4H2FYD4KCoNkY11McCe8BenwNYB,wSOL,USDT,sell,3600000,427534,3600000,429694,fulfilled,Executed,8E74…2mpx,6,CFJz4sXLNdTXgg9BWXrKE7DZEpTrPpv176UvEMT7LWPenTGpMU8qB9nPVRb3fdUzxrfZWghZKdVLSZCg5rqvD5G,118,main
2026-10-05T15:36:14.519633Z,0xcc3f828edc7c65ac3d2b79c4865e657b32fde22850217c52222b49c885745333,BQAD73uj3XftKnCB5ZB7P67b7AvEdfLefYbLiipch5oC,So11111111111111111111111111111111111111112,EPjFWdd5AufqSSqeM2qN1xzybapC8G4wEGGkZwyTDt1v,wSOL,USDC,buy,3920063,465450,3900435,465450,fulfilled,Executed,jupiter-solve,17,2ayUoYZKYAsVKwJUXrg1TaWKB57MFE5sZYv3d3n6BhGbwbEBZ2bRLWRmykPjGKhB8gspUeLWYPn8TuY8xL9AovCR,117,acquire
2026-10-05T15:36:15.645788Z,0x0837e4ac9b2de6ef0fbd93a104bfbdd86e1d2d1334977c3f11f2ea82cf736fb6,AQHstwk1uwAEnz8JE41HEbbD1EaPBjBwtid2qbo1Q3KD,EPjFWdd5AufqSSqeM2qN1xzybapC8G4wEGGkZwyTDt1v,J1toso1uCk3RLmjorhTtrVwY9HJ7X8V9yYac6Y7kGCPn,USDC,JitoSOL,buy,432469,2760000,430792,2760000,fulfilled,Executed,8E74…2mpx,14,2NZKQGaq7qWqgH5EdhixqBueYvG1NiZxz4Cfr7tbUu2kstgdaRyfhk7yf8PvvJ41bMNuhouT7uEk2MBrBP12EtFR,88,main
2026-10-05T15:36:19.073347Z,0xb8b5a3c47b91bcf49477131e3d70b07c8a586f08561f42872339ccc475f31909,HTsxGEXBSe8rdUJjtW7e4v4YChNXTVmLQXuqBvvQtJuF,So11111111111111111111111111111111111111112,EKpQGSJtjMFqKZ9KQanSqYXRcF8fBopzLHYxdM65zcjm,wSOL,$WIF,buy,3758608,1750000,3739909,1750000,fulfilled,Executed,jupiter-solve,10,5ghZV6rwrh6ay61hzPuhu8iJa92usoz1CJ6UVGrBn8tGcSJV1LXBvJBQJqWKm7GB5s8RXAHMaiVu6HkimWsouf6G,119,main
2026-10-05T15:36:22.387586Z,0xf2d3780bc44d09a60018469631f7f5b0097d8bcf2e6a1e8f97973ab31241074b,DoD7Kb5bE6Jr7Eq2JTdYwfLn7718RzpYxKyQen2rxiBQ,Es9vMFrzaCERmJfrF4H2FYD4KCoNkY11McCe8BenwNYB,11111111111111111111111111111111,USDT,SOL (native),sell,369000,3070341,369000,3091277,fulfilled,Executed,8E74…2mpx,12,4JAcbr2bzgcr2npbud9W8w7qiJaaZEtrFuTbjDS5BUQ85386Sagc1aoCW6uSCByqTxGwvtLqxzHU4n5FDWJeMZ25,120,main
2026-10-05T15:36:24.626585Z,0x0eae4240e8a673e902a8dd3ea3e00eccce68c7dab0b241a4c67673dd0994d031,9XSrZ8RkSZ3WDoGkrgWHrmMhixsoWZTLnPxBtQNWNK9c,EPjFWdd5AufqSSqeM2qN1xzybapC8G4wEGGkZwyTDt1v,JUPyiwrYJFskUPiHa7hkeR8VUtAeFoSYbKedZNsDvCN,USDC,JUP,buy,465999,1370000,463409,1370000,fulfilled,Executed,jupiter-solve,8,45u7RLuceDSUA5w43PXgSjqfKWJwc5EwuqN5ncz4HBPVgU2mcMQVDjFxgfvVWvJPi4YGCoPPPQe6YNpV6HC1e5ZC,78,main
2026-10-05T15:36:25.673060Z,0x1cd87d034c0e8bf7173346296609cbef1941a2023ecbf061463a9dc44906eb8e,BPmy52DKPodqoSUirZUBedULujAZr6s778i4hc153r1X,So11111111111111111111111111111111111111112,DezXAZ8z7PnrnRJjz3wXBoRgixCa6xjnB7YaB1pPB263,wSOL,Bonk,buy,155538,479515570,154765,479515570,fulfilled,Executed,jupiter-solve,13,4hLbC72N8bYyGKKL5jerR7wif9KQpjLoXStTD8ux4gYWWRqQVytNZuuftHXg4cG8AxHgnLKSYWB1vjvctDUjDgCq,105,acquire
2026-10-05T15:36:31.572746Z,0xa5085b8f1a570ae6db86ddd60ecd53fb3c6ad49c292851516e4d7e8ea0e6ec07,7RqUGHCV2tngEBctNc8o58nPDy6AsYzsUHAW2JgA2XX9,DezXAZ8z7PnrnRJjz3wXBoRgixCa6xjnB7YaB1pPB263,11111111111111111111111111111111,Bonk,SOL (native),sell,27200000000,8714754,27200000000,8763821,fulfilled,Executed,8E74…2mpx,10,2dT3WNSnTGJykukqgHrpCd49jHj7JQgmA1fn3nnhhtpd7vmZM2tnGe2AgKJtY8vSaVjUznh5ciJ1stmqhgkxo7Nk,122,main
2026-10-05T15:36:33.335416Z,0x6fa51fc8320c2fe230b8817d37422fc23f20a65715ca8055fec76de99c3a50fb,AQHstwk1uwAEnz8JE41HEbbD1EaPBjBwtid2qbo1Q3KD,4k3Dyjzvzp8eMZWUXbBCjEvwSkkk59S5iCNLY3QrkX6R,JUPyiwrYJFskUPiHa7hkeR8VUtAeFoSYbKedZNsDvCN,RAY,JUP,sell,372000,2195044,372000,2208533,fulfilled,Executed,jupiter-solve,10,38ysyk2NvZEAaqh3HyVnRWh5S7dGDVsCkPJCyC9w6ngGYd1ked8X33VMG3uCWwcMkBZ27EcHWjTSUR1AUi5qSHtF,106,main
2026-10-05T15:36:35.531928Z,0x67fc132c7ce70feb156a74aaf58851c6e6b9e395e98f109e8dce06151fccc06b,HTsxGEXBSe8rdUJjtW7e4v4YChNXTVmLQXuqBvvQtJuF,DezXAZ8z7PnrnRJjz3wXBoRgixCa6xjnB7YaB1pPB263,11111111111111111111111111111111,Bonk,SOL (native),sell,17900000000,5735080,17900000000,5761371,fulfilled,Executed,8E74…2mpx,13,5WWJL7VNiizo2oHv5fWyfxPQxw2ptKEqrMtyZ4oDBKwUEGiwVxsVJUH4cpqj2bs4Ri2aXZBwX44DEvs1hnpSKchE,123,main
2026-10-05T15:36:37.716677Z,0x7bc1e13fe2622ec401f84bef39b560f8b1ae31bc6d4697a6970b7ff45c72e871,BQAD73uj3XftKnCB5ZB7P67b7AvEdfLefYbLiipch5oC,EPjFWdd5AufqSSqeM2qN1xzybapC8G4wEGGkZwyTDt1v,JUPyiwrYJFskUPiHa7hkeR8VUtAeFoSYbKedZNsDvCN,USDC,JUP,buy,464481,1370000,462263,1370000,fulfilled,Executed,jupiter-solve,11,o1VrxmHuHHrvit4tx5o8dkX958nrwomCrM1FEWULMunUtafLAWNYPpiuxhzgVEHc5kcgEsMNnYEZf7bCtFAH4jF,117,main
2026-10-05T15:36:42.316074Z,0xab6788b60f3d6c37771453640b705e4171b9d4dcd37f8ca83df0d943749e6a02,94bjVVSp8jgvP4ivAW3wFomkRpeE3xBouyCWErsR1ANz,So11111111111111111111111111111111111111112,6p6xgHyF7AeE6TZkSmFsko444wqoP15icUSqi2jfGiPN,wSOL,TRUMP,buy,3524980,206000,3507840,206000,fulfilled,Executed,jupiter-solve,7,5jJn9nDTFX77WCPFUR7q22YqQMw3yETJqByued5TefivbFxwpWshcLwn8RtvtwSuojup3muoML58rHcS7zsa9Qm7,124,main
2026-10-05T15:36:43.274140Z,0xa4f08bcd259055193ab1ab99043de71cf58dadb5f16bedaef8ff97cd2404f0aa,DoD7Kb5bE6Jr7Eq2JTdYwfLn7718RzpYxKyQen2rxiBQ,So11111111111111111111111111111111111111112,Es9vMFrzaCERmJfrF4H2FYD4KCoNkY11McCe8BenwNYB,wSOL,USDT,sell,3600000,427179,3600000,430213,fulfilled,Executed,8E74…2mpx,12,64TQENyupHCHzCskABV1avXskY17mLsVfM6kYYwsxFqVT2gSTu62EWiADdSSQX9Xyujf5przgABiPbzcQiKFwvUa,125,main
2026-10-05T15:36:44.588415Z,0x79fa67269d46b57045f49a988c14c81938aa74047952f4f593640e584205d0ee,BPmy52DKPodqoSUirZUBedULujAZr6s778i4hc153r1X,DezXAZ8z7PnrnRJjz3wXBoRgixCa6xjnB7YaB1pPB263,Es9vMFrzaCERmJfrF4H2FYD4KCoNkY11McCe8BenwNYB,Bonk,USDT,sell,14800000000,566123,14800000000,569040,fulfilled,Executed,jupiter-solve,10,29JErpvMqCJTJ6Z7Ef8nQZ3U8sBvk5sjYBmQkCKyGy5UrQmfkrt4VSHrkLb71mnfzD5QaziyzHzY1Hg17bugQwZc,105,main
2026-10-05T15:36:48.882206Z,0xb18edd0f098f605eefea930755eed2ce4ef92d10a7091938837c6d6f153181d7,AQHstwk1uwAEnz8JE41HEbbD1EaPBjBwtid2qbo1Q3KD,J1toso1uCk3RLmjorhTtrVwY9HJ7X8V9yYac6Y7kGCPn,mSoLzYCxHdYgdzU16g5QSh3i5K3z3KZK7ytfqcJm7So,JitoSOL,mSOL,sell,2460000,2265064,2460000,2276750,fulfilled,Executed,jupiter-solve,12,3iKxN9WcChmFJrmz4utcebZYuCiH3kG7xQoEXaawAAUYVYEp4S64eD91whCG1cYcrzZ8nsZbJs8g9VmF8ddmf9hb,113,main
2026-10-05T15:36:49.941806Z,0x031db4760d5929dbb20c68c16b7b8d0912ce497b00af4848247ab2a3ec99617d,CDY1rvEes25vx7DZwxp5BRSgAewDQMgwBExfAMEymdMC,So11111111111111111111111111111111111111112,Es9vMFrzaCERmJfrF4H2FYD4KCoNkY11McCe8BenwNYB,wSOL,USDT,sell,3600000,427509,3600000,429792,fulfilled,Executed,8E74…2mpx,11,4a4gQG7cdbXPRLTTwqC36UB6JfBuJkYzvTNuo1z62wVagbgR7Q4Bd8moqbfUb4s9YDitraHBuoePZdevzhSJENuG,127,main
2026-10-05T15:36:51.139546Z,0xbdbdbd3fd6eaaa6c8bdee0c95b274a21705e2b396e9191ff467a1e1487169a02,2kV12Qsin6Wfxr2Pr6M8bqUbjqMppw4gpqAbV18TiFfJ,So11111111111111111111111111111111111111112,EPjFWdd5AufqSSqeM2qN1xzybapC8G4wEGGkZwyTDt1v,wSOL,USDC,buy,3888163,461626,3867620,461626,fulfilled,Executed,jupiter-solve,10,5fAotb3D6cL6FEURUQ6Svk2cgZtMqUtguzevhryE8buSA8j2di4vak1DYjyX8hRvZAKKpxza3UBVYNqrYLo88NVp,128,acquire
2026-10-05T15:37:01.937710Z,0xc54065d58a074b8b7bb3a8d0b15ebd6ef515512e82c9f97785eac1e2aa39d088,CaMSDEBp5zy2QxSYqDxqbk28qxFwzLXiNdFJiv9TKqhU,Es9vMFrzaCERmJfrF4H2FYD4KCoNkY11McCe8BenwNYB,11111111111111111111111111111111,USDT,SOL (native),sell,514000,4275727,514000,4296218,fulfilled,Executed,8E74…2mpx,22,2VjeSWkiPDnQnUVJ154Ki8hzQbs5wori9BT49VVZNfJZaDNapE9TyMf7R1gPDEbUJw2RvgaqqLk8hvpgRcMBuzzN,130,main
2026-10-05T15:37:03.192795Z,0x0aeb59f39202eec9ec69ace9873dee7ff2e0d22ee42b4d23ecdaeafed946115c,EDimKwHuMtcwxxbAfQPT3EaH9CPpyTLARxLRRwiZV26v,So11111111111111111111111111111111111111112,EPjFWdd5AufqSSqeM2qN1xzybapC8G4wEGGkZwyTDt1v,wSOL,USDC,sell,4190000,497711,4190000,500326,fulfilled,Executed,8E74…2mpx,21,38t3YbnJeX52YYa3DqQanUzJdBSLcTtQR6ijnDNBKyroFvER19ZTieNyNWRKc7Xj9L76vtKYVCgAhhDFxXjErYTD,131,main
2026-10-05T15:37:05.353720Z,0x538e410c2a4680a564663245787bd4cf87bd7cdec8f00887e562c6f322330a3d,BPmy52DKPodqoSUirZUBedULujAZr6s778i4hc153r1X,So11111111111111111111111111111111111111112,EPjFWdd5AufqSSqeM2qN1xzybapC8G4wEGGkZwyTDt1v,wSOL,USDC,buy,2751876,326867,0,0,expired,Winner too late: creation blockhash expired,,,,126,acquire
2026-10-05T15:37:06.677520Z,0xfc5ad00897343983bc521153a42912fd016e9ce896eecae818879449b83b0971,2kV12Qsin6Wfxr2Pr6M8bqUbjqMppw4gpqAbV18TiFfJ,EPjFWdd5AufqSSqeM2qN1xzybapC8G4wEGGkZwyTDt1v,JUPyiwrYJFskUPiHa7hkeR8VUtAeFoSYbKedZNsDvCN,USDC,JUP,buy,465462,1370000,463243,1370000,fulfilled,Executed,jupiter-solve,12,5JQTdiR6G4ZtKL6jZCGvf6ppAXbCXycKnEReuQ14agswsrfCN3m4j87WoMVvNKiBEz462uk5hZaUuaKefZ9BjDrA,128,main
2026-10-05T15:37:08.686100Z,0xf956dc52be6f11093f96104ee1b94ada1d53d153c18a696942ca76ea1a0081e1,9XSrZ8RkSZ3WDoGkrgWHrmMhixsoWZTLnPxBtQNWNK9c,JUPyiwrYJFskUPiHa7hkeR8VUtAeFoSYbKedZNsDvCN,DezXAZ8z7PnrnRJjz3wXBoRgixCa6xjnB7YaB1pPB263,JUP,Bonk,sell,1200000,10462440389,1200000,10511229005,fulfilled,Executed,8E74…2mpx,10,3NCr9jm3tpgvzAJGNDwTozXWwefykQVmT3BZfVv4M1nbmAn8vFZbndn9rj2UYBEUUn8fwetR1XHX6uino69E2N4k,129,main
2026-10-05T15:37:12.063556Z,0xbcfad407ff42ea914710a6c9545c4fa193672e8674b1c580eb73653870b1734d,AQHstwk1uwAEnz8JE41HEbbD1EaPBjBwtid2qbo1Q3KD,So11111111111111111111111111111111111111112,EPjFWdd5AufqSSqeM2qN1xzybapC8G4wEGGkZwyTDt1v,wSOL,USDC,buy,3918078,465373,3898321,465373,fulfilled,Executed,jupiter-solve,7,1bz4vfY3QhWN1D4RTUY3HpCDt9FXBRPTaXFT4UKhnjYRBRcgHntsM8XKvgV4FeGEUeztbfGS7Ze8J3CrXaLMPNy,121,acquire
2026-10-05T15:37:13.125340Z,0x71122a76410c09c030139b1bb4f84825b61e4d651c92f3c8d5f457408b06e10b,AQtmpjmjjZTzzs5W2Ld4gPteDe1teLKMpwj3v5GAv7ef,So11111111111111111111111111111111111111112,EPjFWdd5AufqSSqeM2qN1xzybapC8G4wEGGkZwyTDt1v,wSOL,USDC,buy,3898991,463103,3879179,463103,fulfilled,Executed,jupiter-solve,18,G8yyku2sLNeBh1nkhoi2k7LjzsPXws8A5DJL4W9tkkbjfpMvwf7kMcv7xRai3qksYsbM453YMLGRbCA6GejiGiw,132,acquire
2026-10-05T15:37:24.027357Z,0x40133957099e8e1831af1a701e98cd2efcf1f747408f64db88c9538881a4da4f,3FHY6qZALHavE387YcUMyqFYdYCiR5PbLSxdQBpwR6JK,So11111111111111111111111111111111111111112,EPjFWdd5AufqSSqeM2qN1xzybapC8G4wEGGkZwyTDt1v,wSOL,USDC,buy,3799596,451392,3780329,451392,fulfilled,Executed,jupiter-solve,16,4n89J3mWai6TKTUk5xeca5j64Tht9ScmNe6e72Ak38qTxBT5PSDHE74ohGELz4BmXQA52t3WEA7RmcPGNQnHqNdE,133,acquire
2026-10-05T15:37:25.167675Z,0x55f0fa64ec5ffb7f61e0a01ac820ffeb8a3ece91880e2705a966eebd744f1e7b,AQHstwk1uwAEnz8JE41HEbbD1EaPBjBwtid2qbo1Q3KD,EPjFWdd5AufqSSqeM2qN1xzybapC8G4wEGGkZwyTDt1v,JUPyiwrYJFskUPiHa7hkeR8VUtAeFoSYbKedZNsDvCN,USDC,JUP,buy,465890,1370000,464138,1370000,fulfilled,Executed,8E74…2mpx,16,64qcAnrWXNAvqY7jbDdqJZgQaHb5k5stoeBB3hcqDfJRuiKAHjhLRE91XgQEUxXepCbT9392NFTZjJJ4BwMquy9t,121,main
2026-10-05T15:37:26.541131Z,0x840131e589b3c5b34e88b896e7afea47563ffc7aba66c4251cfdc0f43b929aa1,EGXsUdM4HLc983jD276LHz87k5zBZSJrJc137qcokK8D,DezXAZ8z7PnrnRJjz3wXBoRgixCa6xjnB7YaB1pPB263,11111111111111111111111111111111,Bonk,SOL (native),sell,17200000000,5513848,17200000000,5540958,fulfilled,Executed,jupiter-solve,12,vHdG52zuCw1R2NHRpxZ2xHXpV4nvt5yNeFT6LqXzb1PkmQQTb4BkwubrpHZBt87RanWw5WY2WHe1uw3K82X7UmM,90,main
2026-10-05T15:37:26.867071Z,0xdf576c95e77e7ac55ef527bdbb1f6ae675e40dfdf100c48c79c2d5787627a638,7RqUGHCV2tngEBctNc8o58nPDy6AsYzsUHAW2JgA2XX9,So11111111111111111111111111111111111111112,EKpQGSJtjMFqKZ9KQanSqYXRcF8fBopzLHYxdM65zcjm,wSOL,$WIF,buy,3756023,1750000,3739247,1750000,fulfilled,Executed,jupiter-solve,19,5ziirwFJfWLH8uvJGLNL6tJgkyH9UyCykYVwSE4T5C8dnnY5gimMUur6cGS4MmMwNFDQxvwwfKA4HDnNdKSjg43,134,main
2026-10-05T15:37:27.824946Z,0x1b5a90618612c411ee836a51a30f2ea14b60dccf9d69ae1558a7439ef69a9335,CDY1rvEes25vx7DZwxp5BRSgAewDQMgwBExfAMEymdMC,EPjFWdd5AufqSSqeM2qN1xzybapC8G4wEGGkZwyTDt1v,11111111111111111111111111111111,USDC,SOL (native),sell,726000,6038460,726000,6068425,fulfilled,Executed,8E74…2mpx,10,3eURSUGtKN7FybCCdNwcuCQJex6XRA1UfzFhpAsb7D7j2NtRjVJK1xCCt9HCku7oKNS69DZtwXojzjTstM2Dp8kW,136,main
2026-10-05T15:37:31.689754Z,0xc7865b2c4d7d01db211c3beaf81b0691860a01472d824bcbebb772eb73d3d3c4,CaMSDEBp5zy2QxSYqDxqbk28qxFwzLXiNdFJiv9TKqhU,So11111111111111111111111111111111111111112,EPjFWdd5AufqSSqeM2qN1xzybapC8G4wEGGkZwyTDt1v,wSOL,USDC,sell,3600000,427693,3600000,429812,fulfilled,Executed,jupiter-solve,20,2uF5TnBEPxPwoUQxRkyVfNuUyZakVgewkwmGb1MenDXiYtzVxwZnFsF6yovtKRNNZRgxaRvPY51UhnXMJRv5ssBL,137,main
2026-10-05T15:37:33.918761Z,0xf071caf89bd4d273de0d84f0e5010124155f03af295751330bab98551cde0041,HTsxGEXBSe8rdUJjtW7e4v4YChNXTVmLQXuqBvvQtJuF,So11111111111111111111111111111111111111112,7GCihgDB8fe6KNjn2MYtkzZcRjQy3t9GHdC8uHYmW2hr,wSOL,POPCAT,buy,3711967,8150000000,3692920,8150000000,fulfilled,Executed,jupiter-solve,8,2TyAv47zydLAsgoeLkFNXq33aEnu2FwyciHF1JwSmv5hSNbiABgMph8YgeWDy6mFrpvpvjFDyzYMfkqeQGUyjJGJ,138,main
2026-10-05T15:37:35.239941Z,0xf4bdc2333a6c976a3818ca4b2e45d6cd1b66f0b1d60ce945843e734305a8b37a,BsXAAY6SvTyWYjwKCa5SUs1kDBK6n7ia7qvRPVj5dFgz,So11111111111111111111111111111111111111112,DezXAZ8z7PnrnRJjz3wXBoRgixCa6xjnB7YaB1pPB263,wSOL,Bonk,buy,3892589,12000000000,3873984,12000000000,fulfilled,Executed,jupiter-solve,7,6hA8Etzi8fCRwD5itcuuZxDTi57Zp2evfNKt7y13htnswnvYHyAnj3i9yWb2C8LTsZjKmcK2KxLBMYq4XmAAED4,140,main
2026-10-05T15:37:36.161204Z,0x8f5ecc845fcafc3cd078aee0c6abf0a31bb4191799de34859c87cadcdea31307,AQtmpjmjjZTzzs5W2Ld4gPteDe1teLKMpwj3v5GAv7ef,EPjFWdd5AufqSSqeM2qN1xzybapC8G4wEGGkZwyTDt1v,JUPyiwrYJFskUPiHa7hkeR8VUtAeFoSYbKedZNsDvCN,USDC,JUP,buy,466004,1370000,463835,1370000,fulfilled,Executed,jupiter-solve,11,e4YygjJBshvNt8ZLsGeiWg4Utkmh83ToW8KXfZNxL1Ps4CUK1ZYxPGGFPcy55QS6HMzHB3dtBEwgeV7BwR7imoW,132,main
2026-10-05T15:37:37.234636Z,0xf54a5f197339e7ced448ee04f0e2b0de4e06b8bc9886ff35ce483c1436bad8e3,BQAD73uj3XftKnCB5ZB7P67b7AvEdfLefYbLiipch5oC,So11111111111111111111111111111111111111112,EPjFWdd5AufqSSqeM2qN1xzybapC8G4wEGGkZwyTDt1v,wSOL,USDC,buy,4298210,510554,4276506,510554,fulfilled,Executed,jupiter-solve,10,348ERZvQtREYw9hFwkEzVzVBSorDBx52ZfZTbG2iFvks8Gb3gdfsdL8F2Di7ycMxtrDALn3bci1ZYYvv6J9WLnhM,141,acquire
2026-10-05T15:37:43.321618Z,0x64a0b01865b73e672448836e588dca90b1bb659fcc753367422cc53e3c0f5ca4,EGXsUdM4HLc983jD276LHz87k5zBZSJrJc137qcokK8D,6p6xgHyF7AeE6TZkSmFsko444wqoP15icUSqi2jfGiPN,EPjFWdd5AufqSSqeM2qN1xzybapC8G4wEGGkZwyTDt1v,TRUMP,USDC,sell,172000,347564,172000,349343,fulfilled,Executed,8E74…2mpx,9,4mzA1CKR7Lh4e2sYj6FA1Kq5M1CEuPUJ1FfC4kwW9iySQJTacy7CXeYnSgm3yhU24fNBfUmMqSHzZZbFazfKRYBC,107,main
2026-10-05T15:37:45.052028Z,0xc37de4cb0a4505c37609a5fe8b9a0cfe450326634dff539e493275cc926c94a4,3FHY6qZALHavE387YcUMyqFYdYCiR5PbLSxdQBpwR6JK,EPjFWdd5AufqSSqeM2qN1xzybapC8G4wEGGkZwyTDt1v,4k3Dyjzvzp8eMZWUXbBCjEvwSkkk59S5iCNLY3QrkX6R,USDC,RAY,buy,453824,225000,451567,225000,fulfilled,Executed,jupiter-solve,7,M1C5JgA9abWXkpqesBvJz4PmKwKcZtsQ7cFFFBw7CQeDuwX7K8RrAZRwu1yAd7idMsRRLJNvSAWuHhKATJ6tkEW,133,main
2026-10-05T15:37:51.702737Z,0x6a6747bf9cc03d28c2543fe9e92f0f7afd89f32a34bede0167fa64bff465a0a3,BPmy52DKPodqoSUirZUBedULujAZr6s778i4hc153r1X,So11111111111111111111111111111111111111112,EPjFWdd5AufqSSqeM2qN1xzybapC8G4wEGGkZwyTDt1v,wSOL,USDC,buy,2751776,326867,2738470,326867,fulfilled,Executed,jupiter-solve,6,2ZyqJ2NYs3g8DXJcVfhveKq5Mge9EXxCVWGifKaXL3W6PfZJGRvxN8PphYrvNkmrc7QBvB1hdNfWiLf9YLUT1LMH,126,acquire
2026-10-05T15:37:53.742536Z,0x14ccd10918a3cfb02959ad5f3c738783890dcc7fcae72b363da246c7e2df85c2,BQAD73uj3XftKnCB5ZB7P67b7AvEdfLefYbLiipch5oC,EPjFWdd5AufqSSqeM2qN1xzybapC8G4wEGGkZwyTDt1v,jtojtomepa8beP8AuQc6eXt5FriJwfFMwQx2v2f9mCL,USDC,JTO,buy,513309,892000000,510756,892000000,fulfilled,Executed,jupiter-solve,9,2APSzNBSpE97eEDVg5anebNiHGUkPiEPVYun3uKxVdBKYDdMfjJefcU6zaZhnPW5UGYuse88G2XwtDn3XiMNwcH1,141,main
2026-10-05T15:37:58.463132Z,0x4925bbf698eaf26076e192fcbaa6746b9e6a2138223d1b68c9ca7b66e1dbf63c,EGXsUdM4HLc983jD276LHz87k5zBZSJrJc137qcokK8D,So11111111111111111111111111111111111111112,7GCihgDB8fe6KNjn2MYtkzZcRjQy3t9GHdC8uHYmW2hr,wSOL,POPCAT,buy,3711579,8150000000,3693114,8150000000,fulfilled,Executed,jupiter-solve,9,5MwA2A2za7Lv1B4ykdK3xufWp6QfYzAP5a4k1LvrgCbZAzy4qLtaRjArXb38zrqAtfyQF8VRjJXy64pJEKNERHzf,115,main
2026-10-05T15:38:01.875720Z,0x20aa463975729e5ddd7de5da97df90885889b5afe9519105072919197799bdf8,BPmy52DKPodqoSUirZUBedULujAZr6s778i4hc153r1X,EPjFWdd5AufqSSqeM2qN1xzybapC8G4wEGGkZwyTDt1v,mSoLzYCxHdYgdzU16g5QSh3i5K3z3KZK7ytfqcJm7So,USDC,mSOL,buy,433086,2560000,431077,2560000,fulfilled,Executed,jupiter-solve,5,5QjhkYi5XVvzfCQgUHi4AVtWURrriHDZcZy7Z3TRwhGYXMYxiBy2WVJQJKsPZ6BGbW3JDqoim6cuUVHbNnxDHBQG,126,main
2026-10-05T15:38:13.154110Z,0x7c7cfd953c460b6c0245f833179a0a8de44dc8f005eb44c4f8be5d2f6bd92e6d,BPmy52DKPodqoSUirZUBedULujAZr6s778i4hc153r1X,Es9vMFrzaCERmJfrF4H2FYD4KCoNkY11McCe8BenwNYB,J1toso1uCk3RLmjorhTtrVwY9HJ7X8V9yYac6Y7kGCPn,USDT,JitoSOL,sell,493000,3145103,493000,3162151,fulfilled,Executed,8E74…2mpx,9,LDHSV76HMYkSLYkvHQZYPDxsHyT6pmg45CoDcM4AEsmzSAp18Vh4ZFbySBxt1REpcX3WpHA7k54fdoTYUM5eqRC,135,main
2026-10-05T15:38:14.320079Z,0x26ccbb8854cfcb9ff2aa6a28175937d76e25612e00093fcc8c02c0ccb9cdc75f,EGXsUdM4HLc983jD276LHz87k5zBZSJrJc137qcokK8D,So11111111111111111111111111111111111111112,6p6xgHyF7AeE6TZkSmFsko444wqoP15icUSqi2jfGiPN,wSOL,TRUMP,buy,3527841,206000,3510580,206000,fulfilled,Executed,jupiter-solve,8,44Unx3J8Xgp9r4erCqdTRxEpR81E88WP4fstC5N6hheB5EPzo6jqJ9KqoAwAsKhALWoUXGSR2hBCdDkcMMbJCAMp,139,main
2026-10-05T15:38:25.000791Z,0x2be2897b4b838276cab3a137b95c397eb957fd575bf6809ff868bc135d38c06f,4p3tgZxpw2gKnJnVwQ4Ah3av47HywcXfFaXTFGNU2aTT,6p6xgHyF7AeE6TZkSmFsko444wqoP15icUSqi2jfGiPN,11111111111111111111111111111111,TRUMP,SOL (native),sell,206000,3488440,206000,3506349,fulfilled,Executed,8E74…2mpx,21,2zDPmrCsHBiPXvzdKjiLyhQAKGTbFDAbZt7TbAY3RaP9hXomiC4M2NGYDYuCyUcrAPzPCPxGEbMUwmmSrVKw7T6k,,cleanup
2026-10-05T15:38:26.183092Z,0x01996a1aaa19d9c2716100aee7d08aa17e9c775a17cd4e2c6c19b72d460176f8,BQAD73uj3XftKnCB5ZB7P67b7AvEdfLefYbLiipch5oC,JUPyiwrYJFskUPiHa7hkeR8VUtAeFoSYbKedZNsDvCN,11111111111111111111111111111111,JUP,SOL (native),sell,1370000,3853609,1370000,3874944,fulfilled,Executed,jupiter-solve,7,5cEke9iZD3edXSP6gYqPqrrXirKh1pum2i5YqsYGxdP1EGMM9CCAU7Wi1dM4yLUDme9bXtJJrpQWjoD4hPBprc8r,,cleanup
2026-10-05T15:38:27.157369Z,0x6d2f8cacc7c4d6e01633050c16a06d5428cb7201a702c8f869264b69eefa3bf2,DoD7Kb5bE6Jr7Eq2JTdYwfLn7718RzpYxKyQen2rxiBQ,EPjFWdd5AufqSSqeM2qN1xzybapC8G4wEGGkZwyTDt1v,11111111111111111111111111111111,USDC,SOL (native),sell,110497,918833,110497,923413,fulfilled,Executed,8E74…2mpx,6,bG2py8YbztikgfEv6gV4adAEp1P7ctkMGAmrfde2LAAoiAiSo5tNQS9yptw9k3a2mkeG4HhpKv5FkTbDm5TwKNm,,cleanup
2026-10-05T15:38:28.525080Z,0x52deba0b83995347c9bf149dbe9e64485f50467e9389883395b3a182af84be5c,3FHY6qZALHavE387YcUMyqFYdYCiR5PbLSxdQBpwR6JK,mSoLzYCxHdYgdzU16g5QSh3i5K3z3KZK7ytfqcJm7So,11111111111111111111111111111111,mSOL,SOL (native),sell,190000,266083,0,0,expired,Expired without a fill,,,,,cleanup
2026-10-05T15:38:29.613951Z,0x1fd595920626961250ea2d206b4fcf8e0b0d0f3b9331078ca570047ff045e668,AM6Qwi3vwMCGpRbJ55zDatByeAtsbcfXvXBh77be8C9T,EPjFWdd5AufqSSqeM2qN1xzybapC8G4wEGGkZwyTDt1v,11111111111111111111111111111111,USDC,SOL (native),sell,331843,2759369,331843,2772466,fulfilled,Executed,8E74…2mpx,5,5WbGbhz82icyGZvDRSfdwUHa4HWHP6yj2QT7a5E6MUbEcw83X34gCHWcHkYNymGd3j7G2JNSwCeym3zGhMfM7X4r,,cleanup
2026-10-05T15:38:37.375924Z,0x0f6e7f4606762d957d4f75f5b3431d5c74f8a9ec44e5323ee400ddfda5d5c7f1,DoD7Kb5bE6Jr7Eq2JTdYwfLn7718RzpYxKyQen2rxiBQ,Es9vMFrzaCERmJfrF4H2FYD4KCoNkY11McCe8BenwNYB,11111111111111111111111111111111,USDT,SOL (native),sell,564005,4687030,564005,4709800,fulfilled,Executed,jupiter-solve,6,394iutY3iA9n3ZCProdbouu8rbTqQjumarkWGnMdFPiXFzQ9jmQMBBuV1Y3DJ7FxDUDMzdpjneDURxxmL8aSofPG,,cleanup
2026-10-05T15:38:38.329831Z,0x57d8ce3754b3d810d76718ccfb4c5776dc7f4e3e9e0a08f7f019047388068255,BQAD73uj3XftKnCB5ZB7P67b7AvEdfLefYbLiipch5oC,jtojtomepa8beP8AuQc6eXt5FriJwfFMwQx2v2f9mCL,11111111111111111111111111111111,JTO,SOL (native),sell,892000000,4244639,892000000,4266182,fulfilled,Executed,jupiter-solve,8,3dRhi1tckD9PBVzF6impRGid3Da2S5Jw81snpgg3gd193PP9QVRMMpuLRmDpfp11yKGmubrfH3BVVatguANDfkDt,,cleanup
2026-10-05T15:38:49.677691Z,0xf22461bad6c16638cd99cbed8c8a9efc23b567551cdb01178cd3b55c901a0989,4p3tgZxpw2gKnJnVwQ4Ah3av47HywcXfFaXTFGNU2aTT,7GCihgDB8fe6KNjn2MYtkzZcRjQy3t9GHdC8uHYmW2hr,11111111111111111111111111111111,POPCAT,SOL (native),sell,890000000,400152,0,0,expired,Expired without a fill,,,,,cleanup
2026-10-05T15:38:50.490536Z,0xd7b47201a450ba197252d2b567a9b914ed62f61fa23c8e3a77accc010133ea6e,BQAD73uj3XftKnCB5ZB7P67b7AvEdfLefYbLiipch5oC,mSoLzYCxHdYgdzU16g5QSh3i5K3z3KZK7ytfqcJm7So,11111111111111111111111111111111,mSOL,SOL (native),sell,2560000,3581813,2560000,3599812,fulfilled,Executed,jupiter-solve,4,4aT8sw1CuPXmcHncafTWkng4GKnTk2aJVPEmFqL5WwDeTgwBwMZzfyM1mvMh7xT57v6SEQRNkxDNMDs1QmiCG7PK,,cleanup
2026-10-05T15:39:00.681843Z,0x71798769ece870cedd97ddb9196e19d638c3fc7ddf7f06b8ce2e1958ff1c1ac6,BQAD73uj3XftKnCB5ZB7P67b7AvEdfLefYbLiipch5oC,4k3Dyjzvzp8eMZWUXbBCjEvwSkkk59S5iCNLY3QrkX6R,11111111111111111111111111111111,RAY,SOL (native),sell,68000,1134000,68000,1141668,fulfilled,Executed,8E74…2mpx,3,34VDTVaGvViFq5HoqtB3LgwhW3yrW4T3JQjm5gMiumauNHtMYBEpF17VFQYMZpEWoQ8GLeofdV5Brdt24DNZFPAN,,cleanup
2026-10-05T15:39:07.271255Z,0x55ccca399c46cc97bf32bbd97fdee153f7d7a9d816ac75141e9840b38d88b807,7RqUGHCV2tngEBctNc8o58nPDy6AsYzsUHAW2JgA2XX9,DezXAZ8z7PnrnRJjz3wXBoRgixCa6xjnB7YaB1pPB263,11111111111111111111111111111111,Bonk,SOL (native),sell,8800000000,2824999,8800000000,2839524,fulfilled,Executed,jupiter-solve,3,2YNHe2qnypcsbAwCccPeLsHfCC8synHvm2996Fyv9N9Y9FuQqHou7FL9H6ngNYGKXMFCGm3MVrDR5wd6dJwCB6cn,,cleanup
2026-10-05T15:39:08.385887Z,0x01c78f3483a0fbf2cad8da9b3aceee96dcf21a398a1d6908a985fbcdcdd24a39,BQAD73uj3XftKnCB5ZB7P67b7AvEdfLefYbLiipch5oC,EPjFWdd5AufqSSqeM2qN1xzybapC8G4wEGGkZwyTDt1v,11111111111111111111111111111111,USDC,SOL (native),sell,17952,149191,0,0,expired,Expired without a fill,,,,,cleanup
2026-10-05T15:39:12.777150Z,0xf40235e8142b13155da53b7bcd053a43b2c84059057cb21b4f8780a47e0b94a8,7RqUGHCV2tngEBctNc8o58nPDy6AsYzsUHAW2JgA2XX9,EKpQGSJtjMFqKZ9KQanSqYXRcF8fBopzLHYxdM65zcjm,11111111111111111111111111111111,$WIF,SOL (native),sell,1790000,3800685,1790000,3819044,fulfilled,Executed,8E74…2mpx,6,3CkoYfc5bfvrSXDQAZiAQ255p3E2s93df8aCAEqqxh6F6cTF2pCAfUsMfsVLJgQDxaDvj8aWe3erMoVMwtPHWVY9,,cleanup
2026-10-05T15:39:21.658810Z,0x4fe32de992c4dc1016722db71f4fdfa197fad5d03bd0cbf91c03a90646177363,7RqUGHCV2tngEBctNc8o58nPDy6AsYzsUHAW2JgA2XX9,EPjFWdd5AufqSSqeM2qN1xzybapC8G4wEGGkZwyTDt1v,11111111111111111111111111111111,USDC,SOL (native),sell,54302,451508,0,0,expired,Expired without a fill,,,,,cleanup
2026-10-05T15:39:27.447046Z,0x0da33a3bcc321aff3cf0ad4999984fd028acc0f5e5328f2e231491bc2faf0ea3,FjcXArDzUrBTJ1Lv6Yc8n9atjkNYaxKosVjn6VSxZTrK,7GCihgDB8fe6KNjn2MYtkzZcRjQy3t9GHdC8uHYmW2hr,11111111111111111111111111111111,POPCAT,SOL (native),sell,1230000000,553321,0,0,expired,Expired without a fill,,,,,cleanup
2026-10-05T15:40:39.810433Z,0x86b7b9bd26e23ae2f86f501d00090193955e2af80186ca751d43fcfc7a64711f,3FHY6qZALHavE387YcUMyqFYdYCiR5PbLSxdQBpwR6JK,mSoLzYCxHdYgdzU16g5QSh3i5K3z3KZK7ytfqcJm7So,11111111111111111111111111111111,mSOL,SOL (native),sell,190000,266248,0,0,expired,Expired without a fill,,,,,cleanup
2026-10-05T15:41:01.488044Z,0xd3c2238e60fab9954c81e3dcf6f2832dabf451ac0b5fee7dbc79b769f4fd0df8,4p3tgZxpw2gKnJnVwQ4Ah3av47HywcXfFaXTFGNU2aTT,7GCihgDB8fe6KNjn2MYtkzZcRjQy3t9GHdC8uHYmW2hr,11111111111111111111111111111111,POPCAT,SOL (native),sell,890000000,400456,0,0,expired,Expired without a fill,,,,,cleanup
2026-10-05T15:41:19.807563Z,0x48ed0c0de7e8b2bb8c9e875f41277e79e30e58b90386cf321751e3d29a996142,BQAD73uj3XftKnCB5ZB7P67b7AvEdfLefYbLiipch5oC,EPjFWdd5AufqSSqeM2qN1xzybapC8G4wEGGkZwyTDt1v,11111111111111111111111111111111,USDC,SOL (native),sell,17952,150027,0,0,expired,Expired without a fill,,,,,cleanup
2026-10-05T15:41:32.889616Z,0xaa725918922e86339b200fcf66b9d8e1f631f2195afd21adf2a96828ff685c61,7RqUGHCV2tngEBctNc8o58nPDy6AsYzsUHAW2JgA2XX9,EPjFWdd5AufqSSqeM2qN1xzybapC8G4wEGGkZwyTDt1v,11111111111111111111111111111111,USDC,SOL (native),sell,54302,452307,0,0,expired,Expired without a fill,,,,,cleanup
2026-10-05T15:41:38.313203Z,0xfea7bce40ce86e7d463f441024adc483631a89f4b8525fa3b766be99b3f60657,FjcXArDzUrBTJ1Lv6Yc8n9atjkNYaxKosVjn6VSxZTrK,7GCihgDB8fe6KNjn2MYtkzZcRjQy3t9GHdC8uHYmW2hr,11111111111111111111111111111111,POPCAT,SOL (native),sell,1230000000,553563,0,0,expired,Expired without a fill,,,,,cleanup
2026-10-05T15:42:50.911671Z,0xdaefaff12942a88bb188f9374eda87c4dd02e3c922d0eee8c9ac33cd9af2c506,3FHY6qZALHavE387YcUMyqFYdYCiR5PbLSxdQBpwR6JK,4k3Dyjzvzp8eMZWUXbBCjEvwSkkk59S5iCNLY3QrkX6R,11111111111111111111111111111111,RAY,SOL (native),sell,462000,7693088,462000,7733030,fulfilled,Executed,8E74…2mpx,8,34ZopkoCdUYgH22Qd5DQdKLoSZ7KEBuoAqHBWqawsVMFGSvmhJeb6R9qTWtZ1LJTcFfQyt6P8Psn4qodEmQ6997c,,cleanup
2026-10-05T15:43:02.939489Z,0x47648039ecb800c353bb0cdd7b14a68bc6d99cdd9c4f86011b09996760de9c02,3FHY6qZALHavE387YcUMyqFYdYCiR5PbLSxdQBpwR6JK,7GCihgDB8fe6KNjn2MYtkzZcRjQy3t9GHdC8uHYmW2hr,11111111111111111111111111111111,POPCAT,SOL (native),sell,7360105592,3313415,7360105592,3331994,fulfilled,Executed,8E74…2mpx,4,4kk57YMzwpFoCZ9X7pA8hd1j3mMgSDprzgwSh3Hn6MnAZ1NK1UyxrDoZWC2bbWTEEQLWaezGktbfAAXsE1NQUR7B,,cleanup
2026-10-05T15:43:12.019112Z,0xe79177b6aee37db5c5934a1d0ae2c8b91ba17132a401b33a6917a6a79470e954,3FHY6qZALHavE387YcUMyqFYdYCiR5PbLSxdQBpwR6JK,EPjFWdd5AufqSSqeM2qN1xzybapC8G4wEGGkZwyTDt1v,11111111111111111111111111111111,USDC,SOL (native),sell,15898,132444,0,0,expired,Expired without a fill,,,,,cleanup
2026-10-05T15:43:31.009111Z,0xe368f24e2e0d9b55fd61ddeb4da4322acf7266f7755ce527070abd158de06086,BQAD73uj3XftKnCB5ZB7P67b7AvEdfLefYbLiipch5oC,J1toso1uCk3RLmjorhTtrVwY9HJ7X8V9yYac6Y7kGCPn,11111111111111111111111111111111,JitoSOL,SOL (native),sell,2454878,3181691,2454878,3197679,fulfilled,Executed,jupiter-solve,9,64iHZFzHedqKH7GkYFd9wbVKyjgUGCAq6vqtN3Vu8TwbZ3EQrUJhjVP6SAtH3UPLPm6e76iSoz22kZt8ZsaUax2a,,cleanup
2026-10-05T15:43:32.117221Z,0x087ea26433c4fe4e0ca2974b157c7c8b7d6dcd68384f386b1766e0ca4269cbcd,BPmy52DKPodqoSUirZUBedULujAZr6s778i4hc153r1X,jtojtomepa8beP8AuQc6eXt5FriJwfFMwQx2v2f9mCL,11111111111111111111111111111111,JTO,SOL (native),sell,224257670,1067296,224257670,1072338,fulfilled,Executed,jupiter-solve,60,4Wvu6ujNgFGAUVzcXz2iw7ngVaZzPYvnxYFoRyBmks5xhzyRrTANiNAnbLmqddSGeLfwBE1btafhEjHngyKAkbKg,,cleanup
2026-10-05T15:43:52.240198Z,0x1b418809115ac6b06e41fcd529f300d82ac095ac798ebe44a3bc55d0734aeff6,FjcXArDzUrBTJ1Lv6Yc8n9atjkNYaxKosVjn6VSxZTrK,DezXAZ8z7PnrnRJjz3wXBoRgixCa6xjnB7YaB1pPB263,11111111111111111111111111111111,Bonk,SOL (native),sell,12000000000,3849697,12000000000,3868869,fulfilled,Executed,jupiter-solve,2,bSQxEyQcKkQ8Y3LqT9zxZtGjhVoQURTwmCLzn9PF9Gjs43cDpbxsXeT5yFsbdwiKXQVDg3ibCm1HnU1CovkPU5L,,cleanup
2026-10-05T15:43:58.380562Z,0x08183457419fde6e4270997351ddd9768927caa9cf1436136de955e16e52ef37,FjcXArDzUrBTJ1Lv6Yc8n9atjkNYaxKosVjn6VSxZTrK,EKpQGSJtjMFqKZ9KQanSqYXRcF8fBopzLHYxdM65zcjm,11111111111111111111111111111111,$WIF,SOL (native),sell,1750000,3714538,1750000,3738182,fulfilled,Executed,8E74…2mpx,7,4qqAJWtT6MzW9eaYTKUUno5iLfKyPnJ2E51okzVy88sFcypTDaZB1CvqYs4QWsxuz7mVpAwvQqPpAaCwMBuh16ND,,cleanup
2026-10-05T15:44:37.476620Z,0xd8ac15d994c182e6a96d06753e8f0732e5d7a3c6cf017ca251c4024b056fd563,BPmy52DKPodqoSUirZUBedULujAZr6s778i4hc153r1X,mSoLzYCxHdYgdzU16g5QSh3i5K3z3KZK7ytfqcJm7So,11111111111111111111111111111111,mSOL,SOL (native),sell,2560000,3581845,2560000,3599844,fulfilled,Executed,jupiter-solve,2,nNbVwwMXcRarShwBTknPm174Na7qa1GUSyEKD8x9VMhmU71ZFbC4744H7ku4moZvbHXpEdMo3Dyr1ogYvMPV6Fe,,cleanup
2026-10-05T15:44:42.634130Z,0x89da76ca3a2ad90cdbf779e3923ad1cb57dd97a5675246dfe18b0bbea6deb726,HTsxGEXBSe8rdUJjtW7e4v4YChNXTVmLQXuqBvvQtJuF,7GCihgDB8fe6KNjn2MYtkzZcRjQy3t9GHdC8uHYmW2hr,11111111111111111111111111111111,POPCAT,SOL (native),sell,17270000000,7768789,17270000000,7810447,fulfilled,Executed,8E74…2mpx,6,3XGZKGwQPxto1yVLoj5BQVs5LnYGAZHSZ5aXq5Z9P14EXH4CRq9GiSfBRkckHsaR2S31FXyiPcsGv2fyvidAmY9o,,cleanup
2026-10-05T15:44:44.796Z,0x05f3b45f880b6e804b828bf3fb42017d7c9a1cf0e7fa3704acfaa0a42e6df6f6,BPmy52DKPodqoSUirZUBedULujAZr6s778i4hc153r1X,EPjFWdd5AufqSSqeM2qN1xzybapC8G4wEGGkZwyTDt1v,11111111111111111111111111111111,USDC,SOL (native),sell,15065,125434,0,0,expired,Expired without a fill,,,,,cleanup
2026-10-05T15:44:53.208604Z,0x9f9056fa7cf74bee9e2a6003853d66895ac9859085c01a6f716a86a137b6c39f,HTsxGEXBSe8rdUJjtW7e4v4YChNXTVmLQXuqBvvQtJuF,DezXAZ8z7PnrnRJjz3wXBoRgixCa6xjnB7YaB1pPB263,11111111111111111111111111111111,Bonk,SOL (native),sell,6100000000,1955375,6100000000,1965201,fulfilled,Executed,jupiter-solve,1,4Vkjw84eENF5N17ANiEAzm7aGy54FjwbFNPjUD1E5kXyjNC4jhz9FrxMs1m4KVwW1NQPakjdompZ8gMrgBS6y9dL,,cleanup
2026-10-05T15:45:01.136909Z,0xb50aa88a9cb9c0df27886ea9bd48a098c564f131adab81cfe01bfaaa94771e68,HTsxGEXBSe8rdUJjtW7e4v4YChNXTVmLQXuqBvvQtJuF,EKpQGSJtjMFqKZ9KQanSqYXRcF8fBopzLHYxdM65zcjm,11111111111111111111111111111111,$WIF,SOL (native),sell,3500000,7426003,3500000,7463319,fulfilled,Executed,jupiter-solve,5,3JaJWn1fe6eqKVy6bFUZC35bRpCYmjhTRWqQL6MabzhhhMNJvVZRo9LbUFNafBEhTgWHjERkQrahSab9WE4fVdxh,,cleanup
2026-10-05T15:45:13.481975Z,0xc681b41f99d364bf42cc1c09f6ca1ae92e96679d3d133c825d4d46e542a4000b,GcY8jk3HeHLDmdPa8wRVnHkn8f77frWdZxRWr6rrdyus,6p6xgHyF7AeE6TZkSmFsko444wqoP15icUSqi2jfGiPN,11111111111111111111111111111111,TRUMP,SOL (native),sell,24000,406064,0,0,expired,Expired without a fill,,,,,cleanup
2026-10-05T15:45:23.236316Z,0x09c2b3a9f92efadecb359af0ac792cd8c87d2cee0e5a68ad913bf46c65e523af,3FHY6qZALHavE387YcUMyqFYdYCiR5PbLSxdQBpwR6JK,EPjFWdd5AufqSSqeM2qN1xzybapC8G4wEGGkZwyTDt1v,11111111111111111111111111111111,USDC,SOL (native),sell,15898,132369,0,0,expired,Expired without a fill,,,,,cleanup
2026-10-05T15:45:34.775448Z,0x23340af6661ba9698e151d2a1434371dd2a70bc434592cec6c15c5244fbe10a2,CaMSDEBp5zy2QxSYqDxqbk28qxFwzLXiNdFJiv9TKqhU,EPjFWdd5AufqSSqeM2qN1xzybapC8G4wEGGkZwyTDt1v,11111111111111111111111111111111,USDC,SOL (native),sell,429812,3576498,429812,3594574,fulfilled,Executed,jupiter-solve,26,39yjugpt5nx7jxgGk4U6Po5BETnc13nJZzhGuhuv4SqYjvBNzQfC7rNYLqWbM8NvZRckzBjwErXdaSA4AZDTJGak,,cleanup
2026-10-05T15:45:41.657864Z,0xf51a25a6f4108b07c5bed163ca38c5235248606d50c9e94cdb94cfb3b2c7607e,AQHstwk1uwAEnz8JE41HEbbD1EaPBjBwtid2qbo1Q3KD,JUPyiwrYJFskUPiHa7hkeR8VUtAeFoSYbKedZNsDvCN,11111111111111111111111111111111,JUP,SOL (native),sell,3578533,10068169,3578533,10122213,fulfilled,Executed,8E74…2mpx,24,2HDimxmwRtwDaE6rDCwXcYGQPdDg73pYXEjUWmXDFXbqDo819HgvUkxxjaXy4LCrKQXRg1fu6CQDLppmYVXZ1PtU,,cleanup
2026-10-05T15:46:06.482965Z,0x781607472b1c282552b353b346ff87c28c9e2a3d5379c23b8f6bdf1e1c88d41a,CaMSDEBp5zy2QxSYqDxqbk28qxFwzLXiNdFJiv9TKqhU,Es9vMFrzaCERmJfrF4H2FYD4KCoNkY11McCe8BenwNYB,11111111111111111111111111111111,USDT,SOL (native),sell,177662,1478328,177662,1486248,fulfilled,Executed,8E74…2mpx,6,4JEsJetP1A3tqMLiCENHALd9sPJzvorqwWYkAV1EWKBo2axgNYKSnTYYT8MA1bguVTy2T8mFWHDd8dsCieAFKdbp,,cleanup
2026-10-05T15:46:09.148690Z,0x1b2fa11befd8e46ad5a88844eecd42d29ae660233cc78972d7aceb0df81e7b1d,AQHstwk1uwAEnz8JE41HEbbD1EaPBjBwtid2qbo1Q3KD,jtojtomepa8beP8AuQc6eXt5FriJwfFMwQx2v2f9mCL,11111111111111111111111111111111,JTO,SOL (native),sell,631347883,3000199,631347883,3014811,fulfilled,Executed,jupiter-solve,6,2dnCLFAiH9zMSVgSdCyBcUZNKuZwCq33e4N2misrBpTDu9mmgiufVMfU7bSthCBhLvS3hur3fw547846VgjDLEA,,cleanup
2026-10-05T15:46:18.369226Z,0x15bbf60624de763c11e08b4ff6b8c4ad549a638b33841ac151d1940897b8efd9,AQHstwk1uwAEnz8JE41HEbbD1EaPBjBwtid2qbo1Q3KD,mSoLzYCxHdYgdzU16g5QSh3i5K3z3KZK7ytfqcJm7So,11111111111111111111111111111111,mSOL,SOL (native),sell,2686750,3759188,2686750,3778078,fulfilled,Executed,jupiter-solve,8,4XoDWvvviXd1wXDL345ZQx2yLsZKBxKeEzXBo5RKQ8agNZpDZ3rnBDxKLcY9xjajzFCLC7Z6R6aYDn9icY4qBFQf,,cleanup
2026-10-05T15:46:30.406718Z,0xaba7edd2d4e53f1c7ba808aebf00294f81cd5a44df3b636e0406f940093884cd,AQHstwk1uwAEnz8JE41HEbbD1EaPBjBwtid2qbo1Q3KD,4k3Dyjzvzp8eMZWUXbBCjEvwSkkk59S5iCNLY3QrkX6R,11111111111111111111111111111111,RAY,SOL (native),sell,78000,1300994,78000,1307859,fulfilled,Executed,8E74…2mpx,6,31Lcxva17JfXY5JHdsmVP5rDJYtMiHvW45wgXogR7GeKvY38F7XJ7sTZoepgB1ZPpm843sTUoFXgcLPyH5XTDGxr,,cleanup
2026-10-05T15:46:32.402387Z,0x979e4295dbfa280b0942d451ac14ab3768b02c426942919991a9e64933ef5ab7,CDY1rvEes25vx7DZwxp5BRSgAewDQMgwBExfAMEymdMC,EPjFWdd5AufqSSqeM2qN1xzybapC8G4wEGGkZwyTDt1v,11111111111111111111111111111111,USDC,SOL (native),sell,132898,1106082,132898,1111541,fulfilled,Executed,8E74…2mpx,4,3ersA7gEzJZdh1baUfqbM7PXaiCioRjcuTtg6wcFS6RpSEmruhFpgk8ZU844fvP4i45tWwpSoQsd7X7LHHxXMpJo,,cleanup
2026-10-05T15:46:39.886287Z,0x41be738e93a57fe985f24259a7f06aff78c413636bd08044177d1fc3608428ad,AQHstwk1uwAEnz8JE41HEbbD1EaPBjBwtid2qbo1Q3KD,EPjFWdd5AufqSSqeM2qN1xzybapC8G4wEGGkZwyTDt1v,11111111111111111111111111111111,USDC,SOL (native),sell,15287,127218,0,0,expired,Expired without a fill,,,,,cleanup
2026-10-05T15:46:40.650915Z,0x172adea2e6cdcd246d820057dc9aefec95c95e606ab8f5d51e63641bb0999611,CDY1rvEes25vx7DZwxp5BRSgAewDQMgwBExfAMEymdMC,Es9vMFrzaCERmJfrF4H2FYD4KCoNkY11McCe8BenwNYB,11111111111111111111111111111111,USDT,SOL (native),sell,941031,7830496,941031,7876843,fulfilled,Executed,8E74…2mpx,9,4boBqGhyg3y4Q62ZfLmCwHjQT8fFByzsao5iBCkDKv8p8oCMrkLa6h19W4sB66yt9CwYF368iFeTMSKWyFU3y2tL,,cleanup
2026-10-05T15:46:54.761320Z,0x9f943ec4f4b984c6d181f29767d9aca9285b9fae93695bf43a9b8840b2adc693,BPmy52DKPodqoSUirZUBedULujAZr6s778i4hc153r1X,EPjFWdd5AufqSSqeM2qN1xzybapC8G4wEGGkZwyTDt1v,11111111111111111111111111111111,USDC,SOL (native),sell,15065,125359,0,0,expired,Expired without a fill,,,,,cleanup
2026-10-05T15:47:01.699865Z,0xcfc32e390ba65ba15e6a0700eb8bbde1f7febe98e6751c686db9bb4d18606f36,91V7pVaQyARieyPXcNpxQZdqk5KoH7P1vgg2YHNBfSti,EPjFWdd5AufqSSqeM2qN1xzybapC8G4wEGGkZwyTDt1v,11111111111111111111111111111111,USDC,SOL (native),sell,430174,3579177,430174,3596986,fulfilled,Executed,jupiter-solve,5,YZuRaUS8WdqkiVTPcN63xANpEsrUN53ZmSKUti1qCN1nA7rBgUyygd4sMaSZMRvRu6wjL6ce6v8p4JQe53jWdzb,,cleanup
2026-10-05T15:47:11.013981Z,0x3ccbd2e0742ce9cbc9e3930e8306b6e52666450c547f2c180645895449df3ebc,91V7pVaQyARieyPXcNpxQZdqk5KoH7P1vgg2YHNBfSti,J1toso1uCk3RLmjorhTtrVwY9HJ7X8V9yYac6Y7kGCPn,11111111111111111111111111111111,JitoSOL,SOL (native),sell,180000,233501,0,0,expired,Expired without a fill,,,,,cleanup
2026-10-05T15:47:23.114689Z,0x1d0afe3a9894d188283455c109a40e00d132b969a2c58fa07a5a2bd4649de54f,GcY8jk3HeHLDmdPa8wRVnHkn8f77frWdZxRWr6rrdyus,6p6xgHyF7AeE6TZkSmFsko444wqoP15icUSqi2jfGiPN,11111111111111111111111111111111,TRUMP,SOL (native),sell,24000,405723,0,0,expired,Expired without a fill,,,,,cleanup
2026-10-05T15:47:59.411437Z,0x52a848a46dd964e59c27043bfccb0f094d4a72accac14f4508abb1cba18ad4d7,CcQdkRAXeX7seuZLmiapfpM6CVBndVrsvMe38E4Uypyg,EPjFWdd5AufqSSqeM2qN1xzybapC8G4wEGGkZwyTDt1v,11111111111111111111111111111111,USDC,SOL (native),sell,537731,4474119,537731,4496280,fulfilled,Executed,jupiter-solve,5,oH9UoHeXs8jgfmhhALrBiixtyTf3m8jPdbiCrpsyGr8Dt3hH7RR82f7bDrXywXLZ6gYR4WpqjympUUx3Bq6XRhJ,,cleanup
2026-10-05T15:48:17.157063Z,0x107134cc6a6292acebb743af317ef9b44415cffcc9b0704e95b95cc9c6b97ff1,EGXsUdM4HLc983jD276LHz87k5zBZSJrJc137qcokK8D,6p6xgHyF7AeE6TZkSmFsko444wqoP15icUSqi2jfGiPN,11111111111111111111111111111111,TRUMP,SOL (native),sell,240000,4060186,240000,4080119,fulfilled,Executed,8E74…2mpx,2,T3q1VT98izHsVf3bDrR9QAi1QN2svAyyuKKWUV6LBdRnLBERtavR9A7duaWhm2NDet9MomzBKE6KNAvvzPDV6HL,,cleanup
2026-10-05T15:48:21.789674Z,0x34cff827d907d91c87ea253db327da30270b0cadc7bd0ebeacfd1b010cf671ba,EGXsUdM4HLc983jD276LHz87k5zBZSJrJc137qcokK8D,7GCihgDB8fe6KNjn2MYtkzZcRjQy3t9GHdC8uHYmW2hr,11111111111111111111111111111111,POPCAT,SOL (native),sell,8150000000,3665538,8150000000,3683957,fulfilled,Executed,jupiter-solve,2,5aHjMYtWNY2w9hUk4fA37hDrGqUQKdsnxJCZtebb4UtehyjkP87b8j5ZVLsFErwvZ8AAw4qCFsaxqRzvtA5wTog9,,cleanup
2026-10-05T15:48:27.184733Z,0xe2dec1e1de7f08439525fa865ddbd66deb773d41157e805e2bd1d4b6f405fa25,EGXsUdM4HLc983jD276LHz87k5zBZSJrJc137qcokK8D,DezXAZ8z7PnrnRJjz3wXBoRgixCa6xjnB7YaB1pPB263,11111111111111111111111111111111,Bonk,SOL (native),sell,6800000000,2185241,6800000000,2194725,fulfilled,Executed,jupiter-solve,57,4zTnRwtEEZwc3LRZQA2BBchcDDtf9xT26mKvyUzoJmJsTZcGzmmpDWhVBb6MRpM2ryWVhFt9MfcrBfNuDvbonHQk,,cleanup
2026-10-05T15:48:50.982068Z,0xff596c866adcc645302bb7d51192da5f08ecc33be953504a9aabdc2991f7c7a4,AQHstwk1uwAEnz8JE41HEbbD1EaPBjBwtid2qbo1Q3KD,EPjFWdd5AufqSSqeM2qN1xzybapC8G4wEGGkZwyTDt1v,11111111111111111111111111111111,USDC,SOL (native),sell,15287,127267,0,0,expired,Expired without a fill,,,,,cleanup
2026-10-05T15:49:06.074546Z,0xa58891d61798e99e87c0d16b0e2d1796e41eaae352c69ec6a7dadff025dbcb00,BPmy52DKPodqoSUirZUBedULujAZr6s778i4hc153r1X,Es9vMFrzaCERmJfrF4H2FYD4KCoNkY11McCe8BenwNYB,11111111111111111111111111111111,USDT,SOL (native),sell,76040,633196,0,0,expired,Expired without a fill,,,,,cleanup
2026-10-05T15:49:23.381245Z,0x366fb372df5d72c493434a3761af35f38a867ebfbbedbc732b92d4802db98bf4,91V7pVaQyARieyPXcNpxQZdqk5KoH7P1vgg2YHNBfSti,J1toso1uCk3RLmjorhTtrVwY9HJ7X8V9yYac6Y7kGCPn,11111111111111111111111111111111,JitoSOL,SOL (native),sell,180000,233501,0,0,expired,Expired without a fill,,,,,cleanup
2026-10-05T15:49:29.247380Z,0xfe3ffee1f02515ef03121927bc25f39a4e01bc94411315f5cdf99bbf8ba98ede,EGXsUdM4HLc983jD276LHz87k5zBZSJrJc137qcokK8D,EPjFWdd5AufqSSqeM2qN1xzybapC8G4wEGGkZwyTDt1v,11111111111111111111111111111111,USDC,SOL (native),sell,349343,2910087,349343,2929071,fulfilled,Executed,8E74…2mpx,5,5n9VLnfiCucD1eakKzcbQKphj7UX34zQPZfALL18u5Rsi6JxrXd5ceMrcCyQTzF3x8WpxQH6GZvdqFd8iU3q2i84,,cleanup
2026-10-05T15:49:36.993620Z,0xfd10d8d15d90da819ac3ec1d1c9e5ec344d77750a511cba7fbe3efc8f7e5fee1,GcY8jk3HeHLDmdPa8wRVnHkn8f77frWdZxRWr6rrdyus,DezXAZ8z7PnrnRJjz3wXBoRgixCa6xjnB7YaB1pPB263,11111111111111111111111111111111,Bonk,SOL (native),sell,12000000000,3854752,12000000000,3872713,fulfilled,Executed,jupiter-solve,7,TyqvjWAfA3poo59ySDNmHnH3ehmbfQKxxp6k7674dS6DB5xUTZ22fC7rmDoJ3ZChKCZY3BozmU1TGMjtENDSq8f,,cleanup
2026-10-05T15:49:51.904957Z,0x16440de87752ee0e78cb571ede5ffa9bc1ecaadd16c1f56e3ebb693b61bc2773,GcY8jk3HeHLDmdPa8wRVnHkn8f77frWdZxRWr6rrdyus,EKpQGSJtjMFqKZ9KQanSqYXRcF8fBopzLHYxdM65zcjm,11111111111111111111111111111111,$WIF,SOL (native),sell,3500000,7414197,3500000,7455442,fulfilled,Executed,8E74…2mpx,10,5zWQpkdGK3azqMrsKHTP2D4448cJ6tdYrX45BQqEksoaMzLiWxHJGEBb1dPxBVvQSb2H9zhqwgykGiMwAbxZkX8W,,cleanup
2026-10-05T15:49:53.329395Z,0xd19a17cac363e3a07ae271b0c08163c1c3ba4f68dc19f904854380395fc06cbd,BsXAAY6SvTyWYjwKCa5SUs1kDBK6n7ia7qvRPVj5dFgz,mSoLzYCxHdYgdzU16g5QSh3i5K3z3KZK7ytfqcJm7So,11111111111111111111111111111111,mSOL,SOL (native),sell,2560000,3581816,2560000,3599815,fulfilled,Executed,jupiter-solve,9,4qZZLkEb9c3KLY7K2wrqa8qiQEeXKjAjex9VUJYaTK9kNdHRmXadoVaRngFF5HPS1BMwHsRM3sbAsTTsBNkMLPoo,,cleanup
2026-10-05T15:50:05.100787Z,0xb6d124597a912d8a69f23260f5a33d0021a4328fc1f10e19762e84195c0c3f68,BsXAAY6SvTyWYjwKCa5SUs1kDBK6n7ia7qvRPVj5dFgz,6p6xgHyF7AeE6TZkSmFsko444wqoP15icUSqi2jfGiPN,11111111111111111111111111111111,TRUMP,SOL (native),sell,824000,13926440,824000,13993399,fulfilled,Executed,jupiter-solve,6,5MacjKtf39K7hQNyN4vshovyXUHdUXKu3fV5QaU5GrWEhGj9wNsgVmpFrRxaT3mY5xtxh5Difsroif8G9mk53c43,,cleanup
2026-10-05T15:50:06.704292Z,0x9fb8d2b98a65174b5aeebc5ca75619188bb7746989469861091a71a543afef67,GcY8jk3HeHLDmdPa8wRVnHkn8f77frWdZxRWr6rrdyus,EPjFWdd5AufqSSqeM2qN1xzybapC8G4wEGGkZwyTDt1v,11111111111111111111111111111111,USDC,SOL (native),sell,369138,3074935,369138,3090543,fulfilled,Executed,jupiter-solve,4,4kLKwDXVM9XHecs57HNMFqvAGkCcWo5HTm7nXcxHEschvuMum3L8ifSYiV7om42JNSv8PMhgy54i9iVEKExxmeNe,,cleanup
2026-10-05T15:50:15.044631Z,0x1b470d9067dc1df4b137a4a007e9043507677fa5d8d159f651a8684a431cc19c,BsXAAY6SvTyWYjwKCa5SUs1kDBK6n7ia7qvRPVj5dFgz,7GCihgDB8fe6KNjn2MYtkzZcRjQy3t9GHdC8uHYmW2hr,11111111111111111111111111111111,POPCAT,SOL (native),sell,8150000000,3671746,8150000000,3690196,fulfilled,Executed,jupiter-solve,11,453Zhq9M1HuKUxwib9NxpqUgWH1hVetoeb3WzEtt5Yzvke6xteuKYit8osekoTgTeDqXEZJ2fqcCW7P8QX51Yv1w,,cleanup
2026-10-05T15:50:30.018142Z,0xda61ce3bc4a95422ef36e1194694c1dbe1fe98c68a3c41c279ed3d36ad2e1975,BsXAAY6SvTyWYjwKCa5SUs1kDBK6n7ia7qvRPVj5dFgz,DezXAZ8z7PnrnRJjz3wXBoRgixCa6xjnB7YaB1pPB263,11111111111111111111111111111111,Bonk,SOL (native),sell,12000000000,3848586,12000000000,3867925,fulfilled,Executed,jupiter-solve,10,5mSUtnQUHKHWoG12GgfbZcku7mdj8GTfzihwVKBhc9TUc91AoMKnTrLuj33FAQSAwFdgEhmM6UmerZRGRKS3EKFB,,cleanup
2026-10-05T15:50:32.033431Z,0x8bec4ffca008ee7a66bcb23f11608410d8dbaef3edf0c54f4eae8bdfccb67c31,94bjVVSp8jgvP4ivAW3wFomkRpeE3xBouyCWErsR1ANz,6p6xgHyF7AeE6TZkSmFsko444wqoP15icUSqi2jfGiPN,11111111111111111111111111111111,TRUMP,SOL (native),sell,206000,3479850,206000,3505471,fulfilled,Executed,8E74…2mpx,6,5Wriw1Uf8zuQMURLtS9TL6cotCJdi4qmbwYoJCbEMRkmu9bn6GqGFMMSy5WRMioZVfBVrwvtFviTZjtB5xfPADEP,,cleanup
2026-10-05T15:50:41.719156Z,0x3a24b53d3e26a83dbfbca7f76542aee10976e8352b55af517219898326529f2f,94bjVVSp8jgvP4ivAW3wFomkRpeE3xBouyCWErsR1ANz,DezXAZ8z7PnrnRJjz3wXBoRgixCa6xjnB7YaB1pPB263,11111111111111111111111111111111,Bonk,SOL (native),sell,1700000000,545784,0,0,expired,Expired without a fill,,,,,cleanup
2026-10-05T15:50:46.337633Z,0xffc9c787bedae28f552d89dc7219cd9d7b751f58373504768f61ea5645670917,BsXAAY6SvTyWYjwKCa5SUs1kDBK6n7ia7qvRPVj5dFgz,J1toso1uCk3RLmjorhTtrVwY9HJ7X8V9yYac6Y7kGCPn,11111111111111111111111111111111,JitoSOL,SOL (native),sell,2760000,3578218,2760000,3595259,fulfilled,Executed,jupiter-solve,18,2Ey6cSZ8ThpDg9qhw4WyRMG51xcYjXPTkntuPY9pxUaLFig7nMPFbynAEGsU5DYq4YykT6muW1HLRun41aWYcaok,,cleanup
2026-10-05T15:51:01.816985Z,0x567b91da4236c4bf9c2ed41736486dd95b08d103669a4e9c91a2d71f306b7a1c,AQHstwk1uwAEnz8JE41HEbbD1EaPBjBwtid2qbo1Q3KD,J1toso1uCk3RLmjorhTtrVwY9HJ7X8V9yYac6Y7kGCPn,11111111111111111111111111111111,JitoSOL,SOL (native),sell,600000,777957,0,0,expired,Expired without a fill,,,,,cleanup
2026-10-05T15:51:20.956387Z,0x14c3a53ec8f2c7b1eda9666e5abc34968296ee15530af3a8ca8855a70b1425ed,BPmy52DKPodqoSUirZUBedULujAZr6s778i4hc153r1X,Es9vMFrzaCERmJfrF4H2FYD4KCoNkY11McCe8BenwNYB,11111111111111111111111111111111,USDT,SOL (native),sell,76040,633589,0,0,expired,Expired without a fill,,,,,cleanup
2026-10-05T15:51:27.363347Z,0x45de6cb5736373ca4799bb2922686cfb1e24c03dd58f4514736403c06c72247b,2kV12Qsin6Wfxr2Pr6M8bqUbjqMppw4gpqAbV18TiFfJ,JUPyiwrYJFskUPiHa7hkeR8VUtAeFoSYbKedZNsDvCN,11111111111111111111111111111111,JUP,SOL (native),sell,1370000,3862362,1370000,3879432,fulfilled,Executed,jupiter-solve,7,331aYZ8XhEfKdPR9sUvZMFG43SbHytNPeVfFaPwJ8BKgG46rMR94r13WwaWa2rT5dLFrsCcvC2FYZQ4b2Qkdi67o,,cleanup
2026-10-05T15:51:37.076572Z,0x67c4569bb8c2787458d6ab615f14c8659c45e9492195838e54bfa6b17aeab463,2kV12Qsin6Wfxr2Pr6M8bqUbjqMppw4gpqAbV18TiFfJ,jtojtomepa8beP8AuQc6eXt5FriJwfFMwQx2v2f9mCL,11111111111111111111111111111111,JTO,SOL (native),sell,13000000,61886,0,0,expired,Expired without a fill,,,,,cleanup
2026-10-05T15:51:48.323902Z,0x0139d0c503a6392fcea487285dc41ea10c79c5fcbfa38dd9e5a98b268f39005e,9XSrZ8RkSZ3WDoGkrgWHrmMhixsoWZTLnPxBtQNWNK9c,JUPyiwrYJFskUPiHa7hkeR8VUtAeFoSYbKedZNsDvCN,11111111111111111111111111111111,JUP,SOL (native),sell,340000,959424,340000,963998,fulfilled,Executed,jupiter-solve,16,5JfWpnbpnV8Py62T8GEboLcxUgUdkgUV5pQb8UgvcHm666kDvxTCU3rMeDNqBGtD8oYEE3T5UqbndhmkBBfvZQrX,,cleanup
2026-10-05T15:52:08.623397Z,0x5adcc69cf1dfd7463b2531f27f595e4c973227e55af849162df41f7fe7b43ad4,9XSrZ8RkSZ3WDoGkrgWHrmMhixsoWZTLnPxBtQNWNK9c,4k3Dyjzvzp8eMZWUXbBCjEvwSkkk59S5iCNLY3QrkX6R,11111111111111111111111111111111,RAY,SOL (native),sell,225000,3757248,225000,3778672,fulfilled,Executed,8E74…2mpx,7,4qKZrcJfVKGuy2Rktt5F7hX9pdP7YrRfQbdMSkqSr9Hdu4EBU5MKymLCzonfsZvrin8r5crEjWJuFBDgSrP9cHrw,,cleanup
2026-10-05T15:52:20.879223Z,0x5eeb400cd4c9838def0d774aad90a497a2357466a9a7fc22f9df36dd8de9b125,9XSrZ8RkSZ3WDoGkrgWHrmMhixsoWZTLnPxBtQNWNK9c,DezXAZ8z7PnrnRJjz3wXBoRgixCa6xjnB7YaB1pPB263,11111111111111111111111111111111,Bonk,SOL (native),sell,10511229005,3369529,10511229005,3386117,fulfilled,Executed,jupiter-solve,10,4ywGJbh1Nyvn3RWMdjVxsXXdJnhxnyDjA25LtbV9A2zpJuwJU9gAXDzTzppAUvnUQoUFXPMytdqNpbsibg2YsnxQ,,cleanup
2026-10-05T15:52:36.299670Z,0x1863f8122947186fffca3fe8d1bf3eaf3979f20df16b0e5db8d8a50748485e9f,9XSrZ8RkSZ3WDoGkrgWHrmMhixsoWZTLnPxBtQNWNK9c,EPjFWdd5AufqSSqeM2qN1xzybapC8G4wEGGkZwyTDt1v,11111111111111111111111111111111,USDC,SOL (native),sell,16857,140460,0,0,expired,Expired without a fill,,,,,cleanup
2026-10-05T15:52:52.428350Z,0x2ac6bb28409b225f8d2d2b91bada7c0aa298ec61a598242b4f9972592edc8f94,94bjVVSp8jgvP4ivAW3wFomkRpeE3xBouyCWErsR1ANz,DezXAZ8z7PnrnRJjz3wXBoRgixCa6xjnB7YaB1pPB263,11111111111111111111111111111111,Bonk,SOL (native),sell,1700000000,544966,0,0,expired,Expired without a fill,,,,,cleanup
2026-10-05T15:53:14.479749Z,0x8d0a1963825bf509991157c6e5555046f0d3a787d9a08678937629fd1e36eaf9,AQHstwk1uwAEnz8JE41HEbbD1EaPBjBwtid2qbo1Q3KD,J1toso1uCk3RLmjorhTtrVwY9HJ7X8V9yYac6Y7kGCPn,11111111111111111111111111111111,JitoSOL,SOL (native),sell,600000,777641,0,0,expired,Expired without a fill,,,,,cleanup
2026-10-05T15:53:29.050078Z,0x5ed289aabedcd576b8ae1fce79fbae4d97970a8e9df31af5bf01fa0d336fb93d,BPmy52DKPodqoSUirZUBedULujAZr6s778i4hc153r1X,J1toso1uCk3RLmjorhTtrVwY9HJ7X8V9yYac6Y7kGCPn,11111111111111111111111111111111,JitoSOL,SOL (native),sell,3976745,5154709,3976745,5180035,fulfilled,Executed,jupiter-solve,6,5vmcx9mg2ZKuNozxEidNc5nSGJByPHqQKUH1EAx116Gm3YErPMQtN1jTgK7N6qqqSYGmMjuDxQiJq7ASQzDiLd1r,,cleanup
2026-10-05T15:53:51.913239Z,0x777b754e541a429bf6cc59d36e5748f50649eec14af8e48db7f22b4a5a4d5ad3,2kV12Qsin6Wfxr2Pr6M8bqUbjqMppw4gpqAbV18TiFfJ,jtojtomepa8beP8AuQc6eXt5FriJwfFMwQx2v2f9mCL,11111111111111111111111111111111,JTO,SOL (native),sell,13000000,61753,0,0,expired,Expired without a fill,,,,,cleanup
2026-10-05T15:54:12.414207Z,0x4b415be89e8c4464939e876a7378736a93dece4e8fb3533442866ea9a45277d9,HoWtt82mr4wqKqMDy4jFDRs1C9kt3kY6KtXH3i83fyn5,EPjFWdd5AufqSSqeM2qN1xzybapC8G4wEGGkZwyTDt1v,11111111111111111111111111111111,USDC,SOL (native),sell,131612,1096458,131612,1101944,fulfilled,Executed,jupiter-solve,5,5gXi49ER3yeNPdUafLuRHxLyueh2esTmv2nM8cj3cGx7DisWpd7KFirCBhYrpsvTUAR1B12v1RJXE7aXNL2FGdka,,cleanup
2026-10-05T15:54:21.081772Z,0x0cb1ad286d22ef1506f74ce5e84de59be0247cf72e1fe8fcdbe49ed88b1dfc1a,HoWtt82mr4wqKqMDy4jFDRs1C9kt3kY6KtXH3i83fyn5,Es9vMFrzaCERmJfrF4H2FYD4KCoNkY11McCe8BenwNYB,11111111111111111111111111111111,USDT,SOL (native),sell,1873111,15598653,1873111,15677057,fulfilled,Executed,jupiter-solve,3,TcnDvoTs8BtTPemmfaHgM16BQFspziMeQ7rYPskDMKhfoC5biXS4hKTNUW9d7PoEbBS1XDRMz7hmYAG9BhiFkpV,,cleanup
2026-10-05T15:54:40.566909Z,0xa4e603841d2229ac68ee570ae7daae7f629d642ed37de8308988664723b57e38,CagkCmsroJWAiUWrigym7vR9wGYV5aKWanTGu3ZARKqD,EPjFWdd5AufqSSqeM2qN1xzybapC8G4wEGGkZwyTDt1v,11111111111111111111111111111111,USDC,SOL (native),sell,429170,3573853,429170,3593096,fulfilled,Executed,jupiter-solve,8,5mcurDprbj7rnJZG7gRNCCeh8ripxBb6L9ov4N3K2tHXGU42TRKtGe4pHr2U1d8JdcGQtEgh1k8PYJBYhrTHvo8v,,cleanup
2026-10-05T15:54:51.763635Z,0x4d98733be3258c45491552d8e04cc6891f4fac7bc0a3336aac7829f7db0ce326,9XSrZ8RkSZ3WDoGkrgWHrmMhixsoWZTLnPxBtQNWNK9c,EPjFWdd5AufqSSqeM2qN1xzybapC8G4wEGGkZwyTDt1v,11111111111111111111111111111111,USDC,SOL (native),sell,16857,140468,0,0,expired,Expired without a fill,,,,,cleanup
2026-10-05T15:54:52.792742Z,0xad27b0e092aeb7184653051caf61ad24125b20ea021500340e131e6fd2af902d,CagkCmsroJWAiUWrigym7vR9wGYV5aKWanTGu3ZARKqD,Es9vMFrzaCERmJfrF4H2FYD4KCoNkY11McCe8BenwNYB,11111111111111111111111111111111,USDT,SOL (native),sell,781394,6509373,781394,6539396,fulfilled,Executed,jupiter-solve,2,ystCuSFGgVy2xgSPqnM1BtUXorzG8dW3KpBdquwNnVwDhBfmQLKuMTJ3ykVAJgf6uLB7XK6WUkzMy9APN69aE69,,cleanup
2026-10-05T15:55:03.883819Z,0x2068223b77345729161fdf4f7aaa27fcd191f53317d6db7b17b6e42ce52c0b88,94bjVVSp8jgvP4ivAW3wFomkRpeE3xBouyCWErsR1ANz,EPjFWdd5AufqSSqeM2qN1xzybapC8G4wEGGkZwyTDt1v,11111111111111111111111111111111,USDC,SOL (native),sell,395657,3294367,395657,3311369,fulfilled,Executed,jupiter-solve,11,5ioxBpFvAcyDQ6KPCT1SQZGv7kswV2p7GrYhvqAUxWTxexfbguigZrFRPgq7Q9km1uPL9WJtnJq965UwC5rr1MvB,,cleanup
2026-10-05T15:55:11.774576Z,0xe044c8c55c2ffdd51194db1d9d0cd5ce83aefcbfe798cc82d3ccf755eca30a99,GikSpMABHu6MJERkF3N9GMmwPXfEBxABjChVkK1W9ji4,6p6xgHyF7AeE6TZkSmFsko444wqoP15icUSqi2jfGiPN,11111111111111111111111111111111,TRUMP,SOL (native),sell,32000,541487,0,0,expired,Expired without a fill,,,,,cleanup
2026-10-05T15:55:28.375981Z,0x18a30a2fc1da192868e8b3d91012ed048adae95858cb3821df0393837d4bf8ab,EDimKwHuMtcwxxbAfQPT3EaH9CPpyTLARxLRRwiZV26v,EPjFWdd5AufqSSqeM2qN1xzybapC8G4wEGGkZwyTDt1v,11111111111111111111111111111111,USDC,SOL (native),sell,1505861,12539651,1505861,12603447,fulfilled,Executed,jupiter-solve,1,63dAQRmLootSsDKtMfoSZL1pfj88tGzFMNQfupQiD76Kri5CojjizzvJhKYqJYCnwHu7Ypig7Bh3oHo77uF1DDb1,,cleanup
2026-10-05T15:56:02.208379Z,0x19ba9a5a873e730597e9d5b5f2e9f962a93d5a426559bdb0a510ab47e15ee6ad,2kV12Qsin6Wfxr2Pr6M8bqUbjqMppw4gpqAbV18TiFfJ,4k3Dyjzvzp8eMZWUXbBCjEvwSkkk59S5iCNLY3QrkX6R,11111111111111111111111111111111,RAY,SOL (native),sell,225000,3756262,225000,3775695,fulfilled,Executed,jupiter-solve,2,5ZccgMuRpvSt7P6WMW1qJsYPzLRSBLZWNAQzkdWSVK45QEvNfhpcdcgsEzJq7DLdPRQmhhggCwNVrmMJx1tQ4619,,cleanup
2026-10-05T15:56:11.305234Z,0xdc09fd77e0ed5064e7cd37aa1c30f2924b5cafdc36da3e686239214ebe9f2caa,2kV12Qsin6Wfxr2Pr6M8bqUbjqMppw4gpqAbV18TiFfJ,6p6xgHyF7AeE6TZkSmFsko444wqoP15icUSqi2jfGiPN,11111111111111111111111111111111,TRUMP,SOL (native),sell,230503,3901455,230503,3918869,fulfilled,Executed,jupiter-solve,3,3suXx9h1HAvJxGXGfrHBQCvNgx22F1p78LZxWA4sEtDVrUZ2bv4MS3Q23G5YEtSMLUw7ULqDeg6o4LVTMXE89h5n,,cleanup
2026-10-05T15:56:17.024170Z,0x18940d2ee042d506c4a1ada597a5f4d8dc42083f8d3b6ae3654659f9a797d3d2,2kV12Qsin6Wfxr2Pr6M8bqUbjqMppw4gpqAbV18TiFfJ,EPjFWdd5AufqSSqeM2qN1xzybapC8G4wEGGkZwyTDt1v,11111111111111111111111111111111,USDC,SOL (native),sell,15508,129164,0,0,expired,Expired without a fill,,,,,cleanup
2026-10-05T15:56:17.923606Z,0xaa96279efa76183e17d2b4f0781724ccd54769b98f0445e6b7a184c4bfd4251c,AQtmpjmjjZTzzs5W2Ld4gPteDe1teLKMpwj3v5GAv7ef,JUPyiwrYJFskUPiHa7hkeR8VUtAeFoSYbKedZNsDvCN,11111111111111111111111111111111,JUP,SOL (native),sell,1370000,3866510,1370000,3882183,fulfilled,Executed,jupiter-solve,57,51WcZJs4utAVhY6AnZANbKrurXR3KhJSzcdzFs6caxGV7f7Divchjsm8E7sTGBJXkMZbKycBxXDBF21MaCWWdXTN,,cleanup
2026-10-05T15:57:04.449354Z,0xaca3630e7914e3efbdce548cbdc3955d61fd28e194354c1c284714ac783527ba,9XSrZ8RkSZ3WDoGkrgWHrmMhixsoWZTLnPxBtQNWNK9c,J1toso1uCk3RLmjorhTtrVwY9HJ7X8V9yYac6Y7kGCPn,11111111111111111111111111111111,JitoSOL,SOL (native),sell,2760000,3577117,2760000,3595092,fulfilled,Executed,jupiter-solve,10,2fMzFqjkaHDmYfNLwMwrFk1MqiKuhwUQeakMU14QxWqHCCNdYdDycAJszk2o7t9Na76ZSGkbmJNzy9C1sXbE854a,,cleanup
2026-10-05T15:57:30.316573Z,0xfab78212e79a2e1ed5c7d071f49afde50ffc9676dc6228c3370a17754f95cfc9,GikSpMABHu6MJERkF3N9GMmwPXfEBxABjChVkK1W9ji4,6p6xgHyF7AeE6TZkSmFsko444wqoP15icUSqi2jfGiPN,11111111111111111111111111111111,TRUMP,SOL (native),sell,32000,541205,0,0,expired,Expired without a fill,,,,,cleanup
2026-10-05T15:57:31.331944Z,0x3754b18b39815d6855cb5563b82b63acd37787c6bc6b67c2f4b943ab385bf463,AQtmpjmjjZTzzs5W2Ld4gPteDe1teLKMpwj3v5GAv7ef,jtojtomepa8beP8AuQc6eXt5FriJwfFMwQx2v2f9mCL,11111111111111111111111111111111,JTO,SOL (native),sell,74000000,351374,0,0,expired,Expired without a fill,,,,,cleanup
2026-10-05T15:58:30.687419Z,0x17c9b18c944905b35632167091af30dcbf522afe1215fb86b1e7b669bda495b1,2kV12Qsin6Wfxr2Pr6M8bqUbjqMppw4gpqAbV18TiFfJ,EPjFWdd5AufqSSqeM2qN1xzybapC8G4wEGGkZwyTDt1v,11111111111111111111111111111111,USDC,SOL (native),sell,15508,129200,0,0,expired,Expired without a fill,,,,,cleanup
2026-10-05T15:59:31.583884Z,0xf7fdf657a4078eb8b5e63b9a10f96c6076c8bba245a3bd9eef02a39faa04a3fa,AQtmpjmjjZTzzs5W2Ld4gPteDe1teLKMpwj3v5GAv7ef,jtojtomepa8beP8AuQc6eXt5FriJwfFMwQx2v2f9mCL,11111111111111111111111111111111,JTO,SOL (native),sell,74000000,351374,0,0,expired,Expired without a fill,,,,,cleanup
2026-10-05T15:59:35.014580Z,0xb9808fbb6e493d9ec88844995d20c43793ee956e61f03b1624bca59361bd0ba9,GikSpMABHu6MJERkF3N9GMmwPXfEBxABjChVkK1W9ji4,7GCihgDB8fe6KNjn2MYtkzZcRjQy3t9GHdC8uHYmW2hr,11111111111111111111111111111111,POPCAT,SOL (native),sell,2250000000,1016326,2250000000,1021432,fulfilled,Executed,jupiter-solve,6,L9MEdtS27MDHpJ5ppoeAdSAfpVtiBuc7x8CJx8aszYgPdMyEUauLNZUAKsv83TuG2Wb8RqEvHHXnVa1d7gq58ek,,cleanup
2026-10-05T15:59:47.459819Z,0x55d71c3f6cdd1af6113f11ad7c9702a0afc4c371fa67865900c11255c6674689,GikSpMABHu6MJERkF3N9GMmwPXfEBxABjChVkK1W9ji4,DezXAZ8z7PnrnRJjz3wXBoRgixCa6xjnB7YaB1pPB263,11111111111111111111111111111111,Bonk,SOL (native),sell,12000000000,3845276,12000000000,3861466,fulfilled,Executed,jupiter-solve,62,2dfggdcnpocj6mTn5EeLqRtqhC8sknq9wshPV1x3FK127Tv9TqmxmaTUvhVgVVvFRbC8t53JqY2sAXewu951RjNZ,,cleanup
2026-10-05T16:01:42.732716Z,0x0ee3d5ac33ff4df30e98f5a9704733687d41939f6c4f695e6aaa0f6dc487bbe9,AQtmpjmjjZTzzs5W2Ld4gPteDe1teLKMpwj3v5GAv7ef,mSoLzYCxHdYgdzU16g5QSh3i5K3z3KZK7ytfqcJm7So,11111111111111111111111111111111,mSOL,SOL (native),sell,2396310,3352944,2396310,3373106,fulfilled,Executed,8E74…2mpx,6,4UHWe4hwzddwr7XoVPuaUjshFDtNgfs31Tmw3mc5P8AcaDit8HFWgD5FQCZwEtvC1Z7vu8wdsawmYJsAT9GuvnkC,,cleanup
2026-10-05T16:01:52.704427Z,0x120cc4b593dbaf1edd32aaaee72e19fa51b1341b598f82801cee403acc5d55b0,AQtmpjmjjZTzzs5W2Ld4gPteDe1teLKMpwj3v5GAv7ef,4k3Dyjzvzp8eMZWUXbBCjEvwSkkk59S5iCNLY3QrkX6R,11111111111111111111111111111111,RAY,SOL (native),sell,36421,607952,0,0,expired,Expired without a fill,,,,,cleanup
2026-10-05T16:04:03.304375Z,0xe1ebd70edd9c2e794abc5084970ea2da9b979243b79c30ff94c0144693e56319,AQtmpjmjjZTzzs5W2Ld4gPteDe1teLKMpwj3v5GAv7ef,4k3Dyjzvzp8eMZWUXbBCjEvwSkkk59S5iCNLY3QrkX6R,11111111111111111111111111111111,RAY,SOL (native),sell,36421,607311,36421,611287,fulfilled,Executed,jupiter-solve,96,3zZJVdVwp1HdLneRPFbUGpFKirqApLCVH3GnGqpszJAYr8fmrtwSZ1kHgYsFaTN1HuLURkhUXSsYPC8i97ni6ujy,,cleanup
2026-10-05T16:05:45.683504Z,0x6cc343b6e3040b7fbf66ae9f9da43f424f78bf61d838ef0a9da852954e3d0ee3,AQtmpjmjjZTzzs5W2Ld4gPteDe1teLKMpwj3v5GAv7ef,EPjFWdd5AufqSSqeM2qN1xzybapC8G4wEGGkZwyTDt1v,11111111111111111111111111111111,USDC,SOL (native),sell,15590,129845,15590,130481,fulfilled,Executed,8E74…2mpx,4,iEcQKYEXbAC2ZGrufe3KDT6x4XXmcFGMy81sKoMhF5pkrSikBjkKsaqPQ8Vus3d3oQNkjWBmEKBpse7sk4sive7,,cleanup
